{
  "resourceType": "Bundle",
  "id": "612e6f6e02c62a011f2f1d45",
  "type": "transaction",
  "entry": [ {
    "fullUrl": "https://madie.cms.gov/Patient/7ca8c67f-458c-4e68-9a65-bdcef3e71429",
    "resource": {
      "resourceType": "Patient",
      "id": "7ca8c67f-458c-4e68-9a65-bdcef3e71429",
      "meta": {
        "profile": [ "http://hl7.org/fhir/us/qicore/StructureDefinition/qicore-patient" ]
      },
      "text": {
        "status": "generated",
        "div": "<div xmlns=\"http://www.w3.org/1999/xhtml\"><div class=\"hapiHeaderText\">DAVFPDayOfICUWICULOSEQ0Day<b>NUMERPASS </b></div><table class=\"hapiPropertyTable\"><tbody><tr><td>Identifier</td><td>f9dd0d7a6a9f775928ab2c47f31bfdd50dfc6c91e6f0b0e678b3985354333a28</td></tr><tr><td>Date of birth</td><td><span>03 March 1974</span></td></tr></tbody></table></div>"
      },
      "extension": [ {
        "url": "http://hl7.org/fhir/us/core/StructureDefinition/us-core-race",
        "extension": [ {
          "url": "ombCategory",
          "valueCoding": {
            "system": "urn:oid:2.16.840.1.113883.6.238",
            "code": "1002-5",
            "display": "American Indian or Alaska Native",
            "userSelected": true
          }
        }, {
          "url": "text",
          "valueString": "American Indian or Alaska Native"
        } ]
      }, {
        "url": "http://hl7.org/fhir/us/core/StructureDefinition/us-core-ethnicity",
        "extension": [ {
          "url": "ombCategory",
          "valueCoding": {
            "system": "urn:oid:2.16.840.1.113883.6.238",
            "code": "2135-2",
            "display": "Hispanic or Latino",
            "userSelected": true
          }
        }, {
          "url": "text",
          "valueString": "Hispanic or Latino"
        } ]
      } ],
      "identifier": [ {
        "type": {
          "coding": [ {
            "system": "http://terminology.hl7.org/CodeSystem/v2-0203",
            "code": "MR"
          } ]
        },
        "system": "https://bonnie-fhir.healthit.gov/",
        "value": "612e6f6e02c62a011f2f1d45"
      } ],
      "active": true,
      "name": [ {
        "use": "usual",
        "family": "NUMERPass",
        "given": [ "DAVFPDayOfICUWICULOSEQ0Day" ]
      } ],
      "gender": "female",
      "birthDate": "1974-03-03"
    },
    "request": {
      "method": "PUT",
      "url": "Patient/7ca8c67f-458c-4e68-9a65-bdcef3e71429"
    }
  }, {
    "fullUrl": "https://madie.cms.gov/Encounter/2f0aa080-42c7-435c-bdc4-f60b3149eeb1",
    "resource": {
      "resourceType": "Encounter",
      "id": "2f0aa080-42c7-435c-bdc4-f60b3149eeb1",
      "meta": {
        "profile": [ "http://hl7.org/fhir/us/qicore/StructureDefinition/qicore-encounter" ]
      },
      "status": "finished",
      "class": {
        "system": "http://terminology.hl7.org/CodeSystem/v3-ActCode",
        "code": "IMP",
        "display": "inpatient encounter"
      },
      "type": [ {
        "coding": [ {
          "system": "http://snomed.info/sct",
          "code": "183452005"
        } ]
      } ],
      "subject": {
        "reference": "Patient/7ca8c67f-458c-4e68-9a65-bdcef3e71429"
      },
      "period": {
        "start": "2025-03-22T08:00:00+00:00",
        "end": "2025-03-26T08:15:00+00:00"
      },
      "length": {
        "value": 4,
        "unit": "days"
      },
      "location": [ {
        "location": {
          "reference": "Location/0610adcd-020d-425e-912c-255d9a71e5e5"
        },
        "period": {
          "start": "2025-03-22T08:15:00.000+00:00",
          "end": "2025-03-22T19:00:00.000+00:00"
        }
      } ]
    },
    "request": {
      "method": "PUT",
      "url": "Encounter/2f0aa080-42c7-435c-bdc4-f60b3149eeb1"
    }
  }, {
    "fullUrl": "https://madie.cms.gov/Coverage/50c01d48-5cdb-4fed-ac49-0c6b9bd2d5b0",
    "resource": {
      "resourceType": "Coverage",
      "id": "50c01d48-5cdb-4fed-ac49-0c6b9bd2d5b0",
      "status": "active",
      "beneficiary": {
        "reference": "Patient/7ca8c67f-458c-4e68-9a65-bdcef3e71429"
      },
      "period": {
        "start": "1974-03-03T08:00:00+00:00"
      },
      "payor": [ {
        "reference": "Organization/5dc85a21-1e23-4327-8b76-70230775b54a"
      } ]
    },
    "request": {
      "method": "PUT",
      "url": "Coverage/50c01d48-5cdb-4fed-ac49-0c6b9bd2d5b0"
    }
  }, {
    "fullUrl": "https://madie.cms.gov/Location/0610adcd-020d-425e-912c-255d9a71e5e5",
    "resource": {
      "resourceType": "Location",
      "id": "0610adcd-020d-425e-912c-255d9a71e5e5",
      "meta": {
        "profile": [ "http://hl7.org/fhir/us/qicore/StructureDefinition/qicore-location" ]
      },
      "identifier": [ {
        "use": "usual",
        "system": "http://exampleoflocation.com",
        "value": "B1-S.F2"
      } ],
      "name": "Medical Surgical East, first floor",
      "type": [ {
        "coding": [ {
          "system": "https://www.cdc.gov/nhsn/cdaportal/terminology/codesystem/hsloc.html",
          "code": "1025-6",
          "display": "Trauma Critical Care",
          "userSelected": true
        } ]
      } ]
    },
    "request": {
      "method": "PUT",
      "url": "Location/0610adcd-020d-425e-912c-255d9a71e5e5"
    }
  }, {
    "fullUrl": "https://madie.cms.gov/Location/65ec6a45-b0df-451e-aea3-405d34907781",
    "resource": {
      "resourceType": "Location",
      "id": "65ec6a45-b0df-451e-aea3-405d34907781",
      "meta": {
        "profile": [ "http://hl7.org/fhir/us/qicore/StructureDefinition/qicore-location" ]
      },
      "identifier": [ {
        "use": "usual",
        "system": "http://exampleoflocation.com",
        "value": "B1-S.F2"
      } ],
      "name": "Medical Surgical East, first floor",
      "type": [ {
        "coding": [ {
          "system": "https://www.cdc.gov/nhsn/cdaportal/terminology/codesystem/hsloc.html",
          "code": "1025-6",
          "display": "Trauma Critical Care",
          "userSelected": true
        } ]
      } ]
    },
    "request": {
      "method": "PUT",
      "url": "Location/65ec6a45-b0df-451e-aea3-405d34907781"
    }
  }, {
    "fullUrl": "https://madie.cms.gov/Procedure/d7a4a264-e353-4337-aa40-d42fb821c17b",
    "resource": {
      "resourceType": "Procedure",
      "id": "d7a4a264-e353-4337-aa40-d42fb821c17b",
      "meta": {
        "profile": [ "http://hl7.org/fhir/us/qicore/StructureDefinition/qicore-procedure" ]
      },
      "extension": [ {
        "url": "http://hl7.org/fhir/us/qicore/StructureDefinition/qicore-recorded",
        "valueDateTime": "2025-03-26T09:35:00-04:00"
      } ],
      "status": "completed",
      "code": {
        "coding": [ {
          "system": "http://snomed.info/sct",
          "code": "424831005",
          "display": "Application of foot pump (procedure)"
        } ]
      },
      "subject": {
        "reference": "Patient/7ca8c67f-458c-4e68-9a65-bdcef3e71429"
      },
      "performedPeriod": {
        "start": "2025-03-22T08:20:00.000+00:00",
        "end": "2025-03-22T08:25:00.000+00:00"
      }
    },
    "request": {
      "method": "PUT",
      "url": "Procedure/d7a4a264-e353-4337-aa40-d42fb821c17b"
    }
  }, {
    "fullUrl": "https://madie.cms.gov/Organization/5dc85a21-1e23-4327-8b76-70230775b54a",
    "resource": {
      "resourceType": "Organization",
      "id": "5dc85a21-1e23-4327-8b76-70230775b54a",
      "meta": {
        "profile": [ "http://hl7.org/fhir/us/qicore/StructureDefinition/qicore-organization" ]
      },
      "identifier": [ {
        "use": "temp",
        "system": "urn:oid:2.16.840.1.113883.4.4",
        "value": "21-3259825"
      } ],
      "active": true,
      "type": [ {
        "coding": [ {
          "system": "http://terminology.hl7.org/CodeSystem/organization-type",
          "code": "pay",
          "display": "Payer"
        } ]
      } ],
      "name": "Blue Cross Blue Shield of Texas",
      "telecom": [ {
        "system": "phone",
        "value": "(+1) 972-766-6900"
      } ],
      "address": [ {
        "use": "billing",
        "type": "postal",
        "line": [ "P.O. Box 660044" ],
        "city": "Dallas",
        "state": "TX",
        "postalCode": "75266-0044",
        "country": "USA"
      } ]
    },
    "request": {
      "method": "PUT",
      "url": "Organization/5dc85a21-1e23-4327-8b76-70230775b54a"
    }
  }, {
    "fullUrl": "https://madie.cms.gov/Practitioner/cfb7929b-088c-45fb-8a40-405e32fcdc0a",
    "resource": {
      "resourceType": "Practitioner",
      "id": "cfb7929b-088c-45fb-8a40-405e32fcdc0a",
      "identifier": [ {
        "system": "http://hl7.org/fhir/sid/us-npi",
        "value": "123456"
      } ],
      "name": [ {
        "family": "Evil",
        "prefix": [ "Dr" ]
      } ]
    },
    "request": {
      "method": "PUT",
      "url": "Practitioner/cfb7929b-088c-45fb-8a40-405e32fcdc0a"
    }
  }, {
    "fullUrl": "https://madie.cms.gov/MeasureReport/d2cc229c-4527-471f-8ce1-3f3ba8854eff",
    "resource": {
      "resourceType": "MeasureReport",
      "id": "d2cc229c-4527-471f-8ce1-3f3ba8854eff",
      "meta": {
        "profile": [ "http://hl7.org/fhir/us/cqfmeasures/StructureDefinition/test-case-cqfm" ]
      },
      "contained": [ {
        "resourceType": "Parameters",
        "id": "2ed02e0b-9758-4b41-a406-c788502c9bdf-parameters",
        "parameter": [ {
          "name": "subject",
          "valueString": "7ca8c67f-458c-4e68-9a65-bdcef3e71429"
        } ]
      } ],
      "extension": [ {
        "url": "http://hl7.org/fhir/us/cqfmeasures/StructureDefinition/cqfm-inputParameters",
        "valueReference": {
          "reference": "#2ed02e0b-9758-4b41-a406-c788502c9bdf-parameters"
        }
      }, {
        "url": "http://hl7.org/fhir/us/cqfmeasures/StructureDefinition/cqfm-testCaseDescription",
        "valueMarkdown": "Venous Foot Pump was applied on the day ICU adm, and ICU Stay is equal to 0 day so it is NOT excluded from Den"
      } ],
      "modifierExtension": [ {
        "url": "http://hl7.org/fhir/us/cqfmeasures/StructureDefinition/cqfm-isTestCase",
        "valueBoolean": true
      } ],
      "status": "complete",
      "type": "individual",
      "measure": "https://madie.cms.gov/Measure/VenousThromboembolismProphylaxisFHIR",
      "period": {
        "start": "2025-01-01",
        "end": "2025-12-31"
      },
      "group": [ {
        "population": [ {
          "code": {
            "coding": [ {
              "system": "http://terminology.hl7.org/CodeSystem/measure-population",
              "code": "initial-population",
              "display": "Initial Population"
            } ]
          },
          "count": 1
        }, {
          "code": {
            "coding": [ {
              "system": "http://terminology.hl7.org/CodeSystem/measure-population",
              "code": "denominator",
              "display": "Denominator"
            } ]
          },
          "count": 1
        }, {
          "code": {
            "coding": [ {
              "system": "http://terminology.hl7.org/CodeSystem/measure-population",
              "code": "denominator-exclusion",
              "display": "Denominator Exclusion"
            } ]
          },
          "count": 0
        }, {
          "code": {
            "coding": [ {
              "system": "http://terminology.hl7.org/CodeSystem/measure-population",
              "code": "numerator",
              "display": "Numerator"
            } ]
          },
          "count": 1
        } ]
      } ],
      "evaluatedResource": [ {
        "reference": "Patient/7ca8c67f-458c-4e68-9a65-bdcef3e71429"
      }, {
        "reference": "Encounter/2f0aa080-42c7-435c-bdc4-f60b3149eeb1"
      }, {
        "reference": "Coverage/50c01d48-5cdb-4fed-ac49-0c6b9bd2d5b0"
      }, {
        "reference": "Location/0610adcd-020d-425e-912c-255d9a71e5e5"
      }, {
        "reference": "Location/65ec6a45-b0df-451e-aea3-405d34907781"
      }, {
        "reference": "Procedure/d7a4a264-e353-4337-aa40-d42fb821c17b"
      }, {
        "reference": "Organization/5dc85a21-1e23-4327-8b76-70230775b54a"
      }, {
        "reference": "Practitioner/cfb7929b-088c-45fb-8a40-405e32fcdc0a"
      } ]
    },
    "request": {
      "method": "PUT",
      "url": "MeasureReport/d2cc229c-4527-471f-8ce1-3f3ba8854eff"
    }
  } ]
}