{
  "resourceType": "Bundle",
  "id": "612e6abd02c62a011f2eb1c3",
  "type": "transaction",
  "entry": [ {
    "fullUrl": "https://madie.cms.gov/Patient/3541667b-d909-4a39-9797-3fbb95923ff1",
    "resource": {
      "resourceType": "Patient",
      "id": "3541667b-d909-4a39-9797-3fbb95923ff1",
      "meta": {
        "profile": [ "http://hl7.org/fhir/us/qicore/StructureDefinition/qicore-patient" ]
      },
      "text": {
        "status": "generated",
        "div": "<div xmlns=\"http://www.w3.org/1999/xhtml\"><div class=\"hapiHeaderText\">CMO_EDvisit_EDendsOnEncStart <b>DENEXPASS </b></div><table class=\"hapiPropertyTable\"><tbody><tr><td>Identifier</td><td>560c2962ef197875484c3db716725045</td></tr><tr><td>Date of birth</td><td><span>02 January 1974</span></td></tr></tbody></table></div>"
      },
      "extension": [ {
        "url": "http://hl7.org/fhir/us/core/StructureDefinition/us-core-race",
        "extension": [ {
          "url": "ombCategory",
          "valueCoding": {
            "system": "urn:oid:2.16.840.1.113883.6.238",
            "code": "1002-5",
            "display": "American Indian or Alaska Native",
            "userSelected": true
          }
        }, {
          "url": "text",
          "valueString": "American Indian or Alaska Native"
        } ]
      }, {
        "url": "http://hl7.org/fhir/us/core/StructureDefinition/us-core-ethnicity",
        "extension": [ {
          "url": "ombCategory",
          "valueCoding": {
            "system": "urn:oid:2.16.840.1.113883.6.238",
            "code": "2135-2",
            "display": "Hispanic or Latino",
            "userSelected": true
          }
        }, {
          "url": "text",
          "valueString": "Hispanic or Latino"
        } ]
      } ],
      "identifier": [ {
        "type": {
          "coding": [ {
            "system": "http://terminology.hl7.org/CodeSystem/v2-0203",
            "code": "MR"
          } ]
        },
        "system": "https://bonnie-fhir.healthit.gov/",
        "value": "612e6abd02c62a011f2eb1c3"
      } ],
      "active": true,
      "name": [ {
        "use": "usual",
        "family": "DENEXPass",
        "given": [ "CMO_EDvisit_EDendsOnEncStart" ]
      } ],
      "gender": "male",
      "birthDate": "1974-01-02"
    },
    "request": {
      "method": "PUT",
      "url": "Patient/3541667b-d909-4a39-9797-3fbb95923ff1"
    }
  }, {
    "fullUrl": "https://madie.cms.gov/Encounter/71deecff-da67-4f44-9f46-ee29161c2f3d",
    "resource": {
      "resourceType": "Encounter",
      "id": "71deecff-da67-4f44-9f46-ee29161c2f3d",
      "meta": {
        "profile": [ "http://hl7.org/fhir/us/qicore/StructureDefinition/qicore-encounter" ]
      },
      "status": "finished",
      "class": {
        "system": "http://terminology.hl7.org/CodeSystem/v3-ActCode",
        "code": "EMER",
        "display": "emergency"
      },
      "type": [ {
        "coding": [ {
          "system": "http://snomed.info/sct",
          "code": "4525004"
        } ]
      } ],
      "subject": {
        "reference": "Patient/3541667b-d909-4a39-9797-3fbb95923ff1"
      },
      "period": {
        "start": "2025-10-31T05:00:00+00:00",
        "end": "2025-11-01T08:00:00+00:00"
      },
      "length": {
        "value": 1.0,
        "unit": "days"
      }
    },
    "request": {
      "method": "PUT",
      "url": "Encounter/71deecff-da67-4f44-9f46-ee29161c2f3d"
    }
  }, {
    "fullUrl": "https://madie.cms.gov/Encounter/e18c86df-f8f5-4bd2-a46c-df40638fa217",
    "resource": {
      "resourceType": "Encounter",
      "id": "e18c86df-f8f5-4bd2-a46c-df40638fa217",
      "meta": {
        "profile": [ "http://hl7.org/fhir/us/qicore/StructureDefinition/qicore-encounter" ]
      },
      "status": "finished",
      "class": {
        "system": "http://terminology.hl7.org/CodeSystem/v3-ActCode",
        "code": "IMP",
        "display": "inpatient encounter"
      },
      "type": [ {
        "coding": [ {
          "system": "http://snomed.info/sct",
          "code": "8715000"
        } ]
      } ],
      "subject": {
        "reference": "Patient/3541667b-d909-4a39-9797-3fbb95923ff1"
      },
      "period": {
        "start": "2025-11-01T08:00:00+00:00",
        "end": "2025-11-26T08:15:00+00:00"
      },
      "length": {
        "value": 25.0,
        "unit": "days"
      }
    },
    "request": {
      "method": "PUT",
      "url": "Encounter/e18c86df-f8f5-4bd2-a46c-df40638fa217"
    }
  }, {
    "fullUrl": "https://madie.cms.gov/ServiceRequest/32d4081c-366a-4997-9f40-c6c2b8bbc641",
    "resource": {
      "resourceType": "ServiceRequest",
      "id": "32d4081c-366a-4997-9f40-c6c2b8bbc641",
      "meta": {
        "profile": [ "http://hl7.org/fhir/us/qicore/StructureDefinition/qicore-servicerequest" ]
      },
      "status": "completed",
      "intent": "order",
      "code": {
        "coding": [ {
          "system": "http://snomed.info/sct",
          "code": "133918004"
        } ]
      },
      "subject": {
        "reference": "Patient/3541667b-d909-4a39-9797-3fbb95923ff1"
      },
      "authoredOn": "2025-10-31T07:00:00+00:00"
    },
    "request": {
      "method": "PUT",
      "url": "ServiceRequest/32d4081c-366a-4997-9f40-c6c2b8bbc641"
    }
  }, {
    "fullUrl": "https://madie.cms.gov/Coverage/1588639c-273d-4f0d-8d9d-24bcf4df9ae6",
    "resource": {
      "resourceType": "Coverage",
      "id": "1588639c-273d-4f0d-8d9d-24bcf4df9ae6",
      "status": "active",
      "beneficiary": {
        "reference": "Patient/3541667b-d909-4a39-9797-3fbb95923ff1"
      },
      "period": {
        "start": "1974-01-02T08:00:00+00:00"
      },
      "payor": [ {
        "reference": "Organization/e44a6762-5ad7-43a9-b27e-1eadb5f9b0df"
      } ]
    },
    "request": {
      "method": "PUT",
      "url": "Coverage/1588639c-273d-4f0d-8d9d-24bcf4df9ae6"
    }
  }, {
    "fullUrl": "https://madie.cms.gov/Organization/e44a6762-5ad7-43a9-b27e-1eadb5f9b0df",
    "resource": {
      "resourceType": "Organization",
      "id": "e44a6762-5ad7-43a9-b27e-1eadb5f9b0df",
      "meta": {
        "profile": [ "http://hl7.org/fhir/us/qicore/StructureDefinition/qicore-organization" ]
      },
      "identifier": [ {
        "use": "temp",
        "system": "urn:oid:2.16.840.1.113883.4.4",
        "value": "21-3259825"
      } ],
      "active": true,
      "type": [ {
        "coding": [ {
          "system": "http://terminology.hl7.org/CodeSystem/organization-type",
          "code": "pay",
          "display": "Payer"
        } ]
      } ],
      "name": "Blue Cross Blue Shield of Texas",
      "telecom": [ {
        "system": "phone",
        "value": "(+1) 972-766-6900"
      } ],
      "address": [ {
        "use": "billing",
        "type": "postal",
        "line": [ "P.O. Box 660044" ],
        "city": "Dallas",
        "state": "TX",
        "postalCode": "75266-0044",
        "country": "USA"
      } ]
    },
    "request": {
      "method": "PUT",
      "url": "Organization/e44a6762-5ad7-43a9-b27e-1eadb5f9b0df"
    }
  }, {
    "fullUrl": "https://madie.cms.gov/Practitioner/563e972b-5e7c-48da-971e-21d82d37dbf6",
    "resource": {
      "resourceType": "Practitioner",
      "id": "563e972b-5e7c-48da-971e-21d82d37dbf6",
      "identifier": [ {
        "system": "http://hl7.org/fhir/sid/us-npi",
        "value": "123456"
      } ],
      "name": [ {
        "family": "Evil",
        "prefix": [ "Dr" ]
      } ]
    },
    "request": {
      "method": "PUT",
      "url": "Practitioner/563e972b-5e7c-48da-971e-21d82d37dbf6"
    }
  }, {
    "fullUrl": "https://madie.cms.gov/MeasureReport/8fc1095e-635d-4197-8384-d8cdba4325ca",
    "resource": {
      "resourceType": "MeasureReport",
      "id": "8fc1095e-635d-4197-8384-d8cdba4325ca",
      "meta": {
        "profile": [ "http://hl7.org/fhir/us/cqfmeasures/StructureDefinition/test-case-cqfm" ]
      },
      "contained": [ {
        "resourceType": "Parameters",
        "id": "64d537c1-da05-45a9-bd90-fd2e0b9ac9fc-parameters",
        "parameter": [ {
          "name": "subject",
          "valueString": "3541667b-d909-4a39-9797-3fbb95923ff1"
        } ]
      } ],
      "extension": [ {
        "url": "http://hl7.org/fhir/us/cqfmeasures/StructureDefinition/cqfm-inputParameters",
        "valueReference": {
          "reference": "#64d537c1-da05-45a9-bd90-fd2e0b9ac9fc-parameters"
        }
      }, {
        "url": "http://hl7.org/fhir/us/cqfmeasures/StructureDefinition/cqfm-testCaseDescription",
        "valueMarkdown": "Comfort Measures Intervention Order - during ED and ED end time is concurrent with EncInp start time.\n"
      } ],
      "modifierExtension": [ {
        "url": "http://hl7.org/fhir/us/cqfmeasures/StructureDefinition/cqfm-isTestCase",
        "valueBoolean": true
      } ],
      "status": "complete",
      "type": "individual",
      "measure": "https://madie.cms.gov/Measure/VenousThromboembolismProphylaxisFHIR",
      "period": {
        "start": "2025-01-01",
        "end": "2025-12-31"
      },
      "group": [ {
        "population": [ {
          "code": {
            "coding": [ {
              "system": "http://terminology.hl7.org/CodeSystem/measure-population",
              "code": "initial-population",
              "display": "Initial Population"
            } ]
          },
          "count": 1
        }, {
          "code": {
            "coding": [ {
              "system": "http://terminology.hl7.org/CodeSystem/measure-population",
              "code": "denominator",
              "display": "Denominator"
            } ]
          },
          "count": 1
        }, {
          "code": {
            "coding": [ {
              "system": "http://terminology.hl7.org/CodeSystem/measure-population",
              "code": "denominator-exclusion",
              "display": "Denominator Exclusion"
            } ]
          },
          "count": 1
        }, {
          "code": {
            "coding": [ {
              "system": "http://terminology.hl7.org/CodeSystem/measure-population",
              "code": "numerator",
              "display": "Numerator"
            } ]
          },
          "count": 0
        } ]
      } ],
      "evaluatedResource": [ {
        "reference": "Patient/3541667b-d909-4a39-9797-3fbb95923ff1"
      }, {
        "reference": "Encounter/71deecff-da67-4f44-9f46-ee29161c2f3d"
      }, {
        "reference": "Encounter/e18c86df-f8f5-4bd2-a46c-df40638fa217"
      }, {
        "reference": "ServiceRequest/32d4081c-366a-4997-9f40-c6c2b8bbc641"
      }, {
        "reference": "Coverage/1588639c-273d-4f0d-8d9d-24bcf4df9ae6"
      }, {
        "reference": "Organization/e44a6762-5ad7-43a9-b27e-1eadb5f9b0df"
      }, {
        "reference": "Practitioner/563e972b-5e7c-48da-971e-21d82d37dbf6"
      } ]
    },
    "request": {
      "method": "PUT",
      "url": "MeasureReport/8fc1095e-635d-4197-8384-d8cdba4325ca"
    }
  } ]
}