{
  "resourceType": "Bundle",
  "id": "60abda28bf0a01003e3f76bd",
  "type": "transaction",
  "entry": [ {
    "fullUrl": "https://madie.cms.gov/Patient/4a7a2cf4-6073-47a0-9012-ea9b32e6e9db",
    "resource": {
      "resourceType": "Patient",
      "id": "4a7a2cf4-6073-47a0-9012-ea9b32e6e9db",
      "meta": {
        "profile": [ "http://hl7.org/fhir/us/qicore/StructureDefinition/qicore-patient" ]
      },
      "extension": [ {
        "url": "http://hl7.org/fhir/us/core/StructureDefinition/us-core-race",
        "extension": [ {
          "url": "ombCategory",
          "valueCoding": {
            "system": "urn:oid:2.16.840.1.113883.6.238",
            "code": "2054-5",
            "display": "Black or African American"
          }
        }, {
          "url": "text",
          "valueString": "Black or African American"
        } ]
      }, {
        "url": "http://hl7.org/fhir/us/core/StructureDefinition/us-core-ethnicity",
        "extension": [ {
          "url": "ombCategory",
          "valueCoding": {
            "system": "urn:oid:2.16.840.1.113883.6.238",
            "code": "2186-5",
            "display": "Not Hispanic or Latino"
          }
        }, {
          "url": "text",
          "valueString": "Not Hispanic or Latino"
        } ]
      } ],
      "identifier": [ {
        "type": {
          "coding": [ {
            "system": "http://terminology.hl7.org/CodeSystem/v2-0203",
            "code": "MR"
          } ]
        },
        "system": "https://bonnie-fhir.healthit.gov/",
        "value": "463131313187656"
      } ],
      "name": [ {
        "family": "NUMERFail",
        "given": [ "NoDEXAOrderInMP" ]
      } ],
      "gender": "male",
      "birthDate": "1940-06-15"
    },
    "request": {
      "method": "PUT",
      "url": "Patient/4a7a2cf4-6073-47a0-9012-ea9b32e6e9db"
    }
  }, {
    "fullUrl": "https://madie.cms.gov/Encounter/bb1fa5e6-93ed-4b18-9ecd-a380c01315b4",
    "resource": {
      "resourceType": "Encounter",
      "id": "bb1fa5e6-93ed-4b18-9ecd-a380c01315b4",
      "meta": {
        "profile": [ "http://hl7.org/fhir/us/qicore/StructureDefinition/qicore-encounter" ]
      },
      "status": "finished",
      "class": {
        "system": "http://terminology.hl7.org/CodeSystem/v3-ActCode",
        "code": "AMB",
        "display": "ambulatory"
      },
      "type": [ {
        "coding": [ {
          "system": "http://snomed.info/sct",
          "version": "http://snomed.info/sct/731000124108/version/20240301",
          "code": "185463005",
          "display": "Visit out of hours (procedure)"
        } ]
      } ],
      "subject": {
        "reference": "Patient/4a7a2cf4-6073-47a0-9012-ea9b32e6e9db"
      },
      "period": {
        "start": "2026-02-04T08:00:00.000+00:00",
        "end": "2026-02-04T08:15:00.000+00:00"
      }
    },
    "request": {
      "method": "PUT",
      "url": "Encounter/bb1fa5e6-93ed-4b18-9ecd-a380c01315b4"
    }
  }, {
    "fullUrl": "https://madie.cms.gov/Condition/9440a08c-354b-4a0f-9952-7708559bc115",
    "resource": {
      "resourceType": "Condition",
      "id": "9440a08c-354b-4a0f-9952-7708559bc115",
      "meta": {
        "profile": [ "http://hl7.org/fhir/us/qicore/StructureDefinition/qicore-condition-problems-health-concerns" ]
      },
      "clinicalStatus": {
        "coding": [ {
          "system": "http://terminology.hl7.org/CodeSystem/condition-clinical",
          "code": "active",
          "display": "Active",
          "userSelected": true
        } ]
      },
      "verificationStatus": {
        "coding": [ {
          "system": "http://terminology.hl7.org/CodeSystem/condition-ver-status",
          "code": "confirmed"
        } ]
      },
      "category": [ {
        "coding": [ {
          "system": "http://terminology.hl7.org/CodeSystem/condition-category",
          "code": "problem-list-item",
          "display": "Problem List Item"
        } ]
      } ],
      "code": {
        "coding": [ {
          "system": "http://snomed.info/sct",
          "version": "http://snomed.info/sct/731000124108/version/20240301",
          "code": "254900004",
          "display": "Carcinoma of prostate (disorder)"
        } ]
      },
      "subject": {
        "reference": "Patient/4a7a2cf4-6073-47a0-9012-ea9b32e6e9db"
      },
      "onsetPeriod": {
        "start": "2026-02-04T08:00:00.000+00:00"
      }
    },
    "request": {
      "method": "PUT",
      "url": "Condition/9440a08c-354b-4a0f-9952-7708559bc115"
    }
  }, {
    "fullUrl": "https://madie.cms.gov/Practitioner/20f98901-11a7-48cd-8e05-11379633196e",
    "resource": {
      "resourceType": "Practitioner",
      "id": "20f98901-11a7-48cd-8e05-11379633196e",
      "meta": {
        "profile": [ "http://hl7.org/fhir/us/qicore/StructureDefinition/qicore-practitioner" ]
      },
      "identifier": [ {
        "use": "temp",
        "system": "urn:oid:2.16.840.1.113883.4.336",
        "value": "Practitioner-23"
      } ],
      "active": true,
      "name": [ {
        "family": "Careful",
        "given": [ "Adam" ],
        "prefix": [ "Dr" ]
      } ],
      "address": [ {
        "use": "home",
        "line": [ "534 Erewhon St" ],
        "city": "PleasantVille",
        "state": "UT",
        "postalCode": "84414"
      } ],
      "qualification": [ {
        "identifier": [ {
          "system": "http://example.org/UniversityIdentifier",
          "value": "12345"
        } ],
        "code": {
          "coding": [ {
            "system": "http://terminology.hl7.org/CodeSystem/v2-0360|2.7",
            "code": "BS",
            "display": "Bachelor of Science"
          } ],
          "text": "Bachelor of Science"
        },
        "period": {
          "start": "1996"
        },
        "issuer": {
          "display": "Example University"
        }
      } ]
    },
    "request": {
      "method": "PUT",
      "url": "Practitioner/20f98901-11a7-48cd-8e05-11379633196e"
    }
  }, {
    "fullUrl": "https://madie.cms.gov/MedicationRequest/778c640a-3439-46d7-9108-2a14dab93fca",
    "resource": {
      "resourceType": "MedicationRequest",
      "id": "778c640a-3439-46d7-9108-2a14dab93fca",
      "meta": {
        "profile": [ "http://hl7.org/fhir/us/qicore/StructureDefinition/qicore-medicationrequest" ]
      },
      "status": "active",
      "intent": "order",
      "medicationCodeableConcept": {
        "coding": [ {
          "system": "http://www.nlm.nih.gov/research/umls/rxnorm",
          "version": "04012024",
          "code": "1115257",
          "display": "1.5 ML leuprolide acetate 30 MG/ML Prefilled Syringe"
        } ]
      },
      "subject": {
        "reference": "Patient/4a7a2cf4-6073-47a0-9012-ea9b32e6e9db"
      },
      "authoredOn": "2026-02-04T08:00:00.000+00:00",
      "requester": {
        "reference": "http://myGoodHealthcare.com/fhir/Practitioner/20f98901-11a7-48cd-8e05-11379633196e"
      },
      "dosageInstruction": [ {
        "timing": {
          "repeat": {
            "boundsPeriod": {
              "start": "2026-02-04T08:00:00.000+00:00",
              "end": "2026-03-04T08:00:00.000+00:00"
            }
          }
        }
      } ]
    },
    "request": {
      "method": "PUT",
      "url": "MedicationRequest/778c640a-3439-46d7-9108-2a14dab93fca"
    }
  }, {
    "fullUrl": "https://madie.cms.gov/ServiceRequest/605edbba-e263-4efa-9a59-055186d0a3f9",
    "resource": {
      "resourceType": "ServiceRequest",
      "id": "605edbba-e263-4efa-9a59-055186d0a3f9",
      "meta": {
        "profile": [ "http://hl7.org/fhir/us/qicore/StructureDefinition/qicore-servicerequest" ]
      },
      "status": "active",
      "intent": "order",
      "code": {
        "coding": [ {
          "system": "http://snomed.info/sct",
          "version": "http://snomed.info/sct/731000124108/version/20240301",
          "code": "456381000124102",
          "display": "Injection of leuprolide acetate for twelve month period (regime/therapy)"
        } ]
      },
      "subject": {
        "reference": "Patient/4a7a2cf4-6073-47a0-9012-ea9b32e6e9db"
      },
      "authoredOn": "2026-02-04T08:00:00.000+00:00"
    },
    "request": {
      "method": "PUT",
      "url": "ServiceRequest/605edbba-e263-4efa-9a59-055186d0a3f9"
    }
  }, {
    "fullUrl": "https://madie.cms.gov/MeasureReport/728886b3-88cc-4e86-9b26-807fc56008fd",
    "resource": {
      "resourceType": "MeasureReport",
      "id": "728886b3-88cc-4e86-9b26-807fc56008fd",
      "meta": {
        "profile": [ "http://hl7.org/fhir/us/cqfmeasures/StructureDefinition/test-case-cqfm" ]
      },
      "contained": [ {
        "resourceType": "Parameters",
        "id": "f3f56435-0d86-4ad8-8e84-ff4bbddac3af-parameters",
        "parameter": [ {
          "name": "subject",
          "valueString": "4a7a2cf4-6073-47a0-9012-ea9b32e6e9db"
        } ]
      } ],
      "extension": [ {
        "url": "http://hl7.org/fhir/StructureDefinition/cqf-inputParameters",
        "valueReference": {
          "reference": "#f3f56435-0d86-4ad8-8e84-ff4bbddac3af-parameters"
        }
      }, {
        "url": "http://hl7.org/fhir/us/cqfmeasures/StructureDefinition/cqfm-testCaseDescription",
        "valueMarkdown": "Dx of Prostate Cancer with qualifying encounter(s) in MP. No DEXA ordered or done. Fails NUMER Criteria"
      } ],
      "modifierExtension": [ {
        "url": "http://hl7.org/fhir/us/cqfmeasures/StructureDefinition/cqfm-isTestCase",
        "valueBoolean": true
      } ],
      "status": "complete",
      "type": "individual",
      "measure": "https://madie.cms.gov/Measure/CMS645FHIRBoneDensityProstateCancerAndrogenDeprivationTherapy",
      "period": {
        "start": "2026-01-01",
        "end": "2026-12-31"
      },
      "group": [ {
        "id": "Group_1",
        "population": [ {
          "id": "InitialPopulation_1",
          "code": {
            "coding": [ {
              "system": "http://terminology.hl7.org/CodeSystem/measure-population",
              "code": "initial-population",
              "display": "Initial Population"
            } ]
          },
          "count": 1
        }, {
          "id": "Denominator_1",
          "code": {
            "coding": [ {
              "system": "http://terminology.hl7.org/CodeSystem/measure-population",
              "code": "denominator",
              "display": "Denominator"
            } ]
          },
          "count": 1
        }, {
          "id": "Numerator_1",
          "code": {
            "coding": [ {
              "system": "http://terminology.hl7.org/CodeSystem/measure-population",
              "code": "numerator",
              "display": "Numerator"
            } ]
          },
          "count": 0
        }, {
          "id": "DenominatorException_1",
          "code": {
            "coding": [ {
              "system": "http://terminology.hl7.org/CodeSystem/measure-population",
              "code": "denominator-exception",
              "display": "Denominator Exception"
            } ]
          },
          "count": 0
        } ],
        "measureScore": {
          "value": 1.0
        }
      } ],
      "evaluatedResource": [ {
        "reference": "Patient/4a7a2cf4-6073-47a0-9012-ea9b32e6e9db"
      }, {
        "reference": "Encounter/bb1fa5e6-93ed-4b18-9ecd-a380c01315b4"
      }, {
        "reference": "Condition/9440a08c-354b-4a0f-9952-7708559bc115"
      }, {
        "reference": "Practitioner/20f98901-11a7-48cd-8e05-11379633196e"
      }, {
        "reference": "MedicationRequest/778c640a-3439-46d7-9108-2a14dab93fca"
      }, {
        "reference": "ServiceRequest/605edbba-e263-4efa-9a59-055186d0a3f9"
      } ]
    },
    "request": {
      "method": "PUT",
      "url": "MeasureReport/728886b3-88cc-4e86-9b26-807fc56008fd"
    }
  } ]
}