{
  "resourceType": "Bundle",
  "id": "612e6b5a02c62a011f2ed71d",
  "type": "transaction",
  "entry": [ {
    "fullUrl": "https://madie.cms.gov/Patient/5d6959e1-bc26-4df7-a0fa-de5a8a279740",
    "resource": {
      "resourceType": "Patient",
      "id": "5d6959e1-bc26-4df7-a0fa-de5a8a279740",
      "meta": {
        "profile": [ "http://hl7.org/fhir/us/qicore/StructureDefinition/qicore-patient" ]
      },
      "text": {
        "status": "generated",
        "div": "<div xmlns=\"http://www.w3.org/1999/xhtml\"><div class=\"hapiHeaderText\">VTE_RiskAssess_ED <b>NUMERPASS </b></div><table class=\"hapiPropertyTable\"><tbody><tr><td>Identifier</td><td>a29965ceec8340c6fb3a5567ca0595ba</td></tr><tr><td>Date of birth</td><td><span>02 January 1974</span></td></tr></tbody></table></div>"
      },
      "extension": [ {
        "url": "http://hl7.org/fhir/us/core/StructureDefinition/us-core-race",
        "extension": [ {
          "url": "ombCategory",
          "valueCoding": {
            "system": "urn:oid:2.16.840.1.113883.6.238",
            "code": "1002-5",
            "display": "American Indian or Alaska Native",
            "userSelected": true
          }
        }, {
          "url": "text",
          "valueString": "American Indian or Alaska Native"
        } ]
      }, {
        "url": "http://hl7.org/fhir/us/core/StructureDefinition/us-core-ethnicity",
        "extension": [ {
          "url": "ombCategory",
          "valueCoding": {
            "system": "urn:oid:2.16.840.1.113883.6.238",
            "code": "2135-2",
            "display": "Hispanic or Latino",
            "userSelected": true
          }
        }, {
          "url": "text",
          "valueString": "Hispanic or Latino"
        } ]
      } ],
      "identifier": [ {
        "type": {
          "coding": [ {
            "system": "http://terminology.hl7.org/CodeSystem/v2-0203",
            "code": "MR"
          } ]
        },
        "system": "https://bonnie-fhir.healthit.gov/",
        "value": "612e6b5a02c62a011f2ed71d"
      } ],
      "active": true,
      "name": [ {
        "use": "usual",
        "family": "NUMERPass",
        "given": [ "VTE_RiskAssess_ED" ]
      } ],
      "gender": "male",
      "birthDate": "1974-01-02"
    },
    "request": {
      "method": "PUT",
      "url": "Patient/5d6959e1-bc26-4df7-a0fa-de5a8a279740"
    }
  }, {
    "fullUrl": "https://madie.cms.gov/Encounter/f13a1e89-57dc-4b89-abad-8cf84cc250d1",
    "resource": {
      "resourceType": "Encounter",
      "id": "f13a1e89-57dc-4b89-abad-8cf84cc250d1",
      "meta": {
        "profile": [ "http://hl7.org/fhir/us/qicore/StructureDefinition/qicore-encounter" ]
      },
      "status": "finished",
      "class": {
        "system": "http://terminology.hl7.org/CodeSystem/v3-ActCode",
        "code": "EMER",
        "display": "emergency"
      },
      "type": [ {
        "coding": [ {
          "system": "http://snomed.info/sct",
          "code": "4525004"
        } ]
      } ],
      "subject": {
        "reference": "Patient/5d6959e1-bc26-4df7-a0fa-de5a8a279740"
      },
      "period": {
        "start": "2025-10-31T23:00:00+00:00",
        "end": "2025-11-01T07:15:00+00:00"
      },
      "length": {
        "value": 1.0,
        "unit": "days"
      }
    },
    "request": {
      "method": "PUT",
      "url": "Encounter/f13a1e89-57dc-4b89-abad-8cf84cc250d1"
    }
  }, {
    "fullUrl": "https://madie.cms.gov/Encounter/2560bb2b-a76f-4ac7-af43-42d5e724b729",
    "resource": {
      "resourceType": "Encounter",
      "id": "2560bb2b-a76f-4ac7-af43-42d5e724b729",
      "meta": {
        "profile": [ "http://hl7.org/fhir/us/qicore/StructureDefinition/qicore-encounter" ]
      },
      "status": "finished",
      "class": {
        "system": "http://terminology.hl7.org/CodeSystem/v3-ActCode",
        "code": "IMP",
        "display": "inpatient encounter"
      },
      "type": [ {
        "coding": [ {
          "system": "http://snomed.info/sct",
          "code": "8715000"
        } ]
      } ],
      "subject": {
        "reference": "Patient/5d6959e1-bc26-4df7-a0fa-de5a8a279740"
      },
      "period": {
        "start": "2025-11-01T08:00:00+00:00",
        "end": "2025-11-26T08:15:00+00:00"
      },
      "length": {
        "value": 25.0,
        "unit": "days"
      }
    },
    "request": {
      "method": "PUT",
      "url": "Encounter/2560bb2b-a76f-4ac7-af43-42d5e724b729"
    }
  }, {
    "fullUrl": "https://madie.cms.gov/Observation/0173914d-7de8-46be-a1c5-dba21df14f0a",
    "resource": {
      "resourceType": "Observation",
      "id": "0173914d-7de8-46be-a1c5-dba21df14f0a",
      "meta": {
        "profile": [ "http://hl7.org/fhir/us/qicore/StructureDefinition/qicore-observation" ]
      },
      "status": "corrected",
      "category": [ {
        "coding": [ {
          "system": "http://terminology.hl7.org/CodeSystem/observation-category",
          "code": "exam",
          "display": "exam"
        } ]
      } ],
      "code": {
        "coding": [ {
          "system": "http://loinc.org",
          "code": "72136-5"
        } ]
      },
      "subject": {
        "reference": "Patient/5d6959e1-bc26-4df7-a0fa-de5a8a279740"
      },
      "effectiveDateTime": "2025-11-01T06:00:00+00:00",
      "valueCodeableConcept": {
        "coding": [ {
          "system": "http://snomed.info/sct",
          "code": "260362008",
          "display": "Low Risk"
        } ]
      }
    },
    "request": {
      "method": "PUT",
      "url": "Observation/0173914d-7de8-46be-a1c5-dba21df14f0a"
    }
  }, {
    "fullUrl": "https://madie.cms.gov/Coverage/42b2eca3-6691-4f91-b9c2-43ddd3cd6f34",
    "resource": {
      "resourceType": "Coverage",
      "id": "42b2eca3-6691-4f91-b9c2-43ddd3cd6f34",
      "status": "active",
      "beneficiary": {
        "reference": "Patient/5d6959e1-bc26-4df7-a0fa-de5a8a279740"
      },
      "period": {
        "start": "1974-01-02T08:00:00+00:00"
      },
      "payor": [ {
        "reference": "Organization/3605c93c-3dc2-44f6-a62d-a4119cb6e25f"
      } ]
    },
    "request": {
      "method": "PUT",
      "url": "Coverage/42b2eca3-6691-4f91-b9c2-43ddd3cd6f34"
    }
  }, {
    "fullUrl": "https://madie.cms.gov/Organization/3605c93c-3dc2-44f6-a62d-a4119cb6e25f",
    "resource": {
      "resourceType": "Organization",
      "id": "3605c93c-3dc2-44f6-a62d-a4119cb6e25f",
      "meta": {
        "profile": [ "http://hl7.org/fhir/us/qicore/StructureDefinition/qicore-organization" ]
      },
      "identifier": [ {
        "use": "temp",
        "system": "urn:oid:2.16.840.1.113883.4.4",
        "value": "21-3259825"
      } ],
      "active": true,
      "type": [ {
        "coding": [ {
          "system": "http://terminology.hl7.org/CodeSystem/organization-type",
          "code": "pay",
          "display": "Payer"
        } ]
      } ],
      "name": "Blue Cross Blue Shield of Texas",
      "telecom": [ {
        "system": "phone",
        "value": "(+1) 972-766-6900"
      } ],
      "address": [ {
        "use": "billing",
        "type": "postal",
        "line": [ "P.O. Box 660044" ],
        "city": "Dallas",
        "state": "TX",
        "postalCode": "75266-0044",
        "country": "USA"
      } ]
    },
    "request": {
      "method": "PUT",
      "url": "Organization/3605c93c-3dc2-44f6-a62d-a4119cb6e25f"
    }
  }, {
    "fullUrl": "https://madie.cms.gov/Practitioner/a5dc4ba8-23bb-4d38-ad04-586c0888289f",
    "resource": {
      "resourceType": "Practitioner",
      "id": "a5dc4ba8-23bb-4d38-ad04-586c0888289f",
      "identifier": [ {
        "system": "http://hl7.org/fhir/sid/us-npi",
        "value": "123456"
      } ],
      "name": [ {
        "family": "Evil",
        "prefix": [ "Dr" ]
      } ]
    },
    "request": {
      "method": "PUT",
      "url": "Practitioner/a5dc4ba8-23bb-4d38-ad04-586c0888289f"
    }
  }, {
    "fullUrl": "https://madie.cms.gov/MeasureReport/348791e2-8b5e-42d5-a146-8687afb5f634",
    "resource": {
      "resourceType": "MeasureReport",
      "id": "348791e2-8b5e-42d5-a146-8687afb5f634",
      "meta": {
        "profile": [ "http://hl7.org/fhir/us/cqfmeasures/StructureDefinition/test-case-cqfm" ]
      },
      "contained": [ {
        "resourceType": "Parameters",
        "id": "e3500d77-300a-4532-8ffc-fdf5d57cfa51-parameters",
        "parameter": [ {
          "name": "subject",
          "valueString": "5d6959e1-bc26-4df7-a0fa-de5a8a279740"
        } ]
      } ],
      "extension": [ {
        "url": "http://hl7.org/fhir/us/cqfmeasures/StructureDefinition/cqfm-inputParameters",
        "valueReference": {
          "reference": "#e3500d77-300a-4532-8ffc-fdf5d57cfa51-parameters"
        }
      }, {
        "url": "http://hl7.org/fhir/us/cqfmeasures/StructureDefinition/cqfm-testCaseDescription",
        "valueMarkdown": ">18, LOS<120 day, VTE Risk Assess during ED\n"
      } ],
      "modifierExtension": [ {
        "url": "http://hl7.org/fhir/us/cqfmeasures/StructureDefinition/cqfm-isTestCase",
        "valueBoolean": true
      } ],
      "status": "complete",
      "type": "individual",
      "measure": "https://madie.cms.gov/Measure/VenousThromboembolismProphylaxisFHIR",
      "period": {
        "start": "2025-01-01",
        "end": "2025-12-31"
      },
      "group": [ {
        "population": [ {
          "code": {
            "coding": [ {
              "system": "http://terminology.hl7.org/CodeSystem/measure-population",
              "code": "initial-population",
              "display": "Initial Population"
            } ]
          },
          "count": 1
        }, {
          "code": {
            "coding": [ {
              "system": "http://terminology.hl7.org/CodeSystem/measure-population",
              "code": "denominator",
              "display": "Denominator"
            } ]
          },
          "count": 1
        }, {
          "code": {
            "coding": [ {
              "system": "http://terminology.hl7.org/CodeSystem/measure-population",
              "code": "denominator-exclusion",
              "display": "Denominator Exclusion"
            } ]
          },
          "count": 0
        }, {
          "code": {
            "coding": [ {
              "system": "http://terminology.hl7.org/CodeSystem/measure-population",
              "code": "numerator",
              "display": "Numerator"
            } ]
          },
          "count": 1
        } ]
      } ],
      "evaluatedResource": [ {
        "reference": "Patient/5d6959e1-bc26-4df7-a0fa-de5a8a279740"
      }, {
        "reference": "Encounter/f13a1e89-57dc-4b89-abad-8cf84cc250d1"
      }, {
        "reference": "Encounter/2560bb2b-a76f-4ac7-af43-42d5e724b729"
      }, {
        "reference": "Observation/0173914d-7de8-46be-a1c5-dba21df14f0a"
      }, {
        "reference": "Coverage/42b2eca3-6691-4f91-b9c2-43ddd3cd6f34"
      }, {
        "reference": "Organization/3605c93c-3dc2-44f6-a62d-a4119cb6e25f"
      }, {
        "reference": "Practitioner/a5dc4ba8-23bb-4d38-ad04-586c0888289f"
      } ]
    },
    "request": {
      "method": "PUT",
      "url": "MeasureReport/348791e2-8b5e-42d5-a146-8687afb5f634"
    }
  } ]
}