{
  "resourceType": "Bundle",
  "id": "612e6b6102c62a011f2ed8da",
  "type": "transaction",
  "entry": [ {
    "fullUrl": "https://madie.cms.gov/Patient/07f7be1f-dfe1-4406-8983-7968f6474974",
    "resource": {
      "resourceType": "Patient",
      "id": "07f7be1f-dfe1-4406-8983-7968f6474974",
      "meta": {
        "profile": [ "http://hl7.org/fhir/us/qicore/StructureDefinition/qicore-patient" ]
      },
      "text": {
        "status": "generated",
        "div": "<div xmlns=\"http://www.w3.org/1999/xhtml\"><div class=\"hapiHeaderText\">MAGlycEDGT1HrB4SameDayOfAdm <b>NUMERPASS </b></div><table class=\"hapiPropertyTable\"><tbody><tr><td>Identifier</td><td>8fb4cd40974dea5010f77239e5dacead</td></tr><tr><td>Date of birth</td><td><span>02 January 1974</span></td></tr></tbody></table></div>"
      },
      "extension": [ {
        "url": "http://hl7.org/fhir/us/core/StructureDefinition/us-core-race",
        "extension": [ {
          "url": "ombCategory",
          "valueCoding": {
            "system": "urn:oid:2.16.840.1.113883.6.238",
            "code": "1002-5",
            "display": "American Indian or Alaska Native",
            "userSelected": true
          }
        }, {
          "url": "text",
          "valueString": "American Indian or Alaska Native"
        } ]
      }, {
        "url": "http://hl7.org/fhir/us/core/StructureDefinition/us-core-ethnicity",
        "extension": [ {
          "url": "ombCategory",
          "valueCoding": {
            "system": "urn:oid:2.16.840.1.113883.6.238",
            "code": "2135-2",
            "display": "Hispanic or Latino",
            "userSelected": true
          }
        }, {
          "url": "text",
          "valueString": "Hispanic or Latino"
        } ]
      } ],
      "identifier": [ {
        "type": {
          "coding": [ {
            "system": "http://terminology.hl7.org/CodeSystem/v2-0203",
            "code": "MR"
          } ]
        },
        "system": "https://bonnie-fhir.healthit.gov/",
        "value": "612e6b6102c62a011f2ed8da"
      } ],
      "active": true,
      "name": [ {
        "use": "usual",
        "family": "NUMERPass",
        "given": [ "MAGlycEDGT1HrB4SameDayOfAdm" ]
      } ],
      "gender": "male",
      "birthDate": "1974-01-02"
    },
    "request": {
      "method": "PUT",
      "url": "Patient/07f7be1f-dfe1-4406-8983-7968f6474974"
    }
  }, {
    "fullUrl": "https://madie.cms.gov/Encounter/aa8bb0b6-5465-41bd-8e98-6b14f6ae1807",
    "resource": {
      "resourceType": "Encounter",
      "id": "aa8bb0b6-5465-41bd-8e98-6b14f6ae1807",
      "meta": {
        "profile": [ "http://hl7.org/fhir/us/qicore/StructureDefinition/qicore-encounter" ]
      },
      "status": "finished",
      "class": {
        "system": "http://terminology.hl7.org/CodeSystem/v3-ActCode",
        "code": "EMER",
        "display": "emergency"
      },
      "type": [ {
        "coding": [ {
          "system": "http://snomed.info/sct",
          "code": "4525004"
        } ]
      } ],
      "subject": {
        "reference": "Patient/07f7be1f-dfe1-4406-8983-7968f6474974"
      },
      "period": {
        "start": "2025-11-01T02:00:00+00:00",
        "end": "2025-11-01T06:00:00+00:00"
      },
      "length": {
        "value": 0.0,
        "unit": "days"
      }
    },
    "request": {
      "method": "PUT",
      "url": "Encounter/aa8bb0b6-5465-41bd-8e98-6b14f6ae1807"
    }
  }, {
    "fullUrl": "https://madie.cms.gov/Encounter/326d458f-2d9d-415c-b796-bb90c614ff1d",
    "resource": {
      "resourceType": "Encounter",
      "id": "326d458f-2d9d-415c-b796-bb90c614ff1d",
      "meta": {
        "profile": [ "http://hl7.org/fhir/us/qicore/StructureDefinition/qicore-encounter" ]
      },
      "status": "finished",
      "class": {
        "system": "http://terminology.hl7.org/CodeSystem/v3-ActCode",
        "code": "IMP",
        "display": "inpatient encounter"
      },
      "type": [ {
        "coding": [ {
          "system": "http://snomed.info/sct",
          "code": "8715000"
        } ]
      } ],
      "subject": {
        "reference": "Patient/07f7be1f-dfe1-4406-8983-7968f6474974"
      },
      "period": {
        "start": "2025-11-01T08:00:00+00:00",
        "end": "2025-11-26T08:15:00+00:00"
      },
      "length": {
        "value": 25.0,
        "unit": "days"
      }
    },
    "request": {
      "method": "PUT",
      "url": "Encounter/326d458f-2d9d-415c-b796-bb90c614ff1d"
    }
  }, {
    "fullUrl": "https://madie.cms.gov/Coverage/d679c890-f3c8-44f8-857e-c40d3d01f1f1",
    "resource": {
      "resourceType": "Coverage",
      "id": "d679c890-f3c8-44f8-857e-c40d3d01f1f1",
      "status": "active",
      "beneficiary": {
        "reference": "Patient/07f7be1f-dfe1-4406-8983-7968f6474974"
      },
      "period": {
        "start": "1974-01-02T08:00:00+00:00"
      },
      "payor": [ {
        "reference": "Organization/c0d34b9d-777f-4ae0-9fcd-e3f9f8d3c50b"
      } ]
    },
    "request": {
      "method": "PUT",
      "url": "Coverage/d679c890-f3c8-44f8-857e-c40d3d01f1f1"
    }
  }, {
    "fullUrl": "https://madie.cms.gov/MedicationAdministration/8c760a8e-c70e-4f8c-9fa6-c64a88f05c99",
    "resource": {
      "resourceType": "MedicationAdministration",
      "id": "8c760a8e-c70e-4f8c-9fa6-c64a88f05c99",
      "meta": {
        "profile": [ "http://hl7.org/fhir/us/qicore/StructureDefinition/qicore-medicationadministration" ]
      },
      "status": "completed",
      "medicationCodeableConcept": {
        "coding": [ {
          "system": "http://www.nlm.nih.gov/research/umls/rxnorm",
          "code": "200349"
        } ]
      },
      "subject": {
        "reference": "Patient/07f7be1f-dfe1-4406-8983-7968f6474974"
      },
      "effectivePeriod": {
        "start": "2025-11-01T06:00:00+00:00",
        "end": "2025-11-01T06:10:00+00:00"
      }
    },
    "request": {
      "method": "PUT",
      "url": "MedicationAdministration/8c760a8e-c70e-4f8c-9fa6-c64a88f05c99"
    }
  }, {
    "fullUrl": "https://madie.cms.gov/Organization/c0d34b9d-777f-4ae0-9fcd-e3f9f8d3c50b",
    "resource": {
      "resourceType": "Organization",
      "id": "c0d34b9d-777f-4ae0-9fcd-e3f9f8d3c50b",
      "meta": {
        "profile": [ "http://hl7.org/fhir/us/qicore/StructureDefinition/qicore-organization" ]
      },
      "identifier": [ {
        "use": "temp",
        "system": "urn:oid:2.16.840.1.113883.4.4",
        "value": "21-3259825"
      } ],
      "active": true,
      "type": [ {
        "coding": [ {
          "system": "http://terminology.hl7.org/CodeSystem/organization-type",
          "code": "pay",
          "display": "Payer"
        } ]
      } ],
      "name": "Blue Cross Blue Shield of Texas",
      "telecom": [ {
        "system": "phone",
        "value": "(+1) 972-766-6900"
      } ],
      "address": [ {
        "use": "billing",
        "type": "postal",
        "line": [ "P.O. Box 660044" ],
        "city": "Dallas",
        "state": "TX",
        "postalCode": "75266-0044",
        "country": "USA"
      } ]
    },
    "request": {
      "method": "PUT",
      "url": "Organization/c0d34b9d-777f-4ae0-9fcd-e3f9f8d3c50b"
    }
  }, {
    "fullUrl": "https://madie.cms.gov/Practitioner/43810240-8bda-440b-995f-5fcbd6be46d1",
    "resource": {
      "resourceType": "Practitioner",
      "id": "43810240-8bda-440b-995f-5fcbd6be46d1",
      "identifier": [ {
        "system": "http://hl7.org/fhir/sid/us-npi",
        "value": "123456"
      } ],
      "name": [ {
        "family": "Evil",
        "prefix": [ "Dr" ]
      } ]
    },
    "request": {
      "method": "PUT",
      "url": "Practitioner/43810240-8bda-440b-995f-5fcbd6be46d1"
    }
  }, {
    "fullUrl": "https://madie.cms.gov/MeasureReport/6b0a243d-bc32-476b-a814-5fa12a4e77dd",
    "resource": {
      "resourceType": "MeasureReport",
      "id": "6b0a243d-bc32-476b-a814-5fa12a4e77dd",
      "meta": {
        "profile": [ "http://hl7.org/fhir/us/cqfmeasures/StructureDefinition/test-case-cqfm" ]
      },
      "contained": [ {
        "resourceType": "Parameters",
        "id": "99f488f8-3755-49ae-a714-233e8ff965ad-parameters",
        "parameter": [ {
          "name": "subject",
          "valueString": "07f7be1f-dfe1-4406-8983-7968f6474974"
        } ]
      } ],
      "extension": [ {
        "url": "http://hl7.org/fhir/us/cqfmeasures/StructureDefinition/cqfm-inputParameters",
        "valueReference": {
          "reference": "#99f488f8-3755-49ae-a714-233e8ff965ad-parameters"
        }
      }, {
        "url": "http://hl7.org/fhir/us/cqfmeasures/StructureDefinition/cqfm-testCaseDescription",
        "valueMarkdown": ">18, LOS<120 day, Glycoprotein during ED, EDend >1hr EncInp start. But this case passes because Med was adm on the same day of adm\n"
      } ],
      "modifierExtension": [ {
        "url": "http://hl7.org/fhir/us/cqfmeasures/StructureDefinition/cqfm-isTestCase",
        "valueBoolean": true
      } ],
      "status": "complete",
      "type": "individual",
      "measure": "https://madie.cms.gov/Measure/VenousThromboembolismProphylaxisFHIR",
      "period": {
        "start": "2025-01-01",
        "end": "2025-12-31"
      },
      "group": [ {
        "population": [ {
          "code": {
            "coding": [ {
              "system": "http://terminology.hl7.org/CodeSystem/measure-population",
              "code": "initial-population",
              "display": "Initial Population"
            } ]
          },
          "count": 1
        }, {
          "code": {
            "coding": [ {
              "system": "http://terminology.hl7.org/CodeSystem/measure-population",
              "code": "denominator",
              "display": "Denominator"
            } ]
          },
          "count": 1
        }, {
          "code": {
            "coding": [ {
              "system": "http://terminology.hl7.org/CodeSystem/measure-population",
              "code": "denominator-exclusion",
              "display": "Denominator Exclusion"
            } ]
          },
          "count": 0
        }, {
          "code": {
            "coding": [ {
              "system": "http://terminology.hl7.org/CodeSystem/measure-population",
              "code": "numerator",
              "display": "Numerator"
            } ]
          },
          "count": 1
        } ]
      } ],
      "evaluatedResource": [ {
        "reference": "Patient/07f7be1f-dfe1-4406-8983-7968f6474974"
      }, {
        "reference": "Encounter/aa8bb0b6-5465-41bd-8e98-6b14f6ae1807"
      }, {
        "reference": "Encounter/326d458f-2d9d-415c-b796-bb90c614ff1d"
      }, {
        "reference": "Coverage/d679c890-f3c8-44f8-857e-c40d3d01f1f1"
      }, {
        "reference": "MedicationAdministration/8c760a8e-c70e-4f8c-9fa6-c64a88f05c99"
      }, {
        "reference": "Organization/c0d34b9d-777f-4ae0-9fcd-e3f9f8d3c50b"
      }, {
        "reference": "Practitioner/43810240-8bda-440b-995f-5fcbd6be46d1"
      } ]
    },
    "request": {
      "method": "PUT",
      "url": "MeasureReport/6b0a243d-bc32-476b-a814-5fa12a4e77dd"
    }
  } ]
}