{
  "resourceType": "Bundle",
  "id": "612e6ae402c62a011f2eba14",
  "type": "transaction",
  "entry": [ {
    "fullUrl": "https://madie.cms.gov/Patient/cd714f7e-2b9c-40cb-86a7-92b81555d5b7",
    "resource": {
      "resourceType": "Patient",
      "id": "cd714f7e-2b9c-40cb-86a7-92b81555d5b7",
      "meta": {
        "profile": [ "http://hl7.org/fhir/us/qicore/StructureDefinition/qicore-patient" ]
      },
      "text": {
        "status": "generated",
        "div": "<div xmlns=\"http://www.w3.org/1999/xhtml\"><div class=\"hapiHeaderText\">PtRefusal_EDGT1HrAdm_1DayBFAdm <b>NUMERFAIL </b></div><table class=\"hapiPropertyTable\"><tbody><tr><td>Identifier</td><td>6d2c319cdc22db5701bad5a897102b581ef8b66eb0c722b7fcb9c543ba1be0e3</td></tr><tr><td>Date of birth</td><td><span>02 January 1974</span></td></tr></tbody></table></div>"
      },
      "extension": [ {
        "url": "http://hl7.org/fhir/us/core/StructureDefinition/us-core-race",
        "extension": [ {
          "url": "ombCategory",
          "valueCoding": {
            "system": "urn:oid:2.16.840.1.113883.6.238",
            "code": "1002-5",
            "display": "American Indian or Alaska Native",
            "userSelected": true
          }
        }, {
          "url": "text",
          "valueString": "American Indian or Alaska Native"
        } ]
      }, {
        "url": "http://hl7.org/fhir/us/core/StructureDefinition/us-core-ethnicity",
        "extension": [ {
          "url": "ombCategory",
          "valueCoding": {
            "system": "urn:oid:2.16.840.1.113883.6.238",
            "code": "2135-2",
            "display": "Hispanic or Latino",
            "userSelected": true
          }
        }, {
          "url": "text",
          "valueString": "Hispanic or Latino"
        } ]
      } ],
      "identifier": [ {
        "type": {
          "coding": [ {
            "system": "http://terminology.hl7.org/CodeSystem/v2-0203",
            "code": "MR"
          } ]
        },
        "system": "https://bonnie-fhir.healthit.gov/",
        "value": "612e6ae402c62a011f2eba14"
      } ],
      "active": true,
      "name": [ {
        "use": "usual",
        "family": "NUMERFail",
        "given": [ "PtRefusal_EDGT1HrAdm_1DayBFAdm" ]
      } ],
      "gender": "male",
      "birthDate": "1974-01-02"
    },
    "request": {
      "method": "PUT",
      "url": "Patient/cd714f7e-2b9c-40cb-86a7-92b81555d5b7"
    }
  }, {
    "fullUrl": "https://madie.cms.gov/Encounter/6f47570c-6977-4d2e-a109-9ded3f1d50ca",
    "resource": {
      "resourceType": "Encounter",
      "id": "6f47570c-6977-4d2e-a109-9ded3f1d50ca",
      "meta": {
        "profile": [ "http://hl7.org/fhir/us/qicore/StructureDefinition/qicore-encounter" ]
      },
      "status": "finished",
      "class": {
        "system": "http://terminology.hl7.org/CodeSystem/v3-ActCode",
        "code": "EMER",
        "display": "emergency"
      },
      "type": [ {
        "coding": [ {
          "system": "http://snomed.info/sct",
          "code": "4525004"
        } ]
      } ],
      "subject": {
        "reference": "Patient/cd714f7e-2b9c-40cb-86a7-92b81555d5b7"
      },
      "period": {
        "start": "2025-10-31T05:00:00+00:00",
        "end": "2025-11-01T07:15:00+00:00"
      },
      "length": {
        "value": 1,
        "unit": "days"
      }
    },
    "request": {
      "method": "PUT",
      "url": "Encounter/6f47570c-6977-4d2e-a109-9ded3f1d50ca"
    }
  }, {
    "fullUrl": "https://madie.cms.gov/Encounter/3eb55d3b-1fd3-41fd-a345-1f6bba300ca7",
    "resource": {
      "resourceType": "Encounter",
      "id": "3eb55d3b-1fd3-41fd-a345-1f6bba300ca7",
      "meta": {
        "profile": [ "http://hl7.org/fhir/us/qicore/StructureDefinition/qicore-encounter" ]
      },
      "status": "finished",
      "class": {
        "system": "http://terminology.hl7.org/CodeSystem/v3-ActCode",
        "code": "IMP",
        "display": "inpatient encounter"
      },
      "type": [ {
        "coding": [ {
          "system": "http://snomed.info/sct",
          "code": "8715000"
        } ]
      } ],
      "subject": {
        "reference": "Patient/cd714f7e-2b9c-40cb-86a7-92b81555d5b7"
      },
      "period": {
        "start": "2025-11-01T10:00:00+00:00",
        "end": "2025-11-03T08:15:00+00:00"
      },
      "length": {
        "value": 2,
        "unit": "days"
      }
    },
    "request": {
      "method": "PUT",
      "url": "Encounter/3eb55d3b-1fd3-41fd-a345-1f6bba300ca7"
    }
  }, {
    "fullUrl": "https://madie.cms.gov/Coverage/55cfa0af-f6e7-4648-adb0-8082fba8464e",
    "resource": {
      "resourceType": "Coverage",
      "id": "55cfa0af-f6e7-4648-adb0-8082fba8464e",
      "status": "active",
      "beneficiary": {
        "reference": "Patient/cd714f7e-2b9c-40cb-86a7-92b81555d5b7"
      },
      "period": {
        "start": "1974-01-02T08:00:00+00:00"
      },
      "payor": [ {
        "reference": "Organization/6cd6cff9-c823-450c-a0e9-d40f340c7b71"
      } ]
    },
    "request": {
      "method": "PUT",
      "url": "Coverage/55cfa0af-f6e7-4648-adb0-8082fba8464e"
    }
  }, {
    "fullUrl": "https://madie.cms.gov/MedicationAdministration/28e0839b-7f86-4397-b24b-8b784728c75a",
    "resource": {
      "resourceType": "MedicationAdministration",
      "id": "28e0839b-7f86-4397-b24b-8b784728c75a",
      "meta": {
        "profile": [ "http://hl7.org/fhir/us/qicore/StructureDefinition/qicore-medicationadministration" ]
      },
      "extension": [ {
        "url": "http://hl7.org/fhir/us/qicore/StructureDefinition/qicore-recorded",
        "valueDateTime": "2025-10-31T07:00:00+00:00"
      } ],
      "status": "completed",
      "statusReason": [ {
        "coding": [ {
          "system": "http://snomed.info/sct",
          "code": "443390004",
          "display": "Refusal of treatment by patient (situation)"
        } ]
      } ],
      "medicationCodeableConcept": {
        "coding": [ {
          "system": "http://www.nlm.nih.gov/research/umls/rxnorm",
          "code": "1361607"
        } ]
      },
      "subject": {
        "reference": "Patient/cd714f7e-2b9c-40cb-86a7-92b81555d5b7"
      },
      "effectivePeriod": {
        "start": "2025-10-31T07:00:00+00:00"
      },
      "reasonCode": [ {
        "coding": [ {
          "system": "http://snomed.info/sct",
          "code": "105480006",
          "display": "Refusal of treatment by patient (situation)",
          "userSelected": true
        } ]
      } ]
    },
    "request": {
      "method": "PUT",
      "url": "MedicationAdministration/28e0839b-7f86-4397-b24b-8b784728c75a"
    }
  }, {
    "fullUrl": "https://madie.cms.gov/MedicationRequest/8b6db4f7-eb6a-4c7e-bda0-d9e7b71e4eb2",
    "resource": {
      "resourceType": "MedicationRequest",
      "id": "8b6db4f7-eb6a-4c7e-bda0-d9e7b71e4eb2",
      "meta": {
        "profile": [ "http://hl7.org/fhir/us/qicore/StructureDefinition/qicore-mednotrequested" ]
      },
      "status": "completed",
      "intent": "order",
      "doNotPerform": true,
      "medicationCodeableConcept": {
        "coding": [ {
          "system": "http://www.nlm.nih.gov/research/umls/rxnorm",
          "code": "854228"
        } ]
      },
      "subject": {
        "reference": "Patient/cd714f7e-2b9c-40cb-86a7-92b81555d5b7"
      },
      "authoredOn": "2025-10-31T07:00:00+00:00",
      "requester": {
        "reference": "Practitioner/123456"
      },
      "reasonCode": [ {
        "coding": [ {
          "system": "http://snomed.info/sct",
          "code": "183932001",
          "display": "Procedure contraindicated (situation)",
          "userSelected": true
        } ]
      } ],
      "dosageInstruction": [ {
        "timing": {
          "repeat": {
            "boundsPeriod": {
              "start": "2025-10-31T07:00:00+00:00"
            }
          }
        }
      } ]
    },
    "request": {
      "method": "PUT",
      "url": "MedicationRequest/8b6db4f7-eb6a-4c7e-bda0-d9e7b71e4eb2"
    }
  }, {
    "fullUrl": "https://madie.cms.gov/MedicationRequest/41337bd2-9d0a-4e1e-b820-9d836f8f2fe6",
    "resource": {
      "resourceType": "MedicationRequest",
      "id": "41337bd2-9d0a-4e1e-b820-9d836f8f2fe6",
      "status": "active",
      "intent": "order",
      "medicationCodeableConcept": {
        "coding": [ {
          "system": "http://www.nlm.nih.gov/research/umls/rxnorm",
          "code": "861356"
        } ]
      },
      "subject": {
        "reference": "Patient/cd714f7e-2b9c-40cb-86a7-92b81555d5b7"
      },
      "authoredOn": "2025-10-31T07:00:00+00:00",
      "requester": {
        "reference": "Practitioner/123456"
      },
      "dosageInstruction": [ {
        "timing": {
          "repeat": {
            "boundsPeriod": {
              "start": "2025-10-31T07:00:00+00:00"
            }
          }
        }
      } ]
    },
    "request": {
      "method": "PUT",
      "url": "MedicationRequest/41337bd2-9d0a-4e1e-b820-9d836f8f2fe6"
    }
  }, {
    "fullUrl": "https://madie.cms.gov/MedicationRequest/dfc181c8-33e4-4578-950c-ee153c93048b",
    "resource": {
      "resourceType": "MedicationRequest",
      "id": "dfc181c8-33e4-4578-950c-ee153c93048b",
      "status": "active",
      "intent": "order",
      "medicationCodeableConcept": {
        "coding": [ {
          "system": "http://www.nlm.nih.gov/research/umls/rxnorm",
          "code": "855288"
        } ]
      },
      "subject": {
        "reference": "Patient/cd714f7e-2b9c-40cb-86a7-92b81555d5b7"
      },
      "authoredOn": "2025-10-31T07:00:00+00:00",
      "requester": {
        "reference": "Practitioner/123456"
      },
      "dosageInstruction": [ {
        "timing": {
          "repeat": {
            "boundsPeriod": {
              "start": "2025-10-31T07:00:00+00:00"
            }
          }
        }
      } ]
    },
    "request": {
      "method": "PUT",
      "url": "MedicationRequest/dfc181c8-33e4-4578-950c-ee153c93048b"
    }
  }, {
    "fullUrl": "https://madie.cms.gov/Organization/6cd6cff9-c823-450c-a0e9-d40f340c7b71",
    "resource": {
      "resourceType": "Organization",
      "id": "6cd6cff9-c823-450c-a0e9-d40f340c7b71",
      "meta": {
        "profile": [ "http://hl7.org/fhir/us/qicore/StructureDefinition/qicore-organization" ]
      },
      "identifier": [ {
        "use": "temp",
        "system": "urn:oid:2.16.840.1.113883.4.4",
        "value": "21-3259825"
      } ],
      "active": true,
      "type": [ {
        "coding": [ {
          "system": "http://terminology.hl7.org/CodeSystem/organization-type",
          "code": "pay",
          "display": "Payer"
        } ]
      } ],
      "name": "Blue Cross Blue Shield of Texas",
      "telecom": [ {
        "system": "phone",
        "value": "(+1) 972-766-6900"
      } ],
      "address": [ {
        "use": "billing",
        "type": "postal",
        "line": [ "P.O. Box 660044" ],
        "city": "Dallas",
        "state": "TX",
        "postalCode": "75266-0044",
        "country": "USA"
      } ]
    },
    "request": {
      "method": "PUT",
      "url": "Organization/6cd6cff9-c823-450c-a0e9-d40f340c7b71"
    }
  }, {
    "fullUrl": "https://madie.cms.gov/Practitioner/d9c9769f-8e48-4478-bb97-1d0c28a13428",
    "resource": {
      "resourceType": "Practitioner",
      "id": "d9c9769f-8e48-4478-bb97-1d0c28a13428",
      "identifier": [ {
        "system": "http://hl7.org/fhir/sid/us-npi",
        "value": "123456"
      } ],
      "name": [ {
        "family": "Evil",
        "prefix": [ "Dr" ]
      } ]
    },
    "request": {
      "method": "PUT",
      "url": "Practitioner/d9c9769f-8e48-4478-bb97-1d0c28a13428"
    }
  }, {
    "fullUrl": "https://madie.cms.gov/MeasureReport/19de1b7d-906a-4c0c-970f-4294ca820565",
    "resource": {
      "resourceType": "MeasureReport",
      "id": "19de1b7d-906a-4c0c-970f-4294ca820565",
      "meta": {
        "profile": [ "http://hl7.org/fhir/us/cqfmeasures/StructureDefinition/test-case-cqfm" ]
      },
      "contained": [ {
        "resourceType": "Parameters",
        "id": "a7b0be36-8c29-4b4a-a817-7af11111849d-parameters",
        "parameter": [ {
          "name": "subject",
          "valueString": "cd714f7e-2b9c-40cb-86a7-92b81555d5b7"
        } ]
      } ],
      "extension": [ {
        "url": "http://hl7.org/fhir/us/cqfmeasures/StructureDefinition/cqfm-inputParameters",
        "valueReference": {
          "reference": "#a7b0be36-8c29-4b4a-a817-7af11111849d-parameters"
        }
      }, {
        "url": "http://hl7.org/fhir/us/cqfmeasures/StructureDefinition/cqfm-testCaseDescription",
        "valueMarkdown": "patient refused GCS, unfractionated heparin, lmwh, vfp, warfarin, factor Xa, IPC in ED but ED is .1 hour before Adm AND Refusal 1 day before Adm\n"
      } ],
      "modifierExtension": [ {
        "url": "http://hl7.org/fhir/us/cqfmeasures/StructureDefinition/cqfm-isTestCase",
        "valueBoolean": true
      } ],
      "status": "complete",
      "type": "individual",
      "measure": "https://madie.cms.gov/Measure/VenousThromboembolismProphylaxisFHIR",
      "period": {
        "start": "2025-01-01",
        "end": "2025-12-31"
      },
      "group": [ {
        "population": [ {
          "code": {
            "coding": [ {
              "system": "http://terminology.hl7.org/CodeSystem/measure-population",
              "code": "initial-population",
              "display": "Initial Population"
            } ]
          },
          "count": 1
        }, {
          "code": {
            "coding": [ {
              "system": "http://terminology.hl7.org/CodeSystem/measure-population",
              "code": "denominator",
              "display": "Denominator"
            } ]
          },
          "count": 1
        }, {
          "code": {
            "coding": [ {
              "system": "http://terminology.hl7.org/CodeSystem/measure-population",
              "code": "denominator-exclusion",
              "display": "Denominator Exclusion"
            } ]
          },
          "count": 0
        }, {
          "code": {
            "coding": [ {
              "system": "http://terminology.hl7.org/CodeSystem/measure-population",
              "code": "numerator",
              "display": "Numerator"
            } ]
          },
          "count": 0
        } ]
      } ],
      "evaluatedResource": [ {
        "reference": "Patient/cd714f7e-2b9c-40cb-86a7-92b81555d5b7"
      }, {
        "reference": "Encounter/6f47570c-6977-4d2e-a109-9ded3f1d50ca"
      }, {
        "reference": "Encounter/3eb55d3b-1fd3-41fd-a345-1f6bba300ca7"
      }, {
        "reference": "Coverage/55cfa0af-f6e7-4648-adb0-8082fba8464e"
      }, {
        "reference": "MedicationAdministration/28e0839b-7f86-4397-b24b-8b784728c75a"
      }, {
        "reference": "MedicationRequest/8b6db4f7-eb6a-4c7e-bda0-d9e7b71e4eb2"
      }, {
        "reference": "MedicationRequest/41337bd2-9d0a-4e1e-b820-9d836f8f2fe6"
      }, {
        "reference": "MedicationRequest/dfc181c8-33e4-4578-950c-ee153c93048b"
      }, {
        "reference": "Organization/6cd6cff9-c823-450c-a0e9-d40f340c7b71"
      }, {
        "reference": "Practitioner/d9c9769f-8e48-4478-bb97-1d0c28a13428"
      } ]
    },
    "request": {
      "method": "PUT",
      "url": "MeasureReport/19de1b7d-906a-4c0c-970f-4294ca820565"
    }
  } ]
}