{
  "resourceType": "Bundle",
  "id": "62bb3859e8081f5ef5e199f5",
  "type": "transaction",
  "entry": [ {
    "fullUrl": "https://madie.cms.gov/Patient/319cbdd5-a6ea-437b-8162-a7af346daa63",
    "resource": {
      "resourceType": "Patient",
      "id": "319cbdd5-a6ea-437b-8162-a7af346daa63",
      "meta": {
        "profile": [ "http://hl7.org/fhir/us/qicore/StructureDefinition/qicore-patient" ]
      },
      "extension": [ {
        "url": "http://hl7.org/fhir/us/core/StructureDefinition/us-core-race",
        "extension": [ {
          "url": "ombCategory",
          "valueCoding": {
            "system": "urn:oid:2.16.840.1.113883.6.238",
            "code": "1002-5",
            "display": "American Indian or Alaska Native",
            "userSelected": true
          }
        }, {
          "url": "detailed",
          "valueCoding": {
            "system": "urn:oid:2.16.840.1.113883.6.238",
            "code": "1004-1",
            "display": "American Indian",
            "userSelected": true
          }
        }, {
          "url": "text",
          "valueString": "American Indian"
        } ]
      }, {
        "url": "http://hl7.org/fhir/us/core/StructureDefinition/us-core-ethnicity",
        "extension": [ {
          "url": "ombCategory",
          "valueCoding": {
            "system": "urn:oid:2.16.840.1.113883.6.238",
            "code": "2135-2",
            "display": "Hispanic or Latino",
            "userSelected": true
          }
        }, {
          "url": "detailed",
          "valueCoding": {
            "system": "urn:oid:2.16.840.1.113883.6.238",
            "code": "2153-5",
            "display": "Mexican American Indian",
            "userSelected": true
          }
        }, {
          "url": "text",
          "valueString": "Hispanic or Latino: Mexican American Indian"
        } ]
      } ],
      "identifier": [ {
        "type": {
          "coding": [ {
            "system": "http://terminology.hl7.org/CodeSystem/v2-0203",
            "code": "MR"
          } ]
        },
        "system": "https://bonnie-fhir.healthit.gov/",
        "value": "4161651341613146161"
      } ],
      "name": [ {
        "family": "DENOMPass",
        "given": [ "MultiDoseEvent" ]
      } ],
      "gender": "male",
      "birthDate": "1962-07-19"
    },
    "request": {
      "method": "PUT",
      "url": "Patient/319cbdd5-a6ea-437b-8162-a7af346daa63"
    }
  }, {
    "fullUrl": "https://madie.cms.gov/Encounter/19f29620-19f8-4906-9739-895f50c61669",
    "resource": {
      "resourceType": "Encounter",
      "id": "19f29620-19f8-4906-9739-895f50c61669",
      "meta": {
        "profile": [ "http://hl7.org/fhir/us/qicore/StructureDefinition/qicore-encounter" ]
      },
      "status": "finished",
      "class": {
        "system": "http://terminology.hl7.org/CodeSystem/v3-ActCode",
        "code": "AMB",
        "display": "ambulatory"
      },
      "type": [ {
        "coding": [ {
          "system": "http://snomed.info/sct",
          "version": "http://snomed.info/sct/731000124108/version/20240401",
          "code": "185463005",
          "display": "Visit out of hours (procedure)"
        } ]
      } ],
      "subject": {
        "reference": "Patient/319cbdd5-a6ea-437b-8162-a7af346daa63"
      },
      "period": {
        "start": "2026-03-03T08:00:00.000+00:00",
        "end": "2026-03-03T08:15:00.000+00:00"
      }
    },
    "request": {
      "method": "PUT",
      "url": "Encounter/19f29620-19f8-4906-9739-895f50c61669"
    }
  }, {
    "fullUrl": "https://madie.cms.gov/Condition/d7e4e3bf-b421-478a-9696-b8ddc5c18f11",
    "resource": {
      "resourceType": "Condition",
      "id": "d7e4e3bf-b421-478a-9696-b8ddc5c18f11",
      "meta": {
        "profile": [ "http://hl7.org/fhir/us/qicore/StructureDefinition/qicore-condition-problems-health-concerns" ]
      },
      "clinicalStatus": {
        "coding": [ {
          "system": "http://terminology.hl7.org/CodeSystem/condition-clinical",
          "code": "active",
          "display": "Active"
        } ]
      },
      "verificationStatus": {
        "coding": [ {
          "system": "http://terminology.hl7.org/CodeSystem/condition-ver-status",
          "code": "confirmed",
          "display": "Confirmed"
        } ]
      },
      "category": [ {
        "coding": [ {
          "system": "http://terminology.hl7.org/CodeSystem/condition-category",
          "code": "problem-list-item",
          "display": "Problem List Item"
        } ]
      } ],
      "code": {
        "coding": [ {
          "system": "http://snomed.info/sct",
          "version": "http://snomed.info/sct/731000124108/version/20250301",
          "code": "254900004",
          "display": "Carcinoma of prostate (disorder)",
          "userSelected": true
        } ]
      },
      "subject": {
        "reference": "Patient/319cbdd5-a6ea-437b-8162-a7af346daa63"
      },
      "onsetPeriod": {
        "start": "2026-03-03T08:00:00.000+00:00"
      }
    },
    "request": {
      "method": "PUT",
      "url": "Condition/d7e4e3bf-b421-478a-9696-b8ddc5c18f11"
    }
  }, {
    "fullUrl": "https://madie.cms.gov/MedicationRequest/66b383d8-8411-4a58-beed-145a9908ecd3",
    "resource": {
      "resourceType": "MedicationRequest",
      "id": "66b383d8-8411-4a58-beed-145a9908ecd3",
      "meta": {
        "profile": [ "http://hl7.org/fhir/us/qicore/StructureDefinition/qicore-medicationrequest" ]
      },
      "status": "active",
      "intent": "order",
      "medicationCodeableConcept": {
        "coding": [ {
          "system": "http://www.nlm.nih.gov/research/umls/rxnorm",
          "version": "06052023",
          "code": "752884",
          "display": "0.375 ML leuprolide acetate 120 MG/ML Prefilled Syringe",
          "userSelected": true
        } ]
      },
      "subject": {
        "reference": "Patient/319cbdd5-a6ea-437b-8162-a7af346daa63"
      },
      "authoredOn": "2026-03-03T08:00:00.000+00:00",
      "requester": {
        "reference": "http://myGoodHealthcare.com/fhir/Practitioner/646346"
      },
      "dosageInstruction": [ {
        "timing": {
          "event": [ "2027-11-03T08:00:00.000+00:00", "2026-12-03T08:00:00.000+00:00" ]
        }
      }, {
        "timing": {
          "event": [ "2025-12-03T08:00:00.000+00:00", "2025-11-03T08:00:00.000+00:00" ]
        }
      } ]
    },
    "request": {
      "method": "PUT",
      "url": "MedicationRequest/66b383d8-8411-4a58-beed-145a9908ecd3"
    }
  }, {
    "fullUrl": "https://madie.cms.gov/ServiceRequest/5f9ecc36-7c5d-4b98-b082-6d4ceb83dc44",
    "resource": {
      "resourceType": "ServiceRequest",
      "id": "5f9ecc36-7c5d-4b98-b082-6d4ceb83dc44",
      "meta": {
        "profile": [ "http://hl7.org/fhir/us/qicore/StructureDefinition/qicore-servicerequest" ]
      },
      "status": "active",
      "intent": "order",
      "code": {
        "coding": [ {
          "system": "http://snomed.info/sct",
          "version": "http://snomed.info/sct/731000124108/version/20250301",
          "code": "456381000124102",
          "display": "Injection of leuprolide acetate for twelve month period (regime/therapy)"
        } ]
      },
      "subject": {
        "reference": "Patient/319cbdd5-a6ea-437b-8162-a7af346daa63"
      },
      "authoredOn": "2026-03-03T08:00:00.000+00:00"
    },
    "request": {
      "method": "PUT",
      "url": "ServiceRequest/5f9ecc36-7c5d-4b98-b082-6d4ceb83dc44"
    }
  }, {
    "fullUrl": "https://madie.cms.gov/Coverage/23c44ace-cbb1-4923-98b2-f6dd4a2ffe32",
    "resource": {
      "resourceType": "Coverage",
      "id": "23c44ace-cbb1-4923-98b2-f6dd4a2ffe32",
      "meta": {
        "profile": [ "http://hl7.org/fhir/us/qicore/StructureDefinition/qicore-coverage" ]
      },
      "identifier": [ {
        "system": "http://benefitsinc.com/certificate",
        "value": "12345"
      } ],
      "status": "active",
      "type": {
        "coding": [ {
          "system": "https://nahdo.org/sopt",
          "version": "9.2",
          "code": "6",
          "display": "BLUE CROSS/BLUE SHIELD"
        } ]
      },
      "subscriberId": "123456",
      "beneficiary": {
        "reference": "Patient/319cbdd5-a6ea-437b-8162-a7af346daa63"
      },
      "relationship": {
        "coding": [ {
          "system": "http://terminology.hl7.org/CodeSystem/subscriber-relationship",
          "code": "self",
          "display": "Self"
        } ]
      },
      "period": {
        "start": "2012-05-23"
      },
      "payor": [ {
        "reference": "Organization/e1d9e45d-00a2-45ee-b1fa-20d99fe0a9bb"
      } ]
    },
    "request": {
      "method": "PUT",
      "url": "Coverage/23c44ace-cbb1-4923-98b2-f6dd4a2ffe32"
    }
  }, {
    "fullUrl": "https://madie.cms.gov/Organization/e1d9e45d-00a2-45ee-b1fa-20d99fe0a9bb",
    "resource": {
      "resourceType": "Organization",
      "id": "e1d9e45d-00a2-45ee-b1fa-20d99fe0a9bb",
      "meta": {
        "profile": [ "http://hl7.org/fhir/us/qicore/StructureDefinition/qicore-organization" ]
      },
      "identifier": [ {
        "use": "temp",
        "system": "http://hl7.org/fhir/sid/us-npi",
        "value": "1689411712"
      } ],
      "active": true,
      "name": "Blue Cross Blue Shield Tennessee",
      "telecom": [ {
        "system": "phone",
        "value": "(+1) 800-468-9698"
      } ],
      "address": [ {
        "line": [ "1 Cameron Hill Circle, Suite 0002" ],
        "city": "Chattanooga",
        "state": "TN",
        "postalCode": "37402-0002",
        "country": "USA"
      } ]
    },
    "request": {
      "method": "PUT",
      "url": "Organization/e1d9e45d-00a2-45ee-b1fa-20d99fe0a9bb"
    }
  }, {
    "fullUrl": "https://madie.cms.gov/MeasureReport/597ce729-0abc-46e6-a694-6904ed519ba9",
    "resource": {
      "resourceType": "MeasureReport",
      "id": "597ce729-0abc-46e6-a694-6904ed519ba9",
      "meta": {
        "profile": [ "http://hl7.org/fhir/us/cqfmeasures/StructureDefinition/test-case-cqfm" ]
      },
      "contained": [ {
        "resourceType": "Parameters",
        "id": "abf562e5-7afb-40b8-8e3b-3a45074600a1-parameters",
        "parameter": [ {
          "name": "subject",
          "valueString": "319cbdd5-a6ea-437b-8162-a7af346daa63"
        } ]
      } ],
      "extension": [ {
        "url": "http://hl7.org/fhir/StructureDefinition/cqf-inputParameters",
        "valueReference": {
          "reference": "#abf562e5-7afb-40b8-8e3b-3a45074600a1-parameters"
        }
      }, {
        "url": "http://hl7.org/fhir/us/cqfmeasures/StructureDefinition/cqfm-testCaseDescription",
        "valueMarkdown": "Has a qualifying encounter, an ADT order for 12 Months , and multiple dosage instructions"
      } ],
      "modifierExtension": [ {
        "url": "http://hl7.org/fhir/us/cqfmeasures/StructureDefinition/cqfm-isTestCase",
        "valueBoolean": true
      } ],
      "status": "complete",
      "type": "individual",
      "measure": "https://madie.cms.gov/Measure/CMS645FHIRBoneDensityPCADTherapy",
      "period": {
        "start": "2026-01-01",
        "end": "2026-12-31"
      },
      "group": [ {
        "id": "Group_1",
        "population": [ {
          "id": "InitialPopulation_1",
          "code": {
            "coding": [ {
              "system": "http://terminology.hl7.org/CodeSystem/measure-population",
              "code": "initial-population",
              "display": "Initial Population"
            } ]
          },
          "count": 1
        }, {
          "id": "Denominator_1",
          "code": {
            "coding": [ {
              "system": "http://terminology.hl7.org/CodeSystem/measure-population",
              "code": "denominator",
              "display": "Denominator"
            } ]
          },
          "count": 1
        }, {
          "id": "Numerator_1",
          "code": {
            "coding": [ {
              "system": "http://terminology.hl7.org/CodeSystem/measure-population",
              "code": "numerator",
              "display": "Numerator"
            } ]
          },
          "count": 0
        }, {
          "id": "DenominatorException_1",
          "code": {
            "coding": [ {
              "system": "http://terminology.hl7.org/CodeSystem/measure-population",
              "code": "denominator-exception",
              "display": "Denominator Exception"
            } ]
          },
          "count": 0
        } ],
        "measureScore": {
          "value": 1.0
        }
      } ],
      "evaluatedResource": [ {
        "reference": "Patient/319cbdd5-a6ea-437b-8162-a7af346daa63"
      }, {
        "reference": "Encounter/19f29620-19f8-4906-9739-895f50c61669"
      }, {
        "reference": "Condition/d7e4e3bf-b421-478a-9696-b8ddc5c18f11"
      }, {
        "reference": "MedicationRequest/66b383d8-8411-4a58-beed-145a9908ecd3"
      }, {
        "reference": "ServiceRequest/5f9ecc36-7c5d-4b98-b082-6d4ceb83dc44"
      }, {
        "reference": "Coverage/23c44ace-cbb1-4923-98b2-f6dd4a2ffe32"
      }, {
        "reference": "Organization/e1d9e45d-00a2-45ee-b1fa-20d99fe0a9bb"
      } ]
    },
    "request": {
      "method": "PUT",
      "url": "MeasureReport/597ce729-0abc-46e6-a694-6904ed519ba9"
    }
  } ]
}