{
  "resourceType": "Bundle",
  "id": "612e6b2202c62a011f2ec9a3",
  "type": "transaction",
  "entry": [ {
    "fullUrl": "https://madie.cms.gov/Patient/7eea2e9b-65b1-40b0-b49f-875273796536",
    "resource": {
      "resourceType": "Patient",
      "id": "7eea2e9b-65b1-40b0-b49f-875273796536",
      "meta": {
        "profile": [ "http://hl7.org/fhir/us/qicore/StructureDefinition/qicore-patient" ]
      },
      "text": {
        "status": "generated",
        "div": "<div xmlns=\"http://www.w3.org/1999/xhtml\"><div class=\"hapiHeaderText\">SCIPGenSurgRank1ProRvltDTDrgEnc <b>DENEXPASS </b></div><table class=\"hapiPropertyTable\"><tbody><tr><td>Identifier</td><td>66c70c125db369967b4b164e75338304</td></tr><tr><td>Date of birth</td><td><span>01 September 2000</span></td></tr></tbody></table></div>"
      },
      "extension": [ {
        "url": "http://hl7.org/fhir/us/core/StructureDefinition/us-core-race",
        "extension": [ {
          "url": "ombCategory",
          "valueCoding": {
            "system": "urn:oid:2.16.840.1.113883.6.238",
            "code": "1002-5",
            "display": "American Indian or Alaska Native",
            "userSelected": true
          }
        }, {
          "url": "text",
          "valueString": "American Indian or Alaska Native"
        } ]
      }, {
        "url": "http://hl7.org/fhir/us/core/StructureDefinition/us-core-ethnicity",
        "extension": [ {
          "url": "ombCategory",
          "valueCoding": {
            "system": "urn:oid:2.16.840.1.113883.6.238",
            "code": "2135-2",
            "display": "Hispanic or Latino",
            "userSelected": true
          }
        }, {
          "url": "text",
          "valueString": "Hispanic or Latino"
        } ]
      } ],
      "identifier": [ {
        "type": {
          "coding": [ {
            "system": "http://terminology.hl7.org/CodeSystem/v2-0203",
            "code": "MR"
          } ]
        },
        "system": "https://bonnie-fhir.healthit.gov/",
        "value": "612e6b2202c62a011f2ec9a3"
      } ],
      "active": true,
      "name": [ {
        "use": "usual",
        "family": "DENEXPass ",
        "given": [ "SCIPGenSurgRank1ProRvltDTDrgEnc" ]
      } ],
      "gender": "male",
      "birthDate": "2000-09-01"
    },
    "request": {
      "method": "PUT",
      "url": "Patient/7eea2e9b-65b1-40b0-b49f-875273796536"
    }
  }, {
    "fullUrl": "https://madie.cms.gov/Encounter/2a8e87ce-0bbf-4807-82e9-1f510639bced",
    "resource": {
      "resourceType": "Encounter",
      "id": "2a8e87ce-0bbf-4807-82e9-1f510639bced",
      "meta": {
        "profile": [ "http://hl7.org/fhir/us/qicore/StructureDefinition/qicore-encounter" ]
      },
      "extension": [ {
        "url": "http://hl7.org/fhir/us/qicore/StructureDefinition/qicore-encounter-procedure",
        "extension": [ {
          "url": "type",
          "valueCodeableConcept": {
            "coding": [ {
              "system": "http://www.cms.gov/Medicare/Coding/ICD10",
              "code": "0W910ZZ",
              "display": "Drainage of Cranial Cavity, Open Approach"
            } ]
          }
        }, {
          "url": "rank",
          "valuePositiveInt": 1
        }, {
          "url": "procedure",
          "valueReference": {
            "reference": "Procedure/383be2a2-c954-402d-984b-5fc92a978b89"
          }
        } ]
      } ],
      "status": "finished",
      "class": {
        "system": "http://terminology.hl7.org/CodeSystem/v3-ActCode",
        "code": "IMP",
        "display": "inpatient encounter"
      },
      "type": [ {
        "coding": [ {
          "system": "http://snomed.info/sct",
          "code": "183452005"
        } ]
      } ],
      "subject": {
        "reference": "Patient/7eea2e9b-65b1-40b0-b49f-875273796536"
      },
      "period": {
        "start": "2025-09-02T06:00:00+00:00",
        "end": "2025-12-31T12:59:00+00:00"
      },
      "length": {
        "value": 120.0,
        "unit": "days"
      }
    },
    "request": {
      "method": "PUT",
      "url": "Encounter/2a8e87ce-0bbf-4807-82e9-1f510639bced"
    }
  }, {
    "fullUrl": "https://madie.cms.gov/Coverage/25e421a4-5a0a-477e-b8a2-e22ee59375d8",
    "resource": {
      "resourceType": "Coverage",
      "id": "25e421a4-5a0a-477e-b8a2-e22ee59375d8",
      "status": "active",
      "beneficiary": {
        "reference": "Patient/7eea2e9b-65b1-40b0-b49f-875273796536"
      },
      "period": {
        "start": "2000-09-01T08:00:00+00:00"
      },
      "payor": [ {
        "reference": "Organization/11bfe046-be7c-4a19-92d5-c8b05dd5f944"
      } ]
    },
    "request": {
      "method": "PUT",
      "url": "Coverage/25e421a4-5a0a-477e-b8a2-e22ee59375d8"
    }
  }, {
    "fullUrl": "https://madie.cms.gov/Procedure/383be2a2-c954-402d-984b-5fc92a978b89",
    "resource": {
      "resourceType": "Procedure",
      "id": "383be2a2-c954-402d-984b-5fc92a978b89",
      "meta": {
        "profile": [ "http://hl7.org/fhir/us/qicore/StructureDefinition/qicore-procedure" ]
      },
      "extension": [ {
        "url": "http://hl7.org/fhir/us/qicore/StructureDefinition/qicore-recorded",
        "valueDateTime": "2025-09-02T09:35:00-04:00"
      } ],
      "status": "completed",
      "code": {
        "coding": [ {
          "system": "http://www.cms.gov/Medicare/Coding/ICD10",
          "code": "0F150D3",
          "display": "Bypass Right Hepatic Duct to Duodenum with Intraluminal Device, Open Approach"
        } ]
      },
      "subject": {
        "reference": "Patient/7eea2e9b-65b1-40b0-b49f-875273796536"
      },
      "performedDateTime": "2025-09-02T09:00:00+00:00"
    },
    "request": {
      "method": "PUT",
      "url": "Procedure/383be2a2-c954-402d-984b-5fc92a978b89"
    }
  }, {
    "fullUrl": "https://madie.cms.gov/Organization/11bfe046-be7c-4a19-92d5-c8b05dd5f944",
    "resource": {
      "resourceType": "Organization",
      "id": "11bfe046-be7c-4a19-92d5-c8b05dd5f944",
      "meta": {
        "profile": [ "http://hl7.org/fhir/us/qicore/StructureDefinition/qicore-organization" ]
      },
      "identifier": [ {
        "use": "temp",
        "system": "urn:oid:2.16.840.1.113883.4.4",
        "value": "21-3259825"
      } ],
      "active": true,
      "type": [ {
        "coding": [ {
          "system": "http://terminology.hl7.org/CodeSystem/organization-type",
          "code": "pay",
          "display": "Payer"
        } ]
      } ],
      "name": "Blue Cross Blue Shield of Texas",
      "telecom": [ {
        "system": "phone",
        "value": "(+1) 972-766-6900"
      } ],
      "address": [ {
        "use": "billing",
        "type": "postal",
        "line": [ "P.O. Box 660044" ],
        "city": "Dallas",
        "state": "TX",
        "postalCode": "75266-0044",
        "country": "USA"
      } ]
    },
    "request": {
      "method": "PUT",
      "url": "Organization/11bfe046-be7c-4a19-92d5-c8b05dd5f944"
    }
  }, {
    "fullUrl": "https://madie.cms.gov/Practitioner/f5ec8ec9-e6d7-48de-b00a-77f96ffc8f58",
    "resource": {
      "resourceType": "Practitioner",
      "id": "f5ec8ec9-e6d7-48de-b00a-77f96ffc8f58",
      "identifier": [ {
        "system": "http://hl7.org/fhir/sid/us-npi",
        "value": "123456"
      } ],
      "name": [ {
        "family": "Evil",
        "prefix": [ "Dr" ]
      } ]
    },
    "request": {
      "method": "PUT",
      "url": "Practitioner/f5ec8ec9-e6d7-48de-b00a-77f96ffc8f58"
    }
  }, {
    "fullUrl": "https://madie.cms.gov/MeasureReport/aada8fb0-13d1-4c83-af96-7bef276ed1a7",
    "resource": {
      "resourceType": "MeasureReport",
      "id": "aada8fb0-13d1-4c83-af96-7bef276ed1a7",
      "meta": {
        "profile": [ "http://hl7.org/fhir/us/cqfmeasures/StructureDefinition/test-case-cqfm" ]
      },
      "contained": [ {
        "resourceType": "Parameters",
        "id": "db5820dc-9f24-45d1-afcf-521991c27825-parameters",
        "parameter": [ {
          "name": "subject",
          "valueString": "7eea2e9b-65b1-40b0-b49f-875273796536"
        } ]
      } ],
      "extension": [ {
        "url": "http://hl7.org/fhir/us/cqfmeasures/StructureDefinition/cqfm-inputParameters",
        "valueReference": {
          "reference": "#db5820dc-9f24-45d1-afcf-521991c27825-parameters"
        }
      }, {
        "url": "http://hl7.org/fhir/us/cqfmeasures/StructureDefinition/cqfm-testCaseDescription",
        "valueMarkdown": "SCIP_ principal GenSurg with procedure datetime DuringEnc"
      } ],
      "modifierExtension": [ {
        "url": "http://hl7.org/fhir/us/cqfmeasures/StructureDefinition/cqfm-isTestCase",
        "valueBoolean": true
      } ],
      "status": "complete",
      "type": "individual",
      "measure": "https://madie.cms.gov/Measure/VenousThromboembolismProphylaxisFHIR",
      "period": {
        "start": "2025-01-01",
        "end": "2025-12-31"
      },
      "group": [ {
        "population": [ {
          "code": {
            "coding": [ {
              "system": "http://terminology.hl7.org/CodeSystem/measure-population",
              "code": "initial-population",
              "display": "Initial Population"
            } ]
          },
          "count": 1
        }, {
          "code": {
            "coding": [ {
              "system": "http://terminology.hl7.org/CodeSystem/measure-population",
              "code": "denominator",
              "display": "Denominator"
            } ]
          },
          "count": 1
        }, {
          "code": {
            "coding": [ {
              "system": "http://terminology.hl7.org/CodeSystem/measure-population",
              "code": "denominator-exclusion",
              "display": "Denominator Exclusion"
            } ]
          },
          "count": 1
        }, {
          "code": {
            "coding": [ {
              "system": "http://terminology.hl7.org/CodeSystem/measure-population",
              "code": "numerator",
              "display": "Numerator"
            } ]
          },
          "count": 0
        } ]
      } ],
      "evaluatedResource": [ {
        "reference": "Patient/7eea2e9b-65b1-40b0-b49f-875273796536"
      }, {
        "reference": "Encounter/2a8e87ce-0bbf-4807-82e9-1f510639bced"
      }, {
        "reference": "Coverage/25e421a4-5a0a-477e-b8a2-e22ee59375d8"
      }, {
        "reference": "Procedure/383be2a2-c954-402d-984b-5fc92a978b89"
      }, {
        "reference": "Organization/11bfe046-be7c-4a19-92d5-c8b05dd5f944"
      }, {
        "reference": "Practitioner/f5ec8ec9-e6d7-48de-b00a-77f96ffc8f58"
      } ]
    },
    "request": {
      "method": "PUT",
      "url": "MeasureReport/aada8fb0-13d1-4c83-af96-7bef276ed1a7"
    }
  } ]
}