{
  "resourceType": "Bundle",
  "id": "612e6b6c02c62a011f2edb06",
  "type": "transaction",
  "entry": [ {
    "fullUrl": "https://madie.cms.gov/Patient/2d89aec8-5815-4283-b3ac-abd41155f086",
    "resource": {
      "resourceType": "Patient",
      "id": "2d89aec8-5815-4283-b3ac-abd41155f086",
      "meta": {
        "profile": [ "http://hl7.org/fhir/us/qicore/StructureDefinition/qicore-patient" ]
      },
      "text": {
        "status": "generated",
        "div": "<div xmlns=\"http://www.w3.org/1999/xhtml\"><div class=\"hapiHeaderText\">Dx=VTEduringEDGT1hrB4Enc <b>IPPPASS </b></div><table class=\"hapiPropertyTable\"><tbody><tr><td>Identifier</td><td>af2986d42642f004962c32566bf64a58</td></tr><tr><td>Date of birth</td><td><span>02 September 2003</span></td></tr></tbody></table></div>"
      },
      "extension": [ {
        "url": "http://hl7.org/fhir/us/core/StructureDefinition/us-core-race",
        "extension": [ {
          "url": "ombCategory",
          "valueCoding": {
            "system": "urn:oid:2.16.840.1.113883.6.238",
            "code": "1002-5",
            "display": "American Indian or Alaska Native",
            "userSelected": true
          }
        }, {
          "url": "text",
          "valueString": "American Indian or Alaska Native"
        } ]
      }, {
        "url": "http://hl7.org/fhir/us/core/StructureDefinition/us-core-ethnicity",
        "extension": [ {
          "url": "ombCategory",
          "valueCoding": {
            "system": "urn:oid:2.16.840.1.113883.6.238",
            "code": "2135-2",
            "display": "Hispanic or Latino",
            "userSelected": true
          }
        }, {
          "url": "text",
          "valueString": "Hispanic or Latino"
        } ]
      } ],
      "identifier": [ {
        "type": {
          "coding": [ {
            "system": "http://terminology.hl7.org/CodeSystem/v2-0203",
            "code": "MR"
          } ]
        },
        "system": "https://bonnie-fhir.healthit.gov/",
        "value": "612e6b6c02c62a011f2edb06"
      } ],
      "active": true,
      "name": [ {
        "use": "usual",
        "family": "IPPPass",
        "given": [ "DxVTEduringEDGT1hrB4Enc" ]
      } ],
      "gender": "male",
      "birthDate": "2003-09-02"
    },
    "request": {
      "method": "PUT",
      "url": "Patient/2d89aec8-5815-4283-b3ac-abd41155f086"
    }
  }, {
    "fullUrl": "https://madie.cms.gov/Encounter/03b7f79b-ab57-4012-9e62-50d9498ac25b",
    "resource": {
      "resourceType": "Encounter",
      "id": "03b7f79b-ab57-4012-9e62-50d9498ac25b",
      "meta": {
        "profile": [ "http://hl7.org/fhir/us/qicore/StructureDefinition/qicore-encounter" ]
      },
      "status": "finished",
      "class": {
        "system": "http://terminology.hl7.org/CodeSystem/v3-ActCode",
        "code": "EMER",
        "display": "emergency"
      },
      "type": [ {
        "coding": [ {
          "system": "http://snomed.info/sct",
          "code": "4525004"
        } ]
      } ],
      "subject": {
        "reference": "Patient/2d89aec8-5815-4283-b3ac-abd41155f086"
      },
      "period": {
        "start": "2025-09-02T09:00:00+00:00",
        "end": "2025-09-02T10:59:00+00:00"
      },
      "length": {
        "value": 0,
        "unit": "days"
      }
    },
    "request": {
      "method": "PUT",
      "url": "Encounter/03b7f79b-ab57-4012-9e62-50d9498ac25b"
    }
  }, {
    "fullUrl": "https://madie.cms.gov/Encounter/bae1e7e7-306f-43e2-bb69-d45a56630c41",
    "resource": {
      "resourceType": "Encounter",
      "id": "bae1e7e7-306f-43e2-bb69-d45a56630c41",
      "meta": {
        "profile": [ "http://hl7.org/fhir/us/qicore/StructureDefinition/qicore-encounter" ]
      },
      "status": "finished",
      "class": {
        "system": "http://terminology.hl7.org/CodeSystem/v3-ActCode",
        "code": "IMP",
        "display": "inpatient encounter"
      },
      "type": [ {
        "coding": [ {
          "system": "http://snomed.info/sct",
          "code": "183452005"
        } ]
      } ],
      "subject": {
        "reference": "Patient/2d89aec8-5815-4283-b3ac-abd41155f086"
      },
      "period": {
        "start": "2025-09-02T12:01:00+00:00",
        "end": "2025-12-31T23:59:00+00:00"
      },
      "length": {
        "value": 120,
        "unit": "days"
      }
    },
    "request": {
      "method": "PUT",
      "url": "Encounter/bae1e7e7-306f-43e2-bb69-d45a56630c41"
    }
  }, {
    "fullUrl": "https://madie.cms.gov/Coverage/37a7a2c9-ead1-40a6-9967-0120ba86a967",
    "resource": {
      "resourceType": "Coverage",
      "id": "37a7a2c9-ead1-40a6-9967-0120ba86a967",
      "status": "active",
      "beneficiary": {
        "reference": "Patient/2d89aec8-5815-4283-b3ac-abd41155f086"
      },
      "period": {
        "start": "2003-09-02T08:00:00+00:00"
      },
      "payor": [ {
        "reference": "Organization/1f726284-9b56-4a1a-b4f2-b11fec89d5af"
      } ]
    },
    "request": {
      "method": "PUT",
      "url": "Coverage/37a7a2c9-ead1-40a6-9967-0120ba86a967"
    }
  }, {
    "fullUrl": "https://madie.cms.gov/Condition/9ce844ec-17af-46b2-842f-1f14f004b4f9",
    "resource": {
      "resourceType": "Condition",
      "id": "9ce844ec-17af-46b2-842f-1f14f004b4f9",
      "meta": {
        "profile": [ "http://hl7.org/fhir/us/qicore/StructureDefinition/qicore-condition" ]
      },
      "clinicalStatus": {
        "coding": [ {
          "system": "http://terminology.hl7.org/CodeSystem/condition-clinical",
          "code": "active"
        } ]
      },
      "verificationStatus": {
        "coding": [ {
          "system": "http://terminology.hl7.org/CodeSystem/condition-ver-status",
          "code": "confirmed"
        } ]
      },
      "category": [ {
        "coding": [ {
          "system": "http://terminology.hl7.org/CodeSystem/condition-category",
          "code": "problem-list-item",
          "display": "Problem List Item"
        } ]
      } ],
      "code": {
        "coding": [ {
          "system": "http://snomed.info/sct",
          "code": "1001000119102"
        } ]
      },
      "subject": {
        "reference": "Patient/2d89aec8-5815-4283-b3ac-abd41155f086"
      },
      "onsetPeriod": {
        "start": "2025-09-02T09:00:00+00:00",
        "end": "2025-09-02T10:00:00+00:00"
      }
    },
    "request": {
      "method": "PUT",
      "url": "Condition/9ce844ec-17af-46b2-842f-1f14f004b4f9"
    }
  }, {
    "fullUrl": "https://madie.cms.gov/Organization/1f726284-9b56-4a1a-b4f2-b11fec89d5af",
    "resource": {
      "resourceType": "Organization",
      "id": "1f726284-9b56-4a1a-b4f2-b11fec89d5af",
      "meta": {
        "profile": [ "http://hl7.org/fhir/us/qicore/StructureDefinition/qicore-organization" ]
      },
      "identifier": [ {
        "use": "temp",
        "system": "urn:oid:2.16.840.1.113883.4.4",
        "value": "21-3259825"
      } ],
      "active": true,
      "type": [ {
        "coding": [ {
          "system": "http://terminology.hl7.org/CodeSystem/organization-type",
          "code": "pay",
          "display": "Payer"
        } ]
      } ],
      "name": "Blue Cross Blue Shield of Texas",
      "telecom": [ {
        "system": "phone",
        "value": "(+1) 972-766-6900"
      } ],
      "address": [ {
        "use": "billing",
        "type": "postal",
        "line": [ "P.O. Box 660044" ],
        "city": "Dallas",
        "state": "TX",
        "postalCode": "75266-0044",
        "country": "USA"
      } ]
    },
    "request": {
      "method": "PUT",
      "url": "Organization/1f726284-9b56-4a1a-b4f2-b11fec89d5af"
    }
  }, {
    "fullUrl": "https://madie.cms.gov/Practitioner/b4213400-0d03-4eb4-91d1-c29e6a399e52",
    "resource": {
      "resourceType": "Practitioner",
      "id": "b4213400-0d03-4eb4-91d1-c29e6a399e52",
      "identifier": [ {
        "system": "http://hl7.org/fhir/sid/us-npi",
        "value": "123456"
      } ],
      "name": [ {
        "family": "Evil",
        "prefix": [ "Dr" ]
      } ]
    },
    "request": {
      "method": "PUT",
      "url": "Practitioner/b4213400-0d03-4eb4-91d1-c29e6a399e52"
    }
  }, {
    "fullUrl": "https://madie.cms.gov/MeasureReport/c47f7619-45a7-4d50-933e-697ec22e9e4d",
    "resource": {
      "resourceType": "MeasureReport",
      "id": "c47f7619-45a7-4d50-933e-697ec22e9e4d",
      "meta": {
        "profile": [ "http://hl7.org/fhir/us/cqfmeasures/StructureDefinition/test-case-cqfm" ]
      },
      "contained": [ {
        "resourceType": "Parameters",
        "id": "88c72e21-4bb4-42a8-a8ab-84c9d53749eb-parameters",
        "parameter": [ {
          "name": "subject",
          "valueString": "2d89aec8-5815-4283-b3ac-abd41155f086"
        } ]
      } ],
      "extension": [ {
        "url": "http://hl7.org/fhir/us/cqfmeasures/StructureDefinition/cqfm-inputParameters",
        "valueReference": {
          "reference": "#88c72e21-4bb4-42a8-a8ab-84c9d53749eb-parameters"
        }
      }, {
        "url": "http://hl7.org/fhir/us/cqfmeasures/StructureDefinition/cqfm-testCaseDescription",
        "valueMarkdown": "DxVTE in the ED but ED.end > 1:59 min before Inp.start\n"
      } ],
      "modifierExtension": [ {
        "url": "http://hl7.org/fhir/us/cqfmeasures/StructureDefinition/cqfm-isTestCase",
        "valueBoolean": true
      } ],
      "status": "complete",
      "type": "individual",
      "measure": "https://madie.cms.gov/Measure/VenousThromboembolismProphylaxisFHIR",
      "period": {
        "start": "2025-01-01",
        "end": "2025-12-31"
      },
      "group": [ {
        "population": [ {
          "code": {
            "coding": [ {
              "system": "http://terminology.hl7.org/CodeSystem/measure-population",
              "code": "initial-population",
              "display": "Initial Population"
            } ]
          },
          "count": 1
        }, {
          "code": {
            "coding": [ {
              "system": "http://terminology.hl7.org/CodeSystem/measure-population",
              "code": "denominator",
              "display": "Denominator"
            } ]
          },
          "count": 1
        }, {
          "code": {
            "coding": [ {
              "system": "http://terminology.hl7.org/CodeSystem/measure-population",
              "code": "denominator-exclusion",
              "display": "Denominator Exclusion"
            } ]
          },
          "count": 0
        }, {
          "code": {
            "coding": [ {
              "system": "http://terminology.hl7.org/CodeSystem/measure-population",
              "code": "numerator",
              "display": "Numerator"
            } ]
          },
          "count": 0
        } ]
      } ],
      "evaluatedResource": [ {
        "reference": "Patient/2d89aec8-5815-4283-b3ac-abd41155f086"
      }, {
        "reference": "Encounter/03b7f79b-ab57-4012-9e62-50d9498ac25b"
      }, {
        "reference": "Encounter/bae1e7e7-306f-43e2-bb69-d45a56630c41"
      }, {
        "reference": "Coverage/37a7a2c9-ead1-40a6-9967-0120ba86a967"
      }, {
        "reference": "Condition/9ce844ec-17af-46b2-842f-1f14f004b4f9"
      }, {
        "reference": "Organization/1f726284-9b56-4a1a-b4f2-b11fec89d5af"
      }, {
        "reference": "Practitioner/b4213400-0d03-4eb4-91d1-c29e6a399e52"
      } ]
    },
    "request": {
      "method": "PUT",
      "url": "MeasureReport/c47f7619-45a7-4d50-933e-697ec22e9e4d"
    }
  } ]
}