{
  "resourceType": "Bundle",
  "id": "6077319098086b6fb8f00ab2",
  "type": "transaction",
  "entry": [ {
    "fullUrl": "https://madie.cms.gov/Patient/92e567b3-9d68-4c50-9be6-36e0ca7b96f5",
    "resource": {
      "resourceType": "Patient",
      "id": "92e567b3-9d68-4c50-9be6-36e0ca7b96f5",
      "meta": {
        "profile": [ "http://hl7.org/fhir/us/qicore/StructureDefinition/qicore-patient" ]
      },
      "extension": [ {
        "url": "http://hl7.org/fhir/us/core/StructureDefinition/us-core-race",
        "extension": [ {
          "url": "ombCategory",
          "valueCoding": {
            "system": "urn:oid:2.16.840.1.113883.6.238",
            "code": "2054-5",
            "display": "Black or African American",
            "userSelected": true
          }
        }, {
          "url": "text",
          "valueString": "Black or African American"
        } ]
      }, {
        "url": "http://hl7.org/fhir/us/core/StructureDefinition/us-core-ethnicity",
        "extension": [ {
          "url": "ombCategory",
          "valueCoding": {
            "system": "urn:oid:2.16.840.1.113883.6.238",
            "code": "2135-2",
            "display": "Hispanic or Latino",
            "userSelected": true
          }
        }, {
          "url": "text",
          "valueString": "Hispanic or Latino"
        } ]
      }, {
        "url": "http://hl7.org/fhir/us/core/StructureDefinition/us-core-sex",
        "valueCode": "248152002"
      } ],
      "identifier": [ {
        "type": {
          "coding": [ {
            "system": "http://terminology.hl7.org/CodeSystem/v2-0203",
            "code": "MR"
          } ]
        },
        "system": "https://bonnie-fhir.healthit.gov/",
        "value": "6077319098086b6fb8f00ab2"
      } ],
      "active": true,
      "name": [ {
        "use": "usual",
        "family": "NUMERPass",
        "given": [ "PtDeceasedInMP" ]
      } ],
      "gender": "female",
      "birthDate": "1942-07-04",
      "deceasedDateTime": "2014-09-01T08:00:00.000+00:00"
    },
    "request": {
      "method": "PUT",
      "url": "Patient/92e567b3-9d68-4c50-9be6-36e0ca7b96f5"
    }
  }, {
    "fullUrl": "https://madie.cms.gov/Encounter/aaeb3e2f-15c6-44d9-a4b8-a688435596e8",
    "resource": {
      "resourceType": "Encounter",
      "id": "aaeb3e2f-15c6-44d9-a4b8-a688435596e8",
      "meta": {
        "profile": [ "http://hl7.org/fhir/us/qicore/StructureDefinition/qicore-encounter" ]
      },
      "status": "finished",
      "class": {
        "system": "http://terminology.hl7.org/CodeSystem/v3-ActCode",
        "code": "AMB",
        "display": "ambulatory"
      },
      "type": [ {
        "coding": [ {
          "system": "http://www.ama-assn.org/go/cpt",
          "code": "99203"
        } ]
      } ],
      "subject": {
        "reference": "Patient/92e567b3-9d68-4c50-9be6-36e0ca7b96f5"
      },
      "period": {
        "start": "2026-02-01T08:00:00.000+00:00",
        "end": "2026-02-01T08:15:00.000+00:00"
      }
    },
    "request": {
      "method": "PUT",
      "url": "Encounter/aaeb3e2f-15c6-44d9-a4b8-a688435596e8"
    }
  }, {
    "fullUrl": "https://madie.cms.gov/Condition/f46ae5d3-90cf-4627-9a09-9af05a38abca",
    "resource": {
      "resourceType": "Condition",
      "id": "f46ae5d3-90cf-4627-9a09-9af05a38abca",
      "meta": {
        "profile": [ "http://hl7.org/fhir/us/qicore/StructureDefinition/qicore-condition-problems-health-concerns" ]
      },
      "clinicalStatus": {
        "coding": [ {
          "system": "http://terminology.hl7.org/CodeSystem/condition-clinical",
          "code": "active"
        } ]
      },
      "verificationStatus": {
        "coding": [ {
          "system": "http://terminology.hl7.org/CodeSystem/condition-ver-status",
          "code": "confirmed"
        } ]
      },
      "category": [ {
        "coding": [ {
          "system": "http://terminology.hl7.org/CodeSystem/condition-category",
          "code": "problem-list-item",
          "display": "Problem List Item"
        } ]
      } ],
      "code": {
        "coding": [ {
          "system": "http://hl7.org/fhir/sid/icd-10-cm",
          "code": "C61"
        } ]
      },
      "subject": {
        "reference": "Patient/92e567b3-9d68-4c50-9be6-36e0ca7b96f5"
      },
      "onsetPeriod": {
        "start": "2026-02-01T08:00:00.000+00:00"
      }
    },
    "request": {
      "method": "PUT",
      "url": "Condition/f46ae5d3-90cf-4627-9a09-9af05a38abca"
    }
  }, {
    "fullUrl": "https://madie.cms.gov/MedicationRequest/9f656d08-621b-4f83-9102-9d045046af96",
    "resource": {
      "resourceType": "MedicationRequest",
      "id": "9f656d08-621b-4f83-9102-9d045046af96",
      "meta": {
        "profile": [ "http://hl7.org/fhir/us/qicore/StructureDefinition/qicore-medicationrequest" ]
      },
      "status": "active",
      "intent": "order",
      "doNotPerform": false,
      "medicationCodeableConcept": {
        "coding": [ {
          "system": "http://www.nlm.nih.gov/research/umls/rxnorm",
          "code": "1946519"
        } ]
      },
      "subject": {
        "reference": "Patient/92e567b3-9d68-4c50-9be6-36e0ca7b96f5"
      },
      "authoredOn": "2026-02-01T08:00:00.000+00:00",
      "requester": {
        "reference": "http://myGoodHealthcare.com/fhir/Practitioner/01d883ef-d7f4-4835-b653-bcd6eb074666"
      },
      "dosageInstruction": [ {
        "timing": {
          "repeat": {
            "boundsPeriod": {
              "start": "2026-02-01T08:00:00.000+00:00",
              "end": "2026-03-01T08:15:00.000+00:00"
            }
          }
        }
      } ]
    },
    "request": {
      "method": "PUT",
      "url": "MedicationRequest/9f656d08-621b-4f83-9102-9d045046af96"
    }
  }, {
    "fullUrl": "https://madie.cms.gov/Practitioner/01d883ef-d7f4-4835-b653-bcd6eb074666",
    "resource": {
      "resourceType": "Practitioner",
      "id": "01d883ef-d7f4-4835-b653-bcd6eb074666",
      "meta": {
        "profile": [ "http://hl7.org/fhir/us/qicore/StructureDefinition/qicore-practitioner" ]
      },
      "identifier": [ {
        "use": "temp",
        "system": "urn:oid:2.16.840.1.113883.4.336",
        "value": "Practitioner-23"
      } ],
      "active": true,
      "name": [ {
        "family": "Careful",
        "given": [ "Adam" ],
        "prefix": [ "Dr" ]
      } ],
      "address": [ {
        "use": "home",
        "line": [ "534 Erewhon St" ],
        "city": "PleasantVille",
        "state": "UT",
        "postalCode": "84414"
      } ],
      "qualification": [ {
        "identifier": [ {
          "system": "http://example.org/UniversityIdentifier",
          "value": "12345"
        } ],
        "code": {
          "coding": [ {
            "system": "http://terminology.hl7.org/CodeSystem/v2-0360|2.7",
            "code": "BS",
            "display": "Bachelor of Science"
          } ],
          "text": "Bachelor of Science"
        },
        "period": {
          "start": "1996"
        },
        "issuer": {
          "display": "Example University"
        }
      } ]
    },
    "request": {
      "method": "PUT",
      "url": "Practitioner/01d883ef-d7f4-4835-b653-bcd6eb074666"
    }
  }, {
    "fullUrl": "https://madie.cms.gov/ServiceRequest/26a9824c-2497-41b8-a980-1b62981bfa2f",
    "resource": {
      "resourceType": "ServiceRequest",
      "id": "26a9824c-2497-41b8-a980-1b62981bfa2f",
      "meta": {
        "profile": [ "http://hl7.org/fhir/us/qicore/StructureDefinition/qicore-servicerequest" ]
      },
      "status": "active",
      "intent": "order",
      "code": {
        "coding": [ {
          "system": "http://loinc.org",
          "version": "2.71",
          "code": "38265-5",
          "display": "DXA Radius and Ulna [T-score] Bone density",
          "userSelected": true
        } ]
      },
      "subject": {
        "reference": "Patient/92e567b3-9d68-4c50-9be6-36e0ca7b96f5"
      },
      "authoredOn": "2026-03-03T08:00:00.000+00:00"
    },
    "request": {
      "method": "PUT",
      "url": "ServiceRequest/26a9824c-2497-41b8-a980-1b62981bfa2f"
    }
  }, {
    "fullUrl": "https://madie.cms.gov/Observation/829aefac-3251-448e-a6f3-d0d2afd6766e",
    "resource": {
      "resourceType": "Observation",
      "id": "829aefac-3251-448e-a6f3-d0d2afd6766e",
      "meta": {
        "profile": [ "http://hl7.org/fhir/us/qicore/StructureDefinition/qicore-observation-clinical-result" ]
      },
      "status": "final",
      "category": [ {
        "coding": [ {
          "system": "http://terminology.hl7.org/CodeSystem/observation-category",
          "code": "imaging",
          "display": "Imaging"
        } ]
      }, {
        "coding": [ {
          "system": "http://terminology.hl7.org/CodeSystem/observation-category",
          "code": "survey"
        } ]
      } ],
      "code": {
        "coding": [ {
          "system": "http://loinc.org",
          "version": "2.71",
          "code": "38265-5",
          "display": "DXA Radius and Ulna [T-score] Bone density",
          "userSelected": true
        } ]
      },
      "subject": {
        "reference": "Patient/92e567b3-9d68-4c50-9be6-36e0ca7b96f5"
      },
      "effectivePeriod": {
        "start": "2026-05-03T08:00:00.000+00:00",
        "end": "2026-05-03T08:15:00.000+00:00"
      },
      "dataAbsentReason": {
        "coding": [ {
          "system": "http://terminology.hl7.org/CodeSystem/data-absent-reason",
          "code": "unknown",
          "display": "Unknown"
        } ]
      }
    },
    "request": {
      "method": "PUT",
      "url": "Observation/829aefac-3251-448e-a6f3-d0d2afd6766e"
    }
  }, {
    "fullUrl": "https://madie.cms.gov/ServiceRequest/72ade4a4-66b8-4270-996a-4d8be088528f",
    "resource": {
      "resourceType": "ServiceRequest",
      "id": "72ade4a4-66b8-4270-996a-4d8be088528f",
      "meta": {
        "profile": [ "http://hl7.org/fhir/us/qicore/StructureDefinition/qicore-servicerequest" ]
      },
      "status": "active",
      "intent": "order",
      "code": {
        "coding": [ {
          "system": "http://snomed.info/sct",
          "version": "http://snomed.info/sct/731000124108/version/20250301",
          "code": "456381000124102",
          "display": "Injection of leuprolide acetate for twelve month period (regime/therapy)",
          "userSelected": true
        } ]
      },
      "subject": {
        "reference": "Patient/92e567b3-9d68-4c50-9be6-36e0ca7b96f5"
      },
      "authoredOn": "2026-02-01T08:00:00.000+00:00"
    },
    "request": {
      "method": "PUT",
      "url": "ServiceRequest/72ade4a4-66b8-4270-996a-4d8be088528f"
    }
  }, {
    "fullUrl": "https://madie.cms.gov/MeasureReport/03e81f45-cbb5-4d5d-a5b9-98cc90a64a2e",
    "resource": {
      "resourceType": "MeasureReport",
      "id": "03e81f45-cbb5-4d5d-a5b9-98cc90a64a2e",
      "meta": {
        "profile": [ "http://hl7.org/fhir/us/cqfmeasures/StructureDefinition/test-case-cqfm" ]
      },
      "contained": [ {
        "resourceType": "Parameters",
        "id": "58c5d4f3-b4b2-4aaa-9db6-1b9205499c38-parameters",
        "parameter": [ {
          "name": "subject",
          "valueString": "92e567b3-9d68-4c50-9be6-36e0ca7b96f5"
        } ]
      } ],
      "extension": [ {
        "url": "http://hl7.org/fhir/StructureDefinition/cqf-inputParameters",
        "valueReference": {
          "reference": "#58c5d4f3-b4b2-4aaa-9db6-1b9205499c38-parameters"
        }
      }, {
        "url": "http://hl7.org/fhir/us/cqfmeasures/StructureDefinition/cqfm-testCaseDescription",
        "valueMarkdown": "Patient has dx of Prostate Cancer, and Androgen deprivation therapy for Urology Care is not null with qualifying encounter(s) in MP.  Passes NUMER criteria.  Pt Deceased during MP.  "
      } ],
      "modifierExtension": [ {
        "url": "http://hl7.org/fhir/us/cqfmeasures/StructureDefinition/cqfm-isTestCase",
        "valueBoolean": true
      } ],
      "status": "complete",
      "type": "individual",
      "measure": "https://madie.cms.gov/Measure/CMS645FHIRBoneDensityPCADTherapy",
      "period": {
        "start": "2026-01-01",
        "end": "2026-12-31"
      },
      "group": [ {
        "id": "Group_1",
        "population": [ {
          "id": "InitialPopulation_1",
          "code": {
            "coding": [ {
              "system": "http://terminology.hl7.org/CodeSystem/measure-population",
              "code": "initial-population",
              "display": "Initial Population"
            } ]
          },
          "count": 1
        }, {
          "id": "Denominator_1",
          "code": {
            "coding": [ {
              "system": "http://terminology.hl7.org/CodeSystem/measure-population",
              "code": "denominator",
              "display": "Denominator"
            } ]
          },
          "count": 1
        }, {
          "id": "Numerator_1",
          "code": {
            "coding": [ {
              "system": "http://terminology.hl7.org/CodeSystem/measure-population",
              "code": "numerator",
              "display": "Numerator"
            } ]
          },
          "count": 1
        }, {
          "id": "DenominatorException_1",
          "code": {
            "coding": [ {
              "system": "http://terminology.hl7.org/CodeSystem/measure-population",
              "code": "denominator-exception",
              "display": "Denominator Exception"
            } ]
          },
          "count": 0
        } ],
        "measureScore": {
          "value": 1.0
        }
      } ],
      "evaluatedResource": [ {
        "reference": "Patient/92e567b3-9d68-4c50-9be6-36e0ca7b96f5"
      }, {
        "reference": "Encounter/aaeb3e2f-15c6-44d9-a4b8-a688435596e8"
      }, {
        "reference": "Condition/f46ae5d3-90cf-4627-9a09-9af05a38abca"
      }, {
        "reference": "MedicationRequest/9f656d08-621b-4f83-9102-9d045046af96"
      }, {
        "reference": "Practitioner/01d883ef-d7f4-4835-b653-bcd6eb074666"
      }, {
        "reference": "ServiceRequest/26a9824c-2497-41b8-a980-1b62981bfa2f"
      }, {
        "reference": "Observation/829aefac-3251-448e-a6f3-d0d2afd6766e"
      }, {
        "reference": "ServiceRequest/72ade4a4-66b8-4270-996a-4d8be088528f"
      } ]
    },
    "request": {
      "method": "PUT",
      "url": "MeasureReport/03e81f45-cbb5-4d5d-a5b9-98cc90a64a2e"
    }
  } ]
}