{
  "resourceType": "Bundle",
  "id": "612e6b3a02c62a011f2ecf6d",
  "type": "transaction",
  "entry": [ {
    "fullUrl": "https://madie.cms.gov/Patient/d986e570-fcef-4a78-b6db-43e008569b58",
    "resource": {
      "resourceType": "Patient",
      "id": "d986e570-fcef-4a78-b6db-43e008569b58",
      "meta": {
        "profile": [ "http://hl7.org/fhir/us/qicore/StructureDefinition/qicore-patient" ]
      },
      "text": {
        "status": "generated",
        "div": "<div xmlns=\"http://www.w3.org/1999/xhtml\"><div class=\"hapiHeaderText\">ICUStartOnEncStartTime <b>DENEXPASS </b></div><table class=\"hapiPropertyTable\"><tbody><tr><td>Identifier</td><td>11bb5362fa7c7b63061d0c716b7b8ddb</td></tr><tr><td>Date of birth</td><td><span>02 January 1974</span></td></tr></tbody></table></div>"
      },
      "extension": [ {
        "url": "http://hl7.org/fhir/us/core/StructureDefinition/us-core-race",
        "extension": [ {
          "url": "ombCategory",
          "valueCoding": {
            "system": "urn:oid:2.16.840.1.113883.6.238",
            "code": "1002-5",
            "display": "American Indian or Alaska Native",
            "userSelected": true
          }
        }, {
          "url": "text",
          "valueString": "American Indian or Alaska Native"
        } ]
      }, {
        "url": "http://hl7.org/fhir/us/core/StructureDefinition/us-core-ethnicity",
        "extension": [ {
          "url": "ombCategory",
          "valueCoding": {
            "system": "urn:oid:2.16.840.1.113883.6.238",
            "code": "2135-2",
            "display": "Hispanic or Latino",
            "userSelected": true
          }
        }, {
          "url": "text",
          "valueString": "Hispanic or Latino"
        } ]
      } ],
      "identifier": [ {
        "type": {
          "coding": [ {
            "system": "http://terminology.hl7.org/CodeSystem/v2-0203",
            "code": "MR"
          } ]
        },
        "system": "https://bonnie-fhir.healthit.gov/",
        "value": "612e6b3a02c62a011f2ecf6d"
      } ],
      "active": true,
      "name": [ {
        "use": "usual",
        "family": "DENEXPass",
        "given": [ "ICUStartOnEncStartTime" ]
      } ],
      "gender": "male",
      "birthDate": "1974-01-02"
    },
    "request": {
      "method": "PUT",
      "url": "Patient/d986e570-fcef-4a78-b6db-43e008569b58"
    }
  }, {
    "fullUrl": "https://madie.cms.gov/Encounter/c6631ead-9b7a-41e7-a0a4-a282b617d335",
    "resource": {
      "resourceType": "Encounter",
      "id": "c6631ead-9b7a-41e7-a0a4-a282b617d335",
      "meta": {
        "profile": [ "http://hl7.org/fhir/us/qicore/StructureDefinition/qicore-encounter" ]
      },
      "status": "finished",
      "class": {
        "system": "http://terminology.hl7.org/CodeSystem/v3-ActCode",
        "code": "IMP",
        "display": "inpatient encounter"
      },
      "type": [ {
        "coding": [ {
          "system": "http://snomed.info/sct",
          "code": "8715000"
        } ]
      } ],
      "subject": {
        "reference": "Patient/d986e570-fcef-4a78-b6db-43e008569b58"
      },
      "period": {
        "start": "2025-11-01T08:00:00+00:00",
        "end": "2025-11-26T08:15:00+00:00"
      },
      "length": {
        "value": 25.0,
        "unit": "days"
      },
      "location": [ {
        "location": {
          "reference": "Location/1034cc7e-2a8c-4c52-9653-b020e0207158"
        },
        "period": {
          "start": "2025-11-01T08:00:00+00:00",
          "end": "2025-11-03T18:15:00+00:00"
        }
      } ]
    },
    "request": {
      "method": "PUT",
      "url": "Encounter/c6631ead-9b7a-41e7-a0a4-a282b617d335"
    }
  }, {
    "fullUrl": "https://madie.cms.gov/Coverage/6b3f805a-c07d-4197-8cc6-2c4a89c99d9d",
    "resource": {
      "resourceType": "Coverage",
      "id": "6b3f805a-c07d-4197-8cc6-2c4a89c99d9d",
      "status": "active",
      "beneficiary": {
        "reference": "Patient/d986e570-fcef-4a78-b6db-43e008569b58"
      },
      "period": {
        "start": "1974-01-02T08:00:00+00:00"
      },
      "payor": [ {
        "reference": "Organization/cc7564dc-7b72-4722-9b33-8c00d42e3e72"
      } ]
    },
    "request": {
      "method": "PUT",
      "url": "Coverage/6b3f805a-c07d-4197-8cc6-2c4a89c99d9d"
    }
  }, {
    "fullUrl": "https://madie.cms.gov/Location/1034cc7e-2a8c-4c52-9653-b020e0207158",
    "resource": {
      "resourceType": "Location",
      "id": "1034cc7e-2a8c-4c52-9653-b020e0207158",
      "meta": {
        "profile": [ "http://hl7.org/fhir/us/qicore/StructureDefinition/qicore-location" ]
      },
      "identifier": [ {
        "use": "usual",
        "system": "http://exampleoflocation.com",
        "value": "B1-S.F2"
      } ],
      "name": "Medical Surgical East, first floor",
      "type": [ {
        "coding": [ {
          "system": "https://www.cdc.gov/nhsn/cdaportal/terminology/codesystem/hsloc.html",
          "version": "2020",
          "code": "1025-6",
          "display": "Trauma Critical Care",
          "userSelected": true
        } ]
      } ]
    },
    "request": {
      "method": "PUT",
      "url": "Location/1034cc7e-2a8c-4c52-9653-b020e0207158"
    }
  }, {
    "fullUrl": "https://madie.cms.gov/Organization/cc7564dc-7b72-4722-9b33-8c00d42e3e72",
    "resource": {
      "resourceType": "Organization",
      "id": "cc7564dc-7b72-4722-9b33-8c00d42e3e72",
      "meta": {
        "profile": [ "http://hl7.org/fhir/us/qicore/StructureDefinition/qicore-organization" ]
      },
      "identifier": [ {
        "use": "temp",
        "system": "urn:oid:2.16.840.1.113883.4.4",
        "value": "21-3259825"
      } ],
      "active": true,
      "type": [ {
        "coding": [ {
          "system": "http://terminology.hl7.org/CodeSystem/organization-type",
          "code": "pay",
          "display": "Payer"
        } ]
      } ],
      "name": "Blue Cross Blue Shield of Texas",
      "telecom": [ {
        "system": "phone",
        "value": "(+1) 972-766-6900"
      } ],
      "address": [ {
        "use": "billing",
        "type": "postal",
        "line": [ "P.O. Box 660044" ],
        "city": "Dallas",
        "state": "TX",
        "postalCode": "75266-0044",
        "country": "USA"
      } ]
    },
    "request": {
      "method": "PUT",
      "url": "Organization/cc7564dc-7b72-4722-9b33-8c00d42e3e72"
    }
  }, {
    "fullUrl": "https://madie.cms.gov/Practitioner/885d3d44-18ec-4210-b3e7-b7f9e09f2be7",
    "resource": {
      "resourceType": "Practitioner",
      "id": "885d3d44-18ec-4210-b3e7-b7f9e09f2be7",
      "identifier": [ {
        "system": "http://hl7.org/fhir/sid/us-npi",
        "value": "123456"
      } ],
      "name": [ {
        "family": "Evil",
        "prefix": [ "Dr" ]
      } ]
    },
    "request": {
      "method": "PUT",
      "url": "Practitioner/885d3d44-18ec-4210-b3e7-b7f9e09f2be7"
    }
  }, {
    "fullUrl": "https://madie.cms.gov/MeasureReport/aa1d95a7-ef8a-49a6-a6e5-3328ad84652d",
    "resource": {
      "resourceType": "MeasureReport",
      "id": "aa1d95a7-ef8a-49a6-a6e5-3328ad84652d",
      "meta": {
        "profile": [ "http://hl7.org/fhir/us/cqfmeasures/StructureDefinition/test-case-cqfm" ]
      },
      "contained": [ {
        "resourceType": "Parameters",
        "id": "803c56a3-eaa0-45b8-b0ca-9d5aa2df2c72-parameters",
        "parameter": [ {
          "name": "subject",
          "valueString": "d986e570-fcef-4a78-b6db-43e008569b58"
        } ]
      } ],
      "extension": [ {
        "url": "http://hl7.org/fhir/us/cqfmeasures/StructureDefinition/cqfm-inputParameters",
        "valueReference": {
          "reference": "#803c56a3-eaa0-45b8-b0ca-9d5aa2df2c72-parameters"
        }
      }, {
        "url": "http://hl7.org/fhir/us/cqfmeasures/StructureDefinition/cqfm-testCaseDescription",
        "valueMarkdown": "ICU admission starts concurrent with start of EncInp\n"
      } ],
      "modifierExtension": [ {
        "url": "http://hl7.org/fhir/us/cqfmeasures/StructureDefinition/cqfm-isTestCase",
        "valueBoolean": true
      } ],
      "status": "complete",
      "type": "individual",
      "measure": "https://madie.cms.gov/Measure/VenousThromboembolismProphylaxisFHIR",
      "period": {
        "start": "2025-01-01",
        "end": "2025-12-31"
      },
      "group": [ {
        "population": [ {
          "code": {
            "coding": [ {
              "system": "http://terminology.hl7.org/CodeSystem/measure-population",
              "code": "initial-population",
              "display": "Initial Population"
            } ]
          },
          "count": 1
        }, {
          "code": {
            "coding": [ {
              "system": "http://terminology.hl7.org/CodeSystem/measure-population",
              "code": "denominator",
              "display": "Denominator"
            } ]
          },
          "count": 1
        }, {
          "code": {
            "coding": [ {
              "system": "http://terminology.hl7.org/CodeSystem/measure-population",
              "code": "denominator-exclusion",
              "display": "Denominator Exclusion"
            } ]
          },
          "count": 1
        }, {
          "code": {
            "coding": [ {
              "system": "http://terminology.hl7.org/CodeSystem/measure-population",
              "code": "numerator",
              "display": "Numerator"
            } ]
          },
          "count": 0
        } ]
      } ],
      "evaluatedResource": [ {
        "reference": "Patient/d986e570-fcef-4a78-b6db-43e008569b58"
      }, {
        "reference": "Encounter/c6631ead-9b7a-41e7-a0a4-a282b617d335"
      }, {
        "reference": "Coverage/6b3f805a-c07d-4197-8cc6-2c4a89c99d9d"
      }, {
        "reference": "Location/1034cc7e-2a8c-4c52-9653-b020e0207158"
      }, {
        "reference": "Organization/cc7564dc-7b72-4722-9b33-8c00d42e3e72"
      }, {
        "reference": "Practitioner/885d3d44-18ec-4210-b3e7-b7f9e09f2be7"
      } ]
    },
    "request": {
      "method": "PUT",
      "url": "MeasureReport/aa1d95a7-ef8a-49a6-a6e5-3328ad84652d"
    }
  } ]
}