{
  "resourceType": "Bundle",
  "id": "612e6b2002c62a011f2ec907",
  "type": "transaction",
  "entry": [ {
    "fullUrl": "https://madie.cms.gov/Patient/452d4a27-817f-4ccd-aae8-360e384120e9",
    "resource": {
      "resourceType": "Patient",
      "id": "452d4a27-817f-4ccd-aae8-360e384120e9",
      "meta": {
        "profile": [ "http://hl7.org/fhir/us/qicore/StructureDefinition/qicore-patient" ]
      },
      "text": {
        "status": "generated",
        "div": "<div xmlns=\"http://www.w3.org/1999/xhtml\"><div class=\"hapiHeaderText\">CMPerfRvltStartNULLEndDayAfAdm <b>DENEXFAIL </b></div><table class=\"hapiPropertyTable\"><tbody><tr><td>Identifier</td><td>8e120c670e34f79f329b985203cc966e</td></tr><tr><td>Date of birth</td><td><span>02 January 1974</span></td></tr></tbody></table></div>"
      },
      "extension": [ {
        "url": "http://hl7.org/fhir/us/core/StructureDefinition/us-core-race",
        "extension": [ {
          "url": "ombCategory",
          "valueCoding": {
            "system": "urn:oid:2.16.840.1.113883.6.238",
            "code": "1002-5",
            "display": "American Indian or Alaska Native",
            "userSelected": true
          }
        }, {
          "url": "text",
          "valueString": "American Indian or Alaska Native"
        } ]
      }, {
        "url": "http://hl7.org/fhir/us/core/StructureDefinition/us-core-ethnicity",
        "extension": [ {
          "url": "ombCategory",
          "valueCoding": {
            "system": "urn:oid:2.16.840.1.113883.6.238",
            "code": "2135-2",
            "display": "Hispanic or Latino",
            "userSelected": true
          }
        }, {
          "url": "text",
          "valueString": "Hispanic or Latino"
        } ]
      } ],
      "identifier": [ {
        "type": {
          "coding": [ {
            "system": "http://terminology.hl7.org/CodeSystem/v2-0203",
            "code": "MR"
          } ]
        },
        "system": "https://bonnie-fhir.healthit.gov/",
        "value": "612e6b2002c62a011f2ec907"
      } ],
      "active": true,
      "name": [ {
        "use": "usual",
        "family": "DENEXFail",
        "given": [ "CMPerfRvltStartNULLEndDayAfAdm" ]
      } ],
      "gender": "male",
      "birthDate": "1974-01-02"
    },
    "request": {
      "method": "PUT",
      "url": "Patient/452d4a27-817f-4ccd-aae8-360e384120e9"
    }
  }, {
    "fullUrl": "https://madie.cms.gov/Encounter/eefe696c-4249-4d1e-9831-cfb31d794835",
    "resource": {
      "resourceType": "Encounter",
      "id": "eefe696c-4249-4d1e-9831-cfb31d794835",
      "meta": {
        "profile": [ "http://hl7.org/fhir/us/qicore/StructureDefinition/qicore-encounter" ]
      },
      "status": "finished",
      "class": {
        "system": "http://terminology.hl7.org/CodeSystem/v3-ActCode",
        "code": "IMP",
        "display": "inpatient encounter"
      },
      "type": [ {
        "coding": [ {
          "system": "http://snomed.info/sct",
          "code": "8715000"
        } ]
      } ],
      "subject": {
        "reference": "Patient/452d4a27-817f-4ccd-aae8-360e384120e9"
      },
      "period": {
        "start": "2025-11-01T08:00:00+00:00",
        "end": "2025-11-26T08:15:00+00:00"
      },
      "length": {
        "value": 25.0,
        "unit": "days"
      }
    },
    "request": {
      "method": "PUT",
      "url": "Encounter/eefe696c-4249-4d1e-9831-cfb31d794835"
    }
  }, {
    "fullUrl": "https://madie.cms.gov/Procedure/6f14a57f-3962-47ca-8cd8-540f5c9717db",
    "resource": {
      "resourceType": "Procedure",
      "id": "6f14a57f-3962-47ca-8cd8-540f5c9717db",
      "meta": {
        "profile": [ "http://hl7.org/fhir/us/qicore/StructureDefinition/qicore-procedure" ]
      },
      "extension": [ {
        "url": "http://hl7.org/fhir/us/qicore/StructureDefinition/qicore-recorded",
        "valueDateTime": "2012-12-04T09:35:00-04:00"
      } ],
      "status": "completed",
      "code": {
        "coding": [ {
          "system": "http://snomed.info/sct",
          "code": "133918004"
        } ]
      },
      "subject": {
        "reference": "Patient/452d4a27-817f-4ccd-aae8-360e384120e9"
      },
      "performedPeriod": {
        "end": "2025-11-02T08:15:00+00:00"
      }
    },
    "request": {
      "method": "PUT",
      "url": "Procedure/6f14a57f-3962-47ca-8cd8-540f5c9717db"
    }
  }, {
    "fullUrl": "https://madie.cms.gov/Coverage/b0c755b6-905d-4189-81b9-ff2f138dab1f",
    "resource": {
      "resourceType": "Coverage",
      "id": "b0c755b6-905d-4189-81b9-ff2f138dab1f",
      "status": "active",
      "beneficiary": {
        "reference": "Patient/452d4a27-817f-4ccd-aae8-360e384120e9"
      },
      "period": {
        "start": "1974-01-02T08:00:00+00:00"
      },
      "payor": [ {
        "reference": "Organization/20102d6a-262f-4d1a-a903-f3f9047f3dc8"
      } ]
    },
    "request": {
      "method": "PUT",
      "url": "Coverage/b0c755b6-905d-4189-81b9-ff2f138dab1f"
    }
  }, {
    "fullUrl": "https://madie.cms.gov/Organization/20102d6a-262f-4d1a-a903-f3f9047f3dc8",
    "resource": {
      "resourceType": "Organization",
      "id": "20102d6a-262f-4d1a-a903-f3f9047f3dc8",
      "meta": {
        "profile": [ "http://hl7.org/fhir/us/qicore/StructureDefinition/qicore-organization" ]
      },
      "identifier": [ {
        "use": "temp",
        "system": "urn:oid:2.16.840.1.113883.4.4",
        "value": "21-3259825"
      } ],
      "active": true,
      "type": [ {
        "coding": [ {
          "system": "http://terminology.hl7.org/CodeSystem/organization-type",
          "code": "pay",
          "display": "Payer"
        } ]
      } ],
      "name": "Blue Cross Blue Shield of Texas",
      "telecom": [ {
        "system": "phone",
        "value": "(+1) 972-766-6900"
      } ],
      "address": [ {
        "use": "billing",
        "type": "postal",
        "line": [ "P.O. Box 660044" ],
        "city": "Dallas",
        "state": "TX",
        "postalCode": "75266-0044",
        "country": "USA"
      } ]
    },
    "request": {
      "method": "PUT",
      "url": "Organization/20102d6a-262f-4d1a-a903-f3f9047f3dc8"
    }
  }, {
    "fullUrl": "https://madie.cms.gov/Practitioner/77540d8b-dc6b-4405-a6a0-70eaacb20aa8",
    "resource": {
      "resourceType": "Practitioner",
      "id": "77540d8b-dc6b-4405-a6a0-70eaacb20aa8",
      "identifier": [ {
        "system": "http://hl7.org/fhir/sid/us-npi",
        "value": "123456"
      } ],
      "name": [ {
        "family": "Evil",
        "prefix": [ "Dr" ]
      } ]
    },
    "request": {
      "method": "PUT",
      "url": "Practitioner/77540d8b-dc6b-4405-a6a0-70eaacb20aa8"
    }
  }, {
    "fullUrl": "https://madie.cms.gov/MeasureReport/811334c3-5ef0-4d83-829b-1b7bc00964fc",
    "resource": {
      "resourceType": "MeasureReport",
      "id": "811334c3-5ef0-4d83-829b-1b7bc00964fc",
      "meta": {
        "profile": [ "http://hl7.org/fhir/us/cqfmeasures/StructureDefinition/test-case-cqfm" ]
      },
      "contained": [ {
        "resourceType": "Parameters",
        "id": "8fe119e2-03de-4c99-98c4-77f753059dd9-parameters",
        "parameter": [ {
          "name": "subject",
          "valueString": "452d4a27-817f-4ccd-aae8-360e384120e9"
        } ]
      } ],
      "extension": [ {
        "url": "http://hl7.org/fhir/us/cqfmeasures/StructureDefinition/cqfm-inputParameters",
        "valueReference": {
          "reference": "#8fe119e2-03de-4c99-98c4-77f753059dd9-parameters"
        }
      }, {
        "url": "http://hl7.org/fhir/us/cqfmeasures/StructureDefinition/cqfm-testCaseDescription",
        "valueMarkdown": "comfort measures performed relevantPeriod start is null. end with day after IP encounter start\n"
      } ],
      "modifierExtension": [ {
        "url": "http://hl7.org/fhir/us/cqfmeasures/StructureDefinition/cqfm-isTestCase",
        "valueBoolean": true
      } ],
      "status": "complete",
      "type": "individual",
      "measure": "https://madie.cms.gov/Measure/VenousThromboembolismProphylaxisFHIR",
      "period": {
        "start": "2025-01-01",
        "end": "2025-12-31"
      },
      "group": [ {
        "population": [ {
          "code": {
            "coding": [ {
              "system": "http://terminology.hl7.org/CodeSystem/measure-population",
              "code": "initial-population",
              "display": "Initial Population"
            } ]
          },
          "count": 1
        }, {
          "code": {
            "coding": [ {
              "system": "http://terminology.hl7.org/CodeSystem/measure-population",
              "code": "denominator",
              "display": "Denominator"
            } ]
          },
          "count": 1
        }, {
          "code": {
            "coding": [ {
              "system": "http://terminology.hl7.org/CodeSystem/measure-population",
              "code": "denominator-exclusion",
              "display": "Denominator Exclusion"
            } ]
          },
          "count": 0
        }, {
          "code": {
            "coding": [ {
              "system": "http://terminology.hl7.org/CodeSystem/measure-population",
              "code": "numerator",
              "display": "Numerator"
            } ]
          },
          "count": 0
        } ]
      } ],
      "evaluatedResource": [ {
        "reference": "Patient/452d4a27-817f-4ccd-aae8-360e384120e9"
      }, {
        "reference": "Encounter/eefe696c-4249-4d1e-9831-cfb31d794835"
      }, {
        "reference": "Procedure/6f14a57f-3962-47ca-8cd8-540f5c9717db"
      }, {
        "reference": "Coverage/b0c755b6-905d-4189-81b9-ff2f138dab1f"
      }, {
        "reference": "Organization/20102d6a-262f-4d1a-a903-f3f9047f3dc8"
      }, {
        "reference": "Practitioner/77540d8b-dc6b-4405-a6a0-70eaacb20aa8"
      } ]
    },
    "request": {
      "method": "PUT",
      "url": "MeasureReport/811334c3-5ef0-4d83-829b-1b7bc00964fc"
    }
  } ]
}