{
  "resourceType": "Bundle",
  "id": "60abda28bf0a01003e3f76bd",
  "type": "transaction",
  "entry": [ {
    "fullUrl": "https://madie.cms.gov/Patient/59743016-0222-4c22-bda3-48fa09e5ceb9",
    "resource": {
      "resourceType": "Patient",
      "id": "59743016-0222-4c22-bda3-48fa09e5ceb9",
      "meta": {
        "profile": [ "http://hl7.org/fhir/us/qicore/StructureDefinition/qicore-patient" ]
      },
      "extension": [ {
        "url": "http://hl7.org/fhir/us/core/StructureDefinition/us-core-race",
        "extension": [ {
          "url": "ombCategory",
          "valueCoding": {
            "system": "urn:oid:2.16.840.1.113883.6.238",
            "code": "2054-5",
            "display": "Black or African American",
            "userSelected": true
          }
        }, {
          "url": "text",
          "valueString": "Black or African American"
        } ]
      }, {
        "url": "http://hl7.org/fhir/us/core/StructureDefinition/us-core-ethnicity",
        "extension": [ {
          "url": "ombCategory",
          "valueCoding": {
            "system": "urn:oid:2.16.840.1.113883.6.238",
            "code": "2186-5",
            "display": "Not Hispanic or Latino",
            "userSelected": true
          }
        }, {
          "url": "text",
          "valueString": "Not Hispanic or Latino"
        } ]
      } ],
      "identifier": [ {
        "type": {
          "coding": [ {
            "system": "http://terminology.hl7.org/CodeSystem/v2-0203",
            "code": "MR"
          } ]
        },
        "system": "https://bonnie-fhir.healthit.gov/",
        "value": "60abda28bf0a01003e3f76bd"
      } ],
      "name": [ {
        "family": "NUMERPASS",
        "given": [ "ADT3MonthsBeforeStartofMPEdge" ]
      } ],
      "gender": "male",
      "birthDate": "1960-06-15"
    },
    "request": {
      "method": "PUT",
      "url": "Patient/59743016-0222-4c22-bda3-48fa09e5ceb9"
    }
  }, {
    "fullUrl": "https://madie.cms.gov/Encounter/5d3efe32-03c9-451a-9fe7-409493236f2e",
    "resource": {
      "resourceType": "Encounter",
      "id": "5d3efe32-03c9-451a-9fe7-409493236f2e",
      "meta": {
        "profile": [ "http://hl7.org/fhir/us/qicore/StructureDefinition/qicore-encounter" ]
      },
      "status": "finished",
      "class": {
        "system": "http://terminology.hl7.org/CodeSystem/v3-ActCode",
        "code": "AMB",
        "display": "ambulatory"
      },
      "type": [ {
        "coding": [ {
          "system": "http://snomed.info/sct",
          "version": "2021-09",
          "code": "185463005",
          "display": "Visit out of hours (procedure)",
          "userSelected": true
        } ]
      } ],
      "subject": {
        "reference": "Patient/59743016-0222-4c22-bda3-48fa09e5ceb9"
      },
      "period": {
        "start": "2026-01-01T08:00:00.000+00:00",
        "end": "2026-01-01T08:15:00.000+00:00"
      }
    },
    "request": {
      "method": "PUT",
      "url": "Encounter/5d3efe32-03c9-451a-9fe7-409493236f2e"
    }
  }, {
    "fullUrl": "https://madie.cms.gov/Condition/57e988f6-4d7a-40e6-a010-dc51edb8b304",
    "resource": {
      "resourceType": "Condition",
      "id": "57e988f6-4d7a-40e6-a010-dc51edb8b304",
      "meta": {
        "profile": [ "http://hl7.org/fhir/us/qicore/StructureDefinition/qicore-condition-problems-health-concerns" ]
      },
      "clinicalStatus": {
        "coding": [ {
          "system": "http://terminology.hl7.org/CodeSystem/condition-clinical",
          "code": "active",
          "display": "Active",
          "userSelected": true
        } ]
      },
      "verificationStatus": {
        "coding": [ {
          "system": "http://terminology.hl7.org/CodeSystem/condition-ver-status",
          "code": "confirmed"
        } ]
      },
      "category": [ {
        "coding": [ {
          "system": "http://terminology.hl7.org/CodeSystem/condition-category",
          "code": "problem-list-item",
          "display": "Problem List Item"
        } ]
      } ],
      "code": {
        "coding": [ {
          "system": "http://snomed.info/sct",
          "version": "http://snomed.info/sct/731000124108/version/20250301",
          "code": "254900004",
          "display": "Carcinoma of prostate (disorder)",
          "userSelected": true
        } ]
      },
      "subject": {
        "reference": "Patient/59743016-0222-4c22-bda3-48fa09e5ceb9"
      },
      "onsetDateTime": "2025-10-01T10:00:00.000+00:00"
    },
    "request": {
      "method": "PUT",
      "url": "Condition/57e988f6-4d7a-40e6-a010-dc51edb8b304"
    }
  }, {
    "fullUrl": "https://madie.cms.gov/Observation/4172e6fd-66fd-4532-87a9-be3ffee4a5d0",
    "resource": {
      "resourceType": "Observation",
      "id": "4172e6fd-66fd-4532-87a9-be3ffee4a5d0",
      "meta": {
        "profile": [ "http://hl7.org/fhir/us/qicore/StructureDefinition/qicore-observation-clinical-result" ]
      },
      "status": "final",
      "category": [ {
        "coding": [ {
          "system": "http://terminology.hl7.org/CodeSystem/observation-category",
          "code": "imaging",
          "display": "Imaging"
        } ]
      }, {
        "coding": [ {
          "system": "http://terminology.hl7.org/CodeSystem/observation-category",
          "code": "survey"
        } ]
      } ],
      "code": {
        "coding": [ {
          "system": "http://loinc.org",
          "version": "2.69",
          "code": "38265-5",
          "display": "DXA Radius and Ulna [T-score] Bone density",
          "userSelected": true
        } ]
      },
      "subject": {
        "reference": "Patient/59743016-0222-4c22-bda3-48fa09e5ceb9"
      },
      "effectivePeriod": {
        "start": "2025-12-31T10:00:00.000+00:00"
      },
      "dataAbsentReason": {
        "coding": [ {
          "system": "http://terminology.hl7.org/CodeSystem/data-absent-reason",
          "code": "unknown",
          "display": "Unknown"
        } ]
      }
    },
    "request": {
      "method": "PUT",
      "url": "Observation/4172e6fd-66fd-4532-87a9-be3ffee4a5d0"
    }
  }, {
    "fullUrl": "https://madie.cms.gov/Practitioner/39334958-5b6c-437c-b690-74b859ed62d2",
    "resource": {
      "resourceType": "Practitioner",
      "id": "39334958-5b6c-437c-b690-74b859ed62d2",
      "meta": {
        "profile": [ "http://hl7.org/fhir/us/qicore/StructureDefinition/qicore-practitioner" ]
      },
      "identifier": [ {
        "use": "temp",
        "system": "urn:oid:2.16.840.1.113883.4.336",
        "value": "Practitioner-23"
      } ],
      "active": true,
      "name": [ {
        "family": "Careful",
        "given": [ "Adam" ],
        "prefix": [ "Dr" ]
      } ],
      "address": [ {
        "use": "home",
        "line": [ "534 Erewhon St" ],
        "city": "PleasantVille",
        "state": "UT",
        "postalCode": "84414"
      } ],
      "qualification": [ {
        "identifier": [ {
          "system": "http://example.org/UniversityIdentifier",
          "value": "12345"
        } ],
        "code": {
          "coding": [ {
            "system": "http://terminology.hl7.org/CodeSystem/v2-0360|2.7",
            "code": "BS",
            "display": "Bachelor of Science"
          } ],
          "text": "Bachelor of Science"
        },
        "period": {
          "start": "1996"
        },
        "issuer": {
          "display": "Example University"
        }
      } ]
    },
    "request": {
      "method": "PUT",
      "url": "Practitioner/39334958-5b6c-437c-b690-74b859ed62d2"
    }
  }, {
    "fullUrl": "https://madie.cms.gov/MedicationRequest/dfa766a9-6120-4d96-b1fd-d464acfb2088",
    "resource": {
      "resourceType": "MedicationRequest",
      "id": "dfa766a9-6120-4d96-b1fd-d464acfb2088",
      "meta": {
        "profile": [ "http://hl7.org/fhir/us/qicore/StructureDefinition/qicore-medicationrequest" ]
      },
      "status": "active",
      "intent": "order",
      "medicationCodeableConcept": {
        "coding": [ {
          "system": "http://www.nlm.nih.gov/research/umls/rxnorm",
          "code": "1115257",
          "display": "1.5 ML leuprolide acetate 30 MG/ML Prefilled Syringe",
          "userSelected": true
        } ]
      },
      "subject": {
        "reference": "Patient/59743016-0222-4c22-bda3-48fa09e5ceb9"
      },
      "authoredOn": "2025-10-01T10:00:00.000+00:00",
      "requester": {
        "reference": "http://myGoodHealthcare.com/fhir/Practitioner/39334958-5b6c-437c-b690-74b859ed62d2"
      },
      "dosageInstruction": [ {
        "timing": {
          "repeat": {
            "boundsPeriod": {
              "start": "2025-10-01T10:00:00.000+00:00",
              "end": "2025-11-01T10:00:00.000+00:00"
            }
          }
        }
      } ]
    },
    "request": {
      "method": "PUT",
      "url": "MedicationRequest/dfa766a9-6120-4d96-b1fd-d464acfb2088"
    }
  }, {
    "fullUrl": "https://madie.cms.gov/ServiceRequest/19f6b031-7263-42e2-80f3-16b06705af86",
    "resource": {
      "resourceType": "ServiceRequest",
      "id": "19f6b031-7263-42e2-80f3-16b06705af86",
      "meta": {
        "profile": [ "http://hl7.org/fhir/us/qicore/StructureDefinition/qicore-servicerequest" ]
      },
      "status": "active",
      "intent": "order",
      "code": {
        "coding": [ {
          "system": "http://snomed.info/sct",
          "version": "http://snomed.info/sct/731000124108/version/20250301",
          "code": "456381000124102",
          "display": "Injection of leuprolide acetate for twelve month period (regime/therapy)",
          "userSelected": true
        } ]
      },
      "subject": {
        "reference": "Patient/59743016-0222-4c22-bda3-48fa09e5ceb9"
      },
      "authoredOn": "2025-10-01T10:00:00.000+00:00"
    },
    "request": {
      "method": "PUT",
      "url": "ServiceRequest/19f6b031-7263-42e2-80f3-16b06705af86"
    }
  }, {
    "fullUrl": "https://madie.cms.gov/MeasureReport/1eb1f37d-f3e6-408f-9dd2-a18c4a4084a8",
    "resource": {
      "resourceType": "MeasureReport",
      "id": "1eb1f37d-f3e6-408f-9dd2-a18c4a4084a8",
      "meta": {
        "profile": [ "http://hl7.org/fhir/us/cqfmeasures/StructureDefinition/test-case-cqfm" ]
      },
      "contained": [ {
        "resourceType": "Parameters",
        "id": "48c6fdca-72d9-47db-903d-2e8fe375d0fa-parameters",
        "parameter": [ {
          "name": "subject",
          "valueString": "59743016-0222-4c22-bda3-48fa09e5ceb9"
        } ]
      } ],
      "extension": [ {
        "url": "http://hl7.org/fhir/StructureDefinition/cqf-inputParameters",
        "valueReference": {
          "reference": "#48c6fdca-72d9-47db-903d-2e8fe375d0fa-parameters"
        }
      }, {
        "url": "http://hl7.org/fhir/us/cqfmeasures/StructureDefinition/cqfm-testCaseDescription",
        "valueMarkdown": "Prostate Cancer, ADT 3 months before start of MP, Dexa 3 months after ADT. "
      } ],
      "modifierExtension": [ {
        "url": "http://hl7.org/fhir/us/cqfmeasures/StructureDefinition/cqfm-isTestCase",
        "valueBoolean": true
      } ],
      "status": "complete",
      "type": "individual",
      "measure": "https://madie.cms.gov/Measure/CMS645FHIRBoneDensityPCADTherapy",
      "period": {
        "start": "2026-01-01",
        "end": "2026-12-31"
      },
      "group": [ {
        "id": "Group_1",
        "population": [ {
          "id": "InitialPopulation_1",
          "code": {
            "coding": [ {
              "system": "http://terminology.hl7.org/CodeSystem/measure-population",
              "code": "initial-population",
              "display": "Initial Population"
            } ]
          },
          "count": 1
        }, {
          "id": "Denominator_1",
          "code": {
            "coding": [ {
              "system": "http://terminology.hl7.org/CodeSystem/measure-population",
              "code": "denominator",
              "display": "Denominator"
            } ]
          },
          "count": 1
        }, {
          "id": "Numerator_1",
          "code": {
            "coding": [ {
              "system": "http://terminology.hl7.org/CodeSystem/measure-population",
              "code": "numerator",
              "display": "Numerator"
            } ]
          },
          "count": 1
        }, {
          "id": "DenominatorException_1",
          "code": {
            "coding": [ {
              "system": "http://terminology.hl7.org/CodeSystem/measure-population",
              "code": "denominator-exception",
              "display": "Denominator Exception"
            } ]
          },
          "count": 0
        } ],
        "measureScore": {
          "value": 1.0
        }
      } ],
      "evaluatedResource": [ {
        "reference": "Patient/59743016-0222-4c22-bda3-48fa09e5ceb9"
      }, {
        "reference": "Encounter/5d3efe32-03c9-451a-9fe7-409493236f2e"
      }, {
        "reference": "Condition/57e988f6-4d7a-40e6-a010-dc51edb8b304"
      }, {
        "reference": "Observation/4172e6fd-66fd-4532-87a9-be3ffee4a5d0"
      }, {
        "reference": "Practitioner/39334958-5b6c-437c-b690-74b859ed62d2"
      }, {
        "reference": "MedicationRequest/dfa766a9-6120-4d96-b1fd-d464acfb2088"
      }, {
        "reference": "ServiceRequest/19f6b031-7263-42e2-80f3-16b06705af86"
      } ]
    },
    "request": {
      "method": "PUT",
      "url": "MeasureReport/1eb1f37d-f3e6-408f-9dd2-a18c4a4084a8"
    }
  } ]
}