{
  "resourceType": "Bundle",
  "id": "612e6b5002c62a011f2ed433",
  "type": "transaction",
  "entry": [ {
    "fullUrl": "https://madie.cms.gov/Patient/26cca956-400c-46cb-a83b-b80dbb953b42",
    "resource": {
      "resourceType": "Patient",
      "id": "26cca956-400c-46cb-a83b-b80dbb953b42",
      "meta": {
        "profile": [ "http://hl7.org/fhir/us/qicore/StructureDefinition/qicore-patient" ]
      },
      "text": {
        "status": "generated",
        "div": "<div xmlns=\"http://www.w3.org/1999/xhtml\"><div class=\"hapiHeaderText\">PtRef_MO_Warf_EDendTimeEQEncStartTime <b>NUMERPASS </b></div><table class=\"hapiPropertyTable\"><tbody><tr><td>Identifier</td><td>35e854fe06e36e7e02449812c3316da3</td></tr><tr><td>Date of birth</td><td><span>02 January 1974</span></td></tr></tbody></table></div>"
      },
      "extension": [ {
        "url": "http://hl7.org/fhir/us/core/StructureDefinition/us-core-race",
        "extension": [ {
          "url": "ombCategory",
          "valueCoding": {
            "system": "urn:oid:2.16.840.1.113883.6.238",
            "code": "1002-5",
            "display": "American Indian or Alaska Native",
            "userSelected": true
          }
        }, {
          "url": "text",
          "valueString": "American Indian or Alaska Native"
        } ]
      }, {
        "url": "http://hl7.org/fhir/us/core/StructureDefinition/us-core-ethnicity",
        "extension": [ {
          "url": "ombCategory",
          "valueCoding": {
            "system": "urn:oid:2.16.840.1.113883.6.238",
            "code": "2135-2",
            "display": "Hispanic or Latino",
            "userSelected": true
          }
        }, {
          "url": "text",
          "valueString": "Hispanic or Latino"
        } ]
      } ],
      "identifier": [ {
        "type": {
          "coding": [ {
            "system": "http://terminology.hl7.org/CodeSystem/v2-0203",
            "code": "MR"
          } ]
        },
        "system": "https://bonnie-fhir.healthit.gov/",
        "value": "612e6b5002c62a011f2ed433"
      } ],
      "active": true,
      "name": [ {
        "use": "usual",
        "family": "NUMERPass",
        "given": [ "PtRef_MO_Warf_EDendTimeEQEncStartTime" ]
      } ],
      "gender": "male",
      "birthDate": "1974-01-02"
    },
    "request": {
      "method": "PUT",
      "url": "Patient/26cca956-400c-46cb-a83b-b80dbb953b42"
    }
  }, {
    "fullUrl": "https://madie.cms.gov/Encounter/181dbe4f-9a1d-4246-ac36-59a3743d46f9",
    "resource": {
      "resourceType": "Encounter",
      "id": "181dbe4f-9a1d-4246-ac36-59a3743d46f9",
      "meta": {
        "profile": [ "http://hl7.org/fhir/us/qicore/StructureDefinition/qicore-encounter" ]
      },
      "status": "finished",
      "class": {
        "system": "http://terminology.hl7.org/CodeSystem/v3-ActCode",
        "code": "EMER",
        "display": "emergency"
      },
      "type": [ {
        "coding": [ {
          "system": "http://snomed.info/sct",
          "code": "4525004"
        } ]
      } ],
      "subject": {
        "reference": "Patient/26cca956-400c-46cb-a83b-b80dbb953b42"
      },
      "period": {
        "start": "2025-10-31T05:00:00+00:00",
        "end": "2025-11-01T08:00:00+00:00"
      },
      "length": {
        "value": 1,
        "unit": "days"
      }
    },
    "request": {
      "method": "PUT",
      "url": "Encounter/181dbe4f-9a1d-4246-ac36-59a3743d46f9"
    }
  }, {
    "fullUrl": "https://madie.cms.gov/Encounter/80b08a9c-b9ab-4dd4-9146-b8b1f48c9336",
    "resource": {
      "resourceType": "Encounter",
      "id": "80b08a9c-b9ab-4dd4-9146-b8b1f48c9336",
      "meta": {
        "profile": [ "http://hl7.org/fhir/us/qicore/StructureDefinition/qicore-encounter" ]
      },
      "status": "finished",
      "class": {
        "system": "http://terminology.hl7.org/CodeSystem/v3-ActCode",
        "code": "IMP",
        "display": "inpatient encounter"
      },
      "type": [ {
        "coding": [ {
          "system": "http://snomed.info/sct",
          "code": "8715000"
        } ]
      } ],
      "subject": {
        "reference": "Patient/26cca956-400c-46cb-a83b-b80dbb953b42"
      },
      "period": {
        "start": "2025-11-01T08:00:00+00:00",
        "end": "2025-11-26T08:15:00+00:00"
      },
      "length": {
        "value": 25,
        "unit": "days"
      }
    },
    "request": {
      "method": "PUT",
      "url": "Encounter/80b08a9c-b9ab-4dd4-9146-b8b1f48c9336"
    }
  }, {
    "fullUrl": "https://madie.cms.gov/Coverage/161b0072-ff56-4563-85ee-74fb6ccb245c",
    "resource": {
      "resourceType": "Coverage",
      "id": "161b0072-ff56-4563-85ee-74fb6ccb245c",
      "status": "active",
      "beneficiary": {
        "reference": "Patient/26cca956-400c-46cb-a83b-b80dbb953b42"
      },
      "period": {
        "start": "1974-01-02T08:00:00+00:00"
      },
      "payor": [ {
        "reference": "Organization/f9eea1fb-adae-49e6-84ae-9927c8386a86"
      } ]
    },
    "request": {
      "method": "PUT",
      "url": "Coverage/161b0072-ff56-4563-85ee-74fb6ccb245c"
    }
  }, {
    "fullUrl": "https://madie.cms.gov/MedicationRequest/291c4726-a369-46da-9d8d-892b57f0df54",
    "resource": {
      "resourceType": "MedicationRequest",
      "id": "291c4726-a369-46da-9d8d-892b57f0df54",
      "meta": {
        "profile": [ "http://hl7.org/fhir/us/qicore/StructureDefinition/qicore-mednotrequested" ]
      },
      "status": "completed",
      "intent": "order",
      "category": [ {
        "coding": [ {
          "system": "http://terminology.hl7.org/CodeSystem/medicationrequest-category",
          "code": "community"
        } ]
      } ],
      "doNotPerform": true,
      "medicationCodeableConcept": {
        "coding": [ {
          "system": "http://www.nlm.nih.gov/research/umls/rxnorm",
          "code": "855288"
        } ]
      },
      "subject": {
        "reference": "Patient/26cca956-400c-46cb-a83b-b80dbb953b42"
      },
      "authoredOn": "2025-11-01T07:00:00+00:00",
      "requester": {
        "reference": "Practitioner/123456"
      },
      "reasonCode": [ {
        "coding": [ {
          "system": "http://snomed.info/sct",
          "code": "443390004",
          "display": "Refusal of treatment by patient (situation)",
          "userSelected": true
        } ]
      } ],
      "dosageInstruction": [ {
        "timing": {
          "repeat": {
            "boundsPeriod": {
              "start": "2025-11-03T09:00:00+00:00"
            }
          }
        }
      } ]
    },
    "request": {
      "method": "PUT",
      "url": "MedicationRequest/291c4726-a369-46da-9d8d-892b57f0df54"
    }
  }, {
    "fullUrl": "https://madie.cms.gov/Organization/f9eea1fb-adae-49e6-84ae-9927c8386a86",
    "resource": {
      "resourceType": "Organization",
      "id": "f9eea1fb-adae-49e6-84ae-9927c8386a86",
      "meta": {
        "profile": [ "http://hl7.org/fhir/us/qicore/StructureDefinition/qicore-organization" ]
      },
      "identifier": [ {
        "use": "temp",
        "system": "urn:oid:2.16.840.1.113883.4.4",
        "value": "21-3259825"
      } ],
      "active": true,
      "type": [ {
        "coding": [ {
          "system": "http://terminology.hl7.org/CodeSystem/organization-type",
          "code": "pay",
          "display": "Payer"
        } ]
      } ],
      "name": "Blue Cross Blue Shield of Texas",
      "telecom": [ {
        "system": "phone",
        "value": "(+1) 972-766-6900"
      } ],
      "address": [ {
        "use": "billing",
        "type": "postal",
        "line": [ "P.O. Box 660044" ],
        "city": "Dallas",
        "state": "TX",
        "postalCode": "75266-0044",
        "country": "USA"
      } ]
    },
    "request": {
      "method": "PUT",
      "url": "Organization/f9eea1fb-adae-49e6-84ae-9927c8386a86"
    }
  }, {
    "fullUrl": "https://madie.cms.gov/Practitioner/8d6943c3-1324-4d71-b920-6add364f2cbf",
    "resource": {
      "resourceType": "Practitioner",
      "id": "8d6943c3-1324-4d71-b920-6add364f2cbf",
      "identifier": [ {
        "system": "http://hl7.org/fhir/sid/us-npi",
        "value": "123456"
      } ],
      "name": [ {
        "family": "Evil",
        "prefix": [ "Dr" ]
      } ]
    },
    "request": {
      "method": "PUT",
      "url": "Practitioner/8d6943c3-1324-4d71-b920-6add364f2cbf"
    }
  }, {
    "fullUrl": "https://madie.cms.gov/MeasureReport/84acec08-d6e6-4076-9335-e639ec3ba063",
    "resource": {
      "resourceType": "MeasureReport",
      "id": "84acec08-d6e6-4076-9335-e639ec3ba063",
      "meta": {
        "profile": [ "http://hl7.org/fhir/us/cqfmeasures/StructureDefinition/test-case-cqfm" ]
      },
      "contained": [ {
        "resourceType": "Parameters",
        "id": "91744d9a-6baa-4201-b364-f38e94ef22c9-parameters",
        "parameter": [ {
          "name": "subject",
          "valueString": "26cca956-400c-46cb-a83b-b80dbb953b42"
        } ]
      } ],
      "extension": [ {
        "url": "http://hl7.org/fhir/us/cqfmeasures/StructureDefinition/cqfm-inputParameters",
        "valueReference": {
          "reference": "#91744d9a-6baa-4201-b364-f38e94ef22c9-parameters"
        }
      }, {
        "url": "http://hl7.org/fhir/us/cqfmeasures/StructureDefinition/cqfm-testCaseDescription",
        "valueMarkdown": "\">18, ED visits before encounter, medication not order(Warfarin ), patient refused during the ED encounter.  ED endTime concurrent w EncInp startTime.\n\"\n"
      } ],
      "modifierExtension": [ {
        "url": "http://hl7.org/fhir/us/cqfmeasures/StructureDefinition/cqfm-isTestCase",
        "valueBoolean": true
      } ],
      "status": "complete",
      "type": "individual",
      "measure": "https://madie.cms.gov/Measure/VenousThromboembolismProphylaxisFHIR",
      "period": {
        "start": "2025-01-01",
        "end": "2025-12-31"
      },
      "group": [ {
        "population": [ {
          "code": {
            "coding": [ {
              "system": "http://terminology.hl7.org/CodeSystem/measure-population",
              "code": "initial-population",
              "display": "Initial Population"
            } ]
          },
          "count": 1
        }, {
          "code": {
            "coding": [ {
              "system": "http://terminology.hl7.org/CodeSystem/measure-population",
              "code": "denominator",
              "display": "Denominator"
            } ]
          },
          "count": 1
        }, {
          "code": {
            "coding": [ {
              "system": "http://terminology.hl7.org/CodeSystem/measure-population",
              "code": "denominator-exclusion",
              "display": "Denominator Exclusion"
            } ]
          },
          "count": 0
        }, {
          "code": {
            "coding": [ {
              "system": "http://terminology.hl7.org/CodeSystem/measure-population",
              "code": "numerator",
              "display": "Numerator"
            } ]
          },
          "count": 1
        } ]
      } ],
      "evaluatedResource": [ {
        "reference": "Patient/26cca956-400c-46cb-a83b-b80dbb953b42"
      }, {
        "reference": "Encounter/181dbe4f-9a1d-4246-ac36-59a3743d46f9"
      }, {
        "reference": "Encounter/80b08a9c-b9ab-4dd4-9146-b8b1f48c9336"
      }, {
        "reference": "Coverage/161b0072-ff56-4563-85ee-74fb6ccb245c"
      }, {
        "reference": "MedicationRequest/291c4726-a369-46da-9d8d-892b57f0df54"
      }, {
        "reference": "Organization/f9eea1fb-adae-49e6-84ae-9927c8386a86"
      }, {
        "reference": "Practitioner/8d6943c3-1324-4d71-b920-6add364f2cbf"
      } ]
    },
    "request": {
      "method": "PUT",
      "url": "MeasureReport/84acec08-d6e6-4076-9335-e639ec3ba063"
    }
  } ]
}