{
  "resourceType": "Bundle",
  "id": "351354132152464",
  "type": "transaction",
  "entry": [ {
    "fullUrl": "https://madie.cms.gov/Patient/8c41481d-f89e-4113-ba12-df7c53e93d80",
    "resource": {
      "resourceType": "Patient",
      "id": "8c41481d-f89e-4113-ba12-df7c53e93d80",
      "meta": {
        "profile": [ "http://hl7.org/fhir/us/qicore/StructureDefinition/qicore-patient" ]
      },
      "extension": [ {
        "url": "http://hl7.org/fhir/us/core/StructureDefinition/us-core-race",
        "extension": [ {
          "url": "ombCategory",
          "valueCoding": {
            "system": "urn:oid:2.16.840.1.113883.6.238",
            "code": "1002-5",
            "display": "American Indian or Alaska Native",
            "userSelected": true
          }
        }, {
          "url": "text",
          "valueString": "American Indian or Alaska Native"
        } ]
      }, {
        "url": "http://hl7.org/fhir/us/core/StructureDefinition/us-core-ethnicity",
        "extension": [ {
          "url": "ombCategory",
          "valueCoding": {
            "system": "urn:oid:2.16.840.1.113883.6.238",
            "code": "2135-2",
            "display": "Hispanic or Latino",
            "userSelected": true
          }
        }, {
          "url": "text",
          "valueString": "Hispanic or Latino"
        } ]
      } ],
      "identifier": [ {
        "type": {
          "coding": [ {
            "system": "http://terminology.hl7.org/CodeSystem/v2-0203",
            "code": "MR"
          } ]
        },
        "system": "https://bonnie-fhir.healthit.gov/",
        "value": "62bc55a63e113102f8cedc5b"
      } ],
      "name": [ {
        "family": "DENEXCEPPass",
        "given": [ "DEXANotPerformedPtRefusedEdge" ]
      } ],
      "gender": "male",
      "birthDate": "1960-08-09"
    },
    "request": {
      "method": "PUT",
      "url": "Patient/8c41481d-f89e-4113-ba12-df7c53e93d80"
    }
  }, {
    "fullUrl": "https://madie.cms.gov/Encounter/a1c74582-41b0-4017-8121-0b8fb257decc",
    "resource": {
      "resourceType": "Encounter",
      "id": "a1c74582-41b0-4017-8121-0b8fb257decc",
      "meta": {
        "profile": [ "http://hl7.org/fhir/us/qicore/StructureDefinition/qicore-encounter" ]
      },
      "status": "finished",
      "class": {
        "system": "http://terminology.hl7.org/CodeSystem/v3-ActCode",
        "code": "AMB",
        "display": "ambulatory"
      },
      "type": [ {
        "coding": [ {
          "system": "http://snomed.info/sct",
          "version": "2021-09",
          "code": "185463005",
          "display": "Visit out of hours (procedure)"
        } ]
      } ],
      "subject": {
        "reference": "Patient/8c41481d-f89e-4113-ba12-df7c53e93d80"
      },
      "period": {
        "start": "2026-02-03T08:00:00.000+00:00",
        "end": "2026-02-03T08:15:00.000+00:00"
      }
    },
    "request": {
      "method": "PUT",
      "url": "Encounter/a1c74582-41b0-4017-8121-0b8fb257decc"
    }
  }, {
    "fullUrl": "https://madie.cms.gov/Condition/9e444752-4894-4434-a3e5-f3120a2efcd4",
    "resource": {
      "resourceType": "Condition",
      "id": "9e444752-4894-4434-a3e5-f3120a2efcd4",
      "meta": {
        "profile": [ "http://hl7.org/fhir/us/qicore/StructureDefinition/qicore-condition-problems-health-concerns" ]
      },
      "clinicalStatus": {
        "coding": [ {
          "system": "http://terminology.hl7.org/CodeSystem/condition-clinical",
          "code": "active"
        } ]
      },
      "verificationStatus": {
        "coding": [ {
          "system": "http://terminology.hl7.org/CodeSystem/condition-ver-status",
          "code": "confirmed"
        } ]
      },
      "category": [ {
        "coding": [ {
          "system": "http://terminology.hl7.org/CodeSystem/condition-category",
          "code": "problem-list-item",
          "display": "Problem List Item"
        } ]
      } ],
      "code": {
        "coding": [ {
          "system": "http://snomed.info/sct",
          "version": "http://snomed.info/sct/731000124108/version/20250301",
          "code": "254900004",
          "display": "Carcinoma of prostate (disorder)",
          "userSelected": true
        } ]
      },
      "subject": {
        "reference": "Patient/8c41481d-f89e-4113-ba12-df7c53e93d80"
      },
      "onsetPeriod": {
        "start": "2026-02-03T08:00:00.000+00:00"
      }
    },
    "request": {
      "method": "PUT",
      "url": "Condition/9e444752-4894-4434-a3e5-f3120a2efcd4"
    }
  }, {
    "fullUrl": "https://madie.cms.gov/MedicationRequest/9b164591-ff78-4691-8f2b-e86c179b2baa",
    "resource": {
      "resourceType": "MedicationRequest",
      "id": "9b164591-ff78-4691-8f2b-e86c179b2baa",
      "meta": {
        "profile": [ "http://hl7.org/fhir/us/qicore/StructureDefinition/qicore-medicationrequest" ]
      },
      "status": "active",
      "intent": "order",
      "medicationCodeableConcept": {
        "coding": [ {
          "system": "http://www.nlm.nih.gov/research/umls/rxnorm",
          "code": "1115257",
          "display": "1.5 ML leuprolide acetate 30 MG/ML Prefilled Syringe",
          "userSelected": true
        } ]
      },
      "subject": {
        "reference": "Patient/8c41481d-f89e-4113-ba12-df7c53e93d80"
      },
      "authoredOn": "2026-02-03T08:00:00.000+00:00",
      "requester": {
        "reference": "http://myGoodHealthcare.com/fhir/Practitioner/aef18756-51e0-4155-8913-f91dd1d570c6"
      },
      "dosageInstruction": [ {
        "timing": {
          "repeat": {
            "boundsPeriod": {
              "start": "2026-02-03T08:00:00.000+00:00",
              "end": "2026-03-03T08:00:00.000+00:00"
            }
          }
        }
      } ]
    },
    "request": {
      "method": "PUT",
      "url": "MedicationRequest/9b164591-ff78-4691-8f2b-e86c179b2baa"
    }
  }, {
    "fullUrl": "https://madie.cms.gov/ServiceRequest/a787bc2f-66cc-4607-b743-a0db7d008ac6",
    "resource": {
      "resourceType": "ServiceRequest",
      "id": "a787bc2f-66cc-4607-b743-a0db7d008ac6",
      "meta": {
        "profile": [ "http://hl7.org/fhir/us/qicore/StructureDefinition/qicore-servicenotrequested" ]
      },
      "extension": [ {
        "url": "http://hl7.org/fhir/us/qicore/StructureDefinition/qicore-doNotPerformReason",
        "valueCodeableConcept": {
          "coding": [ {
            "system": "http://snomed.info/sct",
            "code": "1296859006",
            "display": "Procedure declined (situation)",
            "userSelected": true
          } ]
        }
      } ],
      "status": "completed",
      "intent": "order",
      "doNotPerform": true,
      "code": {
        "coding": [ {
          "system": "http://loinc.org",
          "version": "2.71",
          "code": "38265-5",
          "display": "DXA Radius and Ulna [T-score] Bone density",
          "userSelected": true
        } ]
      },
      "subject": {
        "reference": "Patient/8c41481d-f89e-4113-ba12-df7c53e93d80"
      },
      "authoredOn": "2026-02-03T08:00:00.000+00:00"
    },
    "request": {
      "method": "PUT",
      "url": "ServiceRequest/a787bc2f-66cc-4607-b743-a0db7d008ac6"
    }
  }, {
    "fullUrl": "https://madie.cms.gov/ServiceRequest/236cdf43-52ec-4039-83d2-934425babf15",
    "resource": {
      "resourceType": "ServiceRequest",
      "id": "236cdf43-52ec-4039-83d2-934425babf15",
      "meta": {
        "profile": [ "http://hl7.org/fhir/us/qicore/StructureDefinition/qicore-servicerequest" ]
      },
      "status": "active",
      "intent": "order",
      "code": {
        "coding": [ {
          "system": "http://snomed.info/sct",
          "version": "http://snomed.info/sct/731000124108/version/20250301",
          "code": "456381000124102",
          "display": "Injection of leuprolide acetate for twelve month period (regime/therapy)"
        } ]
      },
      "subject": {
        "reference": "Patient/8c41481d-f89e-4113-ba12-df7c53e93d80"
      },
      "authoredOn": "2026-02-03T08:00:00.000+00:00"
    },
    "request": {
      "method": "PUT",
      "url": "ServiceRequest/236cdf43-52ec-4039-83d2-934425babf15"
    }
  }, {
    "fullUrl": "https://madie.cms.gov/Practitioner/aef18756-51e0-4155-8913-f91dd1d570c6",
    "resource": {
      "resourceType": "Practitioner",
      "id": "aef18756-51e0-4155-8913-f91dd1d570c6",
      "meta": {
        "profile": [ "http://hl7.org/fhir/us/qicore/StructureDefinition/qicore-practitioner" ]
      },
      "identifier": [ {
        "use": "temp",
        "system": "urn:oid:2.16.840.1.113883.4.336",
        "value": "Practitioner-23"
      } ],
      "active": true,
      "name": [ {
        "family": "Careful",
        "given": [ "Adam" ],
        "prefix": [ "Dr" ]
      } ],
      "address": [ {
        "use": "home",
        "line": [ "534 Erewhon St" ],
        "city": "PleasantVille",
        "state": "UT",
        "postalCode": "84414"
      } ],
      "qualification": [ {
        "identifier": [ {
          "system": "http://example.org/UniversityIdentifier",
          "value": "12345"
        } ],
        "code": {
          "coding": [ {
            "system": "http://terminology.hl7.org/CodeSystem/v2-0360|2.7",
            "code": "BS",
            "display": "Bachelor of Science"
          } ],
          "text": "Bachelor of Science"
        },
        "period": {
          "start": "1996"
        },
        "issuer": {
          "display": "Example University"
        }
      } ]
    },
    "request": {
      "method": "PUT",
      "url": "Practitioner/aef18756-51e0-4155-8913-f91dd1d570c6"
    }
  }, {
    "fullUrl": "https://madie.cms.gov/MeasureReport/17f059a1-3e1c-45c8-96e8-78dbbe832477",
    "resource": {
      "resourceType": "MeasureReport",
      "id": "17f059a1-3e1c-45c8-96e8-78dbbe832477",
      "meta": {
        "profile": [ "http://hl7.org/fhir/us/cqfmeasures/StructureDefinition/test-case-cqfm" ]
      },
      "contained": [ {
        "resourceType": "Parameters",
        "id": "931c6549-adb7-4604-8b44-7df312d19c48-parameters",
        "parameter": [ {
          "name": "subject",
          "valueString": "8c41481d-f89e-4113-ba12-df7c53e93d80"
        } ]
      } ],
      "extension": [ {
        "url": "http://hl7.org/fhir/StructureDefinition/cqf-inputParameters",
        "valueReference": {
          "reference": "#931c6549-adb7-4604-8b44-7df312d19c48-parameters"
        }
      }, {
        "url": "http://hl7.org/fhir/us/cqfmeasures/StructureDefinition/cqfm-testCaseDescription",
        "valueMarkdown": "Dx of Prostate Cancer. Patient refused DEXA at 3 months after ADT. Edge."
      } ],
      "modifierExtension": [ {
        "url": "http://hl7.org/fhir/us/cqfmeasures/StructureDefinition/cqfm-isTestCase",
        "valueBoolean": true
      } ],
      "status": "complete",
      "type": "individual",
      "measure": "https://madie.cms.gov/Measure/CMS645FHIRBoneDensityPCADTherapy",
      "period": {
        "start": "2026-01-01",
        "end": "2026-12-31"
      },
      "group": [ {
        "id": "Group_1",
        "population": [ {
          "id": "InitialPopulation_1",
          "code": {
            "coding": [ {
              "system": "http://terminology.hl7.org/CodeSystem/measure-population",
              "code": "initial-population",
              "display": "Initial Population"
            } ]
          },
          "count": 1
        }, {
          "id": "Denominator_1",
          "code": {
            "coding": [ {
              "system": "http://terminology.hl7.org/CodeSystem/measure-population",
              "code": "denominator",
              "display": "Denominator"
            } ]
          },
          "count": 1
        }, {
          "id": "Numerator_1",
          "code": {
            "coding": [ {
              "system": "http://terminology.hl7.org/CodeSystem/measure-population",
              "code": "numerator",
              "display": "Numerator"
            } ]
          },
          "count": 0
        }, {
          "id": "DenominatorException_1",
          "code": {
            "coding": [ {
              "system": "http://terminology.hl7.org/CodeSystem/measure-population",
              "code": "denominator-exception",
              "display": "Denominator Exception"
            } ]
          },
          "count": 1
        } ],
        "measureScore": {
          "value": 1.0
        }
      } ],
      "evaluatedResource": [ {
        "reference": "Patient/8c41481d-f89e-4113-ba12-df7c53e93d80"
      }, {
        "reference": "Encounter/a1c74582-41b0-4017-8121-0b8fb257decc"
      }, {
        "reference": "Condition/9e444752-4894-4434-a3e5-f3120a2efcd4"
      }, {
        "reference": "MedicationRequest/9b164591-ff78-4691-8f2b-e86c179b2baa"
      }, {
        "reference": "ServiceRequest/a787bc2f-66cc-4607-b743-a0db7d008ac6"
      }, {
        "reference": "ServiceRequest/236cdf43-52ec-4039-83d2-934425babf15"
      }, {
        "reference": "Practitioner/aef18756-51e0-4155-8913-f91dd1d570c6"
      } ]
    },
    "request": {
      "method": "PUT",
      "url": "MeasureReport/17f059a1-3e1c-45c8-96e8-78dbbe832477"
    }
  } ]
}