{
  "resourceType": "Bundle",
  "id": "62bc59a13e113102f8cedc61",
  "type": "transaction",
  "entry": [ {
    "fullUrl": "https://madie.cms.gov/Patient/c5bfac21-0dbf-4cf5-bc92-d7eff1d0a6c6",
    "resource": {
      "resourceType": "Patient",
      "id": "c5bfac21-0dbf-4cf5-bc92-d7eff1d0a6c6",
      "meta": {
        "profile": [ "http://hl7.org/fhir/us/qicore/StructureDefinition/qicore-patient" ]
      },
      "extension": [ {
        "url": "http://hl7.org/fhir/us/core/StructureDefinition/us-core-race",
        "extension": [ {
          "url": "ombCategory",
          "valueCoding": {
            "system": "urn:oid:2.16.840.1.113883.6.238",
            "code": "1002-5",
            "display": "American Indian or Alaska Native",
            "userSelected": true
          }
        }, {
          "url": "text",
          "valueString": "American Indian or Alaska Native"
        } ]
      }, {
        "url": "http://hl7.org/fhir/us/core/StructureDefinition/us-core-ethnicity",
        "extension": [ {
          "url": "ombCategory",
          "valueCoding": {
            "system": "urn:oid:2.16.840.1.113883.6.238",
            "code": "2135-2",
            "display": "Hispanic or Latino",
            "userSelected": true
          }
        }, {
          "url": "text",
          "valueString": "Hispanic or Latino"
        } ]
      } ],
      "identifier": [ {
        "type": {
          "coding": [ {
            "system": "http://terminology.hl7.org/CodeSystem/v2-0203",
            "code": "MR"
          } ]
        },
        "system": "https://bonnie-fhir.healthit.gov/",
        "value": "62bc59a13e113102f8cedc61"
      } ],
      "name": [ {
        "family": "DENEXCEPPass",
        "given": [ "NoDEXAOrderedDueToPatientRefusal" ]
      } ],
      "gender": "male",
      "birthDate": "1961-06-14"
    },
    "request": {
      "method": "PUT",
      "url": "Patient/c5bfac21-0dbf-4cf5-bc92-d7eff1d0a6c6"
    }
  }, {
    "fullUrl": "https://madie.cms.gov/Encounter/7754eb05-5feb-4c06-b3fa-12ee6a70f6a5",
    "resource": {
      "resourceType": "Encounter",
      "id": "7754eb05-5feb-4c06-b3fa-12ee6a70f6a5",
      "meta": {
        "profile": [ "http://hl7.org/fhir/us/qicore/StructureDefinition/qicore-encounter" ]
      },
      "status": "finished",
      "class": {
        "system": "http://terminology.hl7.org/CodeSystem/v3-ActCode",
        "code": "AMB",
        "display": "ambulatory"
      },
      "type": [ {
        "coding": [ {
          "system": "http://snomed.info/sct",
          "version": "http://snomed.info/sct/731000124108/version/20240401",
          "code": "185463005",
          "display": "Visit out of hours (procedure)"
        } ]
      } ],
      "subject": {
        "reference": "Patient/c5bfac21-0dbf-4cf5-bc92-d7eff1d0a6c6"
      },
      "period": {
        "start": "2026-06-25T08:00:00.000+00:00",
        "end": "2026-06-25T08:15:00.000+00:00"
      }
    },
    "request": {
      "method": "PUT",
      "url": "Encounter/7754eb05-5feb-4c06-b3fa-12ee6a70f6a5"
    }
  }, {
    "fullUrl": "https://madie.cms.gov/Condition/cbe5316c-38ec-464c-bebf-888c8fabe9a4",
    "resource": {
      "resourceType": "Condition",
      "id": "cbe5316c-38ec-464c-bebf-888c8fabe9a4",
      "meta": {
        "profile": [ "http://hl7.org/fhir/us/qicore/StructureDefinition/qicore-condition-problems-health-concerns" ]
      },
      "clinicalStatus": {
        "coding": [ {
          "system": "http://terminology.hl7.org/CodeSystem/condition-clinical",
          "code": "active",
          "display": "Active"
        } ]
      },
      "verificationStatus": {
        "coding": [ {
          "system": "http://terminology.hl7.org/CodeSystem/condition-ver-status",
          "code": "confirmed"
        } ]
      },
      "category": [ {
        "coding": [ {
          "system": "http://terminology.hl7.org/CodeSystem/condition-category",
          "code": "problem-list-item",
          "display": "Problem List Item"
        } ]
      } ],
      "code": {
        "coding": [ {
          "system": "http://snomed.info/sct",
          "version": "http://snomed.info/sct/731000124108/version/20250301",
          "code": "254900004",
          "display": "Carcinoma of prostate (disorder)",
          "userSelected": true
        } ]
      },
      "subject": {
        "reference": "Patient/c5bfac21-0dbf-4cf5-bc92-d7eff1d0a6c6"
      },
      "onsetPeriod": {
        "start": "2026-06-25T08:00:00.000+00:00"
      }
    },
    "request": {
      "method": "PUT",
      "url": "Condition/cbe5316c-38ec-464c-bebf-888c8fabe9a4"
    }
  }, {
    "fullUrl": "https://madie.cms.gov/ServiceRequest/772072f1-4346-4e79-b793-cb174c78e5c7",
    "resource": {
      "resourceType": "ServiceRequest",
      "id": "772072f1-4346-4e79-b793-cb174c78e5c7",
      "meta": {
        "profile": [ "http://hl7.org/fhir/us/qicore/StructureDefinition/qicore-servicerequest" ]
      },
      "status": "active",
      "intent": "order",
      "code": {
        "coding": [ {
          "system": "http://snomed.info/sct",
          "version": "http://snomed.info/sct/731000124108/version/20250301",
          "code": "456381000124102",
          "display": "Injection of leuprolide acetate for twelve month period (regime/therapy)"
        } ]
      },
      "subject": {
        "reference": "Patient/c5bfac21-0dbf-4cf5-bc92-d7eff1d0a6c6"
      },
      "authoredOn": "2026-06-25T08:00:00.000+00:00"
    },
    "request": {
      "method": "PUT",
      "url": "ServiceRequest/772072f1-4346-4e79-b793-cb174c78e5c7"
    }
  }, {
    "fullUrl": "https://madie.cms.gov/MedicationRequest/c6ef2e40-3596-4d73-af89-24d91fa5f9bc",
    "resource": {
      "resourceType": "MedicationRequest",
      "id": "c6ef2e40-3596-4d73-af89-24d91fa5f9bc",
      "meta": {
        "profile": [ "http://hl7.org/fhir/us/qicore/StructureDefinition/qicore-medicationrequest" ]
      },
      "status": "active",
      "intent": "order",
      "medicationCodeableConcept": {
        "coding": [ {
          "system": "http://www.nlm.nih.gov/research/umls/rxnorm",
          "code": "1115257",
          "display": "1.5 ML leuprolide acetate 30 MG/ML Prefilled Syringe",
          "userSelected": true
        } ]
      },
      "subject": {
        "reference": "Patient/c5bfac21-0dbf-4cf5-bc92-d7eff1d0a6c6"
      },
      "authoredOn": "2026-06-25T08:00:00.000+00:00",
      "requester": {
        "reference": "http://myGoodHealthcare.com/fhir/Practitioner/e64f0bce-dde0-4ed8-8d89-fed7bf964f99"
      },
      "dosageInstruction": [ {
        "timing": {
          "repeat": {
            "boundsPeriod": {
              "start": "2026-06-25T08:00:00.000+00:00",
              "end": "2026-07-25T08:15:00.000+00:00"
            }
          }
        }
      } ]
    },
    "request": {
      "method": "PUT",
      "url": "MedicationRequest/c6ef2e40-3596-4d73-af89-24d91fa5f9bc"
    }
  }, {
    "fullUrl": "https://madie.cms.gov/Practitioner/e64f0bce-dde0-4ed8-8d89-fed7bf964f99",
    "resource": {
      "resourceType": "Practitioner",
      "id": "e64f0bce-dde0-4ed8-8d89-fed7bf964f99",
      "meta": {
        "profile": [ "http://hl7.org/fhir/us/qicore/StructureDefinition/qicore-practitioner" ]
      },
      "identifier": [ {
        "use": "temp",
        "system": "urn:oid:2.16.840.1.113883.4.336",
        "value": "Practitioner-23"
      } ],
      "active": true,
      "name": [ {
        "family": "Careful",
        "given": [ "Adam" ],
        "prefix": [ "Dr" ]
      } ],
      "address": [ {
        "use": "home",
        "line": [ "534 Erewhon St" ],
        "city": "PleasantVille",
        "state": "UT",
        "postalCode": "84414"
      } ],
      "qualification": [ {
        "identifier": [ {
          "system": "http://example.org/UniversityIdentifier",
          "value": "12345"
        } ],
        "code": {
          "coding": [ {
            "system": "http://terminology.hl7.org/CodeSystem/v2-0360|2.7",
            "code": "BS",
            "display": "Bachelor of Science"
          } ],
          "text": "Bachelor of Science"
        },
        "period": {
          "start": "1996"
        },
        "issuer": {
          "display": "Example University"
        }
      } ]
    },
    "request": {
      "method": "PUT",
      "url": "Practitioner/e64f0bce-dde0-4ed8-8d89-fed7bf964f99"
    }
  }, {
    "fullUrl": "https://madie.cms.gov/ServiceRequest/ca0128b8-05ce-4ad4-b1c2-d17dce8a5cfb",
    "resource": {
      "resourceType": "ServiceRequest",
      "id": "ca0128b8-05ce-4ad4-b1c2-d17dce8a5cfb",
      "meta": {
        "profile": [ "http://hl7.org/fhir/us/qicore/StructureDefinition/qicore-servicenotrequested" ]
      },
      "extension": [ {
        "url": "http://hl7.org/fhir/us/qicore/StructureDefinition/qicore-doNotPerformReason",
        "valueCodeableConcept": {
          "coding": [ {
            "system": "http://snomed.info/sct",
            "code": "413311005",
            "display": "Patient non-compliant - declined intervention / support (situation)"
          } ]
        }
      } ],
      "status": "completed",
      "intent": "order",
      "doNotPerform": true,
      "code": {
        "coding": [ {
          "system": "http://loinc.org",
          "version": "2.71",
          "code": "38265-5",
          "display": "DXA Radius and Ulna [T-score] Bone density",
          "userSelected": true
        } ]
      },
      "subject": {
        "reference": "Patient/c5bfac21-0dbf-4cf5-bc92-d7eff1d0a6c6"
      },
      "authoredOn": "2026-07-25T08:00:00.000+00:00"
    },
    "request": {
      "method": "PUT",
      "url": "ServiceRequest/ca0128b8-05ce-4ad4-b1c2-d17dce8a5cfb"
    }
  }, {
    "fullUrl": "https://madie.cms.gov/MeasureReport/821a3352-4ac4-4655-99b6-5d16843c14fb",
    "resource": {
      "resourceType": "MeasureReport",
      "id": "821a3352-4ac4-4655-99b6-5d16843c14fb",
      "meta": {
        "profile": [ "http://hl7.org/fhir/us/cqfmeasures/StructureDefinition/test-case-cqfm" ]
      },
      "contained": [ {
        "resourceType": "Parameters",
        "id": "949bc486-9f4d-4419-954e-bb5277350ee7-parameters",
        "parameter": [ {
          "name": "subject",
          "valueString": "c5bfac21-0dbf-4cf5-bc92-d7eff1d0a6c6"
        } ]
      } ],
      "extension": [ {
        "url": "http://hl7.org/fhir/StructureDefinition/cqf-inputParameters",
        "valueReference": {
          "reference": "#949bc486-9f4d-4419-954e-bb5277350ee7-parameters"
        }
      }, {
        "url": "http://hl7.org/fhir/us/cqfmeasures/StructureDefinition/cqfm-testCaseDescription",
        "valueMarkdown": "Prostate cancer and ADT given.  DEXA ordered but patient refused.  DENEXCEP pass   "
      } ],
      "modifierExtension": [ {
        "url": "http://hl7.org/fhir/us/cqfmeasures/StructureDefinition/cqfm-isTestCase",
        "valueBoolean": true
      } ],
      "status": "complete",
      "type": "individual",
      "measure": "https://madie.cms.gov/Measure/CMS645FHIRBoneDensityPCADTherapy",
      "period": {
        "start": "2026-01-01",
        "end": "2026-12-31"
      },
      "group": [ {
        "id": "Group_1",
        "population": [ {
          "id": "InitialPopulation_1",
          "code": {
            "coding": [ {
              "system": "http://terminology.hl7.org/CodeSystem/measure-population",
              "code": "initial-population",
              "display": "Initial Population"
            } ]
          },
          "count": 1
        }, {
          "id": "Denominator_1",
          "code": {
            "coding": [ {
              "system": "http://terminology.hl7.org/CodeSystem/measure-population",
              "code": "denominator",
              "display": "Denominator"
            } ]
          },
          "count": 1
        }, {
          "id": "Numerator_1",
          "code": {
            "coding": [ {
              "system": "http://terminology.hl7.org/CodeSystem/measure-population",
              "code": "numerator",
              "display": "Numerator"
            } ]
          },
          "count": 0
        }, {
          "id": "DenominatorException_1",
          "code": {
            "coding": [ {
              "system": "http://terminology.hl7.org/CodeSystem/measure-population",
              "code": "denominator-exception",
              "display": "Denominator Exception"
            } ]
          },
          "count": 1
        } ],
        "measureScore": {
          "value": 1.0
        }
      } ],
      "evaluatedResource": [ {
        "reference": "Patient/c5bfac21-0dbf-4cf5-bc92-d7eff1d0a6c6"
      }, {
        "reference": "Encounter/7754eb05-5feb-4c06-b3fa-12ee6a70f6a5"
      }, {
        "reference": "Condition/cbe5316c-38ec-464c-bebf-888c8fabe9a4"
      }, {
        "reference": "ServiceRequest/772072f1-4346-4e79-b793-cb174c78e5c7"
      }, {
        "reference": "MedicationRequest/c6ef2e40-3596-4d73-af89-24d91fa5f9bc"
      }, {
        "reference": "Practitioner/e64f0bce-dde0-4ed8-8d89-fed7bf964f99"
      }, {
        "reference": "ServiceRequest/ca0128b8-05ce-4ad4-b1c2-d17dce8a5cfb"
      } ]
    },
    "request": {
      "method": "PUT",
      "url": "MeasureReport/821a3352-4ac4-4655-99b6-5d16843c14fb"
    }
  } ]
}