{
  "resourceType": "Bundle",
  "id": "612e6b3902c62a011f2ecf1f",
  "type": "transaction",
  "entry": [ {
    "fullUrl": "https://madie.cms.gov/Patient/84290b26-0932-44ed-a953-9256d8b10f35",
    "resource": {
      "resourceType": "Patient",
      "id": "84290b26-0932-44ed-a953-9256d8b10f35",
      "meta": {
        "profile": [ "http://hl7.org/fhir/us/qicore/StructureDefinition/qicore-patient" ]
      },
      "text": {
        "status": "generated",
        "div": "<div xmlns=\"http://www.w3.org/1999/xhtml\"><div class=\"hapiHeaderText\">LOSLT2Days <b>DENEXPASS </b></div><table class=\"hapiPropertyTable\"><tbody><tr><td>Identifier</td><td>26fb5d0b2c67d4a85fcb0701daa6142b</td></tr><tr><td>Date of birth</td><td><span>02 January 1974</span></td></tr></tbody></table></div>"
      },
      "extension": [ {
        "url": "http://hl7.org/fhir/us/core/StructureDefinition/us-core-race",
        "extension": [ {
          "url": "ombCategory",
          "valueCoding": {
            "system": "urn:oid:2.16.840.1.113883.6.238",
            "code": "1002-5",
            "display": "American Indian or Alaska Native",
            "userSelected": true
          }
        }, {
          "url": "text",
          "valueString": "American Indian or Alaska Native"
        } ]
      }, {
        "url": "http://hl7.org/fhir/us/core/StructureDefinition/us-core-ethnicity",
        "extension": [ {
          "url": "ombCategory",
          "valueCoding": {
            "system": "urn:oid:2.16.840.1.113883.6.238",
            "code": "2135-2",
            "display": "Hispanic or Latino",
            "userSelected": true
          }
        }, {
          "url": "text",
          "valueString": "Hispanic or Latino"
        } ]
      } ],
      "identifier": [ {
        "type": {
          "coding": [ {
            "system": "http://terminology.hl7.org/CodeSystem/v2-0203",
            "code": "MR"
          } ]
        },
        "system": "https://bonnie-fhir.healthit.gov/",
        "value": "612e6b3902c62a011f2ecf1f"
      } ],
      "active": true,
      "name": [ {
        "use": "usual",
        "family": "DENEXPass",
        "given": [ "LOSLT2Days" ]
      } ],
      "gender": "male",
      "birthDate": "1974-01-02"
    },
    "request": {
      "method": "PUT",
      "url": "Patient/84290b26-0932-44ed-a953-9256d8b10f35"
    }
  }, {
    "fullUrl": "https://madie.cms.gov/Encounter/3dc96249-9814-42db-96b3-0a91f45ee27b",
    "resource": {
      "resourceType": "Encounter",
      "id": "3dc96249-9814-42db-96b3-0a91f45ee27b",
      "meta": {
        "profile": [ "http://hl7.org/fhir/us/qicore/StructureDefinition/qicore-encounter" ]
      },
      "status": "finished",
      "class": {
        "system": "http://terminology.hl7.org/CodeSystem/v3-ActCode",
        "code": "IMP",
        "display": "inpatient encounter"
      },
      "type": [ {
        "coding": [ {
          "system": "http://snomed.info/sct",
          "code": "8715000"
        } ]
      } ],
      "subject": {
        "reference": "Patient/84290b26-0932-44ed-a953-9256d8b10f35"
      },
      "period": {
        "start": "2025-11-01T00:00:00+00:00",
        "end": "2025-11-02T23:59:00+00:00"
      },
      "length": {
        "value": 1.0,
        "unit": "days"
      }
    },
    "request": {
      "method": "PUT",
      "url": "Encounter/3dc96249-9814-42db-96b3-0a91f45ee27b"
    }
  }, {
    "fullUrl": "https://madie.cms.gov/Coverage/e704f54e-c6ab-4e65-b21a-eade7688426d",
    "resource": {
      "resourceType": "Coverage",
      "id": "e704f54e-c6ab-4e65-b21a-eade7688426d",
      "status": "active",
      "beneficiary": {
        "reference": "Patient/84290b26-0932-44ed-a953-9256d8b10f35"
      },
      "period": {
        "start": "1974-01-02T08:00:00+00:00"
      },
      "payor": [ {
        "reference": "Organization/f9596e7d-a86a-49b3-b07f-87006d7cb331"
      } ]
    },
    "request": {
      "method": "PUT",
      "url": "Coverage/e704f54e-c6ab-4e65-b21a-eade7688426d"
    }
  }, {
    "fullUrl": "https://madie.cms.gov/Organization/f9596e7d-a86a-49b3-b07f-87006d7cb331",
    "resource": {
      "resourceType": "Organization",
      "id": "f9596e7d-a86a-49b3-b07f-87006d7cb331",
      "meta": {
        "profile": [ "http://hl7.org/fhir/us/qicore/StructureDefinition/qicore-organization" ]
      },
      "identifier": [ {
        "use": "temp",
        "system": "urn:oid:2.16.840.1.113883.4.4",
        "value": "21-3259825"
      } ],
      "active": true,
      "type": [ {
        "coding": [ {
          "system": "http://terminology.hl7.org/CodeSystem/organization-type",
          "code": "pay",
          "display": "Payer"
        } ]
      } ],
      "name": "Blue Cross Blue Shield of Texas",
      "telecom": [ {
        "system": "phone",
        "value": "(+1) 972-766-6900"
      } ],
      "address": [ {
        "use": "billing",
        "type": "postal",
        "line": [ "P.O. Box 660044" ],
        "city": "Dallas",
        "state": "TX",
        "postalCode": "75266-0044",
        "country": "USA"
      } ]
    },
    "request": {
      "method": "PUT",
      "url": "Organization/f9596e7d-a86a-49b3-b07f-87006d7cb331"
    }
  }, {
    "fullUrl": "https://madie.cms.gov/Practitioner/6e65439d-ee81-436d-8f75-3ddfd9c825a8",
    "resource": {
      "resourceType": "Practitioner",
      "id": "6e65439d-ee81-436d-8f75-3ddfd9c825a8",
      "identifier": [ {
        "system": "http://hl7.org/fhir/sid/us-npi",
        "value": "123456"
      } ],
      "name": [ {
        "family": "Evil",
        "prefix": [ "Dr" ]
      } ]
    },
    "request": {
      "method": "PUT",
      "url": "Practitioner/6e65439d-ee81-436d-8f75-3ddfd9c825a8"
    }
  }, {
    "fullUrl": "https://madie.cms.gov/MeasureReport/44325407-8715-49ae-8c61-d229b3afcddd",
    "resource": {
      "resourceType": "MeasureReport",
      "id": "44325407-8715-49ae-8c61-d229b3afcddd",
      "meta": {
        "profile": [ "http://hl7.org/fhir/us/cqfmeasures/StructureDefinition/test-case-cqfm" ]
      },
      "contained": [ {
        "resourceType": "Parameters",
        "id": "fa18d286-d9ac-4723-8e51-c5f785645819-parameters",
        "parameter": [ {
          "name": "subject",
          "valueString": "84290b26-0932-44ed-a953-9256d8b10f35"
        } ]
      } ],
      "extension": [ {
        "url": "http://hl7.org/fhir/us/cqfmeasures/StructureDefinition/cqfm-inputParameters",
        "valueReference": {
          "reference": "#fa18d286-d9ac-4723-8e51-c5f785645819-parameters"
        }
      }, {
        "url": "http://hl7.org/fhir/us/cqfmeasures/StructureDefinition/cqfm-testCaseDescription",
        "valueMarkdown": "LOS = 1 days\n"
      } ],
      "modifierExtension": [ {
        "url": "http://hl7.org/fhir/us/cqfmeasures/StructureDefinition/cqfm-isTestCase",
        "valueBoolean": true
      } ],
      "status": "complete",
      "type": "individual",
      "measure": "https://madie.cms.gov/Measure/VenousThromboembolismProphylaxisFHIR",
      "period": {
        "start": "2025-01-01",
        "end": "2025-12-31"
      },
      "group": [ {
        "population": [ {
          "code": {
            "coding": [ {
              "system": "http://terminology.hl7.org/CodeSystem/measure-population",
              "code": "initial-population",
              "display": "Initial Population"
            } ]
          },
          "count": 1
        }, {
          "code": {
            "coding": [ {
              "system": "http://terminology.hl7.org/CodeSystem/measure-population",
              "code": "denominator",
              "display": "Denominator"
            } ]
          },
          "count": 1
        }, {
          "code": {
            "coding": [ {
              "system": "http://terminology.hl7.org/CodeSystem/measure-population",
              "code": "denominator-exclusion",
              "display": "Denominator Exclusion"
            } ]
          },
          "count": 1
        }, {
          "code": {
            "coding": [ {
              "system": "http://terminology.hl7.org/CodeSystem/measure-population",
              "code": "numerator",
              "display": "Numerator"
            } ]
          },
          "count": 0
        } ]
      } ],
      "evaluatedResource": [ {
        "reference": "Patient/84290b26-0932-44ed-a953-9256d8b10f35"
      }, {
        "reference": "Encounter/3dc96249-9814-42db-96b3-0a91f45ee27b"
      }, {
        "reference": "Coverage/e704f54e-c6ab-4e65-b21a-eade7688426d"
      }, {
        "reference": "Organization/f9596e7d-a86a-49b3-b07f-87006d7cb331"
      }, {
        "reference": "Practitioner/6e65439d-ee81-436d-8f75-3ddfd9c825a8"
      } ]
    },
    "request": {
      "method": "PUT",
      "url": "MeasureReport/44325407-8715-49ae-8c61-d229b3afcddd"
    }
  } ]
}