{
  "resourceType": "Bundle",
  "id": "612e6a6702c62a011f2e9fb5",
  "type": "transaction",
  "entry": [ {
    "fullUrl": "https://madie.cms.gov/Patient/847ba73d-935a-4dae-865e-0d6aa484c6ad",
    "resource": {
      "resourceType": "Patient",
      "id": "847ba73d-935a-4dae-865e-0d6aa484c6ad",
      "meta": {
        "profile": [ "http://hl7.org/fhir/us/qicore/StructureDefinition/qicore-patient" ]
      },
      "text": {
        "status": "generated",
        "div": "<div xmlns=\"http://www.w3.org/1999/xhtml\"><div class=\"hapiHeaderText\">VTE_RiskAssess_IPEnc <b>NUMERPASS </b></div><table class=\"hapiPropertyTable\"><tbody><tr><td>Identifier</td><td>a62a5b0e4cff99540c5cc7035df016ac</td></tr><tr><td>Date of birth</td><td><span>02 January 1974</span></td></tr></tbody></table></div>"
      },
      "extension": [ {
        "url": "http://hl7.org/fhir/us/core/StructureDefinition/us-core-race",
        "extension": [ {
          "url": "ombCategory",
          "valueCoding": {
            "system": "urn:oid:2.16.840.1.113883.6.238",
            "code": "1002-5",
            "display": "American Indian or Alaska Native",
            "userSelected": true
          }
        }, {
          "url": "text",
          "valueString": "American Indian or Alaska Native"
        } ]
      }, {
        "url": "http://hl7.org/fhir/us/core/StructureDefinition/us-core-ethnicity",
        "extension": [ {
          "url": "ombCategory",
          "valueCoding": {
            "system": "urn:oid:2.16.840.1.113883.6.238",
            "code": "2135-2",
            "display": "Hispanic or Latino",
            "userSelected": true
          }
        }, {
          "url": "text",
          "valueString": "Hispanic or Latino"
        } ]
      } ],
      "identifier": [ {
        "type": {
          "coding": [ {
            "system": "http://terminology.hl7.org/CodeSystem/v2-0203",
            "code": "MR"
          } ]
        },
        "system": "https://bonnie-fhir.healthit.gov/",
        "value": "612e6a6702c62a011f2e9fb5"
      } ],
      "active": true,
      "name": [ {
        "use": "usual",
        "family": "NUMERPass",
        "given": [ "VTE_RiskAssess_IPEnc" ]
      } ],
      "gender": "male",
      "birthDate": "1974-01-02"
    },
    "request": {
      "method": "PUT",
      "url": "Patient/847ba73d-935a-4dae-865e-0d6aa484c6ad"
    }
  }, {
    "fullUrl": "https://madie.cms.gov/Encounter/22dfa9b9-0ce6-4cb3-baff-7279c6e96d39",
    "resource": {
      "resourceType": "Encounter",
      "id": "22dfa9b9-0ce6-4cb3-baff-7279c6e96d39",
      "meta": {
        "profile": [ "http://hl7.org/fhir/us/qicore/StructureDefinition/qicore-encounter" ]
      },
      "status": "finished",
      "class": {
        "system": "http://terminology.hl7.org/CodeSystem/v3-ActCode",
        "code": "IMP",
        "display": "inpatient encounter"
      },
      "type": [ {
        "coding": [ {
          "system": "http://snomed.info/sct",
          "code": "8715000"
        } ]
      } ],
      "subject": {
        "reference": "Patient/847ba73d-935a-4dae-865e-0d6aa484c6ad"
      },
      "period": {
        "start": "2025-11-01T08:00:00+00:00",
        "end": "2025-11-26T08:15:00+00:00"
      },
      "length": {
        "value": 25.0,
        "unit": "days"
      }
    },
    "request": {
      "method": "PUT",
      "url": "Encounter/22dfa9b9-0ce6-4cb3-baff-7279c6e96d39"
    }
  }, {
    "fullUrl": "https://madie.cms.gov/Observation/c24cc43b-7919-4d70-97be-a2e24c9e9995",
    "resource": {
      "resourceType": "Observation",
      "id": "c24cc43b-7919-4d70-97be-a2e24c9e9995",
      "meta": {
        "profile": [ "http://hl7.org/fhir/us/qicore/StructureDefinition/qicore-observation" ]
      },
      "status": "final",
      "category": [ {
        "coding": [ {
          "system": "http://terminology.hl7.org/CodeSystem/observation-category",
          "code": "exam",
          "display": "exam"
        } ]
      } ],
      "code": {
        "coding": [ {
          "system": "http://loinc.org",
          "code": "72136-5"
        } ]
      },
      "subject": {
        "reference": "Patient/847ba73d-935a-4dae-865e-0d6aa484c6ad"
      },
      "effectiveDateTime": "2025-11-01T09:00:00+00:00",
      "valueCodeableConcept": {
        "coding": [ {
          "system": "http://snomed.info/sct",
          "code": "260362008",
          "display": "Low Risk"
        } ]
      }
    },
    "request": {
      "method": "PUT",
      "url": "Observation/c24cc43b-7919-4d70-97be-a2e24c9e9995"
    }
  }, {
    "fullUrl": "https://madie.cms.gov/Coverage/ba629a81-b86b-413c-bb15-ae6ce2e9b713",
    "resource": {
      "resourceType": "Coverage",
      "id": "ba629a81-b86b-413c-bb15-ae6ce2e9b713",
      "status": "active",
      "beneficiary": {
        "reference": "Patient/847ba73d-935a-4dae-865e-0d6aa484c6ad"
      },
      "period": {
        "start": "1974-01-02T08:00:00+00:00"
      },
      "payor": [ {
        "reference": "Organization/8826dd9a-5d3f-46c8-a9ba-33dfcece71e4"
      } ]
    },
    "request": {
      "method": "PUT",
      "url": "Coverage/ba629a81-b86b-413c-bb15-ae6ce2e9b713"
    }
  }, {
    "fullUrl": "https://madie.cms.gov/Organization/8826dd9a-5d3f-46c8-a9ba-33dfcece71e4",
    "resource": {
      "resourceType": "Organization",
      "id": "8826dd9a-5d3f-46c8-a9ba-33dfcece71e4",
      "meta": {
        "profile": [ "http://hl7.org/fhir/us/qicore/StructureDefinition/qicore-organization" ]
      },
      "identifier": [ {
        "use": "temp",
        "system": "urn:oid:2.16.840.1.113883.4.4",
        "value": "21-3259825"
      } ],
      "active": true,
      "type": [ {
        "coding": [ {
          "system": "http://terminology.hl7.org/CodeSystem/organization-type",
          "code": "pay",
          "display": "Payer"
        } ]
      } ],
      "name": "Blue Cross Blue Shield of Texas",
      "telecom": [ {
        "system": "phone",
        "value": "(+1) 972-766-6900"
      } ],
      "address": [ {
        "use": "billing",
        "type": "postal",
        "line": [ "P.O. Box 660044" ],
        "city": "Dallas",
        "state": "TX",
        "postalCode": "75266-0044",
        "country": "USA"
      } ]
    },
    "request": {
      "method": "PUT",
      "url": "Organization/8826dd9a-5d3f-46c8-a9ba-33dfcece71e4"
    }
  }, {
    "fullUrl": "https://madie.cms.gov/Practitioner/d9ecd255-5a20-4e03-9b7b-886421284fe3",
    "resource": {
      "resourceType": "Practitioner",
      "id": "d9ecd255-5a20-4e03-9b7b-886421284fe3",
      "identifier": [ {
        "system": "http://hl7.org/fhir/sid/us-npi",
        "value": "123456"
      } ],
      "name": [ {
        "family": "Evil",
        "prefix": [ "Dr" ]
      } ]
    },
    "request": {
      "method": "PUT",
      "url": "Practitioner/d9ecd255-5a20-4e03-9b7b-886421284fe3"
    }
  }, {
    "fullUrl": "https://madie.cms.gov/MeasureReport/ff5caa60-5d2a-40b6-80f8-fc5ae61e77e6",
    "resource": {
      "resourceType": "MeasureReport",
      "id": "ff5caa60-5d2a-40b6-80f8-fc5ae61e77e6",
      "meta": {
        "profile": [ "http://hl7.org/fhir/us/cqfmeasures/StructureDefinition/test-case-cqfm" ]
      },
      "contained": [ {
        "resourceType": "Parameters",
        "id": "f98150c4-403c-4abb-bbdc-1bf52b145d86-parameters",
        "parameter": [ {
          "name": "subject",
          "valueString": "847ba73d-935a-4dae-865e-0d6aa484c6ad"
        } ]
      } ],
      "extension": [ {
        "url": "http://hl7.org/fhir/us/cqfmeasures/StructureDefinition/cqfm-inputParameters",
        "valueReference": {
          "reference": "#f98150c4-403c-4abb-bbdc-1bf52b145d86-parameters"
        }
      }, {
        "url": "http://hl7.org/fhir/us/cqfmeasures/StructureDefinition/cqfm-testCaseDescription",
        "valueMarkdown": "vte risk assessment low risk < = 1 day after start of IP encounter\n"
      } ],
      "modifierExtension": [ {
        "url": "http://hl7.org/fhir/us/cqfmeasures/StructureDefinition/cqfm-isTestCase",
        "valueBoolean": true
      } ],
      "status": "complete",
      "type": "individual",
      "measure": "https://madie.cms.gov/Measure/VenousThromboembolismProphylaxisFHIR",
      "period": {
        "start": "2025-01-01",
        "end": "2025-12-31"
      },
      "group": [ {
        "population": [ {
          "code": {
            "coding": [ {
              "system": "http://terminology.hl7.org/CodeSystem/measure-population",
              "code": "initial-population",
              "display": "Initial Population"
            } ]
          },
          "count": 1
        }, {
          "code": {
            "coding": [ {
              "system": "http://terminology.hl7.org/CodeSystem/measure-population",
              "code": "denominator",
              "display": "Denominator"
            } ]
          },
          "count": 1
        }, {
          "code": {
            "coding": [ {
              "system": "http://terminology.hl7.org/CodeSystem/measure-population",
              "code": "denominator-exclusion",
              "display": "Denominator Exclusion"
            } ]
          },
          "count": 0
        }, {
          "code": {
            "coding": [ {
              "system": "http://terminology.hl7.org/CodeSystem/measure-population",
              "code": "numerator",
              "display": "Numerator"
            } ]
          },
          "count": 1
        } ]
      } ],
      "evaluatedResource": [ {
        "reference": "Patient/847ba73d-935a-4dae-865e-0d6aa484c6ad"
      }, {
        "reference": "Encounter/22dfa9b9-0ce6-4cb3-baff-7279c6e96d39"
      }, {
        "reference": "Observation/c24cc43b-7919-4d70-97be-a2e24c9e9995"
      }, {
        "reference": "Coverage/ba629a81-b86b-413c-bb15-ae6ce2e9b713"
      }, {
        "reference": "Organization/8826dd9a-5d3f-46c8-a9ba-33dfcece71e4"
      }, {
        "reference": "Practitioner/d9ecd255-5a20-4e03-9b7b-886421284fe3"
      } ]
    },
    "request": {
      "method": "PUT",
      "url": "MeasureReport/ff5caa60-5d2a-40b6-80f8-fc5ae61e77e6"
    }
  } ]
}