{
  "resourceType": "Bundle",
  "id": "612e6a5902c62a011f2e9c30",
  "type": "transaction",
  "entry": [ {
    "fullUrl": "https://madie.cms.gov/Patient/75a0db2d-b47a-4bdb-aba2-58adcafa2168",
    "resource": {
      "resourceType": "Patient",
      "id": "75a0db2d-b47a-4bdb-aba2-58adcafa2168",
      "meta": {
        "profile": [ "http://hl7.org/fhir/us/qicore/StructureDefinition/qicore-patient" ]
      },
      "text": {
        "status": "generated",
        "div": "<div xmlns=\"http://www.w3.org/1999/xhtml\"><div class=\"hapiHeaderText\">DA_IPC_DayOfAnes_ProcRvltDT <b>NUMERPASS </b></div><table class=\"hapiPropertyTable\"><tbody><tr><td>Identifier</td><td>1961fbe2390b043fd8bdab11cc421834</td></tr><tr><td>Date of birth</td><td><span>02 January 1974</span></td></tr></tbody></table></div>"
      },
      "extension": [ {
        "url": "http://hl7.org/fhir/us/core/StructureDefinition/us-core-race",
        "extension": [ {
          "url": "ombCategory",
          "valueCoding": {
            "system": "urn:oid:2.16.840.1.113883.6.238",
            "code": "1002-5",
            "display": "American Indian or Alaska Native",
            "userSelected": true
          }
        }, {
          "url": "text",
          "valueString": "American Indian or Alaska Native"
        } ]
      }, {
        "url": "http://hl7.org/fhir/us/core/StructureDefinition/us-core-ethnicity",
        "extension": [ {
          "url": "ombCategory",
          "valueCoding": {
            "system": "urn:oid:2.16.840.1.113883.6.238",
            "code": "2135-2",
            "display": "Hispanic or Latino",
            "userSelected": true
          }
        }, {
          "url": "text",
          "valueString": "Hispanic or Latino"
        } ]
      } ],
      "identifier": [ {
        "type": {
          "coding": [ {
            "system": "http://terminology.hl7.org/CodeSystem/v2-0203",
            "code": "MR"
          } ]
        },
        "system": "https://bonnie-fhir.healthit.gov/",
        "value": "612e6a5902c62a011f2e9c30"
      } ],
      "active": true,
      "name": [ {
        "use": "usual",
        "family": "NUMERPass",
        "given": [ "DA_IPC_DayOfAnes_ProcRvltDT" ]
      } ],
      "gender": "male",
      "birthDate": "1974-01-02"
    },
    "request": {
      "method": "PUT",
      "url": "Patient/75a0db2d-b47a-4bdb-aba2-58adcafa2168"
    }
  }, {
    "fullUrl": "https://madie.cms.gov/Encounter/268d4580-f3a7-4bc9-a1fe-fccb32b51030",
    "resource": {
      "resourceType": "Encounter",
      "id": "268d4580-f3a7-4bc9-a1fe-fccb32b51030",
      "meta": {
        "profile": [ "http://hl7.org/fhir/us/qicore/StructureDefinition/qicore-encounter" ]
      },
      "status": "finished",
      "class": {
        "system": "http://terminology.hl7.org/CodeSystem/v3-ActCode",
        "code": "IMP",
        "display": "inpatient encounter"
      },
      "type": [ {
        "coding": [ {
          "system": "http://snomed.info/sct",
          "code": "8715000"
        } ]
      } ],
      "subject": {
        "reference": "Patient/75a0db2d-b47a-4bdb-aba2-58adcafa2168"
      },
      "period": {
        "start": "2025-11-01T08:00:00+00:00",
        "end": "2025-11-26T08:15:00+00:00"
      },
      "length": {
        "value": 25.0,
        "unit": "days"
      }
    },
    "request": {
      "method": "PUT",
      "url": "Encounter/268d4580-f3a7-4bc9-a1fe-fccb32b51030"
    }
  }, {
    "fullUrl": "https://madie.cms.gov/Coverage/cbcda46b-a9af-4dff-86bd-e726f453a30f",
    "resource": {
      "resourceType": "Coverage",
      "id": "cbcda46b-a9af-4dff-86bd-e726f453a30f",
      "status": "active",
      "beneficiary": {
        "reference": "Patient/75a0db2d-b47a-4bdb-aba2-58adcafa2168"
      },
      "period": {
        "start": "1974-01-02T08:00:00+00:00"
      },
      "payor": [ {
        "reference": "Organization/fd68259d-7a39-4d14-a51d-26a482f79f18"
      } ]
    },
    "request": {
      "method": "PUT",
      "url": "Coverage/cbcda46b-a9af-4dff-86bd-e726f453a30f"
    }
  }, {
    "fullUrl": "https://madie.cms.gov/Procedure/e1b69202-011e-46cf-9617-5fbe043ec847",
    "resource": {
      "resourceType": "Procedure",
      "id": "e1b69202-011e-46cf-9617-5fbe043ec847",
      "meta": {
        "profile": [ "http://hl7.org/fhir/us/qicore/StructureDefinition/qicore-procedure" ]
      },
      "extension": [ {
        "url": "http://hl7.org/fhir/us/qicore/StructureDefinition/qicore-recorded",
        "valueDateTime": "2012-11-02T09:35:00-04:00"
      } ],
      "status": "completed",
      "code": {
        "coding": [ {
          "system": "http://snomed.info/sct",
          "code": "443448006",
          "display": "Application of intermittent pneumatic compression device (procedure)"
        } ]
      },
      "subject": {
        "reference": "Patient/75a0db2d-b47a-4bdb-aba2-58adcafa2168"
      },
      "performedDateTime": "2025-11-01T11:00:00+00:00"
    },
    "request": {
      "method": "PUT",
      "url": "Procedure/e1b69202-011e-46cf-9617-5fbe043ec847"
    }
  }, {
    "fullUrl": "https://madie.cms.gov/Procedure/44792baa-ea8e-4550-9c4f-5f09504c483d",
    "resource": {
      "resourceType": "Procedure",
      "id": "44792baa-ea8e-4550-9c4f-5f09504c483d",
      "meta": {
        "profile": [ "http://hl7.org/fhir/us/qicore/StructureDefinition/qicore-procedure" ]
      },
      "extension": [ {
        "url": "http://hl7.org/fhir/us/qicore/StructureDefinition/qicore-recorded",
        "valueDateTime": "2012-11-02T09:35:00-04:00"
      } ],
      "status": "completed",
      "code": {
        "coding": [ {
          "system": "http://snomed.info/sct",
          "code": "18946005"
        } ]
      },
      "subject": {
        "reference": "Patient/75a0db2d-b47a-4bdb-aba2-58adcafa2168"
      },
      "performedPeriod": {
        "start": "2025-11-01T09:00:00+00:00",
        "end": "2025-11-01T09:15:00+00:00"
      }
    },
    "request": {
      "method": "PUT",
      "url": "Procedure/44792baa-ea8e-4550-9c4f-5f09504c483d"
    }
  }, {
    "fullUrl": "https://madie.cms.gov/Procedure/304bca42-a6cc-497b-954a-c8cd1e0bb145",
    "resource": {
      "resourceType": "Procedure",
      "id": "304bca42-a6cc-497b-954a-c8cd1e0bb145",
      "status": "completed",
      "code": {
        "coding": [ {
          "system": "http://snomed.info/sct",
          "version": "2025-03",
          "code": "360030002",
          "display": "Application of device (procedure)",
          "userSelected": true
        } ]
      },
      "subject": {
        "reference": "Patient/75a0db2d-b47a-4bdb-aba2-58adcafa2168"
      },
      "performedDateTime": "2025-11-01T11:00:00.000+00:00",
      "usedCode": [ {
        "coding": [ {
          "system": "http://snomed.info/sct",
          "code": "428411000124104",
          "display": "Intermittent pneumatic compression boot (physical object)",
          "userSelected": true
        } ]
      } ]
    },
    "request": {
      "method": "PUT",
      "url": "Procedure/304bca42-a6cc-497b-954a-c8cd1e0bb145"
    }
  }, {
    "fullUrl": "https://madie.cms.gov/Organization/fd68259d-7a39-4d14-a51d-26a482f79f18",
    "resource": {
      "resourceType": "Organization",
      "id": "fd68259d-7a39-4d14-a51d-26a482f79f18",
      "meta": {
        "profile": [ "http://hl7.org/fhir/us/qicore/StructureDefinition/qicore-organization" ]
      },
      "identifier": [ {
        "use": "temp",
        "system": "urn:oid:2.16.840.1.113883.4.4",
        "value": "21-3259825"
      } ],
      "active": true,
      "type": [ {
        "coding": [ {
          "system": "http://terminology.hl7.org/CodeSystem/organization-type",
          "code": "pay",
          "display": "Payer"
        } ]
      } ],
      "name": "Blue Cross Blue Shield of Texas",
      "telecom": [ {
        "system": "phone",
        "value": "(+1) 972-766-6900"
      } ],
      "address": [ {
        "use": "billing",
        "type": "postal",
        "line": [ "P.O. Box 660044" ],
        "city": "Dallas",
        "state": "TX",
        "postalCode": "75266-0044",
        "country": "USA"
      } ]
    },
    "request": {
      "method": "PUT",
      "url": "Organization/fd68259d-7a39-4d14-a51d-26a482f79f18"
    }
  }, {
    "fullUrl": "https://madie.cms.gov/Practitioner/ff1e05eb-3b80-4cb9-965d-b7cd1d6528af",
    "resource": {
      "resourceType": "Practitioner",
      "id": "ff1e05eb-3b80-4cb9-965d-b7cd1d6528af",
      "identifier": [ {
        "system": "http://hl7.org/fhir/sid/us-npi",
        "value": "123456"
      } ],
      "name": [ {
        "family": "Evil",
        "prefix": [ "Dr" ]
      } ]
    },
    "request": {
      "method": "PUT",
      "url": "Practitioner/ff1e05eb-3b80-4cb9-965d-b7cd1d6528af"
    }
  }, {
    "fullUrl": "https://madie.cms.gov/MeasureReport/7f653b31-7ec3-4604-8f06-6705a5abb5fb",
    "resource": {
      "resourceType": "MeasureReport",
      "id": "7f653b31-7ec3-4604-8f06-6705a5abb5fb",
      "meta": {
        "profile": [ "http://hl7.org/fhir/us/cqfmeasures/StructureDefinition/test-case-cqfm" ]
      },
      "contained": [ {
        "resourceType": "Parameters",
        "id": "2c9cf1b0-5913-4212-a58a-6719bfb2ed07-parameters",
        "parameter": [ {
          "name": "subject",
          "valueString": "75a0db2d-b47a-4bdb-aba2-58adcafa2168"
        } ]
      } ],
      "extension": [ {
        "url": "http://hl7.org/fhir/us/cqfmeasures/StructureDefinition/cqfm-inputParameters",
        "valueReference": {
          "reference": "#2c9cf1b0-5913-4212-a58a-6719bfb2ed07-parameters"
        }
      }, {
        "url": "http://hl7.org/fhir/us/cqfmeasures/StructureDefinition/cqfm-testCaseDescription",
        "valueMarkdown": "IPC =0 day after end of anesthesia\n"
      } ],
      "modifierExtension": [ {
        "url": "http://hl7.org/fhir/us/cqfmeasures/StructureDefinition/cqfm-isTestCase",
        "valueBoolean": true
      } ],
      "status": "complete",
      "type": "individual",
      "measure": "https://madie.cms.gov/Measure/VenousThromboembolismProphylaxisFHIR",
      "period": {
        "start": "2025-01-01",
        "end": "2025-12-31"
      },
      "group": [ {
        "population": [ {
          "code": {
            "coding": [ {
              "system": "http://terminology.hl7.org/CodeSystem/measure-population",
              "code": "initial-population",
              "display": "Initial Population"
            } ]
          },
          "count": 1
        }, {
          "code": {
            "coding": [ {
              "system": "http://terminology.hl7.org/CodeSystem/measure-population",
              "code": "denominator",
              "display": "Denominator"
            } ]
          },
          "count": 1
        }, {
          "code": {
            "coding": [ {
              "system": "http://terminology.hl7.org/CodeSystem/measure-population",
              "code": "denominator-exclusion",
              "display": "Denominator Exclusion"
            } ]
          },
          "count": 0
        }, {
          "code": {
            "coding": [ {
              "system": "http://terminology.hl7.org/CodeSystem/measure-population",
              "code": "numerator",
              "display": "Numerator"
            } ]
          },
          "count": 1
        } ]
      } ],
      "evaluatedResource": [ {
        "reference": "Patient/75a0db2d-b47a-4bdb-aba2-58adcafa2168"
      }, {
        "reference": "Encounter/268d4580-f3a7-4bc9-a1fe-fccb32b51030"
      }, {
        "reference": "Coverage/cbcda46b-a9af-4dff-86bd-e726f453a30f"
      }, {
        "reference": "Procedure/e1b69202-011e-46cf-9617-5fbe043ec847"
      }, {
        "reference": "Procedure/44792baa-ea8e-4550-9c4f-5f09504c483d"
      }, {
        "reference": "Procedure/304bca42-a6cc-497b-954a-c8cd1e0bb145"
      }, {
        "reference": "Organization/fd68259d-7a39-4d14-a51d-26a482f79f18"
      }, {
        "reference": "Practitioner/ff1e05eb-3b80-4cb9-965d-b7cd1d6528af"
      } ]
    },
    "request": {
      "method": "PUT",
      "url": "MeasureReport/7f653b31-7ec3-4604-8f06-6705a5abb5fb"
    }
  } ]
}