{
  "resourceType": "Bundle",
  "id": "60abda28bf0a01003e3f76bd",
  "type": "transaction",
  "entry": [ {
    "fullUrl": "https://madie.cms.gov/Patient/326c4d57-1c4e-498e-8975-ceb9913c28f8",
    "resource": {
      "resourceType": "Patient",
      "id": "326c4d57-1c4e-498e-8975-ceb9913c28f8",
      "meta": {
        "profile": [ "http://hl7.org/fhir/us/qicore/StructureDefinition/qicore-patient" ]
      },
      "extension": [ {
        "url": "http://hl7.org/fhir/us/core/StructureDefinition/us-core-race",
        "extension": [ {
          "url": "ombCategory",
          "valueCoding": {
            "system": "urn:oid:2.16.840.1.113883.6.238",
            "code": "2054-5",
            "display": "Black or African American"
          }
        }, {
          "url": "text",
          "valueString": "Black or African American"
        } ]
      }, {
        "url": "http://hl7.org/fhir/us/core/StructureDefinition/us-core-ethnicity",
        "extension": [ {
          "url": "ombCategory",
          "valueCoding": {
            "system": "urn:oid:2.16.840.1.113883.6.238",
            "code": "2186-5",
            "display": "Not Hispanic or Latino"
          }
        }, {
          "url": "text",
          "valueString": "Not Hispanic or Latino"
        } ]
      } ],
      "identifier": [ {
        "type": {
          "coding": [ {
            "system": "http://terminology.hl7.org/CodeSystem/v2-0203",
            "code": "MR"
          } ]
        },
        "system": "https://bonnie-fhir.healthit.gov/",
        "value": "463131313187656"
      } ],
      "name": [ {
        "family": "NUMERFail",
        "given": [ "DEXAorderLessThan4MonthsAfterADT" ]
      } ],
      "gender": "male",
      "birthDate": "1930-06-15"
    },
    "request": {
      "method": "PUT",
      "url": "Patient/326c4d57-1c4e-498e-8975-ceb9913c28f8"
    }
  }, {
    "fullUrl": "https://madie.cms.gov/Encounter/cd6fdb76-34f1-46c9-9903-48f5116fb09f",
    "resource": {
      "resourceType": "Encounter",
      "id": "cd6fdb76-34f1-46c9-9903-48f5116fb09f",
      "meta": {
        "profile": [ "http://hl7.org/fhir/us/qicore/StructureDefinition/qicore-encounter" ]
      },
      "status": "finished",
      "class": {
        "system": "http://terminology.hl7.org/CodeSystem/v3-ActCode",
        "code": "AMB",
        "display": "ambulatory"
      },
      "type": [ {
        "coding": [ {
          "system": "http://snomed.info/sct",
          "version": "http://snomed.info/sct/731000124108/version/20240301",
          "code": "185463005",
          "display": "Visit out of hours (procedure)"
        } ]
      } ],
      "subject": {
        "reference": "Patient/326c4d57-1c4e-498e-8975-ceb9913c28f8"
      },
      "period": {
        "start": "2026-06-04T08:00:00.000+00:00",
        "end": "2026-06-04T08:15:00.000+00:00"
      }
    },
    "request": {
      "method": "PUT",
      "url": "Encounter/cd6fdb76-34f1-46c9-9903-48f5116fb09f"
    }
  }, {
    "fullUrl": "https://madie.cms.gov/Condition/cffdc561-6a44-4665-bfed-66ce8ac2f13d",
    "resource": {
      "resourceType": "Condition",
      "id": "cffdc561-6a44-4665-bfed-66ce8ac2f13d",
      "meta": {
        "profile": [ "http://hl7.org/fhir/us/qicore/StructureDefinition/qicore-condition-problems-health-concerns" ]
      },
      "clinicalStatus": {
        "coding": [ {
          "system": "http://terminology.hl7.org/CodeSystem/condition-clinical",
          "code": "active",
          "display": "Active",
          "userSelected": true
        } ]
      },
      "verificationStatus": {
        "coding": [ {
          "system": "http://terminology.hl7.org/CodeSystem/condition-ver-status",
          "code": "confirmed"
        } ]
      },
      "category": [ {
        "coding": [ {
          "system": "http://terminology.hl7.org/CodeSystem/condition-category",
          "code": "problem-list-item",
          "display": "Problem List Item"
        } ]
      } ],
      "code": {
        "coding": [ {
          "system": "http://snomed.info/sct",
          "version": "http://snomed.info/sct/731000124108/version/20240301",
          "code": "254900004",
          "display": "Carcinoma of prostate (disorder)"
        } ]
      },
      "subject": {
        "reference": "Patient/326c4d57-1c4e-498e-8975-ceb9913c28f8"
      },
      "onsetPeriod": {
        "start": "2026-06-04T08:00:00.000+00:00"
      }
    },
    "request": {
      "method": "PUT",
      "url": "Condition/cffdc561-6a44-4665-bfed-66ce8ac2f13d"
    }
  }, {
    "fullUrl": "https://madie.cms.gov/Observation/fae7ea96-2c01-4c46-989f-e6ce3375c2a1",
    "resource": {
      "resourceType": "Observation",
      "id": "fae7ea96-2c01-4c46-989f-e6ce3375c2a1",
      "meta": {
        "profile": [ "http://hl7.org/fhir/us/qicore/StructureDefinition/qicore-observation-lab" ]
      },
      "status": "final",
      "category": [ {
        "coding": [ {
          "system": "http://terminology.hl7.org/CodeSystem/observation-category",
          "code": "imaging",
          "display": "Imaging"
        } ]
      } ],
      "code": {
        "coding": [ {
          "system": "http://loinc.org",
          "version": "2.76",
          "code": "38265-5",
          "display": "DXA Radius and Ulna [T-score] Bone density"
        } ]
      },
      "subject": {
        "reference": "Patient/326c4d57-1c4e-498e-8975-ceb9913c28f8"
      },
      "effectivePeriod": {
        "start": "2026-09-15T10:00:00.000+00:00"
      }
    },
    "request": {
      "method": "PUT",
      "url": "Observation/fae7ea96-2c01-4c46-989f-e6ce3375c2a1"
    }
  }, {
    "fullUrl": "https://madie.cms.gov/Practitioner/5041e0be-9a9c-45e9-9fd4-bb79e31a7edd",
    "resource": {
      "resourceType": "Practitioner",
      "id": "5041e0be-9a9c-45e9-9fd4-bb79e31a7edd",
      "meta": {
        "profile": [ "http://hl7.org/fhir/us/qicore/StructureDefinition/qicore-practitioner" ]
      },
      "identifier": [ {
        "use": "temp",
        "system": "urn:oid:2.16.840.1.113883.4.336",
        "value": "Practitioner-23"
      } ],
      "active": true,
      "name": [ {
        "family": "Careful",
        "given": [ "Adam" ],
        "prefix": [ "Dr" ]
      } ],
      "address": [ {
        "use": "home",
        "line": [ "534 Erewhon St" ],
        "city": "PleasantVille",
        "state": "UT",
        "postalCode": "84414"
      } ],
      "qualification": [ {
        "identifier": [ {
          "system": "http://example.org/UniversityIdentifier",
          "value": "12345"
        } ],
        "code": {
          "coding": [ {
            "system": "http://terminology.hl7.org/CodeSystem/v2-0360|2.7",
            "code": "BS",
            "display": "Bachelor of Science"
          } ],
          "text": "Bachelor of Science"
        },
        "period": {
          "start": "1996"
        },
        "issuer": {
          "display": "Example University"
        }
      } ]
    },
    "request": {
      "method": "PUT",
      "url": "Practitioner/5041e0be-9a9c-45e9-9fd4-bb79e31a7edd"
    }
  }, {
    "fullUrl": "https://madie.cms.gov/MedicationRequest/8e0360f4-184f-48e9-9e4d-fd3f7c30154d",
    "resource": {
      "resourceType": "MedicationRequest",
      "id": "8e0360f4-184f-48e9-9e4d-fd3f7c30154d",
      "meta": {
        "profile": [ "http://hl7.org/fhir/us/qicore/StructureDefinition/qicore-medicationrequest" ]
      },
      "status": "active",
      "intent": "order",
      "medicationCodeableConcept": {
        "coding": [ {
          "system": "http://www.nlm.nih.gov/research/umls/rxnorm",
          "version": "04012024",
          "code": "1115257",
          "display": "1.5 ML leuprolide acetate 30 MG/ML Prefilled Syringe"
        } ]
      },
      "subject": {
        "reference": "Patient/326c4d57-1c4e-498e-8975-ceb9913c28f8"
      },
      "authoredOn": "2026-06-04T08:00:00.000+00:00",
      "requester": {
        "reference": "http://myGoodHealthcare.com/fhir/Practitioner/5041e0be-9a9c-45e9-9fd4-bb79e31a7edd"
      },
      "dosageInstruction": [ {
        "timing": {
          "repeat": {
            "boundsPeriod": {
              "start": "2026-06-04T08:00:00.000+00:00",
              "end": "2026-07-04T08:00:00.000+00:00"
            }
          }
        }
      } ]
    },
    "request": {
      "method": "PUT",
      "url": "MedicationRequest/8e0360f4-184f-48e9-9e4d-fd3f7c30154d"
    }
  }, {
    "fullUrl": "https://madie.cms.gov/ServiceRequest/9a8073d6-027c-4ce2-b586-f753c8748b69",
    "resource": {
      "resourceType": "ServiceRequest",
      "id": "9a8073d6-027c-4ce2-b586-f753c8748b69",
      "meta": {
        "profile": [ "http://hl7.org/fhir/us/qicore/StructureDefinition/qicore-servicerequest" ]
      },
      "status": "active",
      "intent": "order",
      "code": {
        "coding": [ {
          "system": "http://snomed.info/sct",
          "version": "http://snomed.info/sct/731000124108/version/20240301",
          "code": "456381000124102",
          "display": "Injection of leuprolide acetate for twelve month period (regime/therapy)"
        } ]
      },
      "subject": {
        "reference": "Patient/326c4d57-1c4e-498e-8975-ceb9913c28f8"
      },
      "authoredOn": "2026-06-04T08:00:00.000+00:00"
    },
    "request": {
      "method": "PUT",
      "url": "ServiceRequest/9a8073d6-027c-4ce2-b586-f753c8748b69"
    }
  }, {
    "fullUrl": "https://madie.cms.gov/MeasureReport/e64191e5-4680-46fe-9b0a-692f9b730688",
    "resource": {
      "resourceType": "MeasureReport",
      "id": "e64191e5-4680-46fe-9b0a-692f9b730688",
      "meta": {
        "profile": [ "http://hl7.org/fhir/us/cqfmeasures/StructureDefinition/test-case-cqfm" ]
      },
      "contained": [ {
        "resourceType": "Parameters",
        "id": "53cba589-7b59-4718-b084-5c40217a426e-parameters",
        "parameter": [ {
          "name": "subject",
          "valueString": "326c4d57-1c4e-498e-8975-ceb9913c28f8"
        } ]
      } ],
      "extension": [ {
        "url": "http://hl7.org/fhir/StructureDefinition/cqf-inputParameters",
        "valueReference": {
          "reference": "#53cba589-7b59-4718-b084-5c40217a426e-parameters"
        }
      }, {
        "url": "http://hl7.org/fhir/us/cqfmeasures/StructureDefinition/cqfm-testCaseDescription",
        "valueMarkdown": "Patient has diagnosis of Prostate Cancer.  DEXA ordered 4 mo after ADT start.  Fails NUMER criteria."
      } ],
      "modifierExtension": [ {
        "url": "http://hl7.org/fhir/us/cqfmeasures/StructureDefinition/cqfm-isTestCase",
        "valueBoolean": true
      } ],
      "status": "complete",
      "type": "individual",
      "measure": "https://madie.cms.gov/Measure/CMS645FHIRBoneDensityProstateCancerAndrogenDeprivationTherapy",
      "period": {
        "start": "2026-01-01",
        "end": "2026-12-31"
      },
      "group": [ {
        "id": "Group_1",
        "population": [ {
          "id": "InitialPopulation_1",
          "code": {
            "coding": [ {
              "system": "http://terminology.hl7.org/CodeSystem/measure-population",
              "code": "initial-population",
              "display": "Initial Population"
            } ]
          },
          "count": 1
        }, {
          "id": "Denominator_1",
          "code": {
            "coding": [ {
              "system": "http://terminology.hl7.org/CodeSystem/measure-population",
              "code": "denominator",
              "display": "Denominator"
            } ]
          },
          "count": 1
        }, {
          "id": "Numerator_1",
          "code": {
            "coding": [ {
              "system": "http://terminology.hl7.org/CodeSystem/measure-population",
              "code": "numerator",
              "display": "Numerator"
            } ]
          },
          "count": 0
        }, {
          "id": "DenominatorException_1",
          "code": {
            "coding": [ {
              "system": "http://terminology.hl7.org/CodeSystem/measure-population",
              "code": "denominator-exception",
              "display": "Denominator Exception"
            } ]
          },
          "count": 0
        } ],
        "measureScore": {
          "value": 1.0
        }
      } ],
      "evaluatedResource": [ {
        "reference": "Patient/326c4d57-1c4e-498e-8975-ceb9913c28f8"
      }, {
        "reference": "Encounter/cd6fdb76-34f1-46c9-9903-48f5116fb09f"
      }, {
        "reference": "Condition/cffdc561-6a44-4665-bfed-66ce8ac2f13d"
      }, {
        "reference": "Observation/fae7ea96-2c01-4c46-989f-e6ce3375c2a1"
      }, {
        "reference": "Practitioner/5041e0be-9a9c-45e9-9fd4-bb79e31a7edd"
      }, {
        "reference": "MedicationRequest/8e0360f4-184f-48e9-9e4d-fd3f7c30154d"
      }, {
        "reference": "ServiceRequest/9a8073d6-027c-4ce2-b586-f753c8748b69"
      } ]
    },
    "request": {
      "method": "PUT",
      "url": "MeasureReport/e64191e5-4680-46fe-9b0a-692f9b730688"
    }
  } ]
}