{
  "resourceType": "Bundle",
  "id": "612e6ad302c62a011f2eb5b5",
  "type": "transaction",
  "entry": [ {
    "fullUrl": "https://madie.cms.gov/Patient/481bf4bc-ab54-44fb-b1f7-43898908e5f5",
    "resource": {
      "resourceType": "Patient",
      "id": "481bf4bc-ab54-44fb-b1f7-43898908e5f5",
      "meta": {
        "profile": [ "http://hl7.org/fhir/us/qicore/StructureDefinition/qicore-patient" ]
      },
      "text": {
        "status": "generated",
        "div": "<div xmlns=\"http://www.w3.org/1999/xhtml\"><div class=\"hapiHeaderText\">DA_GCS_OnAnesEndTime_EncStartTime <b>NUMERPASS </b></div><table class=\"hapiPropertyTable\"><tbody><tr><td>Identifier</td><td>1f0dc9e293f324a804fb829ef6a3a35d</td></tr><tr><td>Date of birth</td><td><span>02 January 1974</span></td></tr></tbody></table></div>"
      },
      "extension": [ {
        "url": "http://hl7.org/fhir/us/core/StructureDefinition/us-core-race",
        "extension": [ {
          "url": "ombCategory",
          "valueCoding": {
            "system": "urn:oid:2.16.840.1.113883.6.238",
            "code": "1002-5",
            "display": "American Indian or Alaska Native",
            "userSelected": true
          }
        }, {
          "url": "text",
          "valueString": "American Indian or Alaska Native"
        } ]
      }, {
        "url": "http://hl7.org/fhir/us/core/StructureDefinition/us-core-ethnicity",
        "extension": [ {
          "url": "ombCategory",
          "valueCoding": {
            "system": "urn:oid:2.16.840.1.113883.6.238",
            "code": "2135-2",
            "display": "Hispanic or Latino",
            "userSelected": true
          }
        }, {
          "url": "text",
          "valueString": "Hispanic or Latino"
        } ]
      } ],
      "identifier": [ {
        "type": {
          "coding": [ {
            "system": "http://terminology.hl7.org/CodeSystem/v2-0203",
            "code": "MR"
          } ]
        },
        "system": "https://bonnie-fhir.healthit.gov/",
        "value": "612e6ad302c62a011f2eb5b5"
      } ],
      "active": true,
      "name": [ {
        "use": "usual",
        "family": "NUMERPass",
        "given": [ "DA_GCS_OnAnesEndTime_EncStartTime" ]
      } ],
      "gender": "male",
      "birthDate": "1974-01-02"
    },
    "request": {
      "method": "PUT",
      "url": "Patient/481bf4bc-ab54-44fb-b1f7-43898908e5f5"
    }
  }, {
    "fullUrl": "https://madie.cms.gov/Encounter/e612684b-57fe-47d4-82e0-d1d55c95ef77",
    "resource": {
      "resourceType": "Encounter",
      "id": "e612684b-57fe-47d4-82e0-d1d55c95ef77",
      "meta": {
        "profile": [ "http://hl7.org/fhir/us/qicore/StructureDefinition/qicore-encounter" ]
      },
      "status": "finished",
      "class": {
        "system": "http://terminology.hl7.org/CodeSystem/v3-ActCode",
        "code": "IMP",
        "display": "inpatient encounter"
      },
      "type": [ {
        "coding": [ {
          "system": "http://snomed.info/sct",
          "code": "8715000"
        } ]
      } ],
      "subject": {
        "reference": "Patient/481bf4bc-ab54-44fb-b1f7-43898908e5f5"
      },
      "period": {
        "start": "2025-11-01T09:15:00+00:00",
        "end": "2025-11-26T08:15:00+00:00"
      },
      "length": {
        "value": 25.0,
        "unit": "days"
      }
    },
    "request": {
      "method": "PUT",
      "url": "Encounter/e612684b-57fe-47d4-82e0-d1d55c95ef77"
    }
  }, {
    "fullUrl": "https://madie.cms.gov/Coverage/eeec5a2d-de5f-434c-b188-974c7395d19e",
    "resource": {
      "resourceType": "Coverage",
      "id": "eeec5a2d-de5f-434c-b188-974c7395d19e",
      "status": "active",
      "beneficiary": {
        "reference": "Patient/481bf4bc-ab54-44fb-b1f7-43898908e5f5"
      },
      "period": {
        "start": "1974-01-02T08:00:00+00:00"
      },
      "payor": [ {
        "reference": "Organization/460f1309-3515-467d-a2eb-f6936b57a65e"
      } ]
    },
    "request": {
      "method": "PUT",
      "url": "Coverage/eeec5a2d-de5f-434c-b188-974c7395d19e"
    }
  }, {
    "fullUrl": "https://madie.cms.gov/Procedure/695c9f05-ee96-4f79-ba94-0ff8340f2658",
    "resource": {
      "resourceType": "Procedure",
      "id": "695c9f05-ee96-4f79-ba94-0ff8340f2658",
      "meta": {
        "profile": [ "http://hl7.org/fhir/us/qicore/StructureDefinition/qicore-procedure" ]
      },
      "extension": [ {
        "url": "http://hl7.org/fhir/us/qicore/StructureDefinition/qicore-recorded",
        "valueDateTime": "2012-11-01T09:35:00-04:00"
      } ],
      "status": "completed",
      "code": {
        "coding": [ {
          "system": "http://snomed.info/sct",
          "code": "18946005"
        } ]
      },
      "subject": {
        "reference": "Patient/481bf4bc-ab54-44fb-b1f7-43898908e5f5"
      },
      "performedPeriod": {
        "start": "2025-11-01T09:00:00+00:00",
        "end": "2025-11-01T09:15:00+00:00"
      }
    },
    "request": {
      "method": "PUT",
      "url": "Procedure/695c9f05-ee96-4f79-ba94-0ff8340f2658"
    }
  }, {
    "fullUrl": "https://madie.cms.gov/Procedure/405b91c1-7793-42aa-bbaf-a0a7286b0516",
    "resource": {
      "resourceType": "Procedure",
      "id": "405b91c1-7793-42aa-bbaf-a0a7286b0516",
      "meta": {
        "profile": [ "http://hl7.org/fhir/us/qicore/StructureDefinition/qicore-procedure" ]
      },
      "extension": [ {
        "url": "http://hl7.org/fhir/us/qicore/StructureDefinition/qicore-recorded",
        "valueDateTime": "2012-11-01T09:35:00-04:00"
      } ],
      "status": "completed",
      "code": {
        "coding": [ {
          "system": "http://snomed.info/sct",
          "code": "229511001",
          "display": "Application of graduated compression garment (procedure)",
          "userSelected": true
        } ]
      },
      "subject": {
        "reference": "Patient/481bf4bc-ab54-44fb-b1f7-43898908e5f5"
      },
      "performedDateTime": "2025-11-01T09:15:00.000+00:00"
    },
    "request": {
      "method": "PUT",
      "url": "Procedure/405b91c1-7793-42aa-bbaf-a0a7286b0516"
    }
  }, {
    "fullUrl": "https://madie.cms.gov/Organization/460f1309-3515-467d-a2eb-f6936b57a65e",
    "resource": {
      "resourceType": "Organization",
      "id": "460f1309-3515-467d-a2eb-f6936b57a65e",
      "meta": {
        "profile": [ "http://hl7.org/fhir/us/qicore/StructureDefinition/qicore-organization" ]
      },
      "identifier": [ {
        "use": "temp",
        "system": "urn:oid:2.16.840.1.113883.4.4",
        "value": "21-3259825"
      } ],
      "active": true,
      "type": [ {
        "coding": [ {
          "system": "http://terminology.hl7.org/CodeSystem/organization-type",
          "code": "pay",
          "display": "Payer"
        } ]
      } ],
      "name": "Blue Cross Blue Shield of Texas",
      "telecom": [ {
        "system": "phone",
        "value": "(+1) 972-766-6900"
      } ],
      "address": [ {
        "use": "billing",
        "type": "postal",
        "line": [ "P.O. Box 660044" ],
        "city": "Dallas",
        "state": "TX",
        "postalCode": "75266-0044",
        "country": "USA"
      } ]
    },
    "request": {
      "method": "PUT",
      "url": "Organization/460f1309-3515-467d-a2eb-f6936b57a65e"
    }
  }, {
    "fullUrl": "https://madie.cms.gov/Practitioner/dc1b791f-e41c-4b09-8f34-bf122f388cdf",
    "resource": {
      "resourceType": "Practitioner",
      "id": "dc1b791f-e41c-4b09-8f34-bf122f388cdf",
      "identifier": [ {
        "system": "http://hl7.org/fhir/sid/us-npi",
        "value": "123456"
      } ],
      "name": [ {
        "family": "Evil",
        "prefix": [ "Dr" ]
      } ]
    },
    "request": {
      "method": "PUT",
      "url": "Practitioner/dc1b791f-e41c-4b09-8f34-bf122f388cdf"
    }
  }, {
    "fullUrl": "https://madie.cms.gov/MeasureReport/46f26be4-73b6-496d-9c0a-b1046b5cd6d2",
    "resource": {
      "resourceType": "MeasureReport",
      "id": "46f26be4-73b6-496d-9c0a-b1046b5cd6d2",
      "meta": {
        "profile": [ "http://hl7.org/fhir/us/cqfmeasures/StructureDefinition/test-case-cqfm" ]
      },
      "contained": [ {
        "resourceType": "Parameters",
        "id": "99b5865d-c6f1-4c89-9ae9-e6b3d99e936c-parameters",
        "parameter": [ {
          "name": "subject",
          "valueString": "481bf4bc-ab54-44fb-b1f7-43898908e5f5"
        } ]
      } ],
      "extension": [ {
        "url": "http://hl7.org/fhir/us/cqfmeasures/StructureDefinition/cqfm-inputParameters",
        "valueReference": {
          "reference": "#99b5865d-c6f1-4c89-9ae9-e6b3d99e936c-parameters"
        }
      }, {
        "url": "http://hl7.org/fhir/us/cqfmeasures/StructureDefinition/cqfm-testCaseDescription",
        "valueMarkdown": "GCS applied concurrent with end of anesthesia, with end of anesthesia concurrent with start of IP Encounter\n"
      } ],
      "modifierExtension": [ {
        "url": "http://hl7.org/fhir/us/cqfmeasures/StructureDefinition/cqfm-isTestCase",
        "valueBoolean": true
      } ],
      "status": "complete",
      "type": "individual",
      "measure": "https://madie.cms.gov/Measure/VenousThromboembolismProphylaxisFHIR",
      "period": {
        "start": "2025-01-01",
        "end": "2025-12-31"
      },
      "group": [ {
        "population": [ {
          "code": {
            "coding": [ {
              "system": "http://terminology.hl7.org/CodeSystem/measure-population",
              "code": "initial-population",
              "display": "Initial Population"
            } ]
          },
          "count": 1
        }, {
          "code": {
            "coding": [ {
              "system": "http://terminology.hl7.org/CodeSystem/measure-population",
              "code": "denominator",
              "display": "Denominator"
            } ]
          },
          "count": 1
        }, {
          "code": {
            "coding": [ {
              "system": "http://terminology.hl7.org/CodeSystem/measure-population",
              "code": "denominator-exclusion",
              "display": "Denominator Exclusion"
            } ]
          },
          "count": 0
        }, {
          "code": {
            "coding": [ {
              "system": "http://terminology.hl7.org/CodeSystem/measure-population",
              "code": "numerator",
              "display": "Numerator"
            } ]
          },
          "count": 1
        } ]
      } ],
      "evaluatedResource": [ {
        "reference": "Patient/481bf4bc-ab54-44fb-b1f7-43898908e5f5"
      }, {
        "reference": "Encounter/e612684b-57fe-47d4-82e0-d1d55c95ef77"
      }, {
        "reference": "Coverage/eeec5a2d-de5f-434c-b188-974c7395d19e"
      }, {
        "reference": "Procedure/695c9f05-ee96-4f79-ba94-0ff8340f2658"
      }, {
        "reference": "Procedure/405b91c1-7793-42aa-bbaf-a0a7286b0516"
      }, {
        "reference": "Organization/460f1309-3515-467d-a2eb-f6936b57a65e"
      }, {
        "reference": "Practitioner/dc1b791f-e41c-4b09-8f34-bf122f388cdf"
      } ]
    },
    "request": {
      "method": "PUT",
      "url": "MeasureReport/46f26be4-73b6-496d-9c0a-b1046b5cd6d2"
    }
  } ]
}