{
  "resourceType": "Bundle",
  "id": "612e6a7002c62a011f2ea15f",
  "type": "transaction",
  "entry": [ {
    "fullUrl": "https://madie.cms.gov/Patient/6550ef7b-ec94-429e-884b-d17a76fbb940",
    "resource": {
      "resourceType": "Patient",
      "id": "6550ef7b-ec94-429e-884b-d17a76fbb940",
      "meta": {
        "profile": [ "http://hl7.org/fhir/us/qicore/StructureDefinition/qicore-patient" ]
      },
      "text": {
        "status": "generated",
        "div": "<div xmlns=\"http://www.w3.org/1999/xhtml\"><div class=\"hapiHeaderText\">PtRef_DO_GCS_1DayAFAnes <b>NUMERPASS </b></div><table class=\"hapiPropertyTable\"><tbody><tr><td>Identifier</td><td>24fc1ce85ce14557dd4d9eba17df9f17</td></tr><tr><td>Date of birth</td><td><span>02 January 1974</span></td></tr></tbody></table></div>"
      },
      "extension": [ {
        "url": "http://hl7.org/fhir/us/core/StructureDefinition/us-core-race",
        "extension": [ {
          "url": "ombCategory",
          "valueCoding": {
            "system": "urn:oid:2.16.840.1.113883.6.238",
            "code": "1002-5",
            "display": "American Indian or Alaska Native",
            "userSelected": true
          }
        }, {
          "url": "text",
          "valueString": "American Indian or Alaska Native"
        } ]
      }, {
        "url": "http://hl7.org/fhir/us/core/StructureDefinition/us-core-ethnicity",
        "extension": [ {
          "url": "ombCategory",
          "valueCoding": {
            "system": "urn:oid:2.16.840.1.113883.6.238",
            "code": "2135-2",
            "display": "Hispanic or Latino",
            "userSelected": true
          }
        }, {
          "url": "text",
          "valueString": "Hispanic or Latino"
        } ]
      } ],
      "identifier": [ {
        "type": {
          "coding": [ {
            "system": "http://terminology.hl7.org/CodeSystem/v2-0203",
            "code": "MR"
          } ]
        },
        "system": "https://bonnie-fhir.healthit.gov/",
        "value": "612e6a7002c62a011f2ea15f"
      } ],
      "active": true,
      "name": [ {
        "use": "usual",
        "family": "NUMERPass",
        "given": [ "PtRef_DO_GCS_1DayAFAnes" ]
      } ],
      "gender": "male",
      "birthDate": "1974-01-02"
    },
    "request": {
      "method": "PUT",
      "url": "Patient/6550ef7b-ec94-429e-884b-d17a76fbb940"
    }
  }, {
    "fullUrl": "https://madie.cms.gov/Encounter/a62f863d-1a8c-4fff-ad9e-615bc4f4bad7",
    "resource": {
      "resourceType": "Encounter",
      "id": "a62f863d-1a8c-4fff-ad9e-615bc4f4bad7",
      "meta": {
        "profile": [ "http://hl7.org/fhir/us/qicore/StructureDefinition/qicore-encounter" ]
      },
      "status": "finished",
      "class": {
        "system": "http://terminology.hl7.org/CodeSystem/v3-ActCode",
        "code": "IMP",
        "display": "inpatient encounter"
      },
      "type": [ {
        "coding": [ {
          "system": "http://snomed.info/sct",
          "code": "8715000"
        } ]
      } ],
      "subject": {
        "reference": "Patient/6550ef7b-ec94-429e-884b-d17a76fbb940"
      },
      "period": {
        "start": "2025-11-01T08:00:00+00:00",
        "end": "2025-11-26T08:15:00+00:00"
      },
      "length": {
        "value": 25,
        "unit": "days"
      }
    },
    "request": {
      "method": "PUT",
      "url": "Encounter/a62f863d-1a8c-4fff-ad9e-615bc4f4bad7"
    }
  }, {
    "fullUrl": "https://madie.cms.gov/Coverage/ed46da70-256a-41c7-b5e4-ae7f0ad55287",
    "resource": {
      "resourceType": "Coverage",
      "id": "ed46da70-256a-41c7-b5e4-ae7f0ad55287",
      "status": "active",
      "beneficiary": {
        "reference": "Patient/6550ef7b-ec94-429e-884b-d17a76fbb940"
      },
      "period": {
        "start": "1974-01-02T08:00:00+00:00"
      },
      "payor": [ {
        "reference": "Organization/726f073f-9535-43b9-b1ad-50e11557d135"
      } ]
    },
    "request": {
      "method": "PUT",
      "url": "Coverage/ed46da70-256a-41c7-b5e4-ae7f0ad55287"
    }
  }, {
    "fullUrl": "https://madie.cms.gov/Procedure/60456f68-d4f4-4872-a84d-5dc586136181",
    "resource": {
      "resourceType": "Procedure",
      "id": "60456f68-d4f4-4872-a84d-5dc586136181",
      "meta": {
        "profile": [ "http://hl7.org/fhir/us/qicore/StructureDefinition/qicore-procedure" ]
      },
      "extension": [ {
        "url": "http://hl7.org/fhir/us/qicore/StructureDefinition/qicore-recorded",
        "valueDateTime": "2012-11-03T09:35:00-04:00"
      } ],
      "status": "completed",
      "code": {
        "coding": [ {
          "system": "http://snomed.info/sct",
          "code": "18946005"
        } ]
      },
      "subject": {
        "reference": "Patient/6550ef7b-ec94-429e-884b-d17a76fbb940"
      },
      "performedPeriod": {
        "start": "2025-11-02T09:00:00+00:00",
        "end": "2025-11-02T09:15:00+00:00"
      }
    },
    "request": {
      "method": "PUT",
      "url": "Procedure/60456f68-d4f4-4872-a84d-5dc586136181"
    }
  }, {
    "fullUrl": "https://madie.cms.gov/ServiceRequest/0c408243-a245-4b8e-8f7d-d37a28306731",
    "resource": {
      "resourceType": "ServiceRequest",
      "id": "0c408243-a245-4b8e-8f7d-d37a28306731",
      "meta": {
        "profile": [ "http://hl7.org/fhir/us/qicore/StructureDefinition/qicore-servicenotrequested" ]
      },
      "extension": [ {
        "url": "http://hl7.org/fhir/us/qicore/StructureDefinition/qicore-doNotPerformReason",
        "valueCodeableConcept": {
          "coding": [ {
            "system": "http://snomed.info/sct",
            "code": "443390004",
            "display": "Refusal of treatment by patient (situation)"
          } ]
        }
      } ],
      "status": "completed",
      "intent": "order",
      "doNotPerform": true,
      "code": {
        "coding": [ {
          "system": "http://snomed.info/sct",
          "version": "2025-03",
          "code": "348681001",
          "display": "Graduated compression elastic hosiery (physical object)",
          "userSelected": true
        } ]
      },
      "subject": {
        "reference": "Patient/6550ef7b-ec94-429e-884b-d17a76fbb940"
      },
      "authoredOn": "2025-11-03T11:00:00.000+00:00"
    },
    "request": {
      "method": "PUT",
      "url": "ServiceRequest/0c408243-a245-4b8e-8f7d-d37a28306731"
    }
  }, {
    "fullUrl": "https://madie.cms.gov/Organization/726f073f-9535-43b9-b1ad-50e11557d135",
    "resource": {
      "resourceType": "Organization",
      "id": "726f073f-9535-43b9-b1ad-50e11557d135",
      "meta": {
        "profile": [ "http://hl7.org/fhir/us/qicore/StructureDefinition/qicore-organization" ]
      },
      "identifier": [ {
        "use": "temp",
        "system": "urn:oid:2.16.840.1.113883.4.4",
        "value": "21-3259825"
      } ],
      "active": true,
      "type": [ {
        "coding": [ {
          "system": "http://terminology.hl7.org/CodeSystem/organization-type",
          "code": "pay",
          "display": "Payer"
        } ]
      } ],
      "name": "Blue Cross Blue Shield of Texas",
      "telecom": [ {
        "system": "phone",
        "value": "(+1) 972-766-6900"
      } ],
      "address": [ {
        "use": "billing",
        "type": "postal",
        "line": [ "P.O. Box 660044" ],
        "city": "Dallas",
        "state": "TX",
        "postalCode": "75266-0044",
        "country": "USA"
      } ]
    },
    "request": {
      "method": "PUT",
      "url": "Organization/726f073f-9535-43b9-b1ad-50e11557d135"
    }
  }, {
    "fullUrl": "https://madie.cms.gov/Practitioner/f4b86a78-72ed-44c8-898f-7dd69ec9ad25",
    "resource": {
      "resourceType": "Practitioner",
      "id": "f4b86a78-72ed-44c8-898f-7dd69ec9ad25",
      "identifier": [ {
        "system": "http://hl7.org/fhir/sid/us-npi",
        "value": "123456"
      } ],
      "name": [ {
        "family": "Evil",
        "prefix": [ "Dr" ]
      } ]
    },
    "request": {
      "method": "PUT",
      "url": "Practitioner/f4b86a78-72ed-44c8-898f-7dd69ec9ad25"
    }
  }, {
    "fullUrl": "https://madie.cms.gov/MeasureReport/8c382d20-5b6c-46b8-9120-bc70c8209bd4",
    "resource": {
      "resourceType": "MeasureReport",
      "id": "8c382d20-5b6c-46b8-9120-bc70c8209bd4",
      "meta": {
        "profile": [ "http://hl7.org/fhir/us/cqfmeasures/StructureDefinition/test-case-cqfm" ]
      },
      "contained": [ {
        "resourceType": "Parameters",
        "id": "4bbc1e16-775d-48e0-9d37-b4a81c846780-parameters",
        "parameter": [ {
          "name": "subject",
          "valueString": "6550ef7b-ec94-429e-884b-d17a76fbb940"
        } ]
      } ],
      "extension": [ {
        "url": "http://hl7.org/fhir/us/cqfmeasures/StructureDefinition/cqfm-inputParameters",
        "valueReference": {
          "reference": "#4bbc1e16-775d-48e0-9d37-b4a81c846780-parameters"
        }
      }, {
        "url": "http://hl7.org/fhir/us/cqfmeasures/StructureDefinition/cqfm-testCaseDescription",
        "valueMarkdown": "GCS refused = 1 day after end of anesthesia;\n"
      } ],
      "modifierExtension": [ {
        "url": "http://hl7.org/fhir/us/cqfmeasures/StructureDefinition/cqfm-isTestCase",
        "valueBoolean": true
      } ],
      "status": "complete",
      "type": "individual",
      "measure": "https://madie.cms.gov/Measure/VenousThromboembolismProphylaxisFHIR",
      "period": {
        "start": "2025-01-01",
        "end": "2025-12-31"
      },
      "group": [ {
        "population": [ {
          "code": {
            "coding": [ {
              "system": "http://terminology.hl7.org/CodeSystem/measure-population",
              "code": "initial-population",
              "display": "Initial Population"
            } ]
          },
          "count": 1
        }, {
          "code": {
            "coding": [ {
              "system": "http://terminology.hl7.org/CodeSystem/measure-population",
              "code": "denominator",
              "display": "Denominator"
            } ]
          },
          "count": 1
        }, {
          "code": {
            "coding": [ {
              "system": "http://terminology.hl7.org/CodeSystem/measure-population",
              "code": "denominator-exclusion",
              "display": "Denominator Exclusion"
            } ]
          },
          "count": 0
        }, {
          "code": {
            "coding": [ {
              "system": "http://terminology.hl7.org/CodeSystem/measure-population",
              "code": "numerator",
              "display": "Numerator"
            } ]
          },
          "count": 1
        } ]
      } ],
      "evaluatedResource": [ {
        "reference": "Patient/6550ef7b-ec94-429e-884b-d17a76fbb940"
      }, {
        "reference": "Encounter/a62f863d-1a8c-4fff-ad9e-615bc4f4bad7"
      }, {
        "reference": "Coverage/ed46da70-256a-41c7-b5e4-ae7f0ad55287"
      }, {
        "reference": "Procedure/60456f68-d4f4-4872-a84d-5dc586136181"
      }, {
        "reference": "ServiceRequest/0c408243-a245-4b8e-8f7d-d37a28306731"
      }, {
        "reference": "Organization/726f073f-9535-43b9-b1ad-50e11557d135"
      }, {
        "reference": "Practitioner/f4b86a78-72ed-44c8-898f-7dd69ec9ad25"
      } ]
    },
    "request": {
      "method": "PUT",
      "url": "MeasureReport/8c382d20-5b6c-46b8-9120-bc70c8209bd4"
    }
  } ]
}