{
  "resourceType": "Bundle",
  "id": "6077319098086b6fb8f00ab2",
  "type": "transaction",
  "entry": [ {
    "fullUrl": "https://madie.cms.gov/Patient/92e567b3-9d68-4c50-9be6-36e0ca7b96f5",
    "resource": {
      "resourceType": "Patient",
      "id": "92e567b3-9d68-4c50-9be6-36e0ca7b96f5",
      "meta": {
        "profile": [ "http://hl7.org/fhir/us/qicore/StructureDefinition/qicore-patient" ]
      },
      "extension": [ {
        "url": "http://hl7.org/fhir/us/core/StructureDefinition/us-core-race",
        "extension": [ {
          "url": "ombCategory",
          "valueCoding": {
            "system": "urn:oid:2.16.840.1.113883.6.238",
            "code": "2054-5",
            "display": "Black or African American",
            "userSelected": true
          }
        }, {
          "url": "text",
          "valueString": "Black or African American"
        } ]
      }, {
        "url": "http://hl7.org/fhir/us/core/StructureDefinition/us-core-ethnicity",
        "extension": [ {
          "url": "ombCategory",
          "valueCoding": {
            "system": "urn:oid:2.16.840.1.113883.6.238",
            "code": "2135-2",
            "display": "Hispanic or Latino",
            "userSelected": true
          }
        }, {
          "url": "text",
          "valueString": "Hispanic or Latino"
        } ]
      } ],
      "identifier": [ {
        "type": {
          "coding": [ {
            "system": "http://terminology.hl7.org/CodeSystem/v2-0203",
            "code": "MR"
          } ]
        },
        "system": "https://bonnie-fhir.healthit.gov/",
        "value": "6077319098086b6fb8f00ab2"
      } ],
      "active": true,
      "name": [ {
        "use": "usual",
        "family": "NUMERPass",
        "given": [ "PtDeceasedInMP" ]
      } ],
      "gender": "male",
      "birthDate": "1941-07-04",
      "deceasedDateTime": "2013-09-01T08:00:00.000Z"
    },
    "request": {
      "method": "PUT",
      "url": "Patient/92e567b3-9d68-4c50-9be6-36e0ca7b96f5"
    }
  }, {
    "fullUrl": "https://madie.cms.gov/Encounter/cbeaf262-8fb1-4700-ae20-53fe72f3bb70",
    "resource": {
      "resourceType": "Encounter",
      "id": "cbeaf262-8fb1-4700-ae20-53fe72f3bb70",
      "meta": {
        "profile": [ "http://hl7.org/fhir/us/qicore/StructureDefinition/qicore-encounter" ]
      },
      "status": "finished",
      "class": {
        "system": "http://terminology.hl7.org/CodeSystem/v3-ActCode",
        "code": "AMB",
        "display": "ambulatory"
      },
      "type": [ {
        "coding": [ {
          "system": "http://www.ama-assn.org/go/cpt",
          "code": "99203"
        } ]
      } ],
      "subject": {
        "reference": "Patient/92e567b3-9d68-4c50-9be6-36e0ca7b96f5"
      },
      "period": {
        "start": "2025-02-01T08:00:00+00:00",
        "end": "2025-02-01T08:15:00+00:00"
      }
    },
    "request": {
      "method": "PUT",
      "url": "Encounter/cbeaf262-8fb1-4700-ae20-53fe72f3bb70"
    }
  }, {
    "fullUrl": "https://madie.cms.gov/Condition/554cb44c-9e3f-4c96-95e3-3cd2023fb37f",
    "resource": {
      "resourceType": "Condition",
      "id": "554cb44c-9e3f-4c96-95e3-3cd2023fb37f",
      "meta": {
        "profile": [ "http://hl7.org/fhir/us/qicore/StructureDefinition/qicore-condition-problems-health-concerns" ]
      },
      "clinicalStatus": {
        "coding": [ {
          "system": "http://terminology.hl7.org/CodeSystem/condition-clinical",
          "code": "active"
        } ]
      },
      "verificationStatus": {
        "coding": [ {
          "system": "http://terminology.hl7.org/CodeSystem/condition-ver-status",
          "code": "confirmed"
        } ]
      },
      "category": [ {
        "coding": [ {
          "system": "http://terminology.hl7.org/CodeSystem/condition-category",
          "code": "problem-list-item",
          "display": "Problem List Item"
        } ]
      } ],
      "code": {
        "coding": [ {
          "system": "http://hl7.org/fhir/sid/icd-10-cm",
          "code": "C61"
        } ]
      },
      "subject": {
        "reference": "Patient/92e567b3-9d68-4c50-9be6-36e0ca7b96f5"
      },
      "onsetPeriod": {
        "start": "2025-02-01T08:00:00+00:00"
      }
    },
    "request": {
      "method": "PUT",
      "url": "Condition/554cb44c-9e3f-4c96-95e3-3cd2023fb37f"
    }
  }, {
    "fullUrl": "https://madie.cms.gov/MedicationRequest/844a2d05-ee5a-475d-a2ec-ec4e816bba0f",
    "resource": {
      "resourceType": "MedicationRequest",
      "id": "844a2d05-ee5a-475d-a2ec-ec4e816bba0f",
      "meta": {
        "profile": [ "http://hl7.org/fhir/us/qicore/StructureDefinition/qicore-medicationrequest" ]
      },
      "status": "active",
      "intent": "order",
      "doNotPerform": false,
      "medicationCodeableConcept": {
        "coding": [ {
          "system": "http://www.nlm.nih.gov/research/umls/rxnorm",
          "code": "1946519"
        } ]
      },
      "subject": {
        "reference": "Patient/92e567b3-9d68-4c50-9be6-36e0ca7b96f5"
      },
      "authoredOn": "2025-02-01T08:00:00.000+00:00",
      "requester": {
        "reference": "http://myGoodHealthcare.com/fhir/Practitioner/2c808cad-be57-40f8-96a2-66e779cbebcb"
      },
      "dosageInstruction": [ {
        "timing": {
          "repeat": {
            "boundsPeriod": {
              "start": "2025-02-01T08:00:00.000+00:00",
              "end": "2025-03-01T08:15:00.000+00:00"
            }
          }
        }
      } ]
    },
    "request": {
      "method": "PUT",
      "url": "MedicationRequest/844a2d05-ee5a-475d-a2ec-ec4e816bba0f"
    }
  }, {
    "fullUrl": "https://madie.cms.gov/Practitioner/2c808cad-be57-40f8-96a2-66e779cbebcb",
    "resource": {
      "resourceType": "Practitioner",
      "id": "2c808cad-be57-40f8-96a2-66e779cbebcb",
      "meta": {
        "profile": [ "http://hl7.org/fhir/us/qicore/StructureDefinition/qicore-practitioner" ]
      },
      "identifier": [ {
        "use": "temp",
        "system": "urn:oid:2.16.840.1.113883.4.336",
        "value": "Practitioner-23"
      } ],
      "active": true,
      "name": [ {
        "family": "Careful",
        "given": [ "Adam" ],
        "prefix": [ "Dr" ]
      } ],
      "address": [ {
        "use": "home",
        "line": [ "534 Erewhon St" ],
        "city": "PleasantVille",
        "state": "UT",
        "postalCode": "84414"
      } ],
      "qualification": [ {
        "identifier": [ {
          "system": "http://example.org/UniversityIdentifier",
          "value": "12345"
        } ],
        "code": {
          "coding": [ {
            "system": "http://terminology.hl7.org/CodeSystem/v2-0360|2.7",
            "code": "BS",
            "display": "Bachelor of Science"
          } ],
          "text": "Bachelor of Science"
        },
        "period": {
          "start": "1995"
        },
        "issuer": {
          "display": "Example University"
        }
      } ]
    },
    "request": {
      "method": "PUT",
      "url": "Practitioner/2c808cad-be57-40f8-96a2-66e779cbebcb"
    }
  }, {
    "fullUrl": "https://madie.cms.gov/ServiceRequest/27ca5d4c-91fe-4a23-8ee5-45fd467db67f",
    "resource": {
      "resourceType": "ServiceRequest",
      "id": "27ca5d4c-91fe-4a23-8ee5-45fd467db67f",
      "meta": {
        "profile": [ "http://hl7.org/fhir/us/qicore/StructureDefinition/qicore-servicerequest" ]
      },
      "status": "active",
      "intent": "order",
      "code": {
        "coding": [ {
          "system": "http://loinc.org",
          "version": "2.71",
          "code": "38265-5",
          "display": "DXA Radius and Ulna [T-score] Bone density",
          "userSelected": true
        } ]
      },
      "subject": {
        "reference": "Patient/92e567b3-9d68-4c50-9be6-36e0ca7b96f5"
      },
      "authoredOn": "2025-03-03T08:00:00.000+00:00"
    },
    "request": {
      "method": "PUT",
      "url": "ServiceRequest/27ca5d4c-91fe-4a23-8ee5-45fd467db67f"
    }
  }, {
    "fullUrl": "https://madie.cms.gov/Observation/09591ae3-3e4c-4cb1-b4ab-a60a44e40fdb",
    "resource": {
      "resourceType": "Observation",
      "id": "09591ae3-3e4c-4cb1-b4ab-a60a44e40fdb",
      "meta": {
        "profile": [ "http://hl7.org/fhir/us/qicore/StructureDefinition/qicore-observation-lab" ]
      },
      "status": "final",
      "category": [ {
        "coding": [ {
          "system": "http://terminology.hl7.org/CodeSystem/observation-category",
          "code": "imaging",
          "display": "Imaging"
        } ]
      } ],
      "code": {
        "coding": [ {
          "system": "http://loinc.org",
          "version": "2.71",
          "code": "38265-5",
          "display": "DXA Radius and Ulna [T-score] Bone density",
          "userSelected": true
        } ]
      },
      "subject": {
        "reference": "Patient/92e567b3-9d68-4c50-9be6-36e0ca7b96f5"
      },
      "effectivePeriod": {
        "start": "2025-05-03T08:00:00.000+00:00",
        "end": "2025-05-03T08:15:00.000+00:00"
      }
    },
    "request": {
      "method": "PUT",
      "url": "Observation/09591ae3-3e4c-4cb1-b4ab-a60a44e40fdb"
    }
  }, {
    "fullUrl": "https://madie.cms.gov/ServiceRequest/e831ace7-c034-4964-87e9-84280be31486",
    "resource": {
      "resourceType": "ServiceRequest",
      "id": "e831ace7-c034-4964-87e9-84280be31486",
      "meta": {
        "profile": [ "http://hl7.org/fhir/us/qicore/StructureDefinition/qicore-servicerequest" ]
      },
      "status": "active",
      "intent": "order",
      "code": {
        "coding": [ {
          "system": "http://snomed.info/sct",
          "code": "456381000124102",
          "display": "Injection of leuprolide acetate for twelve month period (regime/therapy)",
          "userSelected": true
        } ]
      },
      "subject": {
        "reference": "Patient/92e567b3-9d68-4c50-9be6-36e0ca7b96f5"
      },
      "authoredOn": "2025-02-01T08:00:00.000+00:00"
    },
    "request": {
      "method": "PUT",
      "url": "ServiceRequest/e831ace7-c034-4964-87e9-84280be31486"
    }
  }, {
    "fullUrl": "https://madie.cms.gov/MeasureReport/dc799d37-b354-48fb-ab20-db4f0a22fd49",
    "resource": {
      "resourceType": "MeasureReport",
      "id": "dc799d37-b354-48fb-ab20-db4f0a22fd49",
      "meta": {
        "profile": [ "http://hl7.org/fhir/us/cqfmeasures/StructureDefinition/test-case-cqfm" ]
      },
      "contained": [ {
        "resourceType": "Parameters",
        "id": "6cc04274-22be-4ca7-b456-d0e145ab62e7-parameters",
        "parameter": [ {
          "name": "subject",
          "valueString": "92e567b3-9d68-4c50-9be6-36e0ca7b96f5"
        } ]
      } ],
      "extension": [ {
        "url": "http://hl7.org/fhir/us/cqfmeasures/StructureDefinition/cqfm-inputParameters",
        "valueReference": {
          "reference": "#6cc04274-22be-4ca7-b456-d0e145ab62e7-parameters"
        }
      }, {
        "url": "http://hl7.org/fhir/us/cqfmeasures/StructureDefinition/cqfm-testCaseDescription",
        "valueMarkdown": "Patient has dx of Prostate Cancer, and Androgen deprivation therapy for Urology Care is not null with qualifying encounter(s) in MP.  Passes NUMER criteria.  Pt Deceased during MP.  "
      } ],
      "modifierExtension": [ {
        "url": "http://hl7.org/fhir/us/cqfmeasures/StructureDefinition/cqfm-isTestCase",
        "valueBoolean": true
      } ],
      "status": "complete",
      "type": "individual",
      "measure": "https://madie.cms.gov/Measure/BoneDensityProstateCancerAndrogenDeprivationTherapyFHIR6",
      "period": {
        "start": "2025-01-01",
        "end": "2025-12-31"
      },
      "group": [ {
        "id": "67b61060a0d801640767a597",
        "population": [ {
          "id": "E8F25116-1779-4BA6-B606-34F12AE4F5BA",
          "code": {
            "coding": [ {
              "system": "http://terminology.hl7.org/CodeSystem/measure-population",
              "code": "initial-population",
              "display": "Initial Population"
            } ]
          },
          "count": 1
        }, {
          "id": "1C145A56-9250-4444-A497-86C44F55CFDB",
          "code": {
            "coding": [ {
              "system": "http://terminology.hl7.org/CodeSystem/measure-population",
              "code": "denominator",
              "display": "Denominator"
            } ]
          },
          "count": 1
        }, {
          "id": "B1E0E3D2-D44E-4BFF-92F8-077CF1AE234F",
          "code": {
            "coding": [ {
              "system": "http://terminology.hl7.org/CodeSystem/measure-population",
              "code": "numerator",
              "display": "Numerator"
            } ]
          },
          "count": 1
        }, {
          "id": "A9552F46-139C-4270-835C-224132205362",
          "code": {
            "coding": [ {
              "system": "http://terminology.hl7.org/CodeSystem/measure-population",
              "code": "denominator-exception",
              "display": "Denominator Exception"
            } ]
          },
          "count": 0
        } ],
        "measureScore": {
          "value": 1.0
        }
      } ],
      "evaluatedResource": [ {
        "reference": "Patient/92e567b3-9d68-4c50-9be6-36e0ca7b96f5"
      }, {
        "reference": "Encounter/cbeaf262-8fb1-4700-ae20-53fe72f3bb70"
      }, {
        "reference": "Condition/554cb44c-9e3f-4c96-95e3-3cd2023fb37f"
      }, {
        "reference": "MedicationRequest/844a2d05-ee5a-475d-a2ec-ec4e816bba0f"
      }, {
        "reference": "Practitioner/2c808cad-be57-40f8-96a2-66e779cbebcb"
      }, {
        "reference": "ServiceRequest/27ca5d4c-91fe-4a23-8ee5-45fd467db67f"
      }, {
        "reference": "Observation/09591ae3-3e4c-4cb1-b4ab-a60a44e40fdb"
      }, {
        "reference": "ServiceRequest/e831ace7-c034-4964-87e9-84280be31486"
      } ]
    },
    "request": {
      "method": "PUT",
      "url": "MeasureReport/dc799d37-b354-48fb-ab20-db4f0a22fd49"
    }
  } ]
}