{
  "resourceType": "Bundle",
  "id": "6077319098086b6fb8f00ab2",
  "type": "transaction",
  "entry": [ {
    "fullUrl": "https://madie.cms.gov/Patient/92e567b3-9d68-4c50-9be6-36e0ca7b96f5",
    "resource": {
      "resourceType": "Patient",
      "id": "92e567b3-9d68-4c50-9be6-36e0ca7b96f5",
      "meta": {
        "profile": [ "http://hl7.org/fhir/us/qicore/StructureDefinition/qicore-patient" ]
      },
      "extension": [ {
        "url": "http://hl7.org/fhir/us/core/StructureDefinition/us-core-race",
        "extension": [ {
          "url": "ombCategory",
          "valueCoding": {
            "system": "urn:oid:2.16.840.1.113883.6.238",
            "code": "2054-5",
            "display": "Black or African American",
            "userSelected": true
          }
        }, {
          "url": "text",
          "valueString": "Black or African American"
        } ]
      }, {
        "url": "http://hl7.org/fhir/us/core/StructureDefinition/us-core-ethnicity",
        "extension": [ {
          "url": "ombCategory",
          "valueCoding": {
            "system": "urn:oid:2.16.840.1.113883.6.238",
            "code": "2135-2",
            "display": "Hispanic or Latino",
            "userSelected": true
          }
        }, {
          "url": "text",
          "valueString": "Hispanic or Latino"
        } ]
      }, {
        "url": "http://hl7.org/fhir/us/core/StructureDefinition/us-core-sex",
        "valueCode": "248152002"
      } ],
      "identifier": [ {
        "type": {
          "coding": [ {
            "system": "http://terminology.hl7.org/CodeSystem/v2-0203",
            "code": "MR"
          } ]
        },
        "system": "https://bonnie-fhir.healthit.gov/",
        "value": "6077319098086b6fb8f00ab2"
      } ],
      "active": true,
      "name": [ {
        "use": "usual",
        "family": "NUMERPass",
        "given": [ "PtDeceasedInMP" ]
      } ],
      "gender": "female",
      "birthDate": "1942-07-04",
      "deceasedDateTime": "2014-09-01T08:00:00.000Z"
    },
    "request": {
      "method": "PUT",
      "url": "Patient/92e567b3-9d68-4c50-9be6-36e0ca7b96f5"
    }
  }, {
    "fullUrl": "https://madie.cms.gov/Encounter/ac89817b-4384-4598-bc4b-ab587759c9e5",
    "resource": {
      "resourceType": "Encounter",
      "id": "ac89817b-4384-4598-bc4b-ab587759c9e5",
      "meta": {
        "profile": [ "http://hl7.org/fhir/us/qicore/StructureDefinition/qicore-encounter" ]
      },
      "status": "finished",
      "class": {
        "system": "http://terminology.hl7.org/CodeSystem/v3-ActCode",
        "code": "AMB",
        "display": "ambulatory"
      },
      "type": [ {
        "coding": [ {
          "system": "http://www.ama-assn.org/go/cpt",
          "code": "99203"
        } ]
      } ],
      "subject": {
        "reference": "Patient/92e567b3-9d68-4c50-9be6-36e0ca7b96f5"
      },
      "period": {
        "start": "2026-02-01T08:00:00+00:00",
        "end": "2026-02-01T08:15:00+00:00"
      }
    },
    "request": {
      "method": "PUT",
      "url": "Encounter/ac89817b-4384-4598-bc4b-ab587759c9e5"
    }
  }, {
    "fullUrl": "https://madie.cms.gov/Condition/43f9a304-4ffc-4eb8-9bd6-9524d09a2aab",
    "resource": {
      "resourceType": "Condition",
      "id": "43f9a304-4ffc-4eb8-9bd6-9524d09a2aab",
      "meta": {
        "profile": [ "http://hl7.org/fhir/us/qicore/StructureDefinition/qicore-condition-problems-health-concerns" ]
      },
      "clinicalStatus": {
        "coding": [ {
          "system": "http://terminology.hl7.org/CodeSystem/condition-clinical",
          "code": "active"
        } ]
      },
      "verificationStatus": {
        "coding": [ {
          "system": "http://terminology.hl7.org/CodeSystem/condition-ver-status",
          "code": "confirmed"
        } ]
      },
      "category": [ {
        "coding": [ {
          "system": "http://terminology.hl7.org/CodeSystem/condition-category",
          "code": "problem-list-item",
          "display": "Problem List Item"
        } ]
      } ],
      "code": {
        "coding": [ {
          "system": "http://hl7.org/fhir/sid/icd-10-cm",
          "code": "C61"
        } ]
      },
      "subject": {
        "reference": "Patient/92e567b3-9d68-4c50-9be6-36e0ca7b96f5"
      },
      "onsetPeriod": {
        "start": "2026-02-01T08:00:00+00:00"
      }
    },
    "request": {
      "method": "PUT",
      "url": "Condition/43f9a304-4ffc-4eb8-9bd6-9524d09a2aab"
    }
  }, {
    "fullUrl": "https://madie.cms.gov/MedicationRequest/c9167d59-a000-4e58-9a91-49be9d997176",
    "resource": {
      "resourceType": "MedicationRequest",
      "id": "c9167d59-a000-4e58-9a91-49be9d997176",
      "meta": {
        "profile": [ "http://hl7.org/fhir/us/qicore/StructureDefinition/qicore-medicationrequest" ]
      },
      "status": "active",
      "intent": "order",
      "doNotPerform": false,
      "medicationCodeableConcept": {
        "coding": [ {
          "system": "http://www.nlm.nih.gov/research/umls/rxnorm",
          "code": "1946519"
        } ]
      },
      "subject": {
        "reference": "Patient/92e567b3-9d68-4c50-9be6-36e0ca7b96f5"
      },
      "authoredOn": "2026-02-01T08:00:00.000+00:00",
      "requester": {
        "reference": "http://myGoodHealthcare.com/fhir/Practitioner/56c20dc3-3620-4a16-b225-c892ffb9a3b5"
      },
      "dosageInstruction": [ {
        "timing": {
          "repeat": {
            "boundsPeriod": {
              "start": "2026-02-01T08:00:00.000+00:00",
              "end": "2026-03-01T08:15:00.000+00:00"
            }
          }
        }
      } ]
    },
    "request": {
      "method": "PUT",
      "url": "MedicationRequest/c9167d59-a000-4e58-9a91-49be9d997176"
    }
  }, {
    "fullUrl": "https://madie.cms.gov/Practitioner/56c20dc3-3620-4a16-b225-c892ffb9a3b5",
    "resource": {
      "resourceType": "Practitioner",
      "id": "56c20dc3-3620-4a16-b225-c892ffb9a3b5",
      "meta": {
        "profile": [ "http://hl7.org/fhir/us/qicore/StructureDefinition/qicore-practitioner" ]
      },
      "identifier": [ {
        "use": "temp",
        "system": "urn:oid:2.16.840.1.113883.4.336",
        "value": "Practitioner-23"
      } ],
      "active": true,
      "name": [ {
        "family": "Careful",
        "given": [ "Adam" ],
        "prefix": [ "Dr" ]
      } ],
      "address": [ {
        "use": "home",
        "line": [ "534 Erewhon St" ],
        "city": "PleasantVille",
        "state": "UT",
        "postalCode": "84414"
      } ],
      "qualification": [ {
        "identifier": [ {
          "system": "http://example.org/UniversityIdentifier",
          "value": "12345"
        } ],
        "code": {
          "coding": [ {
            "system": "http://terminology.hl7.org/CodeSystem/v2-0360|2.7",
            "code": "BS",
            "display": "Bachelor of Science"
          } ],
          "text": "Bachelor of Science"
        },
        "period": {
          "start": "1996"
        },
        "issuer": {
          "display": "Example University"
        }
      } ]
    },
    "request": {
      "method": "PUT",
      "url": "Practitioner/56c20dc3-3620-4a16-b225-c892ffb9a3b5"
    }
  }, {
    "fullUrl": "https://madie.cms.gov/ServiceRequest/b011aa7c-6c52-4872-8dbd-9aee1961cd46",
    "resource": {
      "resourceType": "ServiceRequest",
      "id": "b011aa7c-6c52-4872-8dbd-9aee1961cd46",
      "meta": {
        "profile": [ "http://hl7.org/fhir/us/qicore/StructureDefinition/qicore-servicerequest" ]
      },
      "status": "active",
      "intent": "order",
      "code": {
        "coding": [ {
          "system": "http://loinc.org",
          "version": "2.71",
          "code": "38265-5",
          "display": "DXA Radius and Ulna [T-score] Bone density",
          "userSelected": true
        } ]
      },
      "subject": {
        "reference": "Patient/92e567b3-9d68-4c50-9be6-36e0ca7b96f5"
      },
      "authoredOn": "2026-03-03T08:00:00.000+00:00"
    },
    "request": {
      "method": "PUT",
      "url": "ServiceRequest/b011aa7c-6c52-4872-8dbd-9aee1961cd46"
    }
  }, {
    "fullUrl": "https://madie.cms.gov/Observation/62de3cb4-2e19-4864-8d96-6bd2a11f0548",
    "resource": {
      "resourceType": "Observation",
      "id": "62de3cb4-2e19-4864-8d96-6bd2a11f0548",
      "meta": {
        "profile": [ "http://hl7.org/fhir/us/qicore/StructureDefinition/qicore-observation-lab" ]
      },
      "status": "final",
      "category": [ {
        "coding": [ {
          "system": "http://terminology.hl7.org/CodeSystem/observation-category",
          "code": "imaging",
          "display": "Imaging"
        } ]
      } ],
      "code": {
        "coding": [ {
          "system": "http://loinc.org",
          "version": "2.71",
          "code": "38265-5",
          "display": "DXA Radius and Ulna [T-score] Bone density",
          "userSelected": true
        } ]
      },
      "subject": {
        "reference": "Patient/92e567b3-9d68-4c50-9be6-36e0ca7b96f5"
      },
      "effectivePeriod": {
        "start": "2026-05-03T08:00:00.000+00:00",
        "end": "2026-05-03T08:15:00.000+00:00"
      }
    },
    "request": {
      "method": "PUT",
      "url": "Observation/62de3cb4-2e19-4864-8d96-6bd2a11f0548"
    }
  }, {
    "fullUrl": "https://madie.cms.gov/ServiceRequest/33e9628a-e4df-4eb5-ad28-9482e6733fa5",
    "resource": {
      "resourceType": "ServiceRequest",
      "id": "33e9628a-e4df-4eb5-ad28-9482e6733fa5",
      "meta": {
        "profile": [ "http://hl7.org/fhir/us/qicore/StructureDefinition/qicore-servicerequest" ]
      },
      "status": "active",
      "intent": "order",
      "code": {
        "coding": [ {
          "system": "http://snomed.info/sct",
          "code": "456381000124102",
          "display": "Injection of leuprolide acetate for twelve month period (regime/therapy)",
          "userSelected": true
        } ]
      },
      "subject": {
        "reference": "Patient/92e567b3-9d68-4c50-9be6-36e0ca7b96f5"
      },
      "authoredOn": "2026-02-01T08:00:00.000+00:00"
    },
    "request": {
      "method": "PUT",
      "url": "ServiceRequest/33e9628a-e4df-4eb5-ad28-9482e6733fa5"
    }
  }, {
    "fullUrl": "https://madie.cms.gov/MeasureReport/87309dfc-5363-4e7a-8a16-69a4fb1abec4",
    "resource": {
      "resourceType": "MeasureReport",
      "id": "87309dfc-5363-4e7a-8a16-69a4fb1abec4",
      "meta": {
        "profile": [ "http://hl7.org/fhir/us/cqfmeasures/StructureDefinition/test-case-cqfm" ]
      },
      "contained": [ {
        "resourceType": "Parameters",
        "id": "d3c04576-542c-4c45-aabf-947d02211271-parameters",
        "parameter": [ {
          "name": "subject",
          "valueString": "92e567b3-9d68-4c50-9be6-36e0ca7b96f5"
        } ]
      } ],
      "extension": [ {
        "url": "http://hl7.org/fhir/StructureDefinition/cqf-inputParameters",
        "valueReference": {
          "reference": "#d3c04576-542c-4c45-aabf-947d02211271-parameters"
        }
      }, {
        "url": "http://hl7.org/fhir/us/cqfmeasures/StructureDefinition/cqfm-testCaseDescription",
        "valueMarkdown": "Patient has dx of Prostate Cancer, and Androgen deprivation therapy for Urology Care is not null with qualifying encounter(s) in MP.  Passes NUMER criteria.  Pt Deceased during MP.  "
      } ],
      "modifierExtension": [ {
        "url": "http://hl7.org/fhir/us/cqfmeasures/StructureDefinition/cqfm-isTestCase",
        "valueBoolean": true
      } ],
      "status": "complete",
      "type": "individual",
      "measure": "https://madie.cms.gov/Measure/BoneDensityProstateCancerAndrogenDeprivationTherapyFHIR6",
      "period": {
        "start": "2026-01-01",
        "end": "2026-12-31"
      },
      "group": [ {
        "id": "Group_1",
        "population": [ {
          "id": "InitialPopulation_1",
          "code": {
            "coding": [ {
              "system": "http://terminology.hl7.org/CodeSystem/measure-population",
              "code": "initial-population",
              "display": "Initial Population"
            } ]
          },
          "count": 1
        }, {
          "id": "Denominator_1",
          "code": {
            "coding": [ {
              "system": "http://terminology.hl7.org/CodeSystem/measure-population",
              "code": "denominator",
              "display": "Denominator"
            } ]
          },
          "count": 1
        }, {
          "id": "Numerator_1",
          "code": {
            "coding": [ {
              "system": "http://terminology.hl7.org/CodeSystem/measure-population",
              "code": "numerator",
              "display": "Numerator"
            } ]
          },
          "count": 1
        }, {
          "id": "DenominatorException_1",
          "code": {
            "coding": [ {
              "system": "http://terminology.hl7.org/CodeSystem/measure-population",
              "code": "denominator-exception",
              "display": "Denominator Exception"
            } ]
          },
          "count": 0
        } ],
        "measureScore": {
          "value": 1.0
        }
      } ],
      "evaluatedResource": [ {
        "reference": "Patient/92e567b3-9d68-4c50-9be6-36e0ca7b96f5"
      }, {
        "reference": "Encounter/ac89817b-4384-4598-bc4b-ab587759c9e5"
      }, {
        "reference": "Condition/43f9a304-4ffc-4eb8-9bd6-9524d09a2aab"
      }, {
        "reference": "MedicationRequest/c9167d59-a000-4e58-9a91-49be9d997176"
      }, {
        "reference": "Practitioner/56c20dc3-3620-4a16-b225-c892ffb9a3b5"
      }, {
        "reference": "ServiceRequest/b011aa7c-6c52-4872-8dbd-9aee1961cd46"
      }, {
        "reference": "Observation/62de3cb4-2e19-4864-8d96-6bd2a11f0548"
      }, {
        "reference": "ServiceRequest/33e9628a-e4df-4eb5-ad28-9482e6733fa5"
      } ]
    },
    "request": {
      "method": "PUT",
      "url": "MeasureReport/87309dfc-5363-4e7a-8a16-69a4fb1abec4"
    }
  } ]
}