{
  "resourceType": "Bundle",
  "id": "612e6b0202c62a011f2ec156",
  "type": "transaction",
  "entry": [ {
    "fullUrl": "https://madie.cms.gov/Patient/f4dffe3c-8a08-47d7-9f65-74245d25dd40",
    "resource": {
      "resourceType": "Patient",
      "id": "f4dffe3c-8a08-47d7-9f65-74245d25dd40",
      "meta": {
        "profile": [ "http://hl7.org/fhir/us/qicore/StructureDefinition/qicore-patient" ]
      },
      "text": {
        "status": "generated",
        "div": "<div xmlns=\"http://www.w3.org/1999/xhtml\"><div class=\"hapiHeaderText\">HipSurgRank1 <b>DENEXPASS </b></div><table class=\"hapiPropertyTable\"><tbody><tr><td>Identifier</td><td>66c70c125db369967b4b164e75338304</td></tr><tr><td>Date of birth</td><td><span>01 September 2000</span></td></tr></tbody></table></div>"
      },
      "extension": [ {
        "url": "http://hl7.org/fhir/us/core/StructureDefinition/us-core-race",
        "extension": [ {
          "url": "ombCategory",
          "valueCoding": {
            "system": "urn:oid:2.16.840.1.113883.6.238",
            "code": "1002-5",
            "display": "American Indian or Alaska Native",
            "userSelected": true
          }
        }, {
          "url": "text",
          "valueString": "American Indian or Alaska Native"
        } ]
      }, {
        "url": "http://hl7.org/fhir/us/core/StructureDefinition/us-core-ethnicity",
        "extension": [ {
          "url": "ombCategory",
          "valueCoding": {
            "system": "urn:oid:2.16.840.1.113883.6.238",
            "code": "2135-2",
            "display": "Hispanic or Latino",
            "userSelected": true
          }
        }, {
          "url": "text",
          "valueString": "Hispanic or Latino"
        } ]
      } ],
      "identifier": [ {
        "type": {
          "coding": [ {
            "system": "http://terminology.hl7.org/CodeSystem/v2-0203",
            "code": "MR"
          } ]
        },
        "system": "https://bonnie-fhir.healthit.gov/",
        "value": "612e6b0202c62a011f2ec156"
      } ],
      "active": true,
      "name": [ {
        "use": "usual",
        "family": "DENEXPass ",
        "given": [ "HipSurgRank1" ]
      } ],
      "gender": "male",
      "birthDate": "2000-09-01"
    },
    "request": {
      "method": "PUT",
      "url": "Patient/f4dffe3c-8a08-47d7-9f65-74245d25dd40"
    }
  }, {
    "fullUrl": "https://madie.cms.gov/Encounter/c65ad3fe-9b2a-4cf2-af75-db47f2738140",
    "resource": {
      "resourceType": "Encounter",
      "id": "c65ad3fe-9b2a-4cf2-af75-db47f2738140",
      "meta": {
        "profile": [ "http://hl7.org/fhir/us/qicore/StructureDefinition/qicore-encounter" ]
      },
      "extension": [ {
        "url": "http://hl7.org/fhir/us/qicore/StructureDefinition/qicore-encounter-procedure",
        "extension": [ {
          "url": "type",
          "valueCodeableConcept": {
            "coding": [ {
              "system": "http://www.cms.gov/Medicare/Coding/ICD10",
              "code": "0SU90BZ"
            } ]
          }
        }, {
          "url": "rank",
          "valuePositiveInt": 1
        }, {
          "url": "procedure",
          "valueReference": {
            "reference": "Procedure/1adf9bd2-16fc-421a-aa9f-d07475d7932a"
          }
        } ]
      } ],
      "status": "finished",
      "class": {
        "system": "http://terminology.hl7.org/CodeSystem/v3-ActCode",
        "code": "IMP",
        "display": "inpatient encounter"
      },
      "type": [ {
        "coding": [ {
          "system": "http://snomed.info/sct",
          "code": "183452005"
        } ]
      } ],
      "subject": {
        "reference": "Patient/f4dffe3c-8a08-47d7-9f65-74245d25dd40"
      },
      "period": {
        "start": "2025-09-02T06:00:00+00:00",
        "end": "2025-12-31T12:59:00+00:00"
      },
      "length": {
        "value": 120.0,
        "unit": "days"
      }
    },
    "request": {
      "method": "PUT",
      "url": "Encounter/c65ad3fe-9b2a-4cf2-af75-db47f2738140"
    }
  }, {
    "fullUrl": "https://madie.cms.gov/Coverage/a08f1b0b-e0d7-4315-adb2-1888aebacb55",
    "resource": {
      "resourceType": "Coverage",
      "id": "a08f1b0b-e0d7-4315-adb2-1888aebacb55",
      "status": "active",
      "beneficiary": {
        "reference": "Patient/f4dffe3c-8a08-47d7-9f65-74245d25dd40"
      },
      "period": {
        "start": "2000-09-01T08:00:00+00:00"
      },
      "payor": [ {
        "reference": "Organization/2ecca211-e7b0-47c8-aca9-da154b8cd092"
      } ]
    },
    "request": {
      "method": "PUT",
      "url": "Coverage/a08f1b0b-e0d7-4315-adb2-1888aebacb55"
    }
  }, {
    "fullUrl": "https://madie.cms.gov/Procedure/1adf9bd2-16fc-421a-aa9f-d07475d7932a",
    "resource": {
      "resourceType": "Procedure",
      "id": "1adf9bd2-16fc-421a-aa9f-d07475d7932a",
      "meta": {
        "profile": [ "http://hl7.org/fhir/us/qicore/StructureDefinition/qicore-procedure" ]
      },
      "extension": [ {
        "url": "http://hl7.org/fhir/us/qicore/StructureDefinition/qicore-recorded",
        "valueDateTime": "2012-09-02T09:35:00-04:00"
      } ],
      "status": "completed",
      "code": {
        "coding": [ {
          "system": "http://www.cms.gov/Medicare/Coding/ICD10",
          "code": "0SU90BZ"
        } ]
      },
      "subject": {
        "reference": "Patient/f4dffe3c-8a08-47d7-9f65-74245d25dd40"
      },
      "performedPeriod": {
        "start": "2025-09-02T09:00:00+00:00",
        "end": "2025-09-02T12:59:00+00:00"
      }
    },
    "request": {
      "method": "PUT",
      "url": "Procedure/1adf9bd2-16fc-421a-aa9f-d07475d7932a"
    }
  }, {
    "fullUrl": "https://madie.cms.gov/Organization/2ecca211-e7b0-47c8-aca9-da154b8cd092",
    "resource": {
      "resourceType": "Organization",
      "id": "2ecca211-e7b0-47c8-aca9-da154b8cd092",
      "meta": {
        "profile": [ "http://hl7.org/fhir/us/qicore/StructureDefinition/qicore-organization" ]
      },
      "identifier": [ {
        "use": "temp",
        "system": "urn:oid:2.16.840.1.113883.4.4",
        "value": "21-3259825"
      } ],
      "active": true,
      "type": [ {
        "coding": [ {
          "system": "http://terminology.hl7.org/CodeSystem/organization-type",
          "code": "pay",
          "display": "Payer"
        } ]
      } ],
      "name": "Blue Cross Blue Shield of Texas",
      "telecom": [ {
        "system": "phone",
        "value": "(+1) 972-766-6900"
      } ],
      "address": [ {
        "use": "billing",
        "type": "postal",
        "line": [ "P.O. Box 660044" ],
        "city": "Dallas",
        "state": "TX",
        "postalCode": "75266-0044",
        "country": "USA"
      } ]
    },
    "request": {
      "method": "PUT",
      "url": "Organization/2ecca211-e7b0-47c8-aca9-da154b8cd092"
    }
  }, {
    "fullUrl": "https://madie.cms.gov/Practitioner/2b3ffafc-d7d4-413d-a806-8261601298f7",
    "resource": {
      "resourceType": "Practitioner",
      "id": "2b3ffafc-d7d4-413d-a806-8261601298f7",
      "identifier": [ {
        "system": "http://hl7.org/fhir/sid/us-npi",
        "value": "123456"
      } ],
      "name": [ {
        "family": "Evil",
        "prefix": [ "Dr" ]
      } ]
    },
    "request": {
      "method": "PUT",
      "url": "Practitioner/2b3ffafc-d7d4-413d-a806-8261601298f7"
    }
  }, {
    "fullUrl": "https://madie.cms.gov/MeasureReport/504bc685-d822-4478-94b4-2ab13f6ea251",
    "resource": {
      "resourceType": "MeasureReport",
      "id": "504bc685-d822-4478-94b4-2ab13f6ea251",
      "meta": {
        "profile": [ "http://hl7.org/fhir/us/cqfmeasures/StructureDefinition/test-case-cqfm" ]
      },
      "contained": [ {
        "resourceType": "Parameters",
        "id": "5bfd8958-ad95-401e-a7f8-a4fca86b2c18-parameters",
        "parameter": [ {
          "name": "subject",
          "valueString": "f4dffe3c-8a08-47d7-9f65-74245d25dd40"
        } ]
      } ],
      "extension": [ {
        "url": "http://hl7.org/fhir/us/cqfmeasures/StructureDefinition/cqfm-inputParameters",
        "valueReference": {
          "reference": "#5bfd8958-ad95-401e-a7f8-a4fca86b2c18-parameters"
        }
      }, {
        "url": "http://hl7.org/fhir/us/cqfmeasures/StructureDefinition/cqfm-testCaseDescription",
        "valueMarkdown": "Patient had SCIP -Hip Replacemnet during Encounter and Rank =1\n"
      } ],
      "modifierExtension": [ {
        "url": "http://hl7.org/fhir/us/cqfmeasures/StructureDefinition/cqfm-isTestCase",
        "valueBoolean": true
      } ],
      "status": "complete",
      "type": "individual",
      "measure": "https://madie.cms.gov/Measure/VenousThromboembolismProphylaxisFHIR",
      "period": {
        "start": "2025-01-01",
        "end": "2025-12-31"
      },
      "group": [ {
        "population": [ {
          "code": {
            "coding": [ {
              "system": "http://terminology.hl7.org/CodeSystem/measure-population",
              "code": "initial-population",
              "display": "Initial Population"
            } ]
          },
          "count": 1
        }, {
          "code": {
            "coding": [ {
              "system": "http://terminology.hl7.org/CodeSystem/measure-population",
              "code": "denominator",
              "display": "Denominator"
            } ]
          },
          "count": 1
        }, {
          "code": {
            "coding": [ {
              "system": "http://terminology.hl7.org/CodeSystem/measure-population",
              "code": "denominator-exclusion",
              "display": "Denominator Exclusion"
            } ]
          },
          "count": 1
        }, {
          "code": {
            "coding": [ {
              "system": "http://terminology.hl7.org/CodeSystem/measure-population",
              "code": "numerator",
              "display": "Numerator"
            } ]
          },
          "count": 0
        } ]
      } ],
      "evaluatedResource": [ {
        "reference": "Patient/f4dffe3c-8a08-47d7-9f65-74245d25dd40"
      }, {
        "reference": "Encounter/c65ad3fe-9b2a-4cf2-af75-db47f2738140"
      }, {
        "reference": "Coverage/a08f1b0b-e0d7-4315-adb2-1888aebacb55"
      }, {
        "reference": "Procedure/1adf9bd2-16fc-421a-aa9f-d07475d7932a"
      }, {
        "reference": "Organization/2ecca211-e7b0-47c8-aca9-da154b8cd092"
      }, {
        "reference": "Practitioner/2b3ffafc-d7d4-413d-a806-8261601298f7"
      } ]
    },
    "request": {
      "method": "PUT",
      "url": "MeasureReport/504bc685-d822-4478-94b4-2ab13f6ea251"
    }
  } ]
}