{
  "resourceType": "Bundle",
  "id": "612e6afb02c62a011f2ebfd5",
  "type": "transaction",
  "entry": [ {
    "fullUrl": "https://madie.cms.gov/Patient/e03e6dd6-3502-4a00-9ab7-b5273407c581",
    "resource": {
      "resourceType": "Patient",
      "id": "e03e6dd6-3502-4a00-9ab7-b5273407c581",
      "meta": {
        "profile": [ "http://hl7.org/fhir/us/qicore/StructureDefinition/qicore-patient" ]
      },
      "text": {
        "status": "generated",
        "div": "<div xmlns=\"http://www.w3.org/1999/xhtml\"><div class=\"hapiHeaderText\">MA_OralXaKneeEncStartTime <b>NUMERPASS </b></div><table class=\"hapiPropertyTable\"><tbody><tr><td>Date of birth</td><td><span>02 January 1974</span></td></tr></tbody></table></div>"
      },
      "extension": [ {
        "url": "http://hl7.org/fhir/us/core/StructureDefinition/us-core-race",
        "extension": [ {
          "url": "ombCategory",
          "valueCoding": {
            "system": "urn:oid:2.16.840.1.113883.6.238",
            "code": "1002-5",
            "display": "American Indian or Alaska Native",
            "userSelected": true
          }
        }, {
          "url": "text",
          "valueString": "American Indian or Alaska Native"
        } ]
      }, {
        "url": "http://hl7.org/fhir/us/core/StructureDefinition/us-core-ethnicity",
        "extension": [ {
          "url": "ombCategory",
          "valueCoding": {
            "system": "urn:oid:2.16.840.1.113883.6.238",
            "code": "2135-2",
            "display": "Hispanic or Latino",
            "userSelected": true
          }
        }, {
          "url": "text",
          "valueString": "Hispanic or Latino"
        } ]
      } ],
      "identifier": [ {
        "type": {
          "coding": [ {
            "system": "http://terminology.hl7.org/CodeSystem/v2-0203",
            "code": "MR"
          } ]
        },
        "system": "https://bonnie-fhir.healthit.gov/",
        "value": "612e6afb02c62a011f2ebfd5"
      } ],
      "active": true,
      "name": [ {
        "use": "usual",
        "family": "NUMERPass",
        "given": [ "MA_OralXaKneeOnEncStartTime" ]
      } ],
      "gender": "female",
      "birthDate": "1974-01-02"
    },
    "request": {
      "method": "PUT",
      "url": "Patient/e03e6dd6-3502-4a00-9ab7-b5273407c581"
    }
  }, {
    "fullUrl": "https://madie.cms.gov/Encounter/5a513d76-8dba-455e-9125-38bdc7d12e90",
    "resource": {
      "resourceType": "Encounter",
      "id": "5a513d76-8dba-455e-9125-38bdc7d12e90",
      "meta": {
        "profile": [ "http://hl7.org/fhir/us/qicore/StructureDefinition/qicore-encounter" ]
      },
      "status": "finished",
      "class": {
        "system": "http://terminology.hl7.org/CodeSystem/v3-ActCode",
        "code": "IMP",
        "display": "inpatient encounter"
      },
      "type": [ {
        "coding": [ {
          "system": "http://snomed.info/sct",
          "code": "183452005"
        } ]
      } ],
      "subject": {
        "reference": "Patient/e03e6dd6-3502-4a00-9ab7-b5273407c581"
      },
      "period": {
        "start": "2025-11-01T08:00:00+00:00",
        "end": "2025-11-26T08:15:00+00:00"
      },
      "length": {
        "value": 25,
        "unit": "day"
      }
    },
    "request": {
      "method": "PUT",
      "url": "Encounter/5a513d76-8dba-455e-9125-38bdc7d12e90"
    }
  }, {
    "fullUrl": "https://madie.cms.gov/Coverage/d4f06edb-680d-4746-918e-e13e3d52d962",
    "resource": {
      "resourceType": "Coverage",
      "id": "d4f06edb-680d-4746-918e-e13e3d52d962",
      "status": "active",
      "beneficiary": {
        "reference": "Patient/e03e6dd6-3502-4a00-9ab7-b5273407c581"
      },
      "period": {
        "start": "1974-01-02T08:00:00+00:00"
      },
      "payor": [ {
        "reference": "Organization/3fe7407b-b9fa-4917-b879-d6bbf8d0ec52"
      } ]
    },
    "request": {
      "method": "PUT",
      "url": "Coverage/d4f06edb-680d-4746-918e-e13e3d52d962"
    }
  }, {
    "fullUrl": "https://madie.cms.gov/MedicationAdministration/3bcadfb4-5726-4dce-a530-312d8f653dd3",
    "resource": {
      "resourceType": "MedicationAdministration",
      "id": "3bcadfb4-5726-4dce-a530-312d8f653dd3",
      "meta": {
        "profile": [ "http://hl7.org/fhir/us/qicore/StructureDefinition/qicore-medicationadministration" ]
      },
      "status": "completed",
      "medicationCodeableConcept": {
        "coding": [ {
          "system": "http://www.nlm.nih.gov/research/umls/rxnorm",
          "code": "1599555"
        } ]
      },
      "subject": {
        "reference": "Patient/e03e6dd6-3502-4a00-9ab7-b5273407c581"
      },
      "effectivePeriod": {
        "start": "2025-11-01T08:00:00+00:00",
        "end": "2025-11-01T08:00:00+00:00"
      }
    },
    "request": {
      "method": "PUT",
      "url": "MedicationAdministration/3bcadfb4-5726-4dce-a530-312d8f653dd3"
    }
  }, {
    "fullUrl": "https://madie.cms.gov/Procedure/feb864a1-45d6-4a2f-89aa-dc9aa7e5c115",
    "resource": {
      "resourceType": "Procedure",
      "id": "feb864a1-45d6-4a2f-89aa-dc9aa7e5c115",
      "meta": {
        "profile": [ "http://hl7.org/fhir/us/qicore/StructureDefinition/qicore-procedure" ]
      },
      "extension": [ {
        "url": "http://hl7.org/fhir/us/qicore/StructureDefinition/qicore-recorded",
        "valueDateTime": "2012-11-01T09:35:00-04:00"
      } ],
      "status": "completed",
      "code": {
        "coding": [ {
          "system": "http://snomed.info/sct",
          "code": "179411001"
        } ]
      },
      "subject": {
        "reference": "Patient/e03e6dd6-3502-4a00-9ab7-b5273407c581"
      },
      "performedPeriod": {
        "start": "2025-11-01T08:00:00+00:00",
        "end": "2025-11-01T10:15:00+00:00"
      }
    },
    "request": {
      "method": "PUT",
      "url": "Procedure/feb864a1-45d6-4a2f-89aa-dc9aa7e5c115"
    }
  }, {
    "fullUrl": "https://madie.cms.gov/Organization/3fe7407b-b9fa-4917-b879-d6bbf8d0ec52",
    "resource": {
      "resourceType": "Organization",
      "id": "3fe7407b-b9fa-4917-b879-d6bbf8d0ec52",
      "meta": {
        "profile": [ "http://hl7.org/fhir/us/qicore/StructureDefinition/qicore-organization" ]
      },
      "identifier": [ {
        "use": "temp",
        "system": "urn:oid:2.16.840.1.113883.4.4",
        "value": "21-3259825"
      } ],
      "active": true,
      "type": [ {
        "coding": [ {
          "system": "http://terminology.hl7.org/CodeSystem/organization-type",
          "code": "pay",
          "display": "Payer"
        } ]
      } ],
      "name": "Blue Cross Blue Shield of Texas",
      "telecom": [ {
        "system": "phone",
        "value": "(+1) 972-766-6900"
      } ],
      "address": [ {
        "use": "billing",
        "type": "postal",
        "line": [ "P.O. Box 660044" ],
        "city": "Dallas",
        "state": "TX",
        "postalCode": "75266-0044",
        "country": "USA"
      } ]
    },
    "request": {
      "method": "PUT",
      "url": "Organization/3fe7407b-b9fa-4917-b879-d6bbf8d0ec52"
    }
  }, {
    "fullUrl": "https://madie.cms.gov/Practitioner/e620f748-19f5-450b-8f2d-6a317655f7f9",
    "resource": {
      "resourceType": "Practitioner",
      "id": "e620f748-19f5-450b-8f2d-6a317655f7f9",
      "identifier": [ {
        "system": "http://hl7.org/fhir/sid/us-npi",
        "value": "123456"
      } ],
      "name": [ {
        "family": "Evil",
        "prefix": [ "Dr" ]
      } ]
    },
    "request": {
      "method": "PUT",
      "url": "Practitioner/e620f748-19f5-450b-8f2d-6a317655f7f9"
    }
  }, {
    "fullUrl": "https://madie.cms.gov/MeasureReport/51d36ba7-36a6-43d7-8e34-5fb4e7cd1e3e",
    "resource": {
      "resourceType": "MeasureReport",
      "id": "51d36ba7-36a6-43d7-8e34-5fb4e7cd1e3e",
      "meta": {
        "profile": [ "http://hl7.org/fhir/us/cqfmeasures/StructureDefinition/test-case-cqfm" ]
      },
      "contained": [ {
        "resourceType": "Parameters",
        "id": "6bcddb1f-312d-4e19-b8f5-1795ed00f0f0-parameters",
        "parameter": [ {
          "name": "subject",
          "valueString": "e03e6dd6-3502-4a00-9ab7-b5273407c581"
        } ]
      } ],
      "extension": [ {
        "url": "http://hl7.org/fhir/us/cqfmeasures/StructureDefinition/cqfm-inputParameters",
        "valueReference": {
          "reference": "#6bcddb1f-312d-4e19-b8f5-1795ed00f0f0-parameters"
        }
      }, {
        "url": "http://hl7.org/fhir/us/cqfmeasures/StructureDefinition/cqfm-testCaseDescription",
        "valueMarkdown": "oral factor Xa administered concurrent with start of IP encounter, Hip replacement concurrent with Start of IP encounter\n"
      } ],
      "modifierExtension": [ {
        "url": "http://hl7.org/fhir/us/cqfmeasures/StructureDefinition/cqfm-isTestCase",
        "valueBoolean": true
      } ],
      "status": "complete",
      "type": "individual",
      "measure": "https://madie.cms.gov/Measure/VenousThromboembolismProphylaxisFHIR",
      "period": {
        "start": "2025-01-01",
        "end": "2025-12-31"
      },
      "group": [ {
        "population": [ {
          "code": {
            "coding": [ {
              "system": "http://terminology.hl7.org/CodeSystem/measure-population",
              "code": "initial-population",
              "display": "Initial Population"
            } ]
          },
          "count": 1
        }, {
          "code": {
            "coding": [ {
              "system": "http://terminology.hl7.org/CodeSystem/measure-population",
              "code": "denominator",
              "display": "Denominator"
            } ]
          },
          "count": 1
        }, {
          "code": {
            "coding": [ {
              "system": "http://terminology.hl7.org/CodeSystem/measure-population",
              "code": "denominator-exclusion",
              "display": "Denominator Exclusion"
            } ]
          },
          "count": 0
        }, {
          "code": {
            "coding": [ {
              "system": "http://terminology.hl7.org/CodeSystem/measure-population",
              "code": "numerator",
              "display": "Numerator"
            } ]
          },
          "count": 1
        } ]
      } ],
      "evaluatedResource": [ {
        "reference": "Patient/e03e6dd6-3502-4a00-9ab7-b5273407c581"
      }, {
        "reference": "Encounter/5a513d76-8dba-455e-9125-38bdc7d12e90"
      }, {
        "reference": "Coverage/d4f06edb-680d-4746-918e-e13e3d52d962"
      }, {
        "reference": "MedicationAdministration/3bcadfb4-5726-4dce-a530-312d8f653dd3"
      }, {
        "reference": "Procedure/feb864a1-45d6-4a2f-89aa-dc9aa7e5c115"
      }, {
        "reference": "Organization/3fe7407b-b9fa-4917-b879-d6bbf8d0ec52"
      }, {
        "reference": "Practitioner/e620f748-19f5-450b-8f2d-6a317655f7f9"
      } ]
    },
    "request": {
      "method": "PUT",
      "url": "MeasureReport/51d36ba7-36a6-43d7-8e34-5fb4e7cd1e3e"
    }
  } ]
}