{
  "resourceType": "Bundle",
  "id": "612e6a5402c62a011f2e9a75",
  "type": "transaction",
  "entry": [ {
    "fullUrl": "https://madie.cms.gov/Patient/cc78e256-1fe3-4267-96c2-daf719216388",
    "resource": {
      "resourceType": "Patient",
      "id": "cc78e256-1fe3-4267-96c2-daf719216388",
      "meta": {
        "profile": [ "http://hl7.org/fhir/us/qicore/StructureDefinition/qicore-patient" ]
      },
      "text": {
        "status": "generated",
        "div": "<div xmlns=\"http://www.w3.org/1999/xhtml\"><div class=\"hapiHeaderText\">TestMultipleOccur_1inIPP1FailIPPdueToDx <b>NUMERPASS </b></div><table class=\"hapiPropertyTable\"><tbody><tr><td>Identifier</td><td>d7fcba6cb5e90ce5458a4e79a6dfe7a0</td></tr><tr><td>Date of birth</td><td><span>02 January 1974</span></td></tr></tbody></table></div>"
      },
      "extension": [ {
        "url": "http://hl7.org/fhir/us/core/StructureDefinition/us-core-race",
        "extension": [ {
          "url": "ombCategory",
          "valueCoding": {
            "system": "urn:oid:2.16.840.1.113883.6.238",
            "code": "1002-5",
            "display": "American Indian or Alaska Native",
            "userSelected": true
          }
        }, {
          "url": "text",
          "valueString": "American Indian or Alaska Native"
        } ]
      }, {
        "url": "http://hl7.org/fhir/us/core/StructureDefinition/us-core-ethnicity",
        "extension": [ {
          "url": "ombCategory",
          "valueCoding": {
            "system": "urn:oid:2.16.840.1.113883.6.238",
            "code": "2135-2",
            "display": "Hispanic or Latino",
            "userSelected": true
          }
        }, {
          "url": "text",
          "valueString": "Hispanic or Latino"
        } ]
      } ],
      "identifier": [ {
        "type": {
          "coding": [ {
            "system": "http://terminology.hl7.org/CodeSystem/v2-0203",
            "code": "MR"
          } ]
        },
        "system": "https://bonnie-fhir.healthit.gov/",
        "value": "612e6a5402c62a011f2e9a75"
      } ],
      "active": true,
      "name": [ {
        "use": "usual",
        "family": "NUMERPass",
        "given": [ "TestMultipleOccur_1inIPP1FailIPPdueToDx" ]
      } ],
      "gender": "male",
      "birthDate": "1974-01-02"
    },
    "request": {
      "method": "PUT",
      "url": "Patient/cc78e256-1fe3-4267-96c2-daf719216388"
    }
  }, {
    "fullUrl": "https://madie.cms.gov/Encounter/4896db23-5b7b-41ce-93bf-38739d3a2e8c",
    "resource": {
      "resourceType": "Encounter",
      "id": "4896db23-5b7b-41ce-93bf-38739d3a2e8c",
      "meta": {
        "profile": [ "http://hl7.org/fhir/us/qicore/StructureDefinition/qicore-encounter" ]
      },
      "status": "finished",
      "class": {
        "system": "http://terminology.hl7.org/CodeSystem/v3-ActCode",
        "code": "IMP",
        "display": "inpatient encounter"
      },
      "type": [ {
        "coding": [ {
          "system": "http://snomed.info/sct",
          "code": "8715000"
        } ]
      } ],
      "subject": {
        "reference": "Patient/cc78e256-1fe3-4267-96c2-daf719216388"
      },
      "period": {
        "start": "2025-10-19T08:00:00+00:00",
        "end": "2025-10-31T08:15:00+00:00"
      },
      "length": {
        "value": 12.0,
        "unit": "days"
      },
      "diagnosis": [ {
        "condition": {
          "reference": "Condition/6637090a-ff25-4f90-a499-1cd699deb651"
        },
        "use": {
          "coding": [ {
            "system": "http://snomed.info/sct",
            "code": "10217006",
            "display": "Obstetrics"
          } ]
        }
      } ]
    },
    "request": {
      "method": "PUT",
      "url": "Encounter/4896db23-5b7b-41ce-93bf-38739d3a2e8c"
    }
  }, {
    "fullUrl": "https://madie.cms.gov/Encounter/1924a110-a373-422a-a3fe-5fca68552fa9",
    "resource": {
      "resourceType": "Encounter",
      "id": "1924a110-a373-422a-a3fe-5fca68552fa9",
      "meta": {
        "profile": [ "http://hl7.org/fhir/us/qicore/StructureDefinition/qicore-encounter" ]
      },
      "status": "finished",
      "class": {
        "system": "http://terminology.hl7.org/CodeSystem/v3-ActCode",
        "code": "IMP",
        "display": "inpatient encounter"
      },
      "type": [ {
        "coding": [ {
          "system": "http://snomed.info/sct",
          "code": "8715000"
        } ]
      } ],
      "subject": {
        "reference": "Patient/cc78e256-1fe3-4267-96c2-daf719216388"
      },
      "period": {
        "start": "2025-11-01T08:00:00+00:00",
        "end": "2025-11-26T08:15:00+00:00"
      },
      "length": {
        "value": 25.0,
        "unit": "days"
      }
    },
    "request": {
      "method": "PUT",
      "url": "Encounter/1924a110-a373-422a-a3fe-5fca68552fa9"
    }
  }, {
    "fullUrl": "https://madie.cms.gov/Coverage/c7d63f95-c677-41bf-a049-5bb42e9433be",
    "resource": {
      "resourceType": "Coverage",
      "id": "c7d63f95-c677-41bf-a049-5bb42e9433be",
      "status": "active",
      "beneficiary": {
        "reference": "Patient/cc78e256-1fe3-4267-96c2-daf719216388"
      },
      "period": {
        "start": "1974-01-02T08:00:00+00:00"
      },
      "payor": [ {
        "reference": "Organization/ee9e199d-d955-4432-8394-ea1b98b6e95d"
      } ]
    },
    "request": {
      "method": "PUT",
      "url": "Coverage/c7d63f95-c677-41bf-a049-5bb42e9433be"
    }
  }, {
    "fullUrl": "https://madie.cms.gov/Condition/6637090a-ff25-4f90-a499-1cd699deb651",
    "resource": {
      "resourceType": "Condition",
      "id": "6637090a-ff25-4f90-a499-1cd699deb651",
      "meta": {
        "profile": [ "http://hl7.org/fhir/us/qicore/StructureDefinition/qicore-condition" ]
      },
      "category": [ {
        "coding": [ {
          "system": "http://terminology.hl7.org/CodeSystem/condition-category",
          "code": "encounter-diagnosis",
          "display": "Encounter Diagnosis"
        } ]
      } ],
      "code": {
        "coding": [ {
          "system": "http://snomed.info/sct",
          "version": "2025-03",
          "code": "13943000",
          "display": "Failed attempted abortion complicated by embolism (disorder)",
          "userSelected": true
        } ]
      },
      "subject": {
        "reference": "Patient/cc78e256-1fe3-4267-96c2-daf719216388"
      },
      "recordedDate": "2025-10-20T08:00:00.000+00:00"
    },
    "request": {
      "method": "PUT",
      "url": "Condition/6637090a-ff25-4f90-a499-1cd699deb651"
    }
  }, {
    "fullUrl": "https://madie.cms.gov/Procedure/6ff37bb6-abab-4922-bb29-40f93259a76e",
    "resource": {
      "resourceType": "Procedure",
      "id": "6ff37bb6-abab-4922-bb29-40f93259a76e",
      "meta": {
        "profile": [ "http://hl7.org/fhir/us/qicore/StructureDefinition/qicore-procedure" ]
      },
      "extension": [ {
        "url": "http://hl7.org/fhir/us/qicore/StructureDefinition/qicore-recorded",
        "valueDateTime": "2012-11-02T09:35:00-04:00"
      } ],
      "status": "completed",
      "code": {
        "coding": [ {
          "system": "http://snomed.info/sct",
          "code": "443448006",
          "display": "Application of intermittent pneumatic compression device (procedure)"
        } ]
      },
      "subject": {
        "reference": "Patient/cc78e256-1fe3-4267-96c2-daf719216388"
      },
      "performedDateTime": "2025-11-01T09:00:00.000+00:00"
    },
    "request": {
      "method": "PUT",
      "url": "Procedure/6ff37bb6-abab-4922-bb29-40f93259a76e"
    }
  }, {
    "fullUrl": "https://madie.cms.gov/Organization/ee9e199d-d955-4432-8394-ea1b98b6e95d",
    "resource": {
      "resourceType": "Organization",
      "id": "ee9e199d-d955-4432-8394-ea1b98b6e95d",
      "meta": {
        "profile": [ "http://hl7.org/fhir/us/qicore/StructureDefinition/qicore-organization" ]
      },
      "identifier": [ {
        "use": "temp",
        "system": "urn:oid:2.16.840.1.113883.4.4",
        "value": "21-3259825"
      } ],
      "active": true,
      "type": [ {
        "coding": [ {
          "system": "http://terminology.hl7.org/CodeSystem/organization-type",
          "code": "pay",
          "display": "Payer"
        } ]
      } ],
      "name": "Blue Cross Blue Shield of Texas",
      "telecom": [ {
        "system": "phone",
        "value": "(+1) 972-766-6900"
      } ],
      "address": [ {
        "use": "billing",
        "type": "postal",
        "line": [ "P.O. Box 660044" ],
        "city": "Dallas",
        "state": "TX",
        "postalCode": "75266-0044",
        "country": "USA"
      } ]
    },
    "request": {
      "method": "PUT",
      "url": "Organization/ee9e199d-d955-4432-8394-ea1b98b6e95d"
    }
  }, {
    "fullUrl": "https://madie.cms.gov/Practitioner/448b5242-f4da-427e-8d7a-618c76521b24",
    "resource": {
      "resourceType": "Practitioner",
      "id": "448b5242-f4da-427e-8d7a-618c76521b24",
      "identifier": [ {
        "system": "http://hl7.org/fhir/sid/us-npi",
        "value": "123456"
      } ],
      "name": [ {
        "family": "Evil",
        "prefix": [ "Dr" ]
      } ]
    },
    "request": {
      "method": "PUT",
      "url": "Practitioner/448b5242-f4da-427e-8d7a-618c76521b24"
    }
  }, {
    "fullUrl": "https://madie.cms.gov/MeasureReport/fab00d2c-804c-4097-a6ab-e6af16e2aac4",
    "resource": {
      "resourceType": "MeasureReport",
      "id": "fab00d2c-804c-4097-a6ab-e6af16e2aac4",
      "meta": {
        "profile": [ "http://hl7.org/fhir/us/cqfmeasures/StructureDefinition/test-case-cqfm" ]
      },
      "contained": [ {
        "resourceType": "Parameters",
        "id": "e5925960-9320-4899-9c95-65d8bc53a528-parameters",
        "parameter": [ {
          "name": "subject",
          "valueString": "cc78e256-1fe3-4267-96c2-daf719216388"
        } ]
      } ],
      "extension": [ {
        "url": "http://hl7.org/fhir/us/cqfmeasures/StructureDefinition/cqfm-inputParameters",
        "valueReference": {
          "reference": "#e5925960-9320-4899-9c95-65d8bc53a528-parameters"
        }
      }, {
        "url": "http://hl7.org/fhir/us/cqfmeasures/StructureDefinition/cqfm-testCaseDescription",
        "valueMarkdown": "Patient has 2 encounters, first encounter has Obstetrics diagnosis, but second encounter has no ob diagnosis and IPC applied <=1 day after start of encounter\n"
      } ],
      "modifierExtension": [ {
        "url": "http://hl7.org/fhir/us/cqfmeasures/StructureDefinition/cqfm-isTestCase",
        "valueBoolean": true
      } ],
      "status": "complete",
      "type": "individual",
      "measure": "https://madie.cms.gov/Measure/VenousThromboembolismProphylaxisFHIR",
      "period": {
        "start": "2025-01-01",
        "end": "2025-12-31"
      },
      "group": [ {
        "population": [ {
          "code": {
            "coding": [ {
              "system": "http://terminology.hl7.org/CodeSystem/measure-population",
              "code": "initial-population",
              "display": "Initial Population"
            } ]
          },
          "count": 1
        }, {
          "code": {
            "coding": [ {
              "system": "http://terminology.hl7.org/CodeSystem/measure-population",
              "code": "denominator",
              "display": "Denominator"
            } ]
          },
          "count": 1
        }, {
          "code": {
            "coding": [ {
              "system": "http://terminology.hl7.org/CodeSystem/measure-population",
              "code": "denominator-exclusion",
              "display": "Denominator Exclusion"
            } ]
          },
          "count": 0
        }, {
          "code": {
            "coding": [ {
              "system": "http://terminology.hl7.org/CodeSystem/measure-population",
              "code": "numerator",
              "display": "Numerator"
            } ]
          },
          "count": 1
        } ]
      } ],
      "evaluatedResource": [ {
        "reference": "Patient/cc78e256-1fe3-4267-96c2-daf719216388"
      }, {
        "reference": "Encounter/4896db23-5b7b-41ce-93bf-38739d3a2e8c"
      }, {
        "reference": "Encounter/1924a110-a373-422a-a3fe-5fca68552fa9"
      }, {
        "reference": "Coverage/c7d63f95-c677-41bf-a049-5bb42e9433be"
      }, {
        "reference": "Condition/6637090a-ff25-4f90-a499-1cd699deb651"
      }, {
        "reference": "Procedure/6ff37bb6-abab-4922-bb29-40f93259a76e"
      }, {
        "reference": "Organization/ee9e199d-d955-4432-8394-ea1b98b6e95d"
      }, {
        "reference": "Practitioner/448b5242-f4da-427e-8d7a-618c76521b24"
      } ]
    },
    "request": {
      "method": "PUT",
      "url": "MeasureReport/fab00d2c-804c-4097-a6ab-e6af16e2aac4"
    }
  } ]
}