{
  "resourceType": "Bundle",
  "id": "612e6b0202c62a011f2ec156",
  "type": "transaction",
  "entry": [ {
    "fullUrl": "https://madie.cms.gov/Patient/ffad2fd5-9a72-4100-a737-f9a9ace6e1c2",
    "resource": {
      "resourceType": "Patient",
      "id": "ffad2fd5-9a72-4100-a737-f9a9ace6e1c2",
      "meta": {
        "profile": [ "http://hl7.org/fhir/us/qicore/StructureDefinition/qicore-patient" ]
      },
      "text": {
        "status": "generated",
        "div": "<div xmlns=\"http://www.w3.org/1999/xhtml\"><div class=\"hapiHeaderText\">HipSurgRank1 <b>DENEXPASS </b></div><table class=\"hapiPropertyTable\"><tbody><tr><td>Identifier</td><td>66c70c125db369967b4b164e75338304</td></tr><tr><td>Date of birth</td><td><span>01 September 2000</span></td></tr></tbody></table></div>"
      },
      "extension": [ {
        "url": "http://hl7.org/fhir/us/core/StructureDefinition/us-core-race",
        "extension": [ {
          "url": "ombCategory",
          "valueCoding": {
            "system": "urn:oid:2.16.840.1.113883.6.238",
            "code": "1002-5",
            "display": "American Indian or Alaska Native",
            "userSelected": true
          }
        }, {
          "url": "text",
          "valueString": "American Indian or Alaska Native"
        } ]
      }, {
        "url": "http://hl7.org/fhir/us/core/StructureDefinition/us-core-ethnicity",
        "extension": [ {
          "url": "ombCategory",
          "valueCoding": {
            "system": "urn:oid:2.16.840.1.113883.6.238",
            "code": "2135-2",
            "display": "Hispanic or Latino",
            "userSelected": true
          }
        }, {
          "url": "text",
          "valueString": "Hispanic or Latino"
        } ]
      } ],
      "identifier": [ {
        "type": {
          "coding": [ {
            "system": "http://terminology.hl7.org/CodeSystem/v2-0203",
            "code": "MR"
          } ]
        },
        "system": "https://bonnie-fhir.healthit.gov/",
        "value": "612e6b0202c62a011f2ec156"
      } ],
      "active": true,
      "name": [ {
        "use": "usual",
        "family": "DENEXPass ",
        "given": [ "HipSurgRank1" ]
      } ],
      "gender": "male",
      "birthDate": "2000-09-01"
    },
    "request": {
      "method": "PUT",
      "url": "Patient/ffad2fd5-9a72-4100-a737-f9a9ace6e1c2"
    }
  }, {
    "fullUrl": "https://madie.cms.gov/Encounter/fe5780aa-5ba5-4920-8aba-ac9885f7f2ef",
    "resource": {
      "resourceType": "Encounter",
      "id": "fe5780aa-5ba5-4920-8aba-ac9885f7f2ef",
      "meta": {
        "profile": [ "http://hl7.org/fhir/us/qicore/StructureDefinition/qicore-encounter" ]
      },
      "extension": [ {
        "url": "http://hl7.org/fhir/us/qicore/StructureDefinition/qicore-encounter-procedure",
        "extension": [ {
          "url": "type",
          "valueCodeableConcept": {
            "coding": [ {
              "system": "http://www.cms.gov/Medicare/Coding/ICD10",
              "code": "0SWW0JZ"
            } ]
          }
        }, {
          "url": "rank",
          "valuePositiveInt": 1
        }, {
          "url": "procedure",
          "valueReference": {
            "reference": "Procedure/618825cd-0059-4baf-a79c-6cc99d71d502"
          }
        } ]
      } ],
      "status": "finished",
      "class": {
        "system": "http://terminology.hl7.org/CodeSystem/v3-ActCode",
        "code": "IMP",
        "display": "inpatient encounter"
      },
      "type": [ {
        "coding": [ {
          "system": "http://snomed.info/sct",
          "code": "183452005"
        } ]
      } ],
      "subject": {
        "reference": "Patient/ffad2fd5-9a72-4100-a737-f9a9ace6e1c2"
      },
      "period": {
        "start": "2025-09-02T06:00:00+00:00",
        "end": "2025-12-31T12:59:00+00:00"
      },
      "length": {
        "value": 120.0,
        "unit": "days"
      }
    },
    "request": {
      "method": "PUT",
      "url": "Encounter/fe5780aa-5ba5-4920-8aba-ac9885f7f2ef"
    }
  }, {
    "fullUrl": "https://madie.cms.gov/Coverage/97740808-8138-4819-b4b4-08ee039c8454",
    "resource": {
      "resourceType": "Coverage",
      "id": "97740808-8138-4819-b4b4-08ee039c8454",
      "status": "active",
      "beneficiary": {
        "reference": "Patient/ffad2fd5-9a72-4100-a737-f9a9ace6e1c2"
      },
      "period": {
        "start": "2000-09-01T08:00:00+00:00"
      },
      "payor": [ {
        "reference": "Organization/4536f2dd-f0a4-4199-99f2-996e82038649"
      } ]
    },
    "request": {
      "method": "PUT",
      "url": "Coverage/97740808-8138-4819-b4b4-08ee039c8454"
    }
  }, {
    "fullUrl": "https://madie.cms.gov/Procedure/618825cd-0059-4baf-a79c-6cc99d71d502",
    "resource": {
      "resourceType": "Procedure",
      "id": "618825cd-0059-4baf-a79c-6cc99d71d502",
      "meta": {
        "profile": [ "http://hl7.org/fhir/us/qicore/StructureDefinition/qicore-procedure" ]
      },
      "extension": [ {
        "url": "http://hl7.org/fhir/us/qicore/StructureDefinition/qicore-recorded",
        "valueDateTime": "2012-09-02T09:35:00-04:00"
      } ],
      "status": "completed",
      "code": {
        "coding": [ {
          "system": "http://www.cms.gov/Medicare/Coding/ICD10",
          "code": "0SWW0JZ"
        } ]
      },
      "subject": {
        "reference": "Patient/ffad2fd5-9a72-4100-a737-f9a9ace6e1c2"
      },
      "performedPeriod": {
        "start": "2025-09-02T09:00:00+00:00",
        "end": "2025-09-02T12:59:00+00:00"
      }
    },
    "request": {
      "method": "PUT",
      "url": "Procedure/618825cd-0059-4baf-a79c-6cc99d71d502"
    }
  }, {
    "fullUrl": "https://madie.cms.gov/Organization/4536f2dd-f0a4-4199-99f2-996e82038649",
    "resource": {
      "resourceType": "Organization",
      "id": "4536f2dd-f0a4-4199-99f2-996e82038649",
      "meta": {
        "profile": [ "http://hl7.org/fhir/us/qicore/StructureDefinition/qicore-organization" ]
      },
      "identifier": [ {
        "use": "temp",
        "system": "urn:oid:2.16.840.1.113883.4.4",
        "value": "21-3259825"
      } ],
      "active": true,
      "type": [ {
        "coding": [ {
          "system": "http://terminology.hl7.org/CodeSystem/organization-type",
          "code": "pay",
          "display": "Payer"
        } ]
      } ],
      "name": "Blue Cross Blue Shield of Texas",
      "telecom": [ {
        "system": "phone",
        "value": "(+1) 972-766-6900"
      } ],
      "address": [ {
        "use": "billing",
        "type": "postal",
        "line": [ "P.O. Box 660044" ],
        "city": "Dallas",
        "state": "TX",
        "postalCode": "75266-0044",
        "country": "USA"
      } ]
    },
    "request": {
      "method": "PUT",
      "url": "Organization/4536f2dd-f0a4-4199-99f2-996e82038649"
    }
  }, {
    "fullUrl": "https://madie.cms.gov/Practitioner/4c9c4f80-c1a8-4abe-b1a2-60b809cf1706",
    "resource": {
      "resourceType": "Practitioner",
      "id": "4c9c4f80-c1a8-4abe-b1a2-60b809cf1706",
      "identifier": [ {
        "system": "http://hl7.org/fhir/sid/us-npi",
        "value": "123456"
      } ],
      "name": [ {
        "family": "Evil",
        "prefix": [ "Dr" ]
      } ]
    },
    "request": {
      "method": "PUT",
      "url": "Practitioner/4c9c4f80-c1a8-4abe-b1a2-60b809cf1706"
    }
  }, {
    "fullUrl": "https://madie.cms.gov/MeasureReport/ad44d9b1-fa92-46b5-9531-885ec6e45cd9",
    "resource": {
      "resourceType": "MeasureReport",
      "id": "ad44d9b1-fa92-46b5-9531-885ec6e45cd9",
      "meta": {
        "profile": [ "http://hl7.org/fhir/us/cqfmeasures/StructureDefinition/test-case-cqfm" ]
      },
      "contained": [ {
        "resourceType": "Parameters",
        "id": "35a9415d-915b-46f7-85b7-427a464c3dab-parameters",
        "parameter": [ {
          "name": "subject",
          "valueString": "ffad2fd5-9a72-4100-a737-f9a9ace6e1c2"
        } ]
      } ],
      "extension": [ {
        "url": "http://hl7.org/fhir/us/cqfmeasures/StructureDefinition/cqfm-inputParameters",
        "valueReference": {
          "reference": "#35a9415d-915b-46f7-85b7-427a464c3dab-parameters"
        }
      }, {
        "url": "http://hl7.org/fhir/us/cqfmeasures/StructureDefinition/cqfm-testCaseDescription",
        "valueMarkdown": "Patient had SCIP -KneeSurg during Encounter and Rank =1\n"
      } ],
      "modifierExtension": [ {
        "url": "http://hl7.org/fhir/us/cqfmeasures/StructureDefinition/cqfm-isTestCase",
        "valueBoolean": true
      } ],
      "status": "complete",
      "type": "individual",
      "measure": "https://madie.cms.gov/Measure/VenousThromboembolismProphylaxisFHIR",
      "period": {
        "start": "2025-01-01",
        "end": "2025-12-31"
      },
      "group": [ {
        "population": [ {
          "code": {
            "coding": [ {
              "system": "http://terminology.hl7.org/CodeSystem/measure-population",
              "code": "initial-population",
              "display": "Initial Population"
            } ]
          },
          "count": 1
        }, {
          "code": {
            "coding": [ {
              "system": "http://terminology.hl7.org/CodeSystem/measure-population",
              "code": "denominator",
              "display": "Denominator"
            } ]
          },
          "count": 1
        }, {
          "code": {
            "coding": [ {
              "system": "http://terminology.hl7.org/CodeSystem/measure-population",
              "code": "denominator-exclusion",
              "display": "Denominator Exclusion"
            } ]
          },
          "count": 1
        }, {
          "code": {
            "coding": [ {
              "system": "http://terminology.hl7.org/CodeSystem/measure-population",
              "code": "numerator",
              "display": "Numerator"
            } ]
          },
          "count": 0
        } ]
      } ],
      "evaluatedResource": [ {
        "reference": "Patient/ffad2fd5-9a72-4100-a737-f9a9ace6e1c2"
      }, {
        "reference": "Encounter/fe5780aa-5ba5-4920-8aba-ac9885f7f2ef"
      }, {
        "reference": "Coverage/97740808-8138-4819-b4b4-08ee039c8454"
      }, {
        "reference": "Procedure/618825cd-0059-4baf-a79c-6cc99d71d502"
      }, {
        "reference": "Organization/4536f2dd-f0a4-4199-99f2-996e82038649"
      }, {
        "reference": "Practitioner/4c9c4f80-c1a8-4abe-b1a2-60b809cf1706"
      } ]
    },
    "request": {
      "method": "PUT",
      "url": "MeasureReport/ad44d9b1-fa92-46b5-9531-885ec6e45cd9"
    }
  } ]
}