{
  "resourceType": "Bundle",
  "id": "60abda28bf0a01003e3f76bd",
  "type": "transaction",
  "entry": [ {
    "fullUrl": "https://madie.cms.gov/Patient/b2fd08f5-6a75-4221-8b2d-eb28f45ed981",
    "resource": {
      "resourceType": "Patient",
      "id": "b2fd08f5-6a75-4221-8b2d-eb28f45ed981",
      "meta": {
        "profile": [ "http://hl7.org/fhir/us/qicore/StructureDefinition/qicore-patient" ]
      },
      "extension": [ {
        "url": "http://hl7.org/fhir/us/core/StructureDefinition/us-core-race",
        "extension": [ {
          "url": "ombCategory",
          "valueCoding": {
            "system": "urn:oid:2.16.840.1.113883.6.238",
            "code": "2054-5",
            "display": "Black or African American"
          }
        }, {
          "url": "text",
          "valueString": "Black or African American"
        } ]
      }, {
        "url": "http://hl7.org/fhir/us/core/StructureDefinition/us-core-ethnicity",
        "extension": [ {
          "url": "ombCategory",
          "valueCoding": {
            "system": "urn:oid:2.16.840.1.113883.6.238",
            "code": "2186-5",
            "display": "Not Hispanic or Latino"
          }
        }, {
          "url": "text",
          "valueString": "Not Hispanic or Latino"
        } ]
      } ],
      "identifier": [ {
        "type": {
          "coding": [ {
            "system": "http://terminology.hl7.org/CodeSystem/v2-0203",
            "code": "MR"
          } ]
        },
        "system": "https://bonnie-fhir.healthit.gov/",
        "value": "463131313187656"
      } ],
      "name": [ {
        "family": "NUMERPass",
        "given": [ "ADT9MonthsAfterStartofMPEdge" ]
      } ],
      "gender": "male",
      "birthDate": "1930-06-15"
    },
    "request": {
      "method": "PUT",
      "url": "Patient/b2fd08f5-6a75-4221-8b2d-eb28f45ed981"
    }
  }, {
    "fullUrl": "https://madie.cms.gov/Encounter/9b89e02b-a929-44f8-bb15-d7fd14a126dd",
    "resource": {
      "resourceType": "Encounter",
      "id": "9b89e02b-a929-44f8-bb15-d7fd14a126dd",
      "meta": {
        "profile": [ "http://hl7.org/fhir/us/qicore/StructureDefinition/qicore-encounter" ]
      },
      "status": "finished",
      "class": {
        "system": "http://terminology.hl7.org/CodeSystem/v3-ActCode",
        "code": "AMB",
        "display": "ambulatory"
      },
      "type": [ {
        "coding": [ {
          "system": "http://snomed.info/sct",
          "version": "http://snomed.info/sct/731000124108/version/20240301",
          "code": "185463005",
          "display": "Visit out of hours (procedure)"
        } ]
      } ],
      "subject": {
        "reference": "Patient/b2fd08f5-6a75-4221-8b2d-eb28f45ed981"
      },
      "period": {
        "start": "2026-09-01T08:00:00.000+00:00",
        "end": "2026-09-01T08:15:00.000+00:00"
      }
    },
    "request": {
      "method": "PUT",
      "url": "Encounter/9b89e02b-a929-44f8-bb15-d7fd14a126dd"
    }
  }, {
    "fullUrl": "https://madie.cms.gov/Condition/6741e125-6a07-4384-942e-b0f91f8a9da7",
    "resource": {
      "resourceType": "Condition",
      "id": "6741e125-6a07-4384-942e-b0f91f8a9da7",
      "meta": {
        "profile": [ "http://hl7.org/fhir/us/qicore/StructureDefinition/qicore-condition-problems-health-concerns" ]
      },
      "clinicalStatus": {
        "coding": [ {
          "system": "http://terminology.hl7.org/CodeSystem/condition-clinical",
          "code": "active",
          "display": "Active",
          "userSelected": true
        } ]
      },
      "verificationStatus": {
        "coding": [ {
          "system": "http://terminology.hl7.org/CodeSystem/condition-ver-status",
          "code": "confirmed"
        } ]
      },
      "category": [ {
        "coding": [ {
          "system": "http://terminology.hl7.org/CodeSystem/condition-category",
          "code": "problem-list-item",
          "display": "Problem List Item"
        } ]
      } ],
      "code": {
        "coding": [ {
          "system": "http://snomed.info/sct",
          "version": "http://snomed.info/sct/731000124108/version/20240301",
          "code": "254900004",
          "display": "Carcinoma of prostate (disorder)"
        } ]
      },
      "subject": {
        "reference": "Patient/b2fd08f5-6a75-4221-8b2d-eb28f45ed981"
      },
      "onsetPeriod": {
        "start": "2026-09-01T08:00:00.000+00:00"
      }
    },
    "request": {
      "method": "PUT",
      "url": "Condition/6741e125-6a07-4384-942e-b0f91f8a9da7"
    }
  }, {
    "fullUrl": "https://madie.cms.gov/Observation/d76d2198-17a1-4063-a678-4c4690a2fac7",
    "resource": {
      "resourceType": "Observation",
      "id": "d76d2198-17a1-4063-a678-4c4690a2fac7",
      "meta": {
        "profile": [ "http://hl7.org/fhir/us/qicore/StructureDefinition/qicore-observation-lab" ]
      },
      "status": "final",
      "category": [ {
        "coding": [ {
          "system": "http://terminology.hl7.org/CodeSystem/observation-category",
          "code": "imaging",
          "display": "Imaging"
        } ]
      } ],
      "code": {
        "coding": [ {
          "system": "http://loinc.org",
          "version": "2.76",
          "code": "38265-5",
          "display": "DXA Radius and Ulna [T-score] Bone density"
        } ]
      },
      "subject": {
        "reference": "Patient/b2fd08f5-6a75-4221-8b2d-eb28f45ed981"
      },
      "effectivePeriod": {
        "start": "2026-12-31T10:00:00.000+00:00"
      }
    },
    "request": {
      "method": "PUT",
      "url": "Observation/d76d2198-17a1-4063-a678-4c4690a2fac7"
    }
  }, {
    "fullUrl": "https://madie.cms.gov/Practitioner/0e52aa55-515a-4b14-890e-2b90d828d1e2",
    "resource": {
      "resourceType": "Practitioner",
      "id": "0e52aa55-515a-4b14-890e-2b90d828d1e2",
      "meta": {
        "profile": [ "http://hl7.org/fhir/us/qicore/StructureDefinition/qicore-practitioner" ]
      },
      "identifier": [ {
        "use": "temp",
        "system": "urn:oid:2.16.840.1.113883.4.336",
        "value": "Practitioner-23"
      } ],
      "active": true,
      "name": [ {
        "family": "Careful",
        "given": [ "Adam" ],
        "prefix": [ "Dr" ]
      } ],
      "address": [ {
        "use": "home",
        "line": [ "534 Erewhon St" ],
        "city": "PleasantVille",
        "state": "UT",
        "postalCode": "84414"
      } ],
      "qualification": [ {
        "identifier": [ {
          "system": "http://example.org/UniversityIdentifier",
          "value": "12345"
        } ],
        "code": {
          "coding": [ {
            "system": "http://terminology.hl7.org/CodeSystem/v2-0360|2.7",
            "code": "BS",
            "display": "Bachelor of Science"
          } ],
          "text": "Bachelor of Science"
        },
        "period": {
          "start": "1996"
        },
        "issuer": {
          "display": "Example University"
        }
      } ]
    },
    "request": {
      "method": "PUT",
      "url": "Practitioner/0e52aa55-515a-4b14-890e-2b90d828d1e2"
    }
  }, {
    "fullUrl": "https://madie.cms.gov/MedicationRequest/2dea51d8-4a8a-4c2c-9de3-04f3e24b2b23",
    "resource": {
      "resourceType": "MedicationRequest",
      "id": "2dea51d8-4a8a-4c2c-9de3-04f3e24b2b23",
      "meta": {
        "profile": [ "http://hl7.org/fhir/us/qicore/StructureDefinition/qicore-medicationrequest" ]
      },
      "status": "active",
      "intent": "order",
      "medicationCodeableConcept": {
        "coding": [ {
          "system": "http://www.nlm.nih.gov/research/umls/rxnorm",
          "version": "04012024",
          "code": "1115257",
          "display": "1.5 ML leuprolide acetate 30 MG/ML Prefilled Syringe"
        } ]
      },
      "subject": {
        "reference": "Patient/b2fd08f5-6a75-4221-8b2d-eb28f45ed981"
      },
      "authoredOn": "2026-09-29T08:00:00.000+00:00",
      "requester": {
        "reference": "http://myGoodHealthcare.com/fhir/Practitioner/0e52aa55-515a-4b14-890e-2b90d828d1e2"
      },
      "dosageInstruction": [ {
        "timing": {
          "repeat": {
            "boundsPeriod": {
              "start": "2026-09-30T08:00:00.000+00:00"
            }
          }
        }
      } ]
    },
    "request": {
      "method": "PUT",
      "url": "MedicationRequest/2dea51d8-4a8a-4c2c-9de3-04f3e24b2b23"
    }
  }, {
    "fullUrl": "https://madie.cms.gov/ServiceRequest/6f97b7df-0e4f-4c92-8b9e-17818aded1f3",
    "resource": {
      "resourceType": "ServiceRequest",
      "id": "6f97b7df-0e4f-4c92-8b9e-17818aded1f3",
      "meta": {
        "profile": [ "http://hl7.org/fhir/us/qicore/StructureDefinition/qicore-servicerequest" ]
      },
      "status": "active",
      "intent": "order",
      "code": {
        "coding": [ {
          "system": "http://snomed.info/sct",
          "version": "http://snomed.info/sct/731000124108/version/20240301",
          "code": "456381000124102",
          "display": "Injection of leuprolide acetate for twelve month period (regime/therapy)"
        } ]
      },
      "subject": {
        "reference": "Patient/b2fd08f5-6a75-4221-8b2d-eb28f45ed981"
      },
      "authoredOn": "2026-09-30T08:00:00.000+00:00"
    },
    "request": {
      "method": "PUT",
      "url": "ServiceRequest/6f97b7df-0e4f-4c92-8b9e-17818aded1f3"
    }
  }, {
    "fullUrl": "https://madie.cms.gov/MeasureReport/18c01238-f2b9-4400-91c9-006cb99a5fb7",
    "resource": {
      "resourceType": "MeasureReport",
      "id": "18c01238-f2b9-4400-91c9-006cb99a5fb7",
      "meta": {
        "profile": [ "http://hl7.org/fhir/us/cqfmeasures/StructureDefinition/test-case-cqfm" ]
      },
      "contained": [ {
        "resourceType": "Parameters",
        "id": "644d0526-cd53-4d7c-b858-9cf1beec2da4-parameters",
        "parameter": [ {
          "name": "subject",
          "valueString": "b2fd08f5-6a75-4221-8b2d-eb28f45ed981"
        } ]
      } ],
      "extension": [ {
        "url": "http://hl7.org/fhir/StructureDefinition/cqf-inputParameters",
        "valueReference": {
          "reference": "#644d0526-cd53-4d7c-b858-9cf1beec2da4-parameters"
        }
      }, {
        "url": "http://hl7.org/fhir/us/cqfmeasures/StructureDefinition/cqfm-testCaseDescription",
        "valueMarkdown": "Encounter Office Visit in MP.  Dx Prostate Cancer in MP. ADT on 9/30 and DEXA done on 12/31 of MP to test timing.  Fails NUMER Criteria "
      } ],
      "modifierExtension": [ {
        "url": "http://hl7.org/fhir/us/cqfmeasures/StructureDefinition/cqfm-isTestCase",
        "valueBoolean": true
      } ],
      "status": "complete",
      "type": "individual",
      "measure": "https://madie.cms.gov/Measure/BoneDensityProstateCancerAndrogenDeprivationTherapyFHIR6",
      "period": {
        "start": "2026-01-01",
        "end": "2026-12-31"
      },
      "group": [ {
        "id": "Group_1",
        "population": [ {
          "id": "InitialPopulation_1",
          "code": {
            "coding": [ {
              "system": "http://terminology.hl7.org/CodeSystem/measure-population",
              "code": "initial-population",
              "display": "Initial Population"
            } ]
          },
          "count": 1
        }, {
          "id": "Denominator_1",
          "code": {
            "coding": [ {
              "system": "http://terminology.hl7.org/CodeSystem/measure-population",
              "code": "denominator",
              "display": "Denominator"
            } ]
          },
          "count": 1
        }, {
          "id": "Numerator_1",
          "code": {
            "coding": [ {
              "system": "http://terminology.hl7.org/CodeSystem/measure-population",
              "code": "numerator",
              "display": "Numerator"
            } ]
          },
          "count": 0
        }, {
          "id": "DenominatorException_1",
          "code": {
            "coding": [ {
              "system": "http://terminology.hl7.org/CodeSystem/measure-population",
              "code": "denominator-exception",
              "display": "Denominator Exception"
            } ]
          },
          "count": 0
        } ],
        "measureScore": {
          "value": 1.0
        }
      } ],
      "evaluatedResource": [ {
        "reference": "Patient/b2fd08f5-6a75-4221-8b2d-eb28f45ed981"
      }, {
        "reference": "Encounter/9b89e02b-a929-44f8-bb15-d7fd14a126dd"
      }, {
        "reference": "Condition/6741e125-6a07-4384-942e-b0f91f8a9da7"
      }, {
        "reference": "Observation/d76d2198-17a1-4063-a678-4c4690a2fac7"
      }, {
        "reference": "Practitioner/0e52aa55-515a-4b14-890e-2b90d828d1e2"
      }, {
        "reference": "MedicationRequest/2dea51d8-4a8a-4c2c-9de3-04f3e24b2b23"
      }, {
        "reference": "ServiceRequest/6f97b7df-0e4f-4c92-8b9e-17818aded1f3"
      } ]
    },
    "request": {
      "method": "PUT",
      "url": "MeasureReport/18c01238-f2b9-4400-91c9-006cb99a5fb7"
    }
  } ]
}