{
  "resourceType": "Bundle",
  "id": "60abda28bf0a01003e3f76bd",
  "type": "transaction",
  "entry": [ {
    "fullUrl": "https://madie.cms.gov/Patient/b2fd08f5-6a75-4221-8b2d-eb28f45ed981",
    "resource": {
      "resourceType": "Patient",
      "id": "b2fd08f5-6a75-4221-8b2d-eb28f45ed981",
      "meta": {
        "profile": [ "http://hl7.org/fhir/us/qicore/StructureDefinition/qicore-patient" ]
      },
      "extension": [ {
        "url": "http://hl7.org/fhir/us/core/StructureDefinition/us-core-race",
        "extension": [ {
          "url": "ombCategory",
          "valueCoding": {
            "system": "urn:oid:2.16.840.1.113883.6.238",
            "code": "2054-5",
            "display": "Black or African American"
          }
        }, {
          "url": "text",
          "valueString": "Black or African American"
        } ]
      }, {
        "url": "http://hl7.org/fhir/us/core/StructureDefinition/us-core-ethnicity",
        "extension": [ {
          "url": "ombCategory",
          "valueCoding": {
            "system": "urn:oid:2.16.840.1.113883.6.238",
            "code": "2186-5",
            "display": "Not Hispanic or Latino"
          }
        }, {
          "url": "text",
          "valueString": "Not Hispanic or Latino"
        } ]
      } ],
      "identifier": [ {
        "type": {
          "coding": [ {
            "system": "http://terminology.hl7.org/CodeSystem/v2-0203",
            "code": "MR"
          } ]
        },
        "system": "https://bonnie-fhir.healthit.gov/",
        "value": "463131313187656"
      } ],
      "name": [ {
        "family": "NUMERPass",
        "given": [ "ADT9MonthsAfterStartofMPEdge" ]
      } ],
      "gender": "male",
      "birthDate": "1929-06-15"
    },
    "request": {
      "method": "PUT",
      "url": "Patient/b2fd08f5-6a75-4221-8b2d-eb28f45ed981"
    }
  }, {
    "fullUrl": "https://madie.cms.gov/Encounter/bc86a51c-04e0-4207-81f6-307b8e4f1842",
    "resource": {
      "resourceType": "Encounter",
      "id": "bc86a51c-04e0-4207-81f6-307b8e4f1842",
      "meta": {
        "profile": [ "http://hl7.org/fhir/us/qicore/StructureDefinition/qicore-encounter" ]
      },
      "status": "finished",
      "class": {
        "system": "http://terminology.hl7.org/CodeSystem/v3-ActCode",
        "code": "AMB",
        "display": "ambulatory"
      },
      "type": [ {
        "coding": [ {
          "system": "http://snomed.info/sct",
          "version": "http://snomed.info/sct/731000124108/version/20240301",
          "code": "185463005",
          "display": "Visit out of hours (procedure)"
        } ]
      } ],
      "subject": {
        "reference": "Patient/b2fd08f5-6a75-4221-8b2d-eb28f45ed981"
      },
      "period": {
        "start": "2025-09-01T08:00:00.000+00:00",
        "end": "2025-09-01T08:15:00.000+00:00"
      }
    },
    "request": {
      "method": "PUT",
      "url": "Encounter/bc86a51c-04e0-4207-81f6-307b8e4f1842"
    }
  }, {
    "fullUrl": "https://madie.cms.gov/Condition/2c5dd2aa-93d5-472a-9f78-b3989a134940",
    "resource": {
      "resourceType": "Condition",
      "id": "2c5dd2aa-93d5-472a-9f78-b3989a134940",
      "meta": {
        "profile": [ "http://hl7.org/fhir/us/qicore/StructureDefinition/qicore-condition-problems-health-concerns" ]
      },
      "clinicalStatus": {
        "coding": [ {
          "system": "http://terminology.hl7.org/CodeSystem/condition-clinical",
          "code": "active",
          "display": "Active",
          "userSelected": true
        } ]
      },
      "verificationStatus": {
        "coding": [ {
          "system": "http://terminology.hl7.org/CodeSystem/condition-ver-status",
          "code": "confirmed"
        } ]
      },
      "category": [ {
        "coding": [ {
          "system": "http://terminology.hl7.org/CodeSystem/condition-category",
          "code": "problem-list-item",
          "display": "Problem List Item"
        } ]
      } ],
      "code": {
        "coding": [ {
          "system": "http://snomed.info/sct",
          "version": "http://snomed.info/sct/731000124108/version/20240301",
          "code": "254900004",
          "display": "Carcinoma of prostate (disorder)"
        } ]
      },
      "subject": {
        "reference": "Patient/b2fd08f5-6a75-4221-8b2d-eb28f45ed981"
      },
      "onsetPeriod": {
        "start": "2025-09-01T08:00:00.000+00:00"
      }
    },
    "request": {
      "method": "PUT",
      "url": "Condition/2c5dd2aa-93d5-472a-9f78-b3989a134940"
    }
  }, {
    "fullUrl": "https://madie.cms.gov/Observation/b5c8dead-e968-4357-97ec-07c25bb49b3b",
    "resource": {
      "resourceType": "Observation",
      "id": "b5c8dead-e968-4357-97ec-07c25bb49b3b",
      "meta": {
        "profile": [ "http://hl7.org/fhir/us/qicore/StructureDefinition/qicore-observation-lab" ]
      },
      "status": "final",
      "category": [ {
        "coding": [ {
          "system": "http://terminology.hl7.org/CodeSystem/observation-category",
          "code": "imaging",
          "display": "Imaging"
        } ]
      } ],
      "code": {
        "coding": [ {
          "system": "http://loinc.org",
          "version": "2.76",
          "code": "38265-5",
          "display": "DXA Radius and Ulna [T-score] Bone density"
        } ]
      },
      "subject": {
        "reference": "Patient/b2fd08f5-6a75-4221-8b2d-eb28f45ed981"
      },
      "effectivePeriod": {
        "start": "2025-12-31T10:00:00.000+00:00"
      }
    },
    "request": {
      "method": "PUT",
      "url": "Observation/b5c8dead-e968-4357-97ec-07c25bb49b3b"
    }
  }, {
    "fullUrl": "https://madie.cms.gov/Practitioner/99eacd86-4470-489b-acc1-efc2f9f42c24",
    "resource": {
      "resourceType": "Practitioner",
      "id": "99eacd86-4470-489b-acc1-efc2f9f42c24",
      "meta": {
        "profile": [ "http://hl7.org/fhir/us/qicore/StructureDefinition/qicore-practitioner" ]
      },
      "identifier": [ {
        "use": "temp",
        "system": "urn:oid:2.16.840.1.113883.4.336",
        "value": "Practitioner-23"
      } ],
      "active": true,
      "name": [ {
        "family": "Careful",
        "given": [ "Adam" ],
        "prefix": [ "Dr" ]
      } ],
      "address": [ {
        "use": "home",
        "line": [ "534 Erewhon St" ],
        "city": "PleasantVille",
        "state": "UT",
        "postalCode": "84414"
      } ],
      "qualification": [ {
        "identifier": [ {
          "system": "http://example.org/UniversityIdentifier",
          "value": "12345"
        } ],
        "code": {
          "coding": [ {
            "system": "http://terminology.hl7.org/CodeSystem/v2-0360|2.7",
            "code": "BS",
            "display": "Bachelor of Science"
          } ],
          "text": "Bachelor of Science"
        },
        "period": {
          "start": "1995"
        },
        "issuer": {
          "display": "Example University"
        }
      } ]
    },
    "request": {
      "method": "PUT",
      "url": "Practitioner/99eacd86-4470-489b-acc1-efc2f9f42c24"
    }
  }, {
    "fullUrl": "https://madie.cms.gov/MedicationRequest/46c26c6b-88bf-4834-8277-aa91012f8ab3",
    "resource": {
      "resourceType": "MedicationRequest",
      "id": "46c26c6b-88bf-4834-8277-aa91012f8ab3",
      "meta": {
        "profile": [ "http://hl7.org/fhir/us/qicore/StructureDefinition/qicore-medicationrequest" ]
      },
      "status": "active",
      "intent": "order",
      "medicationCodeableConcept": {
        "coding": [ {
          "system": "http://www.nlm.nih.gov/research/umls/rxnorm",
          "version": "04012024",
          "code": "1115257",
          "display": "1.5 ML leuprolide acetate 30 MG/ML Prefilled Syringe"
        } ]
      },
      "subject": {
        "reference": "Patient/b2fd08f5-6a75-4221-8b2d-eb28f45ed981"
      },
      "authoredOn": "2025-09-29T08:00:00.000+00:00",
      "requester": {
        "reference": "http://myGoodHealthcare.com/fhir/Practitioner/99eacd86-4470-489b-acc1-efc2f9f42c24"
      },
      "dosageInstruction": [ {
        "timing": {
          "repeat": {
            "boundsPeriod": {
              "start": "2025-09-30T08:00:00.000+00:00"
            }
          }
        }
      } ]
    },
    "request": {
      "method": "PUT",
      "url": "MedicationRequest/46c26c6b-88bf-4834-8277-aa91012f8ab3"
    }
  }, {
    "fullUrl": "https://madie.cms.gov/ServiceRequest/e795302a-18a6-4622-947a-7b064d7e60d5",
    "resource": {
      "resourceType": "ServiceRequest",
      "id": "e795302a-18a6-4622-947a-7b064d7e60d5",
      "meta": {
        "profile": [ "http://hl7.org/fhir/us/qicore/StructureDefinition/qicore-servicerequest" ]
      },
      "status": "active",
      "intent": "order",
      "code": {
        "coding": [ {
          "system": "http://snomed.info/sct",
          "version": "http://snomed.info/sct/731000124108/version/20240301",
          "code": "456381000124102",
          "display": "Injection of leuprolide acetate for twelve month period (regime/therapy)"
        } ]
      },
      "subject": {
        "reference": "Patient/b2fd08f5-6a75-4221-8b2d-eb28f45ed981"
      },
      "authoredOn": "2025-09-30T08:00:00.000+00:00"
    },
    "request": {
      "method": "PUT",
      "url": "ServiceRequest/e795302a-18a6-4622-947a-7b064d7e60d5"
    }
  }, {
    "fullUrl": "https://madie.cms.gov/MeasureReport/e3b73621-2c87-4ff8-8d00-5cbaedc919e0",
    "resource": {
      "resourceType": "MeasureReport",
      "id": "e3b73621-2c87-4ff8-8d00-5cbaedc919e0",
      "meta": {
        "profile": [ "http://hl7.org/fhir/us/cqfmeasures/StructureDefinition/test-case-cqfm" ]
      },
      "contained": [ {
        "resourceType": "Parameters",
        "id": "b995ea48-6956-4cd6-bc0d-ba5b9173cc85-parameters",
        "parameter": [ {
          "name": "subject",
          "valueString": "b2fd08f5-6a75-4221-8b2d-eb28f45ed981"
        } ]
      } ],
      "extension": [ {
        "url": "http://hl7.org/fhir/us/cqfmeasures/StructureDefinition/cqfm-inputParameters",
        "valueReference": {
          "reference": "#b995ea48-6956-4cd6-bc0d-ba5b9173cc85-parameters"
        }
      }, {
        "url": "http://hl7.org/fhir/us/cqfmeasures/StructureDefinition/cqfm-testCaseDescription",
        "valueMarkdown": "Encounter Office Visit in MP.  Dx Prostate Cancer in MP. ADT on 9/30 and DEXA done on 12/31 of MP to test timing.  Fails NUMER Criteria "
      } ],
      "modifierExtension": [ {
        "url": "http://hl7.org/fhir/us/cqfmeasures/StructureDefinition/cqfm-isTestCase",
        "valueBoolean": true
      } ],
      "status": "complete",
      "type": "individual",
      "measure": "https://madie.cms.gov/Measure/BoneDensityProstateCancerAndrogenDeprivationTherapyFHIR6",
      "period": {
        "start": "2025-01-01",
        "end": "2025-12-31"
      },
      "group": [ {
        "id": "67b61060a0d801640767a597",
        "population": [ {
          "id": "E8F25116-1779-4BA6-B606-34F12AE4F5BA",
          "code": {
            "coding": [ {
              "system": "http://terminology.hl7.org/CodeSystem/measure-population",
              "code": "initial-population",
              "display": "Initial Population"
            } ]
          },
          "count": 1
        }, {
          "id": "1C145A56-9250-4444-A497-86C44F55CFDB",
          "code": {
            "coding": [ {
              "system": "http://terminology.hl7.org/CodeSystem/measure-population",
              "code": "denominator",
              "display": "Denominator"
            } ]
          },
          "count": 1
        }, {
          "id": "B1E0E3D2-D44E-4BFF-92F8-077CF1AE234F",
          "code": {
            "coding": [ {
              "system": "http://terminology.hl7.org/CodeSystem/measure-population",
              "code": "numerator",
              "display": "Numerator"
            } ]
          },
          "count": 0
        }, {
          "id": "A9552F46-139C-4270-835C-224132205362",
          "code": {
            "coding": [ {
              "system": "http://terminology.hl7.org/CodeSystem/measure-population",
              "code": "denominator-exception",
              "display": "Denominator Exception"
            } ]
          },
          "count": 0
        } ],
        "measureScore": {
          "value": 1.0
        }
      } ],
      "evaluatedResource": [ {
        "reference": "Patient/b2fd08f5-6a75-4221-8b2d-eb28f45ed981"
      }, {
        "reference": "Encounter/bc86a51c-04e0-4207-81f6-307b8e4f1842"
      }, {
        "reference": "Condition/2c5dd2aa-93d5-472a-9f78-b3989a134940"
      }, {
        "reference": "Observation/b5c8dead-e968-4357-97ec-07c25bb49b3b"
      }, {
        "reference": "Practitioner/99eacd86-4470-489b-acc1-efc2f9f42c24"
      }, {
        "reference": "MedicationRequest/46c26c6b-88bf-4834-8277-aa91012f8ab3"
      }, {
        "reference": "ServiceRequest/e795302a-18a6-4622-947a-7b064d7e60d5"
      } ]
    },
    "request": {
      "method": "PUT",
      "url": "MeasureReport/e3b73621-2c87-4ff8-8d00-5cbaedc919e0"
    }
  } ]
}