{
  "resourceType": "Bundle",
  "id": "62bb3859e8081f5ef5e199f5",
  "type": "transaction",
  "entry": [ {
    "fullUrl": "https://madie.cms.gov/Patient/49ba8395-b407-4572-aa85-ebac88a617ee",
    "resource": {
      "resourceType": "Patient",
      "id": "49ba8395-b407-4572-aa85-ebac88a617ee",
      "meta": {
        "profile": [ "http://hl7.org/fhir/us/qicore/StructureDefinition/qicore-patient" ]
      },
      "extension": [ {
        "url": "http://hl7.org/fhir/us/core/StructureDefinition/us-core-race",
        "extension": [ {
          "url": "ombCategory",
          "valueCoding": {
            "system": "urn:oid:2.16.840.1.113883.6.238",
            "code": "1002-5",
            "display": "American Indian or Alaska Native",
            "userSelected": true
          }
        }, {
          "url": "text",
          "valueString": "American Indian or Alaska Native"
        } ]
      }, {
        "url": "http://hl7.org/fhir/us/core/StructureDefinition/us-core-ethnicity",
        "extension": [ {
          "url": "ombCategory",
          "valueCoding": {
            "system": "urn:oid:2.16.840.1.113883.6.238",
            "code": "2135-2",
            "display": "Hispanic or Latino",
            "userSelected": true
          }
        }, {
          "url": "text",
          "valueString": "Hispanic or Latino"
        } ]
      } ],
      "identifier": [ {
        "type": {
          "coding": [ {
            "system": "http://terminology.hl7.org/CodeSystem/v2-0203",
            "code": "MR"
          } ]
        },
        "system": "https://bonnie-fhir.healthit.gov/",
        "value": "62bb3859e8081f5ef5e199f5"
      } ],
      "name": [ {
        "family": "IPPFail",
        "given": [ "ADTActive1DayBeforePCaDx" ]
      } ],
      "gender": "male",
      "birthDate": "1961-07-19"
    },
    "request": {
      "method": "PUT",
      "url": "Patient/49ba8395-b407-4572-aa85-ebac88a617ee"
    }
  }, {
    "fullUrl": "https://madie.cms.gov/Encounter/0147cf0b-3d99-4420-a185-e2646913db99",
    "resource": {
      "resourceType": "Encounter",
      "id": "0147cf0b-3d99-4420-a185-e2646913db99",
      "meta": {
        "profile": [ "http://hl7.org/fhir/us/qicore/StructureDefinition/qicore-encounter" ]
      },
      "status": "finished",
      "class": {
        "system": "http://terminology.hl7.org/CodeSystem/v3-ActCode",
        "code": "AMB",
        "display": "ambulatory"
      },
      "type": [ {
        "coding": [ {
          "system": "http://snomed.info/sct",
          "version": "http://snomed.info/sct/731000124108/version/20240401",
          "code": "185463005",
          "display": "Visit out of hours (procedure)",
          "userSelected": true
        } ]
      } ],
      "subject": {
        "reference": "Patient/49ba8395-b407-4572-aa85-ebac88a617ee"
      },
      "period": {
        "start": "2025-03-03T08:00:00.000+00:00",
        "end": "2025-03-03T08:15:00.000+00:00"
      }
    },
    "request": {
      "method": "PUT",
      "url": "Encounter/0147cf0b-3d99-4420-a185-e2646913db99"
    }
  }, {
    "fullUrl": "https://madie.cms.gov/Condition/d8c02eb3-2334-4de6-919e-d76d96bdafdc",
    "resource": {
      "resourceType": "Condition",
      "id": "d8c02eb3-2334-4de6-919e-d76d96bdafdc",
      "meta": {
        "profile": [ "http://hl7.org/fhir/us/qicore/StructureDefinition/qicore-condition-problems-health-concerns" ]
      },
      "clinicalStatus": {
        "coding": [ {
          "system": "http://terminology.hl7.org/CodeSystem/condition-clinical",
          "code": "active",
          "display": "Active",
          "userSelected": true
        } ]
      },
      "verificationStatus": {
        "coding": [ {
          "system": "http://terminology.hl7.org/CodeSystem/condition-ver-status",
          "code": "confirmed",
          "display": "Confirmed",
          "userSelected": true
        } ]
      },
      "category": [ {
        "coding": [ {
          "system": "http://terminology.hl7.org/CodeSystem/condition-category",
          "code": "problem-list-item",
          "display": "Problem List Item"
        } ]
      } ],
      "code": {
        "coding": [ {
          "system": "http://snomed.info/sct",
          "version": "http://snomed.info/sct/731000124108/version/20240401",
          "code": "254900004",
          "display": "Carcinoma of prostate (disorder)",
          "userSelected": true
        } ]
      },
      "subject": {
        "reference": "Patient/49ba8395-b407-4572-aa85-ebac88a617ee"
      },
      "onsetPeriod": {
        "start": "2025-03-03T08:00:00.000+00:00"
      }
    },
    "request": {
      "method": "PUT",
      "url": "Condition/d8c02eb3-2334-4de6-919e-d76d96bdafdc"
    }
  }, {
    "fullUrl": "https://madie.cms.gov/MedicationRequest/b2acd9b8-9fc4-47a3-b155-195893cb7e2d",
    "resource": {
      "resourceType": "MedicationRequest",
      "id": "b2acd9b8-9fc4-47a3-b155-195893cb7e2d",
      "meta": {
        "profile": [ "http://hl7.org/fhir/us/qicore/StructureDefinition/qicore-medicationrequest" ]
      },
      "status": "active",
      "intent": "order",
      "medicationCodeableConcept": {
        "coding": [ {
          "system": "http://www.nlm.nih.gov/research/umls/rxnorm",
          "version": "2025-01",
          "code": "752884",
          "display": "0.375 ML leuprolide acetate 120 MG/ML Prefilled Syringe",
          "userSelected": true
        } ]
      },
      "subject": {
        "reference": "Patient/49ba8395-b407-4572-aa85-ebac88a617ee"
      },
      "authoredOn": "2025-03-02T08:00:00.000+00:00",
      "requester": {
        "reference": "http://myGoodHealthcare.com/fhir/Practitioner/646346"
      },
      "dosageInstruction": [ {
        "timing": {
          "repeat": {
            "boundsPeriod": {
              "start": "2025-03-02T08:00:00.000+00:00"
            }
          }
        }
      } ]
    },
    "request": {
      "method": "PUT",
      "url": "MedicationRequest/b2acd9b8-9fc4-47a3-b155-195893cb7e2d"
    }
  }, {
    "fullUrl": "https://madie.cms.gov/ServiceRequest/abce27aa-95dc-4a40-a668-c1cf81da1d16",
    "resource": {
      "resourceType": "ServiceRequest",
      "id": "abce27aa-95dc-4a40-a668-c1cf81da1d16",
      "meta": {
        "profile": [ "http://hl7.org/fhir/us/qicore/StructureDefinition/qicore-servicerequest" ]
      },
      "status": "active",
      "intent": "order",
      "code": {
        "coding": [ {
          "system": "http://snomed.info/sct",
          "code": "456381000124102",
          "display": "Injection of leuprolide acetate for twelve month period (regime/therapy)",
          "userSelected": true
        } ]
      },
      "subject": {
        "reference": "Patient/49ba8395-b407-4572-aa85-ebac88a617ee"
      },
      "authoredOn": "2025-03-02T08:00:00.000+00:00"
    },
    "request": {
      "method": "PUT",
      "url": "ServiceRequest/abce27aa-95dc-4a40-a668-c1cf81da1d16"
    }
  }, {
    "fullUrl": "https://madie.cms.gov/MeasureReport/98787e0e-82ab-451a-bfbd-c5d35b42ec1f",
    "resource": {
      "resourceType": "MeasureReport",
      "id": "98787e0e-82ab-451a-bfbd-c5d35b42ec1f",
      "meta": {
        "profile": [ "http://hl7.org/fhir/us/cqfmeasures/StructureDefinition/test-case-cqfm" ]
      },
      "contained": [ {
        "resourceType": "Parameters",
        "id": "3a84faf9-f86d-4569-b000-36c62f48a951-parameters",
        "parameter": [ {
          "name": "subject",
          "valueString": "49ba8395-b407-4572-aa85-ebac88a617ee"
        } ]
      } ],
      "extension": [ {
        "url": "http://hl7.org/fhir/us/cqfmeasures/StructureDefinition/cqfm-inputParameters",
        "valueReference": {
          "reference": "#3a84faf9-f86d-4569-b000-36c62f48a951-parameters"
        }
      }, {
        "url": "http://hl7.org/fhir/us/cqfmeasures/StructureDefinition/cqfm-testCaseDescription",
        "valueMarkdown": "Office Visit in MP.   Dx. Prostate Cancer.  Procedure Order in MP.  Androgen Deprivation Therapy For Urology Care given 1 day before PCa dx..   Fails IPP Criteria"
      } ],
      "modifierExtension": [ {
        "url": "http://hl7.org/fhir/us/cqfmeasures/StructureDefinition/cqfm-isTestCase",
        "valueBoolean": true
      } ],
      "status": "complete",
      "type": "individual",
      "measure": "https://madie.cms.gov/Measure/BoneDensityProstateCancerAndrogenDeprivationTherapyFHIR6",
      "period": {
        "start": "2025-01-01",
        "end": "2025-12-31"
      },
      "group": [ {
        "id": "67b61060a0d801640767a597",
        "population": [ {
          "id": "E8F25116-1779-4BA6-B606-34F12AE4F5BA",
          "code": {
            "coding": [ {
              "system": "http://terminology.hl7.org/CodeSystem/measure-population",
              "code": "initial-population",
              "display": "Initial Population"
            } ]
          },
          "count": 0
        }, {
          "id": "1C145A56-9250-4444-A497-86C44F55CFDB",
          "code": {
            "coding": [ {
              "system": "http://terminology.hl7.org/CodeSystem/measure-population",
              "code": "denominator",
              "display": "Denominator"
            } ]
          },
          "count": 0
        }, {
          "id": "B1E0E3D2-D44E-4BFF-92F8-077CF1AE234F",
          "code": {
            "coding": [ {
              "system": "http://terminology.hl7.org/CodeSystem/measure-population",
              "code": "numerator",
              "display": "Numerator"
            } ]
          },
          "count": 0
        }, {
          "id": "A9552F46-139C-4270-835C-224132205362",
          "code": {
            "coding": [ {
              "system": "http://terminology.hl7.org/CodeSystem/measure-population",
              "code": "denominator-exception",
              "display": "Denominator Exception"
            } ]
          },
          "count": 0
        } ],
        "measureScore": {
          "value": 1.0
        }
      } ],
      "evaluatedResource": [ {
        "reference": "Patient/49ba8395-b407-4572-aa85-ebac88a617ee"
      }, {
        "reference": "Encounter/0147cf0b-3d99-4420-a185-e2646913db99"
      }, {
        "reference": "Condition/d8c02eb3-2334-4de6-919e-d76d96bdafdc"
      }, {
        "reference": "MedicationRequest/b2acd9b8-9fc4-47a3-b155-195893cb7e2d"
      }, {
        "reference": "ServiceRequest/abce27aa-95dc-4a40-a668-c1cf81da1d16"
      } ]
    },
    "request": {
      "method": "PUT",
      "url": "MeasureReport/98787e0e-82ab-451a-bfbd-c5d35b42ec1f"
    }
  } ]
}