{
  "resourceType": "Bundle",
  "id": "62bb3859e8081f5ef5e199f5",
  "type": "transaction",
  "entry": [ {
    "fullUrl": "https://madie.cms.gov/Patient/72a0fde9-7145-4b6c-ac08-75d41d04f910",
    "resource": {
      "resourceType": "Patient",
      "id": "72a0fde9-7145-4b6c-ac08-75d41d04f910",
      "meta": {
        "profile": [ "http://hl7.org/fhir/us/qicore/StructureDefinition/qicore-patient" ]
      },
      "extension": [ {
        "url": "http://hl7.org/fhir/us/core/StructureDefinition/us-core-race",
        "extension": [ {
          "url": "ombCategory",
          "valueCoding": {
            "system": "urn:oid:2.16.840.1.113883.6.238",
            "code": "1002-5",
            "display": "American Indian or Alaska Native",
            "userSelected": true
          }
        }, {
          "url": "detailed",
          "valueCoding": {
            "system": "urn:oid:2.16.840.1.113883.6.238",
            "code": "1004-1",
            "display": "American Indian",
            "userSelected": true
          }
        }, {
          "url": "text",
          "valueString": "American Indian"
        } ]
      }, {
        "url": "http://hl7.org/fhir/us/core/StructureDefinition/us-core-ethnicity",
        "extension": [ {
          "url": "ombCategory",
          "valueCoding": {
            "system": "urn:oid:2.16.840.1.113883.6.238",
            "code": "2135-2",
            "display": "Hispanic or Latino",
            "userSelected": true
          }
        }, {
          "url": "detailed",
          "valueCoding": {
            "system": "urn:oid:2.16.840.1.113883.6.238",
            "code": "2153-5",
            "display": "Mexican American Indian",
            "userSelected": true
          }
        }, {
          "url": "text",
          "valueString": "Hispanic or Latino: Mexican American Indian"
        } ]
      } ],
      "identifier": [ {
        "type": {
          "coding": [ {
            "system": "http://terminology.hl7.org/CodeSystem/v2-0203",
            "code": "MR"
          } ]
        },
        "system": "https://bonnie-fhir.healthit.gov/",
        "value": "4161651341613146161"
      } ],
      "name": [ {
        "family": "DENOMPass",
        "given": [ "MedReqEventEndofMP" ]
      } ],
      "gender": "male",
      "birthDate": "1962-07-19"
    },
    "request": {
      "method": "PUT",
      "url": "Patient/72a0fde9-7145-4b6c-ac08-75d41d04f910"
    }
  }, {
    "fullUrl": "https://madie.cms.gov/Encounter/05774885-7706-42b6-9bb4-7c21bdf54db3",
    "resource": {
      "resourceType": "Encounter",
      "id": "05774885-7706-42b6-9bb4-7c21bdf54db3",
      "meta": {
        "profile": [ "http://hl7.org/fhir/us/qicore/StructureDefinition/qicore-encounter" ]
      },
      "status": "finished",
      "class": {
        "system": "http://terminology.hl7.org/CodeSystem/v3-ActCode",
        "code": "AMB",
        "display": "ambulatory"
      },
      "type": [ {
        "coding": [ {
          "system": "http://snomed.info/sct",
          "version": "http://snomed.info/sct/731000124108/version/20240401",
          "code": "185463005",
          "display": "Visit out of hours (procedure)",
          "userSelected": true
        } ]
      } ],
      "subject": {
        "reference": "Patient/72a0fde9-7145-4b6c-ac08-75d41d04f910"
      },
      "period": {
        "start": "2026-03-03T08:00:00.000+00:00",
        "end": "2026-03-03T08:15:00.000+00:00"
      }
    },
    "request": {
      "method": "PUT",
      "url": "Encounter/05774885-7706-42b6-9bb4-7c21bdf54db3"
    }
  }, {
    "fullUrl": "https://madie.cms.gov/Condition/9f63e9dc-7414-40f2-bb79-72777bb9b783",
    "resource": {
      "resourceType": "Condition",
      "id": "9f63e9dc-7414-40f2-bb79-72777bb9b783",
      "meta": {
        "profile": [ "http://hl7.org/fhir/us/qicore/StructureDefinition/qicore-condition-problems-health-concerns" ]
      },
      "clinicalStatus": {
        "coding": [ {
          "system": "http://terminology.hl7.org/CodeSystem/condition-clinical",
          "code": "active",
          "display": "Active",
          "userSelected": true
        } ]
      },
      "verificationStatus": {
        "coding": [ {
          "system": "http://terminology.hl7.org/CodeSystem/condition-ver-status",
          "code": "confirmed",
          "display": "Confirmed",
          "userSelected": true
        } ]
      },
      "category": [ {
        "coding": [ {
          "system": "http://terminology.hl7.org/CodeSystem/condition-category",
          "code": "problem-list-item",
          "display": "Problem List Item"
        } ]
      } ],
      "code": {
        "coding": [ {
          "system": "http://snomed.info/sct",
          "version": "http://snomed.info/sct/731000124108/version/20240401",
          "code": "254900004",
          "display": "Carcinoma of prostate (disorder)",
          "userSelected": true
        } ]
      },
      "subject": {
        "reference": "Patient/72a0fde9-7145-4b6c-ac08-75d41d04f910"
      },
      "onsetPeriod": {
        "start": "2026-03-03T08:00:00.000+00:00"
      }
    },
    "request": {
      "method": "PUT",
      "url": "Condition/9f63e9dc-7414-40f2-bb79-72777bb9b783"
    }
  }, {
    "fullUrl": "https://madie.cms.gov/MedicationRequest/07846174-4cfa-4f90-9aad-6451124ceb8a",
    "resource": {
      "resourceType": "MedicationRequest",
      "id": "07846174-4cfa-4f90-9aad-6451124ceb8a",
      "meta": {
        "profile": [ "http://hl7.org/fhir/us/qicore/StructureDefinition/qicore-medicationrequest" ]
      },
      "status": "active",
      "intent": "order",
      "medicationCodeableConcept": {
        "coding": [ {
          "system": "http://www.nlm.nih.gov/research/umls/rxnorm",
          "version": "2025-01",
          "code": "752884",
          "display": "0.375 ML leuprolide acetate 120 MG/ML Prefilled Syringe",
          "userSelected": true
        } ]
      },
      "subject": {
        "reference": "Patient/72a0fde9-7145-4b6c-ac08-75d41d04f910"
      },
      "authoredOn": "2026-03-03T08:00:00.000+00:00",
      "requester": {
        "reference": "http://myGoodHealthcare.com/fhir/Practitioner/646346"
      },
      "dosageInstruction": [ {
        "timing": {
          "event": [ "2027-01-03T08:00:00.000+00:00", "2026-12-03T08:00:00.000+00:00" ]
        }
      } ]
    },
    "request": {
      "method": "PUT",
      "url": "MedicationRequest/07846174-4cfa-4f90-9aad-6451124ceb8a"
    }
  }, {
    "fullUrl": "https://madie.cms.gov/ServiceRequest/461f0105-56c2-40e1-93fc-69d472296e19",
    "resource": {
      "resourceType": "ServiceRequest",
      "id": "461f0105-56c2-40e1-93fc-69d472296e19",
      "meta": {
        "profile": [ "http://hl7.org/fhir/us/qicore/StructureDefinition/qicore-servicerequest" ]
      },
      "status": "active",
      "intent": "order",
      "code": {
        "coding": [ {
          "system": "http://snomed.info/sct",
          "code": "456381000124102",
          "display": "Injection of leuprolide acetate for twelve month period (regime/therapy)"
        } ]
      },
      "subject": {
        "reference": "Patient/72a0fde9-7145-4b6c-ac08-75d41d04f910"
      },
      "authoredOn": "2026-03-03T08:00:00.000+00:00"
    },
    "request": {
      "method": "PUT",
      "url": "ServiceRequest/461f0105-56c2-40e1-93fc-69d472296e19"
    }
  }, {
    "fullUrl": "https://madie.cms.gov/Coverage/f46690e2-8bac-4e59-ba8c-53fe5534f6b3",
    "resource": {
      "resourceType": "Coverage",
      "id": "f46690e2-8bac-4e59-ba8c-53fe5534f6b3",
      "meta": {
        "profile": [ "http://hl7.org/fhir/us/qicore/StructureDefinition/qicore-coverage" ]
      },
      "identifier": [ {
        "system": "http://benefitsinc.com/certificate",
        "value": "12345"
      } ],
      "status": "active",
      "type": {
        "coding": [ {
          "system": "https://nahdo.org/sopt",
          "version": "9.2",
          "code": "6",
          "display": "BLUE CROSS/BLUE SHIELD"
        } ]
      },
      "beneficiary": {
        "reference": "Patient/72a0fde9-7145-4b6c-ac08-75d41d04f910"
      },
      "period": {
        "start": "2012-05-23"
      },
      "payor": [ {
        "reference": "Organization/cb4ed51a-3076-4ab4-b9d6-64e26f09101c"
      } ]
    },
    "request": {
      "method": "PUT",
      "url": "Coverage/f46690e2-8bac-4e59-ba8c-53fe5534f6b3"
    }
  }, {
    "fullUrl": "https://madie.cms.gov/Organization/cb4ed51a-3076-4ab4-b9d6-64e26f09101c",
    "resource": {
      "resourceType": "Organization",
      "id": "cb4ed51a-3076-4ab4-b9d6-64e26f09101c",
      "meta": {
        "profile": [ "http://hl7.org/fhir/us/qicore/StructureDefinition/qicore-organization" ]
      },
      "identifier": [ {
        "use": "temp",
        "system": "http://hl7.org/fhir/sid/us-npi",
        "value": "BCBST-NPI"
      } ],
      "active": true,
      "name": "Blue Cross Blue Shield Tennessee",
      "telecom": [ {
        "system": "phone",
        "value": "(+1) 800-468-9698"
      } ],
      "address": [ {
        "line": [ "1 Cameron Hill Circle, Suite 0002" ],
        "city": "Chattanooga",
        "state": "TN",
        "postalCode": "37402-0002",
        "country": "USA"
      } ]
    },
    "request": {
      "method": "PUT",
      "url": "Organization/cb4ed51a-3076-4ab4-b9d6-64e26f09101c"
    }
  }, {
    "fullUrl": "https://madie.cms.gov/MeasureReport/cc5f5cb0-205c-4d22-aac9-aab5c0dcc453",
    "resource": {
      "resourceType": "MeasureReport",
      "id": "cc5f5cb0-205c-4d22-aac9-aab5c0dcc453",
      "meta": {
        "profile": [ "http://hl7.org/fhir/us/cqfmeasures/StructureDefinition/test-case-cqfm" ]
      },
      "contained": [ {
        "resourceType": "Parameters",
        "id": "086dc616-b43c-47c4-9cef-4f2ddff35e89-parameters",
        "parameter": [ {
          "name": "subject",
          "valueString": "72a0fde9-7145-4b6c-ac08-75d41d04f910"
        } ]
      } ],
      "extension": [ {
        "url": "http://hl7.org/fhir/StructureDefinition/cqf-inputParameters",
        "valueReference": {
          "reference": "#086dc616-b43c-47c4-9cef-4f2ddff35e89-parameters"
        }
      }, {
        "url": "http://hl7.org/fhir/us/cqfmeasures/StructureDefinition/cqfm-testCaseDescription",
        "valueMarkdown": "Test of FirstADT definition medication request using event dates with order at end of measurement period and PCa with no end date. "
      } ],
      "modifierExtension": [ {
        "url": "http://hl7.org/fhir/us/cqfmeasures/StructureDefinition/cqfm-isTestCase",
        "valueBoolean": true
      } ],
      "status": "complete",
      "type": "individual",
      "measure": "https://madie.cms.gov/Measure/CMS645FHIRBoneDensityProstateCancerAndrogenDeprivationTherapy",
      "period": {
        "start": "2026-01-01",
        "end": "2026-12-31"
      },
      "group": [ {
        "id": "Group_1",
        "population": [ {
          "id": "InitialPopulation_1",
          "code": {
            "coding": [ {
              "system": "http://terminology.hl7.org/CodeSystem/measure-population",
              "code": "initial-population",
              "display": "Initial Population"
            } ]
          },
          "count": 1
        }, {
          "id": "Denominator_1",
          "code": {
            "coding": [ {
              "system": "http://terminology.hl7.org/CodeSystem/measure-population",
              "code": "denominator",
              "display": "Denominator"
            } ]
          },
          "count": 1
        }, {
          "id": "Numerator_1",
          "code": {
            "coding": [ {
              "system": "http://terminology.hl7.org/CodeSystem/measure-population",
              "code": "numerator",
              "display": "Numerator"
            } ]
          },
          "count": 0
        }, {
          "id": "DenominatorException_1",
          "code": {
            "coding": [ {
              "system": "http://terminology.hl7.org/CodeSystem/measure-population",
              "code": "denominator-exception",
              "display": "Denominator Exception"
            } ]
          },
          "count": 0
        } ],
        "measureScore": {
          "value": 1.0
        }
      } ],
      "evaluatedResource": [ {
        "reference": "Patient/72a0fde9-7145-4b6c-ac08-75d41d04f910"
      }, {
        "reference": "Encounter/05774885-7706-42b6-9bb4-7c21bdf54db3"
      }, {
        "reference": "Condition/9f63e9dc-7414-40f2-bb79-72777bb9b783"
      }, {
        "reference": "MedicationRequest/07846174-4cfa-4f90-9aad-6451124ceb8a"
      }, {
        "reference": "ServiceRequest/461f0105-56c2-40e1-93fc-69d472296e19"
      }, {
        "reference": "Coverage/f46690e2-8bac-4e59-ba8c-53fe5534f6b3"
      }, {
        "reference": "Organization/cb4ed51a-3076-4ab4-b9d6-64e26f09101c"
      } ]
    },
    "request": {
      "method": "PUT",
      "url": "MeasureReport/cc5f5cb0-205c-4d22-aac9-aab5c0dcc453"
    }
  } ]
}