{
  "resourceType": "Bundle",
  "id": "612e6ae202c62a011f2eb981",
  "type": "transaction",
  "entry": [ {
    "fullUrl": "https://madie.cms.gov/Patient/11602074-f56d-4d22-96b2-6544647feee9",
    "resource": {
      "resourceType": "Patient",
      "id": "11602074-f56d-4d22-96b2-6544647feee9",
      "meta": {
        "profile": [ "http://hl7.org/fhir/us/qicore/StructureDefinition/qicore-patient" ]
      },
      "text": {
        "status": "generated",
        "div": "<div xmlns=\"http://www.w3.org/1999/xhtml\"><div class=\"hapiHeaderText\">MedRsnAllDvcWMAWarfDrgEDDayBFAdm <b>NUMERFAIL </b></div><table class=\"hapiPropertyTable\"><tbody><tr><td>Identifier</td><td>6a0e3c5c3c6f89b081cdb86134a02c3db47ab8da3b1d1dbdc6da1f3947ce1540</td></tr><tr><td>Date of birth</td><td><span>02 January 1974</span></td></tr></tbody></table></div>"
      },
      "extension": [ {
        "url": "http://hl7.org/fhir/us/core/StructureDefinition/us-core-race",
        "extension": [ {
          "url": "ombCategory",
          "valueCoding": {
            "system": "urn:oid:2.16.840.1.113883.6.238",
            "code": "1002-5",
            "display": "American Indian or Alaska Native",
            "userSelected": true
          }
        }, {
          "url": "text",
          "valueString": "American Indian or Alaska Native"
        } ]
      }, {
        "url": "http://hl7.org/fhir/us/core/StructureDefinition/us-core-ethnicity",
        "extension": [ {
          "url": "ombCategory",
          "valueCoding": {
            "system": "urn:oid:2.16.840.1.113883.6.238",
            "code": "2135-2",
            "display": "Hispanic or Latino",
            "userSelected": true
          }
        }, {
          "url": "text",
          "valueString": "Hispanic or Latino"
        } ]
      } ],
      "identifier": [ {
        "type": {
          "coding": [ {
            "system": "http://terminology.hl7.org/CodeSystem/v2-0203",
            "code": "MR"
          } ]
        },
        "system": "https://bonnie-fhir.healthit.gov/",
        "value": "612e6ae202c62a011f2eb981"
      } ],
      "active": true,
      "name": [ {
        "use": "usual",
        "family": "NUMERFail",
        "given": [ "MedRsnAllDvcWMAWarfDrgEDDayBFAdm" ]
      } ],
      "gender": "male",
      "birthDate": "1974-01-02"
    },
    "request": {
      "method": "PUT",
      "url": "Patient/11602074-f56d-4d22-96b2-6544647feee9"
    }
  }, {
    "fullUrl": "https://madie.cms.gov/Encounter/6629c3e3-e48f-400e-8b86-d724c0a79bf7",
    "resource": {
      "resourceType": "Encounter",
      "id": "6629c3e3-e48f-400e-8b86-d724c0a79bf7",
      "meta": {
        "profile": [ "http://hl7.org/fhir/us/qicore/StructureDefinition/qicore-encounter" ]
      },
      "status": "finished",
      "class": {
        "system": "http://terminology.hl7.org/CodeSystem/v3-ActCode",
        "code": "EMER",
        "display": "emergency"
      },
      "type": [ {
        "coding": [ {
          "system": "http://snomed.info/sct",
          "code": "4525004"
        } ]
      } ],
      "subject": {
        "reference": "Patient/11602074-f56d-4d22-96b2-6544647feee9"
      },
      "period": {
        "start": "2025-10-31T04:00:00+00:00",
        "end": "2025-11-01T07:15:00+00:00"
      },
      "length": {
        "value": 1.0,
        "unit": "days"
      }
    },
    "request": {
      "method": "PUT",
      "url": "Encounter/6629c3e3-e48f-400e-8b86-d724c0a79bf7"
    }
  }, {
    "fullUrl": "https://madie.cms.gov/Encounter/6c296c06-140a-432c-82d2-f3081ff1a885",
    "resource": {
      "resourceType": "Encounter",
      "id": "6c296c06-140a-432c-82d2-f3081ff1a885",
      "meta": {
        "profile": [ "http://hl7.org/fhir/us/qicore/StructureDefinition/qicore-encounter" ]
      },
      "status": "finished",
      "class": {
        "system": "http://terminology.hl7.org/CodeSystem/v3-ActCode",
        "code": "IMP",
        "display": "inpatient encounter"
      },
      "type": [ {
        "coding": [ {
          "system": "http://snomed.info/sct",
          "code": "8715000"
        } ]
      } ],
      "subject": {
        "reference": "Patient/11602074-f56d-4d22-96b2-6544647feee9"
      },
      "period": {
        "start": "2025-11-01T10:00:00+00:00",
        "end": "2025-11-04T05:00:00+00:00"
      },
      "length": {
        "value": 3.0,
        "unit": "days"
      },
      "diagnosis": [ {
        "condition": {
          "reference": "Condition/ischemic-stroke-824c"
        },
        "rank": 1
      } ]
    },
    "request": {
      "method": "PUT",
      "url": "Encounter/6c296c06-140a-432c-82d2-f3081ff1a885"
    }
  }, {
    "fullUrl": "https://madie.cms.gov/Coverage/c64f8f14-0987-4620-a3e8-c5b4d0853959",
    "resource": {
      "resourceType": "Coverage",
      "id": "c64f8f14-0987-4620-a3e8-c5b4d0853959",
      "status": "active",
      "beneficiary": {
        "reference": "Patient/11602074-f56d-4d22-96b2-6544647feee9"
      },
      "period": {
        "start": "1974-01-02T08:00:00+00:00"
      },
      "payor": [ {
        "reference": "Organization/0e2440b1-83c2-497a-83bf-d8fb7e9b9c4c"
      } ]
    },
    "request": {
      "method": "PUT",
      "url": "Coverage/c64f8f14-0987-4620-a3e8-c5b4d0853959"
    }
  }, {
    "fullUrl": "https://madie.cms.gov/MedicationAdministration/c35acfe2-ce03-43d4-9aeb-290e7ed874e3",
    "resource": {
      "resourceType": "MedicationAdministration",
      "id": "c35acfe2-ce03-43d4-9aeb-290e7ed874e3",
      "meta": {
        "profile": [ "http://hl7.org/fhir/us/qicore/StructureDefinition/qicore-medicationadministration" ]
      },
      "extension": [ {
        "url": "http://hl7.org/fhir/us/qicore/StructureDefinition/qicore-recorded",
        "valueDateTime": "2025-10-31T07:00:00+00:00"
      } ],
      "status": "not-done",
      "statusReason": [ {
        "coding": [ {
          "system": "http://snomed.info/sct",
          "code": "183932001",
          "display": "Procedure contraindicated (situation)"
        } ]
      } ],
      "medicationCodeableConcept": {
        "coding": [ {
          "system": "http://www.nlm.nih.gov/research/umls/rxnorm",
          "code": "855288"
        } ]
      },
      "subject": {
        "reference": "Patient/11602074-f56d-4d22-96b2-6544647feee9"
      },
      "effectivePeriod": {
        "start": "2025-10-31T07:00:00+00:00"
      }
    },
    "request": {
      "method": "PUT",
      "url": "MedicationAdministration/c35acfe2-ce03-43d4-9aeb-290e7ed874e3"
    }
  }, {
    "fullUrl": "https://madie.cms.gov/Procedure/c34c8987-7f88-4cd6-8844-4643eeaee289",
    "resource": {
      "resourceType": "Procedure",
      "id": "c34c8987-7f88-4cd6-8844-4643eeaee289",
      "meta": {
        "profile": [ "http://hl7.org/fhir/us/qicore/StructureDefinition/qicore-procedure" ]
      },
      "extension": [ {
        "url": "http://hl7.org/fhir/us/qicore/StructureDefinition/qicore-recorded",
        "valueDateTime": "2012-12-04T09:35:00-04:00"
      } ],
      "status": "not-done",
      "statusReason": {
        "coding": [ {
          "system": "http://snomed.info/sct",
          "code": "183932001",
          "display": "Procedure contraindicated (situation)",
          "userSelected": true
        } ]
      },
      "code": {
        "coding": [ {
          "system": "http://snomed.info/sct",
          "version": "2025-03",
          "code": "360030002",
          "display": "Application of device (procedure)",
          "userSelected": true
        } ]
      },
      "subject": {
        "reference": "Patient/11602074-f56d-4d22-96b2-6544647feee9"
      },
      "_performedDateTime": {
        "extension": [ {
          "url": "http://hl7.org/fhir/StructureDefinition/data-absent-reason",
          "valueCode": "not-performed"
        } ]
      },
      "usedCode": [ {
        "coding": [ {
          "system": "http://snomed.info/sct",
          "code": "348681001",
          "display": "Graduated compression elastic hosiery (physical object)",
          "userSelected": true
        } ]
      } ]
    },
    "request": {
      "method": "PUT",
      "url": "Procedure/c34c8987-7f88-4cd6-8844-4643eeaee289"
    }
  }, {
    "fullUrl": "https://madie.cms.gov/Organization/0e2440b1-83c2-497a-83bf-d8fb7e9b9c4c",
    "resource": {
      "resourceType": "Organization",
      "id": "0e2440b1-83c2-497a-83bf-d8fb7e9b9c4c",
      "meta": {
        "profile": [ "http://hl7.org/fhir/us/qicore/StructureDefinition/qicore-organization" ]
      },
      "identifier": [ {
        "use": "temp",
        "system": "urn:oid:2.16.840.1.113883.4.4",
        "value": "21-3259825"
      } ],
      "active": true,
      "type": [ {
        "coding": [ {
          "system": "http://terminology.hl7.org/CodeSystem/organization-type",
          "code": "pay",
          "display": "Payer"
        } ]
      } ],
      "name": "Blue Cross Blue Shield of Texas",
      "telecom": [ {
        "system": "phone",
        "value": "(+1) 972-766-6900"
      } ],
      "address": [ {
        "use": "billing",
        "type": "postal",
        "line": [ "P.O. Box 660044" ],
        "city": "Dallas",
        "state": "TX",
        "postalCode": "75266-0044",
        "country": "USA"
      } ]
    },
    "request": {
      "method": "PUT",
      "url": "Organization/0e2440b1-83c2-497a-83bf-d8fb7e9b9c4c"
    }
  }, {
    "fullUrl": "https://madie.cms.gov/Practitioner/66e0ae8d-2f9c-4d87-9970-98a9de99ce18",
    "resource": {
      "resourceType": "Practitioner",
      "id": "66e0ae8d-2f9c-4d87-9970-98a9de99ce18",
      "identifier": [ {
        "system": "http://hl7.org/fhir/sid/us-npi",
        "value": "123456"
      } ],
      "name": [ {
        "family": "Evil",
        "prefix": [ "Dr" ]
      } ]
    },
    "request": {
      "method": "PUT",
      "url": "Practitioner/66e0ae8d-2f9c-4d87-9970-98a9de99ce18"
    }
  }, {
    "fullUrl": "https://madie.cms.gov/MeasureReport/8488ac6e-3093-4026-bb1b-c4050e1b0784",
    "resource": {
      "resourceType": "MeasureReport",
      "id": "8488ac6e-3093-4026-bb1b-c4050e1b0784",
      "meta": {
        "profile": [ "http://hl7.org/fhir/us/cqfmeasures/StructureDefinition/test-case-cqfm" ]
      },
      "contained": [ {
        "resourceType": "Parameters",
        "id": "04b3e181-6e1d-44af-9332-89cfa9fda307-parameters",
        "parameter": [ {
          "name": "subject",
          "valueString": "11602074-f56d-4d22-96b2-6544647feee9"
        } ]
      } ],
      "extension": [ {
        "url": "http://hl7.org/fhir/us/cqfmeasures/StructureDefinition/cqfm-inputParameters",
        "valueReference": {
          "reference": "#04b3e181-6e1d-44af-9332-89cfa9fda307-parameters"
        }
      }, {
        "url": "http://hl7.org/fhir/us/cqfmeasures/StructureDefinition/cqfm-testCaseDescription",
        "valueMarkdown": "medical reasons for not receiving all devices and warfarin in ED but ED is 1 day before adm\n"
      } ],
      "modifierExtension": [ {
        "url": "http://hl7.org/fhir/us/cqfmeasures/StructureDefinition/cqfm-isTestCase",
        "valueBoolean": true
      } ],
      "status": "complete",
      "type": "individual",
      "measure": "https://madie.cms.gov/Measure/VenousThromboembolismProphylaxisFHIR",
      "period": {
        "start": "2025-01-01",
        "end": "2025-12-31"
      },
      "group": [ {
        "population": [ {
          "code": {
            "coding": [ {
              "system": "http://terminology.hl7.org/CodeSystem/measure-population",
              "code": "initial-population",
              "display": "Initial Population"
            } ]
          },
          "count": 1
        }, {
          "code": {
            "coding": [ {
              "system": "http://terminology.hl7.org/CodeSystem/measure-population",
              "code": "denominator",
              "display": "Denominator"
            } ]
          },
          "count": 1
        }, {
          "code": {
            "coding": [ {
              "system": "http://terminology.hl7.org/CodeSystem/measure-population",
              "code": "denominator-exclusion",
              "display": "Denominator Exclusion"
            } ]
          },
          "count": 0
        }, {
          "code": {
            "coding": [ {
              "system": "http://terminology.hl7.org/CodeSystem/measure-population",
              "code": "numerator",
              "display": "Numerator"
            } ]
          },
          "count": 0
        } ]
      } ],
      "evaluatedResource": [ {
        "reference": "Patient/11602074-f56d-4d22-96b2-6544647feee9"
      }, {
        "reference": "Encounter/6629c3e3-e48f-400e-8b86-d724c0a79bf7"
      }, {
        "reference": "Encounter/6c296c06-140a-432c-82d2-f3081ff1a885"
      }, {
        "reference": "Coverage/c64f8f14-0987-4620-a3e8-c5b4d0853959"
      }, {
        "reference": "MedicationAdministration/c35acfe2-ce03-43d4-9aeb-290e7ed874e3"
      }, {
        "reference": "Procedure/c34c8987-7f88-4cd6-8844-4643eeaee289"
      }, {
        "reference": "Organization/0e2440b1-83c2-497a-83bf-d8fb7e9b9c4c"
      }, {
        "reference": "Practitioner/66e0ae8d-2f9c-4d87-9970-98a9de99ce18"
      } ]
    },
    "request": {
      "method": "PUT",
      "url": "MeasureReport/8488ac6e-3093-4026-bb1b-c4050e1b0784"
    }
  } ]
}