{
  "resourceType": "Bundle",
  "id": "60abda28bf0a01003e3f76bd",
  "type": "transaction",
  "entry": [ {
    "fullUrl": "https://madie.cms.gov/Patient/77b28b84-d0aa-4aa8-9a07-2922938394de",
    "resource": {
      "resourceType": "Patient",
      "id": "77b28b84-d0aa-4aa8-9a07-2922938394de",
      "meta": {
        "profile": [ "http://hl7.org/fhir/us/qicore/StructureDefinition/qicore-patient" ]
      },
      "extension": [ {
        "url": "http://hl7.org/fhir/us/core/StructureDefinition/us-core-race",
        "extension": [ {
          "url": "ombCategory",
          "valueCoding": {
            "system": "urn:oid:2.16.840.1.113883.6.238",
            "code": "2054-5",
            "display": "Black or African American"
          }
        }, {
          "url": "text",
          "valueString": "Black or African American"
        } ]
      }, {
        "url": "http://hl7.org/fhir/us/core/StructureDefinition/us-core-ethnicity",
        "extension": [ {
          "url": "ombCategory",
          "valueCoding": {
            "system": "urn:oid:2.16.840.1.113883.6.238",
            "code": "2186-5",
            "display": "Not Hispanic or Latino"
          }
        }, {
          "url": "text",
          "valueString": "Not Hispanic or Latino"
        } ]
      }, {
        "url": "http://hl7.org/fhir/us/core/StructureDefinition/us-core-sex",
        "valueCode": "248153007"
      } ],
      "identifier": [ {
        "type": {
          "coding": [ {
            "system": "http://terminology.hl7.org/CodeSystem/v2-0203",
            "code": "MR"
          } ]
        },
        "system": "https://bonnie-fhir.healthit.gov/",
        "value": "463131313187656"
      } ],
      "name": [ {
        "family": "NUMERFail",
        "given": [ "DEXA3MonthsAfterADTEdge" ]
      } ],
      "gender": "male",
      "birthDate": "1930-06-15"
    },
    "request": {
      "method": "PUT",
      "url": "Patient/77b28b84-d0aa-4aa8-9a07-2922938394de"
    }
  }, {
    "fullUrl": "https://madie.cms.gov/Encounter/f10d1c94-a7cf-4803-aedb-077bbfbd0bfd",
    "resource": {
      "resourceType": "Encounter",
      "id": "f10d1c94-a7cf-4803-aedb-077bbfbd0bfd",
      "meta": {
        "profile": [ "http://hl7.org/fhir/us/qicore/StructureDefinition/qicore-encounter" ]
      },
      "status": "finished",
      "class": {
        "system": "http://terminology.hl7.org/CodeSystem/v3-ActCode",
        "code": "AMB",
        "display": "ambulatory"
      },
      "type": [ {
        "coding": [ {
          "system": "http://snomed.info/sct",
          "version": "http://snomed.info/sct/731000124108/version/20240301",
          "code": "185463005",
          "display": "Visit out of hours (procedure)"
        } ]
      } ],
      "subject": {
        "reference": "Patient/77b28b84-d0aa-4aa8-9a07-2922938394de"
      },
      "period": {
        "start": "2026-02-04T08:00:00.000Z",
        "end": "2026-02-04T08:15:00.000Z"
      }
    },
    "request": {
      "method": "PUT",
      "url": "Encounter/f10d1c94-a7cf-4803-aedb-077bbfbd0bfd"
    }
  }, {
    "fullUrl": "https://madie.cms.gov/Condition/0823c7c1-83b3-4d5d-bff7-a674ebbf2975",
    "resource": {
      "resourceType": "Condition",
      "id": "0823c7c1-83b3-4d5d-bff7-a674ebbf2975",
      "meta": {
        "profile": [ "http://hl7.org/fhir/us/qicore/StructureDefinition/qicore-condition-problems-health-concerns" ]
      },
      "clinicalStatus": {
        "coding": [ {
          "system": "http://terminology.hl7.org/CodeSystem/condition-clinical",
          "code": "active",
          "display": "Active",
          "userSelected": true
        } ]
      },
      "verificationStatus": {
        "coding": [ {
          "system": "http://terminology.hl7.org/CodeSystem/condition-ver-status",
          "code": "confirmed"
        } ]
      },
      "category": [ {
        "coding": [ {
          "system": "http://terminology.hl7.org/CodeSystem/condition-category",
          "code": "problem-list-item",
          "display": "Problem List Item"
        } ]
      } ],
      "code": {
        "coding": [ {
          "system": "http://snomed.info/sct",
          "version": "http://snomed.info/sct/731000124108/version/20250301",
          "code": "254900004",
          "display": "Carcinoma of prostate (disorder)"
        } ]
      },
      "subject": {
        "reference": "Patient/77b28b84-d0aa-4aa8-9a07-2922938394de"
      },
      "onsetPeriod": {
        "start": "2026-02-04T08:00:00.000Z"
      }
    },
    "request": {
      "method": "PUT",
      "url": "Condition/0823c7c1-83b3-4d5d-bff7-a674ebbf2975"
    }
  }, {
    "fullUrl": "https://madie.cms.gov/Observation/74ce3d22-988e-47a2-b6c4-fcfaa70a55a5",
    "resource": {
      "resourceType": "Observation",
      "id": "74ce3d22-988e-47a2-b6c4-fcfaa70a55a5",
      "meta": {
        "profile": [ "http://hl7.org/fhir/us/qicore/StructureDefinition/qicore-observation-clinical-result" ]
      },
      "status": "final",
      "category": [ {
        "coding": [ {
          "system": "http://terminology.hl7.org/CodeSystem/observation-category",
          "code": "imaging",
          "display": "Imaging"
        } ]
      }, {
        "coding": [ {
          "system": "http://terminology.hl7.org/CodeSystem/observation-category",
          "code": "survey"
        } ]
      } ],
      "code": {
        "coding": [ {
          "system": "http://loinc.org",
          "version": "2.80",
          "code": "24701-5",
          "display": "DXA Femur [Mass/Area] Bone density"
        } ]
      },
      "subject": {
        "reference": "Patient/77b28b84-d0aa-4aa8-9a07-2922938394de"
      },
      "effectivePeriod": {
        "start": "2026-05-01T10:00:00.000Z"
      },
      "dataAbsentReason": {
        "coding": [ {
          "system": "http://terminology.hl7.org/CodeSystem/data-absent-reason",
          "code": "unknown",
          "display": "Unknown"
        } ]
      }
    },
    "request": {
      "method": "PUT",
      "url": "Observation/74ce3d22-988e-47a2-b6c4-fcfaa70a55a5"
    }
  }, {
    "fullUrl": "https://madie.cms.gov/Practitioner/57b265a5-7fc1-4781-b29b-551face31ae7",
    "resource": {
      "resourceType": "Practitioner",
      "id": "57b265a5-7fc1-4781-b29b-551face31ae7",
      "meta": {
        "profile": [ "http://hl7.org/fhir/us/qicore/StructureDefinition/qicore-practitioner" ]
      },
      "identifier": [ {
        "use": "temp",
        "system": "urn:oid:2.16.840.1.113883.4.336",
        "value": "Practitioner-23"
      } ],
      "active": true,
      "name": [ {
        "family": "Careful",
        "given": [ "Adam" ],
        "prefix": [ "Dr" ]
      } ],
      "address": [ {
        "use": "home",
        "line": [ "534 Erewhon St" ],
        "city": "PleasantVille",
        "state": "UT",
        "postalCode": "84414"
      } ],
      "qualification": [ {
        "identifier": [ {
          "system": "http://example.org/UniversityIdentifier",
          "value": "12345"
        } ],
        "code": {
          "coding": [ {
            "system": "http://terminology.hl7.org/CodeSystem/v2-0360|2.7",
            "code": "BS",
            "display": "Bachelor of Science"
          } ],
          "text": "Bachelor of Science"
        },
        "period": {
          "start": "1996"
        },
        "issuer": {
          "display": "Example University"
        }
      } ]
    },
    "request": {
      "method": "PUT",
      "url": "Practitioner/57b265a5-7fc1-4781-b29b-551face31ae7"
    }
  }, {
    "fullUrl": "https://madie.cms.gov/MedicationRequest/f4f3a0b6-7482-4af1-858e-b0282e955050",
    "resource": {
      "resourceType": "MedicationRequest",
      "id": "f4f3a0b6-7482-4af1-858e-b0282e955050",
      "meta": {
        "profile": [ "http://hl7.org/fhir/us/qicore/StructureDefinition/qicore-medicationrequest" ]
      },
      "status": "active",
      "intent": "order",
      "medicationCodeableConcept": {
        "coding": [ {
          "system": "http://www.nlm.nih.gov/research/umls/rxnorm",
          "version": "06052023",
          "code": "1115257",
          "display": "1.5 ML leuprolide acetate 30 MG/ML Prefilled Syringe"
        } ]
      },
      "subject": {
        "reference": "Patient/77b28b84-d0aa-4aa8-9a07-2922938394de"
      },
      "authoredOn": "2026-02-04T08:00:00.000Z",
      "requester": {
        "reference": "http://myGoodHealthcare.com/fhir/Practitioner/57b265a5-7fc1-4781-b29b-551face31ae7"
      },
      "dosageInstruction": [ {
        "timing": {
          "repeat": {
            "boundsPeriod": {
              "start": "2026-02-04T08:00:00.000Z",
              "end": "2026-03-04T08:00:00.000Z"
            }
          }
        }
      } ]
    },
    "request": {
      "method": "PUT",
      "url": "MedicationRequest/f4f3a0b6-7482-4af1-858e-b0282e955050"
    }
  }, {
    "fullUrl": "https://madie.cms.gov/ServiceRequest/452ddd02-1c06-4014-a783-cf2d73f3d999",
    "resource": {
      "resourceType": "ServiceRequest",
      "id": "452ddd02-1c06-4014-a783-cf2d73f3d999",
      "meta": {
        "profile": [ "http://hl7.org/fhir/us/qicore/StructureDefinition/qicore-servicerequest" ]
      },
      "status": "active",
      "intent": "order",
      "code": {
        "coding": [ {
          "system": "http://snomed.info/sct",
          "version": "http://snomed.info/sct/731000124108/version/20250301",
          "code": "456381000124102",
          "display": "Injection of leuprolide acetate for twelve month period (regime/therapy)"
        } ]
      },
      "subject": {
        "reference": "Patient/77b28b84-d0aa-4aa8-9a07-2922938394de"
      },
      "authoredOn": "2026-02-04T08:00:00.000Z"
    },
    "request": {
      "method": "PUT",
      "url": "ServiceRequest/452ddd02-1c06-4014-a783-cf2d73f3d999"
    }
  }, {
    "fullUrl": "https://madie.cms.gov/MeasureReport/8bba0855-4d37-4801-8ff4-c5e3d0eb2a47",
    "resource": {
      "resourceType": "MeasureReport",
      "id": "8bba0855-4d37-4801-8ff4-c5e3d0eb2a47",
      "meta": {
        "profile": [ "http://hl7.org/fhir/us/cqfmeasures/StructureDefinition/test-case-cqfm" ]
      },
      "contained": [ {
        "resourceType": "Parameters",
        "id": "4e67225a-f408-4943-baf8-fba22eeb5074-parameters",
        "parameter": [ {
          "name": "subject",
          "valueString": "77b28b84-d0aa-4aa8-9a07-2922938394de"
        } ]
      } ],
      "extension": [ {
        "url": "http://hl7.org/fhir/StructureDefinition/cqf-inputParameters",
        "valueReference": {
          "reference": "#4e67225a-f408-4943-baf8-fba22eeb5074-parameters"
        }
      }, {
        "url": "http://hl7.org/fhir/us/cqfmeasures/StructureDefinition/cqfm-testCaseDescription",
        "valueMarkdown": "Dx of Prostate Cancer. DEXA is within 3 month period, but uses Invalid Code.  Fails NUMER criteria."
      } ],
      "modifierExtension": [ {
        "url": "http://hl7.org/fhir/us/cqfmeasures/StructureDefinition/cqfm-isTestCase",
        "valueBoolean": true
      } ],
      "status": "complete",
      "type": "individual",
      "measure": "https://madie.cms.gov/Measure/CMS645FHIRBoneDensityPCADTherapy",
      "period": {
        "start": "2026-01-01",
        "end": "2026-12-31"
      },
      "group": [ {
        "id": "Group_1",
        "population": [ {
          "id": "InitialPopulation_1",
          "code": {
            "coding": [ {
              "system": "http://terminology.hl7.org/CodeSystem/measure-population",
              "code": "initial-population",
              "display": "Initial Population"
            } ]
          },
          "count": 1
        }, {
          "id": "Denominator_1",
          "code": {
            "coding": [ {
              "system": "http://terminology.hl7.org/CodeSystem/measure-population",
              "code": "denominator",
              "display": "Denominator"
            } ]
          },
          "count": 1
        }, {
          "id": "Numerator_1",
          "code": {
            "coding": [ {
              "system": "http://terminology.hl7.org/CodeSystem/measure-population",
              "code": "numerator",
              "display": "Numerator"
            } ]
          },
          "count": 0
        }, {
          "id": "DenominatorException_1",
          "code": {
            "coding": [ {
              "system": "http://terminology.hl7.org/CodeSystem/measure-population",
              "code": "denominator-exception",
              "display": "Denominator Exception"
            } ]
          },
          "count": 0
        } ],
        "measureScore": {
          "value": 1.0
        }
      } ],
      "evaluatedResource": [ {
        "reference": "Patient/77b28b84-d0aa-4aa8-9a07-2922938394de"
      }, {
        "reference": "Encounter/f10d1c94-a7cf-4803-aedb-077bbfbd0bfd"
      }, {
        "reference": "Condition/0823c7c1-83b3-4d5d-bff7-a674ebbf2975"
      }, {
        "reference": "Observation/74ce3d22-988e-47a2-b6c4-fcfaa70a55a5"
      }, {
        "reference": "Practitioner/57b265a5-7fc1-4781-b29b-551face31ae7"
      }, {
        "reference": "MedicationRequest/f4f3a0b6-7482-4af1-858e-b0282e955050"
      }, {
        "reference": "ServiceRequest/452ddd02-1c06-4014-a783-cf2d73f3d999"
      } ]
    },
    "request": {
      "method": "PUT",
      "url": "MeasureReport/8bba0855-4d37-4801-8ff4-c5e3d0eb2a47"
    }
  } ]
}