{
  "resourceType": "Bundle",
  "id": "62bb3859e8081f5ef5e199f5",
  "type": "transaction",
  "entry": [ {
    "fullUrl": "https://madie.cms.gov/Patient/7acbd566-b21e-46eb-a7ef-bfd023be8e9d",
    "resource": {
      "resourceType": "Patient",
      "id": "7acbd566-b21e-46eb-a7ef-bfd023be8e9d",
      "meta": {
        "profile": [ "http://hl7.org/fhir/us/qicore/StructureDefinition/qicore-patient" ]
      },
      "extension": [ {
        "url": "http://hl7.org/fhir/us/core/StructureDefinition/us-core-race",
        "extension": [ {
          "url": "ombCategory",
          "valueCoding": {
            "system": "urn:oid:2.16.840.1.113883.6.238",
            "code": "1002-5",
            "display": "American Indian or Alaska Native",
            "userSelected": true
          }
        }, {
          "url": "text",
          "valueString": "American Indian or Alaska Native"
        } ]
      }, {
        "url": "http://hl7.org/fhir/us/core/StructureDefinition/us-core-ethnicity",
        "extension": [ {
          "url": "ombCategory",
          "valueCoding": {
            "system": "urn:oid:2.16.840.1.113883.6.238",
            "code": "2135-2",
            "display": "Hispanic or Latino",
            "userSelected": true
          }
        }, {
          "url": "text",
          "valueString": "Hispanic or Latino"
        } ]
      } ],
      "identifier": [ {
        "type": {
          "coding": [ {
            "system": "http://terminology.hl7.org/CodeSystem/v2-0203",
            "code": "MR"
          } ]
        },
        "system": "https://bonnie-fhir.healthit.gov/",
        "value": "62bb3859e8081f5ef5e199f5"
      } ],
      "name": [ {
        "family": "IPPFail",
        "given": [ "ADTActiveWithWrongADTCode" ]
      } ],
      "gender": "male",
      "birthDate": "1962-07-19"
    },
    "request": {
      "method": "PUT",
      "url": "Patient/7acbd566-b21e-46eb-a7ef-bfd023be8e9d"
    }
  }, {
    "fullUrl": "https://madie.cms.gov/Encounter/2ab43415-0734-4138-8986-e8ef27b27dcf",
    "resource": {
      "resourceType": "Encounter",
      "id": "2ab43415-0734-4138-8986-e8ef27b27dcf",
      "meta": {
        "profile": [ "http://hl7.org/fhir/us/qicore/StructureDefinition/qicore-encounter" ]
      },
      "status": "finished",
      "class": {
        "system": "http://terminology.hl7.org/CodeSystem/v3-ActCode",
        "code": "AMB",
        "display": "ambulatory"
      },
      "type": [ {
        "coding": [ {
          "system": "http://snomed.info/sct",
          "version": "http://snomed.info/sct/731000124108/version/20240401",
          "code": "185463005",
          "display": "Visit out of hours (procedure)",
          "userSelected": true
        } ]
      } ],
      "subject": {
        "reference": "Patient/7acbd566-b21e-46eb-a7ef-bfd023be8e9d"
      },
      "period": {
        "start": "2026-05-03T08:00:00.000+00:00",
        "end": "2026-05-03T08:15:00.000+00:00"
      }
    },
    "request": {
      "method": "PUT",
      "url": "Encounter/2ab43415-0734-4138-8986-e8ef27b27dcf"
    }
  }, {
    "fullUrl": "https://madie.cms.gov/Condition/d2821523-44a1-4d7c-a885-c2c045a96262",
    "resource": {
      "resourceType": "Condition",
      "id": "d2821523-44a1-4d7c-a885-c2c045a96262",
      "meta": {
        "profile": [ "http://hl7.org/fhir/us/qicore/StructureDefinition/qicore-condition-problems-health-concerns" ]
      },
      "clinicalStatus": {
        "coding": [ {
          "system": "http://terminology.hl7.org/CodeSystem/condition-clinical",
          "code": "active",
          "display": "Active",
          "userSelected": true
        } ]
      },
      "verificationStatus": {
        "coding": [ {
          "system": "http://terminology.hl7.org/CodeSystem/condition-ver-status",
          "code": "confirmed",
          "display": "Confirmed",
          "userSelected": true
        } ]
      },
      "category": [ {
        "coding": [ {
          "system": "http://terminology.hl7.org/CodeSystem/condition-category",
          "code": "problem-list-item",
          "display": "Problem List Item"
        } ]
      } ],
      "code": {
        "coding": [ {
          "system": "http://snomed.info/sct",
          "version": "http://snomed.info/sct/731000124108/version/20250301",
          "code": "254900004",
          "display": "Carcinoma of prostate (disorder)",
          "userSelected": true
        } ]
      },
      "subject": {
        "reference": "Patient/7acbd566-b21e-46eb-a7ef-bfd023be8e9d"
      },
      "onsetPeriod": {
        "start": "2026-03-03T08:00:00.000+00:00"
      }
    },
    "request": {
      "method": "PUT",
      "url": "Condition/d2821523-44a1-4d7c-a885-c2c045a96262"
    }
  }, {
    "fullUrl": "https://madie.cms.gov/MedicationRequest/2712aca3-4bd6-43f4-bacb-90944b58b414",
    "resource": {
      "resourceType": "MedicationRequest",
      "id": "2712aca3-4bd6-43f4-bacb-90944b58b414",
      "meta": {
        "profile": [ "http://hl7.org/fhir/us/qicore/StructureDefinition/qicore-medicationrequest" ]
      },
      "status": "active",
      "intent": "order",
      "medicationCodeableConcept": {
        "coding": [ {
          "system": "http://www.nlm.nih.gov/research/umls/rxnorm",
          "version": "06052023",
          "code": "752886",
          "display": "Leuprolide Acetate 120 MG/ML [Eligard 45]",
          "userSelected": true
        } ]
      },
      "subject": {
        "reference": "Patient/7acbd566-b21e-46eb-a7ef-bfd023be8e9d"
      },
      "authoredOn": "2026-05-05T08:00:00.000+00:00",
      "requester": {
        "reference": "http://myGoodHealthcare.com/fhir/Practitioner/646346"
      },
      "dosageInstruction": [ {
        "timing": {
          "repeat": {
            "boundsPeriod": {
              "start": "2026-05-05T08:00:00.000+00:00"
            }
          }
        }
      } ]
    },
    "request": {
      "method": "PUT",
      "url": "MedicationRequest/2712aca3-4bd6-43f4-bacb-90944b58b414"
    }
  }, {
    "fullUrl": "https://madie.cms.gov/ServiceRequest/51171b83-ce58-4aa1-9784-bb8a8f5feade",
    "resource": {
      "resourceType": "ServiceRequest",
      "id": "51171b83-ce58-4aa1-9784-bb8a8f5feade",
      "meta": {
        "profile": [ "http://hl7.org/fhir/us/qicore/StructureDefinition/qicore-servicerequest" ]
      },
      "status": "active",
      "intent": "order",
      "code": {
        "coding": [ {
          "system": "http://snomed.info/sct",
          "version": "http://snomed.info/sct/731000124108/version/20250301",
          "code": "456381000124102",
          "display": "Injection of leuprolide acetate for twelve month period (regime/therapy)",
          "userSelected": true
        } ]
      },
      "subject": {
        "reference": "Patient/7acbd566-b21e-46eb-a7ef-bfd023be8e9d"
      },
      "authoredOn": "2026-05-05T08:00:00.000+00:00"
    },
    "request": {
      "method": "PUT",
      "url": "ServiceRequest/51171b83-ce58-4aa1-9784-bb8a8f5feade"
    }
  }, {
    "fullUrl": "https://madie.cms.gov/MeasureReport/367767cf-add8-4f74-931a-098aaa366c44",
    "resource": {
      "resourceType": "MeasureReport",
      "id": "367767cf-add8-4f74-931a-098aaa366c44",
      "meta": {
        "profile": [ "http://hl7.org/fhir/us/cqfmeasures/StructureDefinition/test-case-cqfm" ]
      },
      "contained": [ {
        "resourceType": "Parameters",
        "id": "9b8a51c5-8adb-4212-8616-42584dabcd02-parameters",
        "parameter": [ {
          "name": "subject",
          "valueString": "7acbd566-b21e-46eb-a7ef-bfd023be8e9d"
        } ]
      } ],
      "extension": [ {
        "url": "http://hl7.org/fhir/StructureDefinition/cqf-inputParameters",
        "valueReference": {
          "reference": "#9b8a51c5-8adb-4212-8616-42584dabcd02-parameters"
        }
      }, {
        "url": "http://hl7.org/fhir/us/cqfmeasures/StructureDefinition/cqfm-testCaseDescription",
        "valueMarkdown": "Dx prostate cancer, ADT active but with wrong code, OV in MP and procedure order present.  Should fail IPP"
      } ],
      "modifierExtension": [ {
        "url": "http://hl7.org/fhir/us/cqfmeasures/StructureDefinition/cqfm-isTestCase",
        "valueBoolean": true
      } ],
      "status": "complete",
      "type": "individual",
      "measure": "https://madie.cms.gov/Measure/CMS645FHIRBoneDensityPCADTherapy",
      "period": {
        "start": "2026-01-01",
        "end": "2026-12-31"
      },
      "group": [ {
        "id": "Group_1",
        "population": [ {
          "id": "InitialPopulation_1",
          "code": {
            "coding": [ {
              "system": "http://terminology.hl7.org/CodeSystem/measure-population",
              "code": "initial-population",
              "display": "Initial Population"
            } ]
          },
          "count": 0
        }, {
          "id": "Denominator_1",
          "code": {
            "coding": [ {
              "system": "http://terminology.hl7.org/CodeSystem/measure-population",
              "code": "denominator",
              "display": "Denominator"
            } ]
          },
          "count": 0
        }, {
          "id": "Numerator_1",
          "code": {
            "coding": [ {
              "system": "http://terminology.hl7.org/CodeSystem/measure-population",
              "code": "numerator",
              "display": "Numerator"
            } ]
          },
          "count": 0
        }, {
          "id": "DenominatorException_1",
          "code": {
            "coding": [ {
              "system": "http://terminology.hl7.org/CodeSystem/measure-population",
              "code": "denominator-exception",
              "display": "Denominator Exception"
            } ]
          },
          "count": 0
        } ],
        "measureScore": {
          "value": 1.0
        }
      } ],
      "evaluatedResource": [ {
        "reference": "Patient/7acbd566-b21e-46eb-a7ef-bfd023be8e9d"
      }, {
        "reference": "Encounter/2ab43415-0734-4138-8986-e8ef27b27dcf"
      }, {
        "reference": "Condition/d2821523-44a1-4d7c-a885-c2c045a96262"
      }, {
        "reference": "MedicationRequest/2712aca3-4bd6-43f4-bacb-90944b58b414"
      }, {
        "reference": "ServiceRequest/51171b83-ce58-4aa1-9784-bb8a8f5feade"
      } ]
    },
    "request": {
      "method": "PUT",
      "url": "MeasureReport/367767cf-add8-4f74-931a-098aaa366c44"
    }
  } ]
}