{
  "resourceType": "Bundle",
  "id": "60abda28bf0a01003e3f76bd",
  "type": "transaction",
  "entry": [ {
    "fullUrl": "https://madie.cms.gov/Patient/2ac59cce-81b8-4060-9452-9a35fe580c6a",
    "resource": {
      "resourceType": "Patient",
      "id": "2ac59cce-81b8-4060-9452-9a35fe580c6a",
      "meta": {
        "profile": [ "http://hl7.org/fhir/us/qicore/StructureDefinition/qicore-patient" ]
      },
      "extension": [ {
        "url": "http://hl7.org/fhir/us/core/StructureDefinition/us-core-race",
        "extension": [ {
          "url": "ombCategory",
          "valueCoding": {
            "system": "urn:oid:2.16.840.1.113883.6.238",
            "code": "2054-5",
            "display": "Black or African American"
          }
        }, {
          "url": "text",
          "valueString": "Black or African American"
        } ]
      }, {
        "url": "http://hl7.org/fhir/us/core/StructureDefinition/us-core-ethnicity",
        "extension": [ {
          "url": "ombCategory",
          "valueCoding": {
            "system": "urn:oid:2.16.840.1.113883.6.238",
            "code": "2186-5",
            "display": "Not Hispanic or Latino"
          }
        }, {
          "url": "text",
          "valueString": "Not Hispanic or Latino"
        } ]
      } ],
      "identifier": [ {
        "type": {
          "coding": [ {
            "system": "http://terminology.hl7.org/CodeSystem/v2-0203",
            "code": "MR"
          } ]
        },
        "system": "https://bonnie-fhir.healthit.gov/",
        "value": "463131313187656"
      } ],
      "name": [ {
        "family": "NUMERFail",
        "given": [ "DEXA6MonthsAfterADT" ]
      } ],
      "gender": "male",
      "birthDate": "1960-06-15"
    },
    "request": {
      "method": "PUT",
      "url": "Patient/2ac59cce-81b8-4060-9452-9a35fe580c6a"
    }
  }, {
    "fullUrl": "https://madie.cms.gov/Coverage/89ef71f7-8ed4-479b-a0c7-cc700602cc41",
    "resource": {
      "resourceType": "Coverage",
      "id": "89ef71f7-8ed4-479b-a0c7-cc700602cc41",
      "meta": {
        "profile": [ "http://hl7.org/fhir/us/qicore/StructureDefinition/qicore-coverage" ]
      },
      "status": "active",
      "type": {
        "coding": [ {
          "system": "https://nahdo.org/sopt",
          "code": "59",
          "display": "Other Private Insurance"
        } ]
      },
      "subscriberId": "123456",
      "beneficiary": {
        "reference": "Patient/2ac59cce-81b8-4060-9452-9a35fe580c6a"
      },
      "relationship": {
        "coding": [ {
          "system": "http://terminology.hl7.org/CodeSystem/subscriber-relationship",
          "code": "self",
          "display": "Self",
          "userSelected": true
        } ]
      },
      "period": {
        "start": "2025-05-23",
        "end": "2027-05-23"
      },
      "payor": [ {
        "reference": "Organization/d9faef17-b363-4c58-a09e-6d04a004a8e2"
      } ]
    },
    "request": {
      "method": "PUT",
      "url": "Coverage/89ef71f7-8ed4-479b-a0c7-cc700602cc41"
    }
  }, {
    "fullUrl": "https://madie.cms.gov/Encounter/61fd106b-ce74-46c6-86fa-d008cb52e440",
    "resource": {
      "resourceType": "Encounter",
      "id": "61fd106b-ce74-46c6-86fa-d008cb52e440",
      "meta": {
        "profile": [ "http://hl7.org/fhir/us/qicore/StructureDefinition/qicore-encounter" ]
      },
      "status": "finished",
      "class": {
        "system": "http://terminology.hl7.org/CodeSystem/v3-ActCode",
        "code": "AMB",
        "display": "ambulatory"
      },
      "type": [ {
        "coding": [ {
          "system": "http://snomed.info/sct",
          "version": "http://snomed.info/sct/731000124108/version/20240301",
          "code": "185463005",
          "display": "Visit out of hours (procedure)"
        } ]
      } ],
      "subject": {
        "reference": "Patient/2ac59cce-81b8-4060-9452-9a35fe580c6a"
      },
      "period": {
        "start": "2026-03-04T08:00:00.000+00:00",
        "end": "2026-03-04T08:15:00.000+00:00"
      }
    },
    "request": {
      "method": "PUT",
      "url": "Encounter/61fd106b-ce74-46c6-86fa-d008cb52e440"
    }
  }, {
    "fullUrl": "https://madie.cms.gov/Organization/d9faef17-b363-4c58-a09e-6d04a004a8e2",
    "resource": {
      "resourceType": "Organization",
      "id": "d9faef17-b363-4c58-a09e-6d04a004a8e2",
      "meta": {
        "profile": [ "http://hl7.org/fhir/us/qicore/StructureDefinition/qicore-organization" ]
      },
      "identifier": [ {
        "use": "temp",
        "system": "urn:oid:2.16.840.1.113883.4.4",
        "value": "21-3259825"
      } ],
      "active": true,
      "type": [ {
        "coding": [ {
          "system": "http://terminology.hl7.org/CodeSystem/organization-type",
          "code": "pay",
          "display": "Payer"
        } ]
      } ],
      "name": "Blue Cross Blue Shield of Texas",
      "telecom": [ {
        "system": "phone",
        "value": "(+1) 972-766-6900"
      } ],
      "address": [ {
        "use": "billing",
        "type": "postal",
        "line": [ "P.O. Box 660044" ],
        "city": "Dallas",
        "state": "TX",
        "postalCode": "75266-0044",
        "country": "USA"
      } ]
    },
    "request": {
      "method": "PUT",
      "url": "Organization/d9faef17-b363-4c58-a09e-6d04a004a8e2"
    }
  }, {
    "fullUrl": "https://madie.cms.gov/Condition/759c7790-c22e-4ef9-9a3a-cf81de269244",
    "resource": {
      "resourceType": "Condition",
      "id": "759c7790-c22e-4ef9-9a3a-cf81de269244",
      "meta": {
        "profile": [ "http://hl7.org/fhir/us/qicore/StructureDefinition/qicore-condition-problems-health-concerns" ]
      },
      "clinicalStatus": {
        "coding": [ {
          "system": "http://terminology.hl7.org/CodeSystem/condition-clinical",
          "code": "active",
          "display": "Active",
          "userSelected": true
        } ]
      },
      "verificationStatus": {
        "coding": [ {
          "system": "http://terminology.hl7.org/CodeSystem/condition-ver-status",
          "code": "confirmed"
        } ]
      },
      "category": [ {
        "coding": [ {
          "system": "http://terminology.hl7.org/CodeSystem/condition-category",
          "code": "problem-list-item",
          "display": "Problem List Item"
        } ]
      } ],
      "code": {
        "coding": [ {
          "system": "http://snomed.info/sct",
          "version": "http://snomed.info/sct/731000124108/version/20250301",
          "code": "254900004",
          "display": "Carcinoma of prostate (disorder)"
        } ]
      },
      "subject": {
        "reference": "Patient/2ac59cce-81b8-4060-9452-9a35fe580c6a"
      },
      "onsetPeriod": {
        "start": "2026-03-04T08:00:00.000+00:00"
      }
    },
    "request": {
      "method": "PUT",
      "url": "Condition/759c7790-c22e-4ef9-9a3a-cf81de269244"
    }
  }, {
    "fullUrl": "https://madie.cms.gov/Observation/075ca466-b92f-42e7-832a-d8a831da60a5",
    "resource": {
      "resourceType": "Observation",
      "id": "075ca466-b92f-42e7-832a-d8a831da60a5",
      "meta": {
        "profile": [ "http://hl7.org/fhir/us/qicore/StructureDefinition/qicore-observation-clinical-result" ]
      },
      "status": "final",
      "category": [ {
        "coding": [ {
          "system": "http://terminology.hl7.org/CodeSystem/observation-category",
          "code": "imaging",
          "display": "Imaging"
        } ]
      }, {
        "coding": [ {
          "system": "http://terminology.hl7.org/CodeSystem/observation-category",
          "code": "survey"
        } ]
      } ],
      "code": {
        "coding": [ {
          "system": "http://loinc.org",
          "version": "2.76",
          "code": "38265-5",
          "display": "DXA Radius and Ulna [T-score] Bone density"
        } ]
      },
      "subject": {
        "reference": "Patient/2ac59cce-81b8-4060-9452-9a35fe580c6a"
      },
      "effectivePeriod": {
        "start": "2026-09-01T10:00:00.000+00:00"
      },
      "dataAbsentReason": {
        "coding": [ {
          "system": "http://terminology.hl7.org/CodeSystem/data-absent-reason",
          "code": "unknown",
          "display": "Unknown"
        } ]
      }
    },
    "request": {
      "method": "PUT",
      "url": "Observation/075ca466-b92f-42e7-832a-d8a831da60a5"
    }
  }, {
    "fullUrl": "https://madie.cms.gov/Practitioner/aaf20708-5713-486a-8275-47a60d1cde54",
    "resource": {
      "resourceType": "Practitioner",
      "id": "aaf20708-5713-486a-8275-47a60d1cde54",
      "meta": {
        "profile": [ "http://hl7.org/fhir/us/qicore/StructureDefinition/qicore-practitioner" ]
      },
      "identifier": [ {
        "use": "temp",
        "system": "urn:oid:2.16.840.1.113883.4.336",
        "value": "Practitioner-23"
      } ],
      "active": true,
      "name": [ {
        "family": "Careful",
        "given": [ "Adam" ],
        "prefix": [ "Dr" ]
      } ],
      "address": [ {
        "use": "home",
        "line": [ "534 Erewhon St" ],
        "city": "PleasantVille",
        "state": "UT",
        "postalCode": "84414"
      } ],
      "qualification": [ {
        "identifier": [ {
          "system": "http://example.org/UniversityIdentifier",
          "value": "12345"
        } ],
        "code": {
          "coding": [ {
            "system": "http://terminology.hl7.org/CodeSystem/v2-0360|2.7",
            "code": "BS",
            "display": "Bachelor of Science"
          } ],
          "text": "Bachelor of Science"
        },
        "period": {
          "start": "1996"
        },
        "issuer": {
          "display": "Example University"
        }
      } ]
    },
    "request": {
      "method": "PUT",
      "url": "Practitioner/aaf20708-5713-486a-8275-47a60d1cde54"
    }
  }, {
    "fullUrl": "https://madie.cms.gov/MedicationRequest/94dbb1a5-3b69-494a-a445-88ff674e0490",
    "resource": {
      "resourceType": "MedicationRequest",
      "id": "94dbb1a5-3b69-494a-a445-88ff674e0490",
      "meta": {
        "profile": [ "http://hl7.org/fhir/us/qicore/StructureDefinition/qicore-medicationrequest" ]
      },
      "status": "active",
      "intent": "order",
      "medicationCodeableConcept": {
        "coding": [ {
          "system": "http://www.nlm.nih.gov/research/umls/rxnorm",
          "version": "06052023",
          "code": "1115257",
          "display": "1.5 ML leuprolide acetate 30 MG/ML Prefilled Syringe"
        } ]
      },
      "subject": {
        "reference": "Patient/2ac59cce-81b8-4060-9452-9a35fe580c6a"
      },
      "authoredOn": "2026-03-04T08:00:00.000+00:00",
      "requester": {
        "reference": "http://myGoodHealthcare.com/fhir/Practitioner/aaf20708-5713-486a-8275-47a60d1cde54"
      },
      "dosageInstruction": [ {
        "timing": {
          "repeat": {
            "boundsPeriod": {
              "start": "2026-03-04T08:00:00.000+00:00",
              "end": "2026-04-04T08:00:00.000+00:00"
            }
          }
        }
      } ]
    },
    "request": {
      "method": "PUT",
      "url": "MedicationRequest/94dbb1a5-3b69-494a-a445-88ff674e0490"
    }
  }, {
    "fullUrl": "https://madie.cms.gov/ServiceRequest/2dc769b7-3de4-4510-abfc-73bf830c5f0e",
    "resource": {
      "resourceType": "ServiceRequest",
      "id": "2dc769b7-3de4-4510-abfc-73bf830c5f0e",
      "meta": {
        "profile": [ "http://hl7.org/fhir/us/qicore/StructureDefinition/qicore-servicerequest" ]
      },
      "status": "active",
      "intent": "order",
      "code": {
        "coding": [ {
          "system": "http://snomed.info/sct",
          "version": "http://snomed.info/sct/731000124108/version/20250301",
          "code": "456381000124102",
          "display": "Injection of leuprolide acetate for twelve month period (regime/therapy)"
        } ]
      },
      "subject": {
        "reference": "Patient/2ac59cce-81b8-4060-9452-9a35fe580c6a"
      },
      "authoredOn": "2026-03-04T08:00:00.000+00:00"
    },
    "request": {
      "method": "PUT",
      "url": "ServiceRequest/2dc769b7-3de4-4510-abfc-73bf830c5f0e"
    }
  }, {
    "fullUrl": "https://madie.cms.gov/MeasureReport/34f00c64-606f-4456-84b4-c353c78cd24d",
    "resource": {
      "resourceType": "MeasureReport",
      "id": "34f00c64-606f-4456-84b4-c353c78cd24d",
      "meta": {
        "profile": [ "http://hl7.org/fhir/us/cqfmeasures/StructureDefinition/test-case-cqfm" ]
      },
      "contained": [ {
        "resourceType": "Parameters",
        "id": "795e61de-685f-4cfc-a4d5-a325a72f1245-parameters",
        "parameter": [ {
          "name": "subject",
          "valueString": "2ac59cce-81b8-4060-9452-9a35fe580c6a"
        } ]
      } ],
      "extension": [ {
        "url": "http://hl7.org/fhir/StructureDefinition/cqf-inputParameters",
        "valueReference": {
          "reference": "#795e61de-685f-4cfc-a4d5-a325a72f1245-parameters"
        }
      }, {
        "url": "http://hl7.org/fhir/us/cqfmeasures/StructureDefinition/cqfm-testCaseDescription",
        "valueMarkdown": "Dx of Prostate Cancer with qualifying encounter(s) in MP. DEXA performed 6 months after ADT.  Fails NUMER Criteria"
      } ],
      "modifierExtension": [ {
        "url": "http://hl7.org/fhir/us/cqfmeasures/StructureDefinition/cqfm-isTestCase",
        "valueBoolean": true
      } ],
      "status": "complete",
      "type": "individual",
      "measure": "https://madie.cms.gov/Measure/CMS645FHIRBoneDensityPCADTherapy",
      "period": {
        "start": "2026-01-01",
        "end": "2026-12-31"
      },
      "group": [ {
        "id": "Group_1",
        "population": [ {
          "id": "InitialPopulation_1",
          "code": {
            "coding": [ {
              "system": "http://terminology.hl7.org/CodeSystem/measure-population",
              "code": "initial-population",
              "display": "Initial Population"
            } ]
          },
          "count": 1
        }, {
          "id": "Denominator_1",
          "code": {
            "coding": [ {
              "system": "http://terminology.hl7.org/CodeSystem/measure-population",
              "code": "denominator",
              "display": "Denominator"
            } ]
          },
          "count": 1
        }, {
          "id": "Numerator_1",
          "code": {
            "coding": [ {
              "system": "http://terminology.hl7.org/CodeSystem/measure-population",
              "code": "numerator",
              "display": "Numerator"
            } ]
          },
          "count": 0
        }, {
          "id": "DenominatorException_1",
          "code": {
            "coding": [ {
              "system": "http://terminology.hl7.org/CodeSystem/measure-population",
              "code": "denominator-exception",
              "display": "Denominator Exception"
            } ]
          },
          "count": 0
        } ],
        "measureScore": {
          "value": 1.0
        }
      } ],
      "evaluatedResource": [ {
        "reference": "Patient/2ac59cce-81b8-4060-9452-9a35fe580c6a"
      }, {
        "reference": "Coverage/89ef71f7-8ed4-479b-a0c7-cc700602cc41"
      }, {
        "reference": "Encounter/61fd106b-ce74-46c6-86fa-d008cb52e440"
      }, {
        "reference": "Organization/d9faef17-b363-4c58-a09e-6d04a004a8e2"
      }, {
        "reference": "Condition/759c7790-c22e-4ef9-9a3a-cf81de269244"
      }, {
        "reference": "Observation/075ca466-b92f-42e7-832a-d8a831da60a5"
      }, {
        "reference": "Practitioner/aaf20708-5713-486a-8275-47a60d1cde54"
      }, {
        "reference": "MedicationRequest/94dbb1a5-3b69-494a-a445-88ff674e0490"
      }, {
        "reference": "ServiceRequest/2dc769b7-3de4-4510-abfc-73bf830c5f0e"
      } ]
    },
    "request": {
      "method": "PUT",
      "url": "MeasureReport/34f00c64-606f-4456-84b4-c353c78cd24d"
    }
  } ]
}