{
  "resourceType": "Bundle",
  "id": "60abda28bf0a01003e3f76bd",
  "type": "transaction",
  "entry": [ {
    "fullUrl": "https://madie.cms.gov/Patient/f67164ab-356d-4fb6-afcb-169aaa7fe3f4",
    "resource": {
      "resourceType": "Patient",
      "id": "f67164ab-356d-4fb6-afcb-169aaa7fe3f4",
      "meta": {
        "profile": [ "http://hl7.org/fhir/us/qicore/StructureDefinition/qicore-patient" ]
      },
      "extension": [ {
        "url": "http://hl7.org/fhir/us/core/StructureDefinition/us-core-race",
        "extension": [ {
          "url": "ombCategory",
          "valueCoding": {
            "system": "urn:oid:2.16.840.1.113883.6.238",
            "code": "2054-5",
            "display": "Black or African American"
          }
        }, {
          "url": "text",
          "valueString": "Black or African American"
        } ]
      }, {
        "url": "http://hl7.org/fhir/us/core/StructureDefinition/us-core-ethnicity",
        "extension": [ {
          "url": "ombCategory",
          "valueCoding": {
            "system": "urn:oid:2.16.840.1.113883.6.238",
            "code": "2186-5",
            "display": "Not Hispanic or Latino"
          }
        }, {
          "url": "text",
          "valueString": "Not Hispanic or Latino"
        } ]
      } ],
      "identifier": [ {
        "type": {
          "coding": [ {
            "system": "http://terminology.hl7.org/CodeSystem/v2-0203",
            "code": "MR"
          } ]
        },
        "system": "https://bonnie-fhir.healthit.gov/",
        "value": "463131313187656"
      } ],
      "name": [ {
        "family": "NUMERPass",
        "given": [ "DEXA3MonthsAfterADTEdge" ]
      } ],
      "gender": "male",
      "birthDate": "1930-06-15"
    },
    "request": {
      "method": "PUT",
      "url": "Patient/f67164ab-356d-4fb6-afcb-169aaa7fe3f4"
    }
  }, {
    "fullUrl": "https://madie.cms.gov/Encounter/caac78be-c8e3-449c-8c17-b9a47e42d5e9",
    "resource": {
      "resourceType": "Encounter",
      "id": "caac78be-c8e3-449c-8c17-b9a47e42d5e9",
      "meta": {
        "profile": [ "http://hl7.org/fhir/us/qicore/StructureDefinition/qicore-encounter" ]
      },
      "status": "finished",
      "class": {
        "system": "http://terminology.hl7.org/CodeSystem/v3-ActCode",
        "code": "AMB",
        "display": "ambulatory"
      },
      "type": [ {
        "coding": [ {
          "system": "http://snomed.info/sct",
          "version": "http://snomed.info/sct/731000124108/version/20240301",
          "code": "185463005",
          "display": "Visit out of hours (procedure)"
        } ]
      } ],
      "subject": {
        "reference": "Patient/f67164ab-356d-4fb6-afcb-169aaa7fe3f4"
      },
      "period": {
        "start": "2026-02-04T08:00:00.000+00:00",
        "end": "2026-02-04T08:15:00.000+00:00"
      }
    },
    "request": {
      "method": "PUT",
      "url": "Encounter/caac78be-c8e3-449c-8c17-b9a47e42d5e9"
    }
  }, {
    "fullUrl": "https://madie.cms.gov/Condition/03a0a030-2677-46f1-b80e-952f97e74698",
    "resource": {
      "resourceType": "Condition",
      "id": "03a0a030-2677-46f1-b80e-952f97e74698",
      "meta": {
        "profile": [ "http://hl7.org/fhir/us/qicore/StructureDefinition/qicore-condition-problems-health-concerns" ]
      },
      "clinicalStatus": {
        "coding": [ {
          "system": "http://terminology.hl7.org/CodeSystem/condition-clinical",
          "code": "active",
          "display": "Active",
          "userSelected": true
        } ]
      },
      "verificationStatus": {
        "coding": [ {
          "system": "http://terminology.hl7.org/CodeSystem/condition-ver-status",
          "code": "confirmed"
        } ]
      },
      "category": [ {
        "coding": [ {
          "system": "http://terminology.hl7.org/CodeSystem/condition-category",
          "code": "problem-list-item",
          "display": "Problem List Item"
        } ]
      } ],
      "code": {
        "coding": [ {
          "system": "http://snomed.info/sct",
          "version": "http://snomed.info/sct/731000124108/version/20240301",
          "code": "254900004",
          "display": "Carcinoma of prostate (disorder)"
        } ]
      },
      "subject": {
        "reference": "Patient/f67164ab-356d-4fb6-afcb-169aaa7fe3f4"
      },
      "onsetDateTime": "2026-02-04T08:00:00.000+00:00"
    },
    "request": {
      "method": "PUT",
      "url": "Condition/03a0a030-2677-46f1-b80e-952f97e74698"
    }
  }, {
    "fullUrl": "https://madie.cms.gov/Observation/cd214da5-a9dc-4498-a9cf-5e2e8a487e48",
    "resource": {
      "resourceType": "Observation",
      "id": "cd214da5-a9dc-4498-a9cf-5e2e8a487e48",
      "meta": {
        "profile": [ "http://hl7.org/fhir/us/qicore/StructureDefinition/qicore-observation-lab" ]
      },
      "status": "final",
      "category": [ {
        "coding": [ {
          "system": "http://terminology.hl7.org/CodeSystem/observation-category",
          "code": "imaging",
          "display": "Imaging"
        } ]
      } ],
      "code": {
        "coding": [ {
          "system": "http://loinc.org",
          "version": "2.76",
          "code": "38265-5",
          "display": "DXA Radius and Ulna [T-score] Bone density"
        } ]
      },
      "subject": {
        "reference": "Patient/f67164ab-356d-4fb6-afcb-169aaa7fe3f4"
      },
      "effectivePeriod": {
        "start": "2026-05-01T10:00:00.000+00:00"
      }
    },
    "request": {
      "method": "PUT",
      "url": "Observation/cd214da5-a9dc-4498-a9cf-5e2e8a487e48"
    }
  }, {
    "fullUrl": "https://madie.cms.gov/Practitioner/086a60e6-b868-4d06-829e-1a60a8419177",
    "resource": {
      "resourceType": "Practitioner",
      "id": "086a60e6-b868-4d06-829e-1a60a8419177",
      "meta": {
        "profile": [ "http://hl7.org/fhir/us/qicore/StructureDefinition/qicore-practitioner" ]
      },
      "identifier": [ {
        "use": "temp",
        "system": "urn:oid:2.16.840.1.113883.4.336",
        "value": "Practitioner-23"
      } ],
      "active": true,
      "name": [ {
        "family": "Careful",
        "given": [ "Adam" ],
        "prefix": [ "Dr" ]
      } ],
      "address": [ {
        "use": "home",
        "line": [ "534 Erewhon St" ],
        "city": "PleasantVille",
        "state": "UT",
        "postalCode": "84414"
      } ],
      "qualification": [ {
        "identifier": [ {
          "system": "http://example.org/UniversityIdentifier",
          "value": "12345"
        } ],
        "code": {
          "coding": [ {
            "system": "http://terminology.hl7.org/CodeSystem/v2-0360|2.7",
            "code": "BS",
            "display": "Bachelor of Science"
          } ],
          "text": "Bachelor of Science"
        },
        "period": {
          "start": "1996"
        },
        "issuer": {
          "display": "Example University"
        }
      } ]
    },
    "request": {
      "method": "PUT",
      "url": "Practitioner/086a60e6-b868-4d06-829e-1a60a8419177"
    }
  }, {
    "fullUrl": "https://madie.cms.gov/MedicationRequest/a185cd48-988a-49cc-8c38-8789debd95f3",
    "resource": {
      "resourceType": "MedicationRequest",
      "id": "a185cd48-988a-49cc-8c38-8789debd95f3",
      "meta": {
        "profile": [ "http://hl7.org/fhir/us/qicore/StructureDefinition/qicore-medicationrequest" ]
      },
      "status": "active",
      "intent": "order",
      "medicationCodeableConcept": {
        "coding": [ {
          "system": "http://www.nlm.nih.gov/research/umls/rxnorm",
          "version": "04012024",
          "code": "1115257",
          "display": "1.5 ML leuprolide acetate 30 MG/ML Prefilled Syringe"
        } ]
      },
      "subject": {
        "reference": "Patient/f67164ab-356d-4fb6-afcb-169aaa7fe3f4"
      },
      "authoredOn": "2026-02-04T08:00:00.000+00:00",
      "requester": {
        "reference": "http://myGoodHealthcare.com/fhir/Practitioner/086a60e6-b868-4d06-829e-1a60a8419177"
      },
      "dosageInstruction": [ {
        "timing": {
          "repeat": {
            "boundsPeriod": {
              "start": "2026-02-04T08:00:00.000+00:00",
              "end": "2026-03-04T08:00:00.000+00:00"
            }
          }
        }
      } ]
    },
    "request": {
      "method": "PUT",
      "url": "MedicationRequest/a185cd48-988a-49cc-8c38-8789debd95f3"
    }
  }, {
    "fullUrl": "https://madie.cms.gov/ServiceRequest/7eb9cdb2-d117-4b96-a4c1-bd37981dbc2d",
    "resource": {
      "resourceType": "ServiceRequest",
      "id": "7eb9cdb2-d117-4b96-a4c1-bd37981dbc2d",
      "meta": {
        "profile": [ "http://hl7.org/fhir/us/qicore/StructureDefinition/qicore-servicerequest" ]
      },
      "status": "active",
      "intent": "order",
      "code": {
        "coding": [ {
          "system": "http://snomed.info/sct",
          "version": "http://snomed.info/sct/731000124108/version/20240301",
          "code": "456381000124102",
          "display": "Injection of leuprolide acetate for twelve month period (regime/therapy)"
        } ]
      },
      "subject": {
        "reference": "Patient/f67164ab-356d-4fb6-afcb-169aaa7fe3f4"
      },
      "authoredOn": "2026-02-04T08:00:00.000+00:00"
    },
    "request": {
      "method": "PUT",
      "url": "ServiceRequest/7eb9cdb2-d117-4b96-a4c1-bd37981dbc2d"
    }
  }, {
    "fullUrl": "https://madie.cms.gov/MeasureReport/0cbce9a2-eee3-4967-9816-30fccad5f1f2",
    "resource": {
      "resourceType": "MeasureReport",
      "id": "0cbce9a2-eee3-4967-9816-30fccad5f1f2",
      "meta": {
        "profile": [ "http://hl7.org/fhir/us/cqfmeasures/StructureDefinition/test-case-cqfm" ]
      },
      "contained": [ {
        "resourceType": "Parameters",
        "id": "87258580-cf07-4dbe-a8c6-905051e038c5-parameters",
        "parameter": [ {
          "name": "subject",
          "valueString": "f67164ab-356d-4fb6-afcb-169aaa7fe3f4"
        } ]
      } ],
      "extension": [ {
        "url": "http://hl7.org/fhir/StructureDefinition/cqf-inputParameters",
        "valueReference": {
          "reference": "#87258580-cf07-4dbe-a8c6-905051e038c5-parameters"
        }
      }, {
        "url": "http://hl7.org/fhir/us/cqfmeasures/StructureDefinition/cqfm-testCaseDescription",
        "valueMarkdown": "Encounter Office Visit in MP.  Dx Prostate Cancer in MP. Procedure \nOrder. Dexa 3 months after ADT.  Edge. Passes NUMER as expected."
      } ],
      "modifierExtension": [ {
        "url": "http://hl7.org/fhir/us/cqfmeasures/StructureDefinition/cqfm-isTestCase",
        "valueBoolean": true
      } ],
      "status": "complete",
      "type": "individual",
      "measure": "https://madie.cms.gov/Measure/CMS645FHIRBoneDensityProstateCancerAndrogenDeprivationTherapy",
      "period": {
        "start": "2026-01-01",
        "end": "2026-12-31"
      },
      "group": [ {
        "id": "Group_1",
        "population": [ {
          "id": "InitialPopulation_1",
          "code": {
            "coding": [ {
              "system": "http://terminology.hl7.org/CodeSystem/measure-population",
              "code": "initial-population",
              "display": "Initial Population"
            } ]
          },
          "count": 1
        }, {
          "id": "Denominator_1",
          "code": {
            "coding": [ {
              "system": "http://terminology.hl7.org/CodeSystem/measure-population",
              "code": "denominator",
              "display": "Denominator"
            } ]
          },
          "count": 1
        }, {
          "id": "Numerator_1",
          "code": {
            "coding": [ {
              "system": "http://terminology.hl7.org/CodeSystem/measure-population",
              "code": "numerator",
              "display": "Numerator"
            } ]
          },
          "count": 1
        }, {
          "id": "DenominatorException_1",
          "code": {
            "coding": [ {
              "system": "http://terminology.hl7.org/CodeSystem/measure-population",
              "code": "denominator-exception",
              "display": "Denominator Exception"
            } ]
          },
          "count": 0
        } ],
        "measureScore": {
          "value": 1.0
        }
      } ],
      "evaluatedResource": [ {
        "reference": "Patient/f67164ab-356d-4fb6-afcb-169aaa7fe3f4"
      }, {
        "reference": "Encounter/caac78be-c8e3-449c-8c17-b9a47e42d5e9"
      }, {
        "reference": "Condition/03a0a030-2677-46f1-b80e-952f97e74698"
      }, {
        "reference": "Observation/cd214da5-a9dc-4498-a9cf-5e2e8a487e48"
      }, {
        "reference": "Practitioner/086a60e6-b868-4d06-829e-1a60a8419177"
      }, {
        "reference": "MedicationRequest/a185cd48-988a-49cc-8c38-8789debd95f3"
      }, {
        "reference": "ServiceRequest/7eb9cdb2-d117-4b96-a4c1-bd37981dbc2d"
      } ]
    },
    "request": {
      "method": "PUT",
      "url": "MeasureReport/0cbce9a2-eee3-4967-9816-30fccad5f1f2"
    }
  } ]
}