{
  "resourceType": "Bundle",
  "id": "NUMFail-DentalCariesCondEndsDec31B4MP",
  "type": "collection",
  "entry": [ {
    "fullUrl": "https://madie.cms.gov/Patient/a1d949ba-b8dd-453d-8565-f168e027b329",
    "resource": {
      "resourceType": "Patient",
      "id": "a1d949ba-b8dd-453d-8565-f168e027b329",
      "meta": {
        "profile": [ "http://hl7.org/fhir/us/qicore/StructureDefinition/qicore-patient" ]
      },
      "extension": [ {
        "url": "http://hl7.org/fhir/us/core/StructureDefinition/us-core-race",
        "extension": [ {
          "url": "ombCategory",
          "valueCoding": {
            "system": "urn:oid:2.16.840.1.113883.6.238",
            "code": "2028-9",
            "display": "Asian"
          }
        }, {
          "url": "text",
          "valueString": "Asian"
        } ]
      }, {
        "url": "http://hl7.org/fhir/us/core/StructureDefinition/us-core-ethnicity",
        "extension": [ {
          "url": "ombCategory",
          "valueCoding": {
            "system": "urn:oid:2.16.840.1.113883.6.238",
            "code": "2135-2",
            "display": "Hispanic or Latino"
          }
        }, {
          "url": "text",
          "valueString": "Hispanic or Latino"
        } ]
      } ],
      "identifier": [ {
        "system": "http://hospital.smarthealthit.org",
        "value": "999999995"
      } ],
      "name": [ {
        "family": "Bertha",
        "given": [ "Betty" ]
      } ],
      "gender": "female",
      "birthDate": "2005-01-01"
    }
  }, {
    "fullUrl": "https://madie.cms.gov/Encounter/2dcdb565-0e37-423a-b31a-61f93f5d5718",
    "resource": {
      "resourceType": "Encounter",
      "id": "2dcdb565-0e37-423a-b31a-61f93f5d5718",
      "meta": {
        "profile": [ "http://hl7.org/fhir/us/qicore/StructureDefinition/qicore-encounter" ]
      },
      "status": "finished",
      "class": {
        "system": "http://terminology.hl7.org/CodeSystem/v3-ActCode",
        "code": "AMB",
        "display": "ambulatory"
      },
      "type": [ {
        "coding": [ {
          "system": "http://www.ada.org/cdt",
          "code": "D0120",
          "display": "periodic oral evaluation - established patient"
        } ]
      } ],
      "subject": {
        "reference": "Patient/a1d949ba-b8dd-453d-8565-f168e027b329"
      },
      "period": {
        "start": "2025-01-01T00:00:00.000Z",
        "end": "2025-01-01T01:15:00.000Z"
      }
    }
  }, {
    "fullUrl": "https://madie.cms.gov/Condition/475c2685-3590-4e47-a134-6c759aa51286",
    "resource": {
      "resourceType": "Condition",
      "id": "475c2685-3590-4e47-a134-6c759aa51286",
      "meta": {
        "profile": [ "http://hl7.org/fhir/us/qicore/StructureDefinition/qicore-condition" ]
      },
      "clinicalStatus": {
        "coding": [ {
          "system": "http://terminology.hl7.org/CodeSystem/condition-clinical",
          "code": "resolved"
        } ]
      },
      "category": [ {
        "coding": [ {
          "system": "http://terminology.hl7.org/CodeSystem/condition-category",
          "code": "problem-list-item",
          "display": "Problem List Item"
        } ]
      } ],
      "code": {
        "coding": [ {
          "system": "http://snomed.info/sct",
          "code": "109564008",
          "display": "Dental caries associated with enamel hypomineralization (disorder)"
        } ]
      },
      "subject": {
        "reference": "Patient/a1d949ba-b8dd-453d-8565-f168e027b329"
      },
      "onsetDateTime": "2024-12-31T23:59:59.000Z",
      "abatementDateTime": "2024-12-31T23:59:59.000Z"
    }
  }, {
    "fullUrl": "https://madie.cms.gov/MeasureReport/0b026d54-b2be-4a45-8ea6-2377aef8a8ef",
    "resource": {
      "resourceType": "MeasureReport",
      "id": "0b026d54-b2be-4a45-8ea6-2377aef8a8ef",
      "meta": {
        "profile": [ "http://hl7.org/fhir/us/cqfmeasures/StructureDefinition/test-case-cqfm" ]
      },
      "contained": [ {
        "resourceType": "Parameters",
        "id": "45ddb927-fe8b-43c9-8f3b-002e18ecd497-parameters",
        "parameter": [ {
          "name": "subject",
          "valueString": "a1d949ba-b8dd-453d-8565-f168e027b329"
        } ]
      } ],
      "extension": [ {
        "url": "http://hl7.org/fhir/us/cqfmeasures/StructureDefinition/cqfm-inputParameters",
        "valueReference": {
          "reference": "#45ddb927-fe8b-43c9-8f3b-002e18ecd497-parameters"
        }
      }, {
        "url": "http://hl7.org/fhir/us/cqfmeasures/StructureDefinition/cqfm-testCaseDescription",
        "valueMarkdown": "Patient 20yo w/ an Oral Evaluation Encounter 1/1 of the MP & Dental Caries Condition that ends on 12/31 before the MP."
      } ],
      "modifierExtension": [ {
        "url": "http://hl7.org/fhir/us/cqfmeasures/StructureDefinition/cqfm-isTestCase",
        "valueBoolean": true
      } ],
      "status": "complete",
      "type": "individual",
      "measure": "https://madie.cms.gov/Measure/ChildrenWhoHaveDentalDecayOrCavitiesFHIR",
      "period": {
        "start": "2025-01-01",
        "end": "2025-12-31"
      },
      "group": [ {
        "population": [ {
          "code": {
            "coding": [ {
              "system": "http://terminology.hl7.org/CodeSystem/measure-population",
              "code": "initial-population",
              "display": "Initial Population"
            } ]
          },
          "count": 1
        }, {
          "code": {
            "coding": [ {
              "system": "http://terminology.hl7.org/CodeSystem/measure-population",
              "code": "denominator",
              "display": "Denominator"
            } ]
          },
          "count": 1
        }, {
          "code": {
            "coding": [ {
              "system": "http://terminology.hl7.org/CodeSystem/measure-population",
              "code": "denominator-exclusion",
              "display": "Denominator Exclusion"
            } ]
          },
          "count": 0
        }, {
          "code": {
            "coding": [ {
              "system": "http://terminology.hl7.org/CodeSystem/measure-population",
              "code": "numerator",
              "display": "Numerator"
            } ]
          },
          "count": 0
        } ]
      } ],
      "evaluatedResource": [ {
        "reference": "Patient/a1d949ba-b8dd-453d-8565-f168e027b329"
      }, {
        "reference": "Encounter/2dcdb565-0e37-423a-b31a-61f93f5d5718"
      }, {
        "reference": "Condition/475c2685-3590-4e47-a134-6c759aa51286"
      } ]
    }
  } ]
}