{
  "resourceType": "Bundle",
  "id": "60abda28bf0a01003e3f76bd",
  "type": "transaction",
  "entry": [ {
    "fullUrl": "https://madie.cms.gov/Patient/878aa680-2642-45b8-b103-5ef96188b5ea",
    "resource": {
      "resourceType": "Patient",
      "id": "878aa680-2642-45b8-b103-5ef96188b5ea",
      "meta": {
        "profile": [ "http://hl7.org/fhir/us/qicore/StructureDefinition/qicore-patient" ]
      },
      "extension": [ {
        "url": "http://hl7.org/fhir/us/core/StructureDefinition/us-core-race",
        "extension": [ {
          "url": "ombCategory",
          "valueCoding": {
            "system": "urn:oid:2.16.840.1.113883.6.238",
            "code": "2054-5",
            "display": "Black or African American",
            "userSelected": true
          }
        }, {
          "url": "text",
          "valueString": "Black or African American"
        } ]
      }, {
        "url": "http://hl7.org/fhir/us/core/StructureDefinition/us-core-ethnicity",
        "extension": [ {
          "url": "ombCategory",
          "valueCoding": {
            "system": "urn:oid:2.16.840.1.113883.6.238",
            "code": "2186-5",
            "display": "Not Hispanic or Latino",
            "userSelected": true
          }
        }, {
          "url": "text",
          "valueString": "Not Hispanic or Latino"
        } ]
      } ],
      "identifier": [ {
        "type": {
          "coding": [ {
            "system": "http://terminology.hl7.org/CodeSystem/v2-0203",
            "code": "MR"
          } ]
        },
        "system": "https://bonnie-fhir.healthit.gov/",
        "value": "60abda28bf0a01003e3f76bd"
      } ],
      "name": [ {
        "family": "NUMERPass",
        "given": [ "DEXA3MonthsAfterADTEdge" ]
      } ],
      "gender": "male",
      "birthDate": "1930-06-15"
    },
    "request": {
      "method": "PUT",
      "url": "Patient/878aa680-2642-45b8-b103-5ef96188b5ea"
    }
  }, {
    "fullUrl": "https://madie.cms.gov/Encounter/adf0baf8-1a09-4dd1-a08b-0356f732b9af",
    "resource": {
      "resourceType": "Encounter",
      "id": "adf0baf8-1a09-4dd1-a08b-0356f732b9af",
      "meta": {
        "profile": [ "http://hl7.org/fhir/us/qicore/StructureDefinition/qicore-encounter" ]
      },
      "status": "finished",
      "class": {
        "system": "http://terminology.hl7.org/CodeSystem/v3-ActCode",
        "code": "AMB",
        "display": "ambulatory"
      },
      "type": [ {
        "coding": [ {
          "system": "http://snomed.info/sct",
          "version": "2021-09",
          "code": "185463005",
          "display": "Visit out of hours (procedure)",
          "userSelected": true
        } ]
      } ],
      "subject": {
        "reference": "Patient/878aa680-2642-45b8-b103-5ef96188b5ea"
      },
      "period": {
        "start": "2026-05-01T08:00:00.000+00:00",
        "end": "2026-05-01T08:15:00.000+00:00"
      }
    },
    "request": {
      "method": "PUT",
      "url": "Encounter/adf0baf8-1a09-4dd1-a08b-0356f732b9af"
    }
  }, {
    "fullUrl": "https://madie.cms.gov/Condition/6353f114-cb2b-4429-a690-8dd4aebaef21",
    "resource": {
      "resourceType": "Condition",
      "id": "6353f114-cb2b-4429-a690-8dd4aebaef21",
      "meta": {
        "profile": [ "http://hl7.org/fhir/us/qicore/StructureDefinition/qicore-condition-problems-health-concerns" ]
      },
      "clinicalStatus": {
        "coding": [ {
          "system": "http://terminology.hl7.org/CodeSystem/condition-clinical",
          "code": "active",
          "display": "Active",
          "userSelected": true
        } ]
      },
      "verificationStatus": {
        "coding": [ {
          "system": "http://terminology.hl7.org/CodeSystem/condition-ver-status",
          "code": "confirmed"
        } ]
      },
      "category": [ {
        "coding": [ {
          "system": "http://terminology.hl7.org/CodeSystem/condition-category",
          "code": "problem-list-item",
          "display": "Problem List Item"
        } ]
      } ],
      "code": {
        "coding": [ {
          "system": "http://snomed.info/sct",
          "version": "2021-09",
          "code": "254900004",
          "display": "Carcinoma of prostate (disorder)",
          "userSelected": true
        } ]
      },
      "subject": {
        "reference": "Patient/878aa680-2642-45b8-b103-5ef96188b5ea"
      },
      "onsetPeriod": {
        "start": "2026-04-04T08:00:00.000+00:00"
      }
    },
    "request": {
      "method": "PUT",
      "url": "Condition/6353f114-cb2b-4429-a690-8dd4aebaef21"
    }
  }, {
    "fullUrl": "https://madie.cms.gov/Observation/b4e1b0e9-91ef-400b-9d74-be2062bec29b",
    "resource": {
      "resourceType": "Observation",
      "id": "b4e1b0e9-91ef-400b-9d74-be2062bec29b",
      "meta": {
        "profile": [ "http://hl7.org/fhir/us/qicore/StructureDefinition/qicore-observation-lab" ]
      },
      "status": "final",
      "category": [ {
        "coding": [ {
          "system": "http://terminology.hl7.org/CodeSystem/observation-category",
          "code": "imaging",
          "display": "Imaging"
        } ]
      } ],
      "code": {
        "coding": [ {
          "system": "http://loinc.org",
          "version": "2.69",
          "code": "38265-5",
          "display": "DXA Radius and Ulna [T-score] Bone density",
          "userSelected": true
        } ]
      },
      "subject": {
        "reference": "Patient/878aa680-2642-45b8-b103-5ef96188b5ea"
      },
      "effectivePeriod": {
        "start": "2026-08-02T08:00:00.000+00:00"
      }
    },
    "request": {
      "method": "PUT",
      "url": "Observation/b4e1b0e9-91ef-400b-9d74-be2062bec29b"
    }
  }, {
    "fullUrl": "https://madie.cms.gov/Practitioner/de95f294-329f-4e78-a947-37ff2b67a1c5",
    "resource": {
      "resourceType": "Practitioner",
      "id": "de95f294-329f-4e78-a947-37ff2b67a1c5",
      "meta": {
        "profile": [ "http://hl7.org/fhir/us/qicore/StructureDefinition/qicore-practitioner" ]
      },
      "identifier": [ {
        "use": "temp",
        "system": "urn:oid:2.16.840.1.113883.4.336",
        "value": "Practitioner-23"
      } ],
      "active": true,
      "name": [ {
        "family": "Careful",
        "given": [ "Adam" ],
        "prefix": [ "Dr" ]
      } ],
      "address": [ {
        "use": "home",
        "line": [ "534 Erewhon St" ],
        "city": "PleasantVille",
        "state": "UT",
        "postalCode": "84414"
      } ],
      "qualification": [ {
        "identifier": [ {
          "system": "http://example.org/UniversityIdentifier",
          "value": "12345"
        } ],
        "code": {
          "coding": [ {
            "system": "http://terminology.hl7.org/CodeSystem/v2-0360|2.7",
            "code": "BS",
            "display": "Bachelor of Science"
          } ],
          "text": "Bachelor of Science"
        },
        "period": {
          "start": "1996"
        },
        "issuer": {
          "display": "Example University"
        }
      } ]
    },
    "request": {
      "method": "PUT",
      "url": "Practitioner/de95f294-329f-4e78-a947-37ff2b67a1c5"
    }
  }, {
    "fullUrl": "https://madie.cms.gov/MedicationRequest/f91b862f-31d1-4802-9888-7eb2d81be0d7",
    "resource": {
      "resourceType": "MedicationRequest",
      "id": "f91b862f-31d1-4802-9888-7eb2d81be0d7",
      "meta": {
        "profile": [ "http://hl7.org/fhir/us/qicore/StructureDefinition/qicore-medicationrequest" ]
      },
      "status": "active",
      "intent": "order",
      "medicationCodeableConcept": {
        "coding": [ {
          "system": "http://www.nlm.nih.gov/research/umls/rxnorm",
          "code": "1115257",
          "display": "1.5 ML leuprolide acetate 30 MG/ML Prefilled Syringe",
          "userSelected": true
        } ]
      },
      "subject": {
        "reference": "Patient/878aa680-2642-45b8-b103-5ef96188b5ea"
      },
      "authoredOn": "2026-05-01T08:00:00.000+00:00",
      "requester": {
        "reference": "http://myGoodHealthcare.com/fhir/Practitioner/de95f294-329f-4e78-a947-37ff2b67a1c5"
      },
      "dosageInstruction": [ {
        "timing": {
          "repeat": {
            "boundsPeriod": {
              "start": "2026-05-01T08:00:00.000+00:00",
              "end": "2026-06-01T08:00:00.000+00:00"
            }
          }
        }
      } ]
    },
    "request": {
      "method": "PUT",
      "url": "MedicationRequest/f91b862f-31d1-4802-9888-7eb2d81be0d7"
    }
  }, {
    "fullUrl": "https://madie.cms.gov/ServiceRequest/d7e56eba-f19e-4275-b724-3506eba1f3e4",
    "resource": {
      "resourceType": "ServiceRequest",
      "id": "d7e56eba-f19e-4275-b724-3506eba1f3e4",
      "meta": {
        "profile": [ "http://hl7.org/fhir/us/qicore/StructureDefinition/qicore-servicerequest" ]
      },
      "status": "active",
      "intent": "order",
      "code": {
        "coding": [ {
          "system": "http://snomed.info/sct",
          "code": "456381000124102",
          "display": "Injection of leuprolide acetate for twelve month period (regime/therapy)"
        } ]
      },
      "subject": {
        "reference": "Patient/878aa680-2642-45b8-b103-5ef96188b5ea"
      },
      "authoredOn": "2026-05-01T08:00:00.000+00:00"
    },
    "request": {
      "method": "PUT",
      "url": "ServiceRequest/d7e56eba-f19e-4275-b724-3506eba1f3e4"
    }
  }, {
    "fullUrl": "https://madie.cms.gov/MeasureReport/161ba08d-aa35-4319-b53c-5ada5b92bf7a",
    "resource": {
      "resourceType": "MeasureReport",
      "id": "161ba08d-aa35-4319-b53c-5ada5b92bf7a",
      "meta": {
        "profile": [ "http://hl7.org/fhir/us/cqfmeasures/StructureDefinition/test-case-cqfm" ]
      },
      "contained": [ {
        "resourceType": "Parameters",
        "id": "105bc589-2467-4b0a-87a6-3fa19d7372df-parameters",
        "parameter": [ {
          "name": "subject",
          "valueString": "878aa680-2642-45b8-b103-5ef96188b5ea"
        } ]
      } ],
      "extension": [ {
        "url": "http://hl7.org/fhir/StructureDefinition/cqf-inputParameters",
        "valueReference": {
          "reference": "#105bc589-2467-4b0a-87a6-3fa19d7372df-parameters"
        }
      }, {
        "url": "http://hl7.org/fhir/us/cqfmeasures/StructureDefinition/cqfm-testCaseDescription",
        "valueMarkdown": "Dx of Prostate Cancer, and qualifying encounter(s) in MP, However, DEXA 3 mo and 1 day after ADT.  Fails NUMER Criteria"
      } ],
      "modifierExtension": [ {
        "url": "http://hl7.org/fhir/us/cqfmeasures/StructureDefinition/cqfm-isTestCase",
        "valueBoolean": true
      } ],
      "status": "complete",
      "type": "individual",
      "measure": "https://madie.cms.gov/Measure/CMS645FHIRBoneDensityProstateCancerAndrogenDeprivationTherapy",
      "period": {
        "start": "2026-01-01",
        "end": "2026-12-31"
      },
      "group": [ {
        "id": "Group_1",
        "population": [ {
          "id": "InitialPopulation_1",
          "code": {
            "coding": [ {
              "system": "http://terminology.hl7.org/CodeSystem/measure-population",
              "code": "initial-population",
              "display": "Initial Population"
            } ]
          },
          "count": 1
        }, {
          "id": "Denominator_1",
          "code": {
            "coding": [ {
              "system": "http://terminology.hl7.org/CodeSystem/measure-population",
              "code": "denominator",
              "display": "Denominator"
            } ]
          },
          "count": 1
        }, {
          "id": "Numerator_1",
          "code": {
            "coding": [ {
              "system": "http://terminology.hl7.org/CodeSystem/measure-population",
              "code": "numerator",
              "display": "Numerator"
            } ]
          },
          "count": 0
        }, {
          "id": "DenominatorException_1",
          "code": {
            "coding": [ {
              "system": "http://terminology.hl7.org/CodeSystem/measure-population",
              "code": "denominator-exception",
              "display": "Denominator Exception"
            } ]
          },
          "count": 0
        } ],
        "measureScore": {
          "value": 1.0
        }
      } ],
      "evaluatedResource": [ {
        "reference": "Patient/878aa680-2642-45b8-b103-5ef96188b5ea"
      }, {
        "reference": "Encounter/adf0baf8-1a09-4dd1-a08b-0356f732b9af"
      }, {
        "reference": "Condition/6353f114-cb2b-4429-a690-8dd4aebaef21"
      }, {
        "reference": "Observation/b4e1b0e9-91ef-400b-9d74-be2062bec29b"
      }, {
        "reference": "Practitioner/de95f294-329f-4e78-a947-37ff2b67a1c5"
      }, {
        "reference": "MedicationRequest/f91b862f-31d1-4802-9888-7eb2d81be0d7"
      }, {
        "reference": "ServiceRequest/d7e56eba-f19e-4275-b724-3506eba1f3e4"
      } ]
    },
    "request": {
      "method": "PUT",
      "url": "MeasureReport/161ba08d-aa35-4319-b53c-5ada5b92bf7a"
    }
  } ]
}