{
  "resourceType": "Bundle",
  "id": "612e6b2102c62a011f2ec95b",
  "type": "transaction",
  "entry": [ {
    "fullUrl": "https://madie.cms.gov/Patient/777ffbf3-c2e8-41d0-8ed4-46ecd2fc69c4",
    "resource": {
      "resourceType": "Patient",
      "id": "777ffbf3-c2e8-41d0-8ed4-46ecd2fc69c4",
      "meta": {
        "profile": [ "http://hl7.org/fhir/us/qicore/StructureDefinition/qicore-patient" ]
      },
      "text": {
        "status": "generated",
        "div": "<div xmlns=\"http://www.w3.org/1999/xhtml\"><div class=\"hapiHeaderText\">CMOPerf_RvltDTDayofAnesRvltDT <b>DENEXPASS </b></div><table class=\"hapiPropertyTable\"><tbody><tr><td>Identifier</td><td>ee7153b84916a96927e2b346d9ea62ff</td></tr><tr><td>Date of birth</td><td><span>02 January 1974</span></td></tr></tbody></table></div>"
      },
      "extension": [ {
        "url": "http://hl7.org/fhir/us/core/StructureDefinition/us-core-race",
        "extension": [ {
          "url": "ombCategory",
          "valueCoding": {
            "system": "urn:oid:2.16.840.1.113883.6.238",
            "code": "1002-5",
            "display": "American Indian or Alaska Native",
            "userSelected": true
          }
        }, {
          "url": "text",
          "valueString": "American Indian or Alaska Native"
        } ]
      }, {
        "url": "http://hl7.org/fhir/us/core/StructureDefinition/us-core-ethnicity",
        "extension": [ {
          "url": "ombCategory",
          "valueCoding": {
            "system": "urn:oid:2.16.840.1.113883.6.238",
            "code": "2135-2",
            "display": "Hispanic or Latino",
            "userSelected": true
          }
        }, {
          "url": "text",
          "valueString": "Hispanic or Latino"
        } ]
      } ],
      "identifier": [ {
        "type": {
          "coding": [ {
            "system": "http://terminology.hl7.org/CodeSystem/v2-0203",
            "code": "MR"
          } ]
        },
        "system": "https://bonnie-fhir.healthit.gov/",
        "value": "612e6b2102c62a011f2ec95b"
      } ],
      "active": true,
      "name": [ {
        "use": "usual",
        "family": "DENEXPass",
        "given": [ "CMOPerf_RvltDTDayofAnesRvltDT" ]
      } ],
      "gender": "male",
      "birthDate": "1974-01-02"
    },
    "request": {
      "method": "PUT",
      "url": "Patient/777ffbf3-c2e8-41d0-8ed4-46ecd2fc69c4"
    }
  }, {
    "fullUrl": "https://madie.cms.gov/Encounter/1626b8f2-b608-4aa6-b094-223f449c1c16",
    "resource": {
      "resourceType": "Encounter",
      "id": "1626b8f2-b608-4aa6-b094-223f449c1c16",
      "meta": {
        "profile": [ "http://hl7.org/fhir/us/qicore/StructureDefinition/qicore-encounter" ]
      },
      "status": "finished",
      "class": {
        "system": "http://terminology.hl7.org/CodeSystem/v3-ActCode",
        "code": "IMP",
        "display": "inpatient encounter"
      },
      "type": [ {
        "coding": [ {
          "system": "http://snomed.info/sct",
          "code": "8715000"
        } ]
      } ],
      "subject": {
        "reference": "Patient/777ffbf3-c2e8-41d0-8ed4-46ecd2fc69c4"
      },
      "period": {
        "start": "2025-11-01T08:00:00+00:00",
        "end": "2025-11-26T08:15:00+00:00"
      },
      "length": {
        "value": 25.0,
        "unit": "days"
      }
    },
    "request": {
      "method": "PUT",
      "url": "Encounter/1626b8f2-b608-4aa6-b094-223f449c1c16"
    }
  }, {
    "fullUrl": "https://madie.cms.gov/Procedure/158920ed-48b2-407d-bbff-b53696df27ed",
    "resource": {
      "resourceType": "Procedure",
      "id": "158920ed-48b2-407d-bbff-b53696df27ed",
      "meta": {
        "profile": [ "http://hl7.org/fhir/us/qicore/StructureDefinition/qicore-procedure" ]
      },
      "extension": [ {
        "url": "http://hl7.org/fhir/us/qicore/StructureDefinition/qicore-recorded",
        "valueDateTime": "2012-11-02T09:35:00-04:00"
      } ],
      "status": "completed",
      "code": {
        "coding": [ {
          "system": "http://snomed.info/sct",
          "code": "133918004"
        } ]
      },
      "subject": {
        "reference": "Patient/777ffbf3-c2e8-41d0-8ed4-46ecd2fc69c4"
      },
      "performedDateTime": "2025-11-02T08:00:00.000+00:00"
    },
    "request": {
      "method": "PUT",
      "url": "Procedure/158920ed-48b2-407d-bbff-b53696df27ed"
    }
  }, {
    "fullUrl": "https://madie.cms.gov/Coverage/a028a4d4-50dd-45bb-a556-c7f25ce8cb3a",
    "resource": {
      "resourceType": "Coverage",
      "id": "a028a4d4-50dd-45bb-a556-c7f25ce8cb3a",
      "status": "active",
      "beneficiary": {
        "reference": "Patient/777ffbf3-c2e8-41d0-8ed4-46ecd2fc69c4"
      },
      "period": {
        "start": "1974-01-02T08:00:00+00:00"
      },
      "payor": [ {
        "reference": "Organization/c99741af-b71f-46cf-8de8-2d4b47f0a3b8"
      } ]
    },
    "request": {
      "method": "PUT",
      "url": "Coverage/a028a4d4-50dd-45bb-a556-c7f25ce8cb3a"
    }
  }, {
    "fullUrl": "https://madie.cms.gov/Procedure/af1f40a8-ce9c-4773-b6da-b531bb7f4d17",
    "resource": {
      "resourceType": "Procedure",
      "id": "af1f40a8-ce9c-4773-b6da-b531bb7f4d17",
      "meta": {
        "profile": [ "http://hl7.org/fhir/us/qicore/StructureDefinition/qicore-procedure" ]
      },
      "extension": [ {
        "url": "http://hl7.org/fhir/us/qicore/StructureDefinition/qicore-recorded",
        "valueDateTime": "2012-11-03T09:35:00-04:00"
      } ],
      "status": "completed",
      "code": {
        "coding": [ {
          "system": "http://www.cms.gov/Medicare/Coding/ICD10",
          "code": "3E030FZ"
        } ]
      },
      "subject": {
        "reference": "Patient/777ffbf3-c2e8-41d0-8ed4-46ecd2fc69c4"
      },
      "performedDateTime": "2025-11-02T09:15:00+00:00"
    },
    "request": {
      "method": "PUT",
      "url": "Procedure/af1f40a8-ce9c-4773-b6da-b531bb7f4d17"
    }
  }, {
    "fullUrl": "https://madie.cms.gov/Organization/c99741af-b71f-46cf-8de8-2d4b47f0a3b8",
    "resource": {
      "resourceType": "Organization",
      "id": "c99741af-b71f-46cf-8de8-2d4b47f0a3b8",
      "meta": {
        "profile": [ "http://hl7.org/fhir/us/qicore/StructureDefinition/qicore-organization" ]
      },
      "identifier": [ {
        "use": "temp",
        "system": "urn:oid:2.16.840.1.113883.4.4",
        "value": "21-3259825"
      } ],
      "active": true,
      "type": [ {
        "coding": [ {
          "system": "http://terminology.hl7.org/CodeSystem/organization-type",
          "code": "pay",
          "display": "Payer"
        } ]
      } ],
      "name": "Blue Cross Blue Shield of Texas",
      "telecom": [ {
        "system": "phone",
        "value": "(+1) 972-766-6900"
      } ],
      "address": [ {
        "use": "billing",
        "type": "postal",
        "line": [ "P.O. Box 660044" ],
        "city": "Dallas",
        "state": "TX",
        "postalCode": "75266-0044",
        "country": "USA"
      } ]
    },
    "request": {
      "method": "PUT",
      "url": "Organization/c99741af-b71f-46cf-8de8-2d4b47f0a3b8"
    }
  }, {
    "fullUrl": "https://madie.cms.gov/Practitioner/42eae6d8-b8d4-4363-a4bc-bc10a1dff453",
    "resource": {
      "resourceType": "Practitioner",
      "id": "42eae6d8-b8d4-4363-a4bc-bc10a1dff453",
      "identifier": [ {
        "system": "http://hl7.org/fhir/sid/us-npi",
        "value": "123456"
      } ],
      "name": [ {
        "family": "Evil",
        "prefix": [ "Dr" ]
      } ]
    },
    "request": {
      "method": "PUT",
      "url": "Practitioner/42eae6d8-b8d4-4363-a4bc-bc10a1dff453"
    }
  }, {
    "fullUrl": "https://madie.cms.gov/MeasureReport/437ce242-3fab-409a-94a4-9bf5e85623ac",
    "resource": {
      "resourceType": "MeasureReport",
      "id": "437ce242-3fab-409a-94a4-9bf5e85623ac",
      "meta": {
        "profile": [ "http://hl7.org/fhir/us/cqfmeasures/StructureDefinition/test-case-cqfm" ]
      },
      "contained": [ {
        "resourceType": "Parameters",
        "id": "5cce1d94-a1b3-45c3-b084-da478bab2832-parameters",
        "parameter": [ {
          "name": "subject",
          "valueString": "777ffbf3-c2e8-41d0-8ed4-46ecd2fc69c4"
        } ]
      } ],
      "extension": [ {
        "url": "http://hl7.org/fhir/us/cqfmeasures/StructureDefinition/cqfm-inputParameters",
        "valueReference": {
          "reference": "#5cce1d94-a1b3-45c3-b084-da478bab2832-parameters"
        }
      }, {
        "url": "http://hl7.org/fhir/us/cqfmeasures/StructureDefinition/cqfm-testCaseDescription",
        "valueMarkdown": "comfort measures performed revelantdatetime =0 day after end of anesthesia end revelantDatetime\n"
      } ],
      "modifierExtension": [ {
        "url": "http://hl7.org/fhir/us/cqfmeasures/StructureDefinition/cqfm-isTestCase",
        "valueBoolean": true
      } ],
      "status": "complete",
      "type": "individual",
      "measure": "https://madie.cms.gov/Measure/VenousThromboembolismProphylaxisFHIR",
      "period": {
        "start": "2025-01-01",
        "end": "2025-12-31"
      },
      "group": [ {
        "population": [ {
          "code": {
            "coding": [ {
              "system": "http://terminology.hl7.org/CodeSystem/measure-population",
              "code": "initial-population",
              "display": "Initial Population"
            } ]
          },
          "count": 1
        }, {
          "code": {
            "coding": [ {
              "system": "http://terminology.hl7.org/CodeSystem/measure-population",
              "code": "denominator",
              "display": "Denominator"
            } ]
          },
          "count": 1
        }, {
          "code": {
            "coding": [ {
              "system": "http://terminology.hl7.org/CodeSystem/measure-population",
              "code": "denominator-exclusion",
              "display": "Denominator Exclusion"
            } ]
          },
          "count": 1
        }, {
          "code": {
            "coding": [ {
              "system": "http://terminology.hl7.org/CodeSystem/measure-population",
              "code": "numerator",
              "display": "Numerator"
            } ]
          },
          "count": 0
        } ]
      } ],
      "evaluatedResource": [ {
        "reference": "Patient/777ffbf3-c2e8-41d0-8ed4-46ecd2fc69c4"
      }, {
        "reference": "Encounter/1626b8f2-b608-4aa6-b094-223f449c1c16"
      }, {
        "reference": "Procedure/158920ed-48b2-407d-bbff-b53696df27ed"
      }, {
        "reference": "Coverage/a028a4d4-50dd-45bb-a556-c7f25ce8cb3a"
      }, {
        "reference": "Procedure/af1f40a8-ce9c-4773-b6da-b531bb7f4d17"
      }, {
        "reference": "Organization/c99741af-b71f-46cf-8de8-2d4b47f0a3b8"
      }, {
        "reference": "Practitioner/42eae6d8-b8d4-4363-a4bc-bc10a1dff453"
      } ]
    },
    "request": {
      "method": "PUT",
      "url": "MeasureReport/437ce242-3fab-409a-94a4-9bf5e85623ac"
    }
  } ]
}