{
  "resourceType": "Bundle",
  "id": "62bb3859e8081f5ef5e199f5",
  "type": "transaction",
  "entry": [ {
    "fullUrl": "https://madie.cms.gov/Patient/319cbdd5-a6ea-437b-8162-a7af346daa63",
    "resource": {
      "resourceType": "Patient",
      "id": "319cbdd5-a6ea-437b-8162-a7af346daa63",
      "meta": {
        "profile": [ "http://hl7.org/fhir/us/qicore/StructureDefinition/qicore-patient" ]
      },
      "extension": [ {
        "url": "http://hl7.org/fhir/us/core/StructureDefinition/us-core-race",
        "extension": [ {
          "url": "ombCategory",
          "valueCoding": {
            "system": "urn:oid:2.16.840.1.113883.6.238",
            "code": "1002-5",
            "display": "American Indian or Alaska Native",
            "userSelected": true
          }
        }, {
          "url": "detailed",
          "valueCoding": {
            "system": "urn:oid:2.16.840.1.113883.6.238",
            "code": "1004-1",
            "display": "American Indian",
            "userSelected": true
          }
        }, {
          "url": "text",
          "valueString": "American Indian"
        } ]
      }, {
        "url": "http://hl7.org/fhir/us/core/StructureDefinition/us-core-ethnicity",
        "extension": [ {
          "url": "ombCategory",
          "valueCoding": {
            "system": "urn:oid:2.16.840.1.113883.6.238",
            "code": "2135-2",
            "display": "Hispanic or Latino",
            "userSelected": true
          }
        }, {
          "url": "detailed",
          "valueCoding": {
            "system": "urn:oid:2.16.840.1.113883.6.238",
            "code": "2153-5",
            "display": "Mexican American Indian",
            "userSelected": true
          }
        }, {
          "url": "text",
          "valueString": "Hispanic or Latino: Mexican American Indian"
        } ]
      } ],
      "identifier": [ {
        "type": {
          "coding": [ {
            "system": "http://terminology.hl7.org/CodeSystem/v2-0203",
            "code": "MR"
          } ]
        },
        "system": "https://bonnie-fhir.healthit.gov/",
        "value": "4161651341613146161"
      } ],
      "name": [ {
        "family": "DENOMPass",
        "given": [ "MultiDoseEvent" ]
      } ],
      "gender": "male",
      "birthDate": "1962-07-19"
    },
    "request": {
      "method": "PUT",
      "url": "Patient/319cbdd5-a6ea-437b-8162-a7af346daa63"
    }
  }, {
    "fullUrl": "https://madie.cms.gov/Encounter/39cb3e37-8b03-4614-8aa7-bd4c0a37ff29",
    "resource": {
      "resourceType": "Encounter",
      "id": "39cb3e37-8b03-4614-8aa7-bd4c0a37ff29",
      "meta": {
        "profile": [ "http://hl7.org/fhir/us/qicore/StructureDefinition/qicore-encounter" ]
      },
      "status": "finished",
      "class": {
        "system": "http://terminology.hl7.org/CodeSystem/v3-ActCode",
        "code": "AMB",
        "display": "ambulatory"
      },
      "type": [ {
        "coding": [ {
          "system": "http://snomed.info/sct",
          "version": "http://snomed.info/sct/731000124108/version/20240401",
          "code": "185463005",
          "display": "Visit out of hours (procedure)"
        } ]
      } ],
      "subject": {
        "reference": "Patient/319cbdd5-a6ea-437b-8162-a7af346daa63"
      },
      "period": {
        "start": "2026-03-03T08:00:00.000+00:00",
        "end": "2026-03-03T08:15:00.000+00:00"
      }
    },
    "request": {
      "method": "PUT",
      "url": "Encounter/39cb3e37-8b03-4614-8aa7-bd4c0a37ff29"
    }
  }, {
    "fullUrl": "https://madie.cms.gov/Condition/10256948-6236-4e0d-bef4-1959aa25ea90",
    "resource": {
      "resourceType": "Condition",
      "id": "10256948-6236-4e0d-bef4-1959aa25ea90",
      "meta": {
        "profile": [ "http://hl7.org/fhir/us/qicore/StructureDefinition/qicore-condition-problems-health-concerns" ]
      },
      "clinicalStatus": {
        "coding": [ {
          "system": "http://terminology.hl7.org/CodeSystem/condition-clinical",
          "code": "active",
          "display": "Active"
        } ]
      },
      "verificationStatus": {
        "coding": [ {
          "system": "http://terminology.hl7.org/CodeSystem/condition-ver-status",
          "code": "confirmed",
          "display": "Confirmed"
        } ]
      },
      "category": [ {
        "coding": [ {
          "system": "http://terminology.hl7.org/CodeSystem/condition-category",
          "code": "problem-list-item",
          "display": "Problem List Item"
        } ]
      } ],
      "code": {
        "coding": [ {
          "system": "http://snomed.info/sct",
          "version": "http://snomed.info/sct/731000124108/version/20240401",
          "code": "254900004",
          "display": "Carcinoma of prostate (disorder)",
          "userSelected": true
        } ]
      },
      "subject": {
        "reference": "Patient/319cbdd5-a6ea-437b-8162-a7af346daa63"
      },
      "onsetPeriod": {
        "start": "2026-03-03T08:00:00.000+00:00"
      }
    },
    "request": {
      "method": "PUT",
      "url": "Condition/10256948-6236-4e0d-bef4-1959aa25ea90"
    }
  }, {
    "fullUrl": "https://madie.cms.gov/MedicationRequest/3401328d-1cc2-46c4-b0ea-cc105b4cba22",
    "resource": {
      "resourceType": "MedicationRequest",
      "id": "3401328d-1cc2-46c4-b0ea-cc105b4cba22",
      "meta": {
        "profile": [ "http://hl7.org/fhir/us/qicore/StructureDefinition/qicore-medicationrequest" ]
      },
      "status": "active",
      "intent": "order",
      "medicationCodeableConcept": {
        "coding": [ {
          "system": "http://www.nlm.nih.gov/research/umls/rxnorm",
          "version": "2025-01",
          "code": "752884",
          "display": "0.375 ML leuprolide acetate 120 MG/ML Prefilled Syringe",
          "userSelected": true
        } ]
      },
      "subject": {
        "reference": "Patient/319cbdd5-a6ea-437b-8162-a7af346daa63"
      },
      "authoredOn": "2026-03-03T08:00:00.000+00:00",
      "requester": {
        "reference": "http://myGoodHealthcare.com/fhir/Practitioner/646346"
      },
      "dosageInstruction": [ {
        "timing": {
          "event": [ "2027-11-03T08:00:00.000+00:00", "2026-12-03T08:00:00.000+00:00" ]
        }
      }, {
        "timing": {
          "event": [ "2025-12-03T08:00:00.000+00:00", "2025-11-03T08:00:00.000+00:00" ]
        }
      } ]
    },
    "request": {
      "method": "PUT",
      "url": "MedicationRequest/3401328d-1cc2-46c4-b0ea-cc105b4cba22"
    }
  }, {
    "fullUrl": "https://madie.cms.gov/ServiceRequest/10b457b8-21c3-4b81-99cc-53bac0bb7e8e",
    "resource": {
      "resourceType": "ServiceRequest",
      "id": "10b457b8-21c3-4b81-99cc-53bac0bb7e8e",
      "meta": {
        "profile": [ "http://hl7.org/fhir/us/qicore/StructureDefinition/qicore-servicerequest" ]
      },
      "status": "active",
      "intent": "order",
      "code": {
        "coding": [ {
          "system": "http://snomed.info/sct",
          "code": "456381000124102",
          "display": "Injection of leuprolide acetate for twelve month period (regime/therapy)"
        } ]
      },
      "subject": {
        "reference": "Patient/319cbdd5-a6ea-437b-8162-a7af346daa63"
      },
      "authoredOn": "2026-03-03T08:00:00.000+00:00"
    },
    "request": {
      "method": "PUT",
      "url": "ServiceRequest/10b457b8-21c3-4b81-99cc-53bac0bb7e8e"
    }
  }, {
    "fullUrl": "https://madie.cms.gov/Coverage/aee50e6e-9550-40b8-bb89-69233e6b99f4",
    "resource": {
      "resourceType": "Coverage",
      "id": "aee50e6e-9550-40b8-bb89-69233e6b99f4",
      "meta": {
        "profile": [ "http://hl7.org/fhir/us/qicore/StructureDefinition/qicore-coverage" ]
      },
      "identifier": [ {
        "system": "http://benefitsinc.com/certificate",
        "value": "12345"
      } ],
      "status": "active",
      "type": {
        "coding": [ {
          "system": "https://nahdo.org/sopt",
          "version": "9.2",
          "code": "6",
          "display": "BLUE CROSS/BLUE SHIELD"
        } ]
      },
      "beneficiary": {
        "reference": "Patient/319cbdd5-a6ea-437b-8162-a7af346daa63"
      },
      "period": {
        "start": "2012-05-23"
      },
      "payor": [ {
        "reference": "Organization/72334042-15f6-442a-93cc-d7d56f6aa102"
      } ]
    },
    "request": {
      "method": "PUT",
      "url": "Coverage/aee50e6e-9550-40b8-bb89-69233e6b99f4"
    }
  }, {
    "fullUrl": "https://madie.cms.gov/Organization/72334042-15f6-442a-93cc-d7d56f6aa102",
    "resource": {
      "resourceType": "Organization",
      "id": "72334042-15f6-442a-93cc-d7d56f6aa102",
      "meta": {
        "profile": [ "http://hl7.org/fhir/us/qicore/StructureDefinition/qicore-organization" ]
      },
      "identifier": [ {
        "use": "temp",
        "system": "http://hl7.org/fhir/sid/us-npi",
        "value": "BCBST-NPI"
      } ],
      "active": true,
      "name": "Blue Cross Blue Shield Tennessee",
      "telecom": [ {
        "system": "phone",
        "value": "(+1) 800-468-9698"
      } ],
      "address": [ {
        "line": [ "1 Cameron Hill Circle, Suite 0002" ],
        "city": "Chattanooga",
        "state": "TN",
        "postalCode": "37402-0002",
        "country": "USA"
      } ]
    },
    "request": {
      "method": "PUT",
      "url": "Organization/72334042-15f6-442a-93cc-d7d56f6aa102"
    }
  }, {
    "fullUrl": "https://madie.cms.gov/MeasureReport/f6088bab-65c1-409e-9960-ebbf3492dbc8",
    "resource": {
      "resourceType": "MeasureReport",
      "id": "f6088bab-65c1-409e-9960-ebbf3492dbc8",
      "meta": {
        "profile": [ "http://hl7.org/fhir/us/cqfmeasures/StructureDefinition/test-case-cqfm" ]
      },
      "contained": [ {
        "resourceType": "Parameters",
        "id": "ed20ba6e-b109-4910-85e5-3522420c9723-parameters",
        "parameter": [ {
          "name": "subject",
          "valueString": "319cbdd5-a6ea-437b-8162-a7af346daa63"
        } ]
      } ],
      "extension": [ {
        "url": "http://hl7.org/fhir/StructureDefinition/cqf-inputParameters",
        "valueReference": {
          "reference": "#ed20ba6e-b109-4910-85e5-3522420c9723-parameters"
        }
      }, {
        "url": "http://hl7.org/fhir/us/cqfmeasures/StructureDefinition/cqfm-testCaseDescription",
        "valueMarkdown": "Has a qualifying encounter, an ADT order for 12 Months , and multiple dosage instructions"
      } ],
      "modifierExtension": [ {
        "url": "http://hl7.org/fhir/us/cqfmeasures/StructureDefinition/cqfm-isTestCase",
        "valueBoolean": true
      } ],
      "status": "complete",
      "type": "individual",
      "measure": "https://madie.cms.gov/Measure/BoneDensityProstateCancerAndrogenDeprivationTherapyFHIR6",
      "period": {
        "start": "2026-01-01",
        "end": "2026-12-31"
      },
      "group": [ {
        "id": "Group_1",
        "population": [ {
          "id": "InitialPopulation_1",
          "code": {
            "coding": [ {
              "system": "http://terminology.hl7.org/CodeSystem/measure-population",
              "code": "initial-population",
              "display": "Initial Population"
            } ]
          },
          "count": 1
        }, {
          "id": "Denominator_1",
          "code": {
            "coding": [ {
              "system": "http://terminology.hl7.org/CodeSystem/measure-population",
              "code": "denominator",
              "display": "Denominator"
            } ]
          },
          "count": 1
        }, {
          "id": "Numerator_1",
          "code": {
            "coding": [ {
              "system": "http://terminology.hl7.org/CodeSystem/measure-population",
              "code": "numerator",
              "display": "Numerator"
            } ]
          },
          "count": 0
        }, {
          "id": "DenominatorException_1",
          "code": {
            "coding": [ {
              "system": "http://terminology.hl7.org/CodeSystem/measure-population",
              "code": "denominator-exception",
              "display": "Denominator Exception"
            } ]
          },
          "count": 0
        } ],
        "measureScore": {
          "value": 1.0
        }
      } ],
      "evaluatedResource": [ {
        "reference": "Patient/319cbdd5-a6ea-437b-8162-a7af346daa63"
      }, {
        "reference": "Encounter/39cb3e37-8b03-4614-8aa7-bd4c0a37ff29"
      }, {
        "reference": "Condition/10256948-6236-4e0d-bef4-1959aa25ea90"
      }, {
        "reference": "MedicationRequest/3401328d-1cc2-46c4-b0ea-cc105b4cba22"
      }, {
        "reference": "ServiceRequest/10b457b8-21c3-4b81-99cc-53bac0bb7e8e"
      }, {
        "reference": "Coverage/aee50e6e-9550-40b8-bb89-69233e6b99f4"
      }, {
        "reference": "Organization/72334042-15f6-442a-93cc-d7d56f6aa102"
      } ]
    },
    "request": {
      "method": "PUT",
      "url": "MeasureReport/f6088bab-65c1-409e-9960-ebbf3492dbc8"
    }
  } ]
}