{
  "resourceType": "Bundle",
  "id": "62bb3859e8081f5ef5e199f5",
  "type": "transaction",
  "entry": [ {
    "fullUrl": "https://madie.cms.gov/Patient/319cbdd5-a6ea-437b-8162-a7af346daa63",
    "resource": {
      "resourceType": "Patient",
      "id": "319cbdd5-a6ea-437b-8162-a7af346daa63",
      "meta": {
        "profile": [ "http://hl7.org/fhir/us/qicore/StructureDefinition/qicore-patient" ]
      },
      "extension": [ {
        "url": "http://hl7.org/fhir/us/core/StructureDefinition/us-core-race",
        "extension": [ {
          "url": "ombCategory",
          "valueCoding": {
            "system": "urn:oid:2.16.840.1.113883.6.238",
            "code": "1002-5",
            "display": "American Indian or Alaska Native",
            "userSelected": true
          }
        }, {
          "url": "detailed",
          "valueCoding": {
            "system": "urn:oid:2.16.840.1.113883.6.238",
            "code": "1004-1",
            "display": "American Indian",
            "userSelected": true
          }
        }, {
          "url": "text",
          "valueString": "American Indian"
        } ]
      }, {
        "url": "http://hl7.org/fhir/us/core/StructureDefinition/us-core-ethnicity",
        "extension": [ {
          "url": "ombCategory",
          "valueCoding": {
            "system": "urn:oid:2.16.840.1.113883.6.238",
            "code": "2135-2",
            "display": "Hispanic or Latino",
            "userSelected": true
          }
        }, {
          "url": "detailed",
          "valueCoding": {
            "system": "urn:oid:2.16.840.1.113883.6.238",
            "code": "2153-5",
            "display": "Mexican American Indian",
            "userSelected": true
          }
        }, {
          "url": "text",
          "valueString": "Hispanic or Latino: Mexican American Indian"
        } ]
      } ],
      "identifier": [ {
        "type": {
          "coding": [ {
            "system": "http://terminology.hl7.org/CodeSystem/v2-0203",
            "code": "MR"
          } ]
        },
        "system": "https://bonnie-fhir.healthit.gov/",
        "value": "4161651341613146161"
      } ],
      "name": [ {
        "family": "DENOMPass",
        "given": [ "MultiDoseEvent" ]
      } ],
      "gender": "male",
      "birthDate": "1961-07-19"
    },
    "request": {
      "method": "PUT",
      "url": "Patient/319cbdd5-a6ea-437b-8162-a7af346daa63"
    }
  }, {
    "fullUrl": "https://madie.cms.gov/Encounter/40b8467f-b1a4-4395-87df-dbae902721e2",
    "resource": {
      "resourceType": "Encounter",
      "id": "40b8467f-b1a4-4395-87df-dbae902721e2",
      "meta": {
        "profile": [ "http://hl7.org/fhir/us/qicore/StructureDefinition/qicore-encounter" ]
      },
      "status": "finished",
      "class": {
        "system": "http://terminology.hl7.org/CodeSystem/v3-ActCode",
        "code": "AMB",
        "display": "ambulatory"
      },
      "type": [ {
        "coding": [ {
          "system": "http://snomed.info/sct",
          "version": "http://snomed.info/sct/731000124108/version/20240401",
          "code": "185463005",
          "display": "Visit out of hours (procedure)"
        } ]
      } ],
      "subject": {
        "reference": "Patient/319cbdd5-a6ea-437b-8162-a7af346daa63"
      },
      "period": {
        "start": "2025-03-03T08:00:00.000+00:00",
        "end": "2025-03-03T08:15:00.000+00:00"
      }
    },
    "request": {
      "method": "PUT",
      "url": "Encounter/40b8467f-b1a4-4395-87df-dbae902721e2"
    }
  }, {
    "fullUrl": "https://madie.cms.gov/Condition/a63ccdf3-7a81-41a8-b1ac-7c3f54610e89",
    "resource": {
      "resourceType": "Condition",
      "id": "a63ccdf3-7a81-41a8-b1ac-7c3f54610e89",
      "meta": {
        "profile": [ "http://hl7.org/fhir/us/qicore/StructureDefinition/qicore-condition-problems-health-concerns" ]
      },
      "clinicalStatus": {
        "coding": [ {
          "system": "http://terminology.hl7.org/CodeSystem/condition-clinical",
          "code": "active",
          "display": "Active"
        } ]
      },
      "verificationStatus": {
        "coding": [ {
          "system": "http://terminology.hl7.org/CodeSystem/condition-ver-status",
          "code": "confirmed",
          "display": "Confirmed"
        } ]
      },
      "category": [ {
        "coding": [ {
          "system": "http://terminology.hl7.org/CodeSystem/condition-category",
          "code": "problem-list-item",
          "display": "Problem List Item"
        } ]
      } ],
      "code": {
        "coding": [ {
          "system": "http://snomed.info/sct",
          "version": "http://snomed.info/sct/731000124108/version/20240401",
          "code": "254900004",
          "display": "Carcinoma of prostate (disorder)",
          "userSelected": true
        } ]
      },
      "subject": {
        "reference": "Patient/319cbdd5-a6ea-437b-8162-a7af346daa63"
      },
      "onsetPeriod": {
        "start": "2025-03-03T08:00:00.000+00:00"
      }
    },
    "request": {
      "method": "PUT",
      "url": "Condition/a63ccdf3-7a81-41a8-b1ac-7c3f54610e89"
    }
  }, {
    "fullUrl": "https://madie.cms.gov/MedicationRequest/f60cbf35-65d8-49a2-8de4-f23fa48c9ea2",
    "resource": {
      "resourceType": "MedicationRequest",
      "id": "f60cbf35-65d8-49a2-8de4-f23fa48c9ea2",
      "meta": {
        "profile": [ "http://hl7.org/fhir/us/qicore/StructureDefinition/qicore-medicationrequest" ]
      },
      "status": "active",
      "intent": "order",
      "medicationCodeableConcept": {
        "coding": [ {
          "system": "http://www.nlm.nih.gov/research/umls/rxnorm",
          "version": "2025-01",
          "code": "752884",
          "display": "0.375 ML leuprolide acetate 120 MG/ML Prefilled Syringe",
          "userSelected": true
        } ]
      },
      "subject": {
        "reference": "Patient/319cbdd5-a6ea-437b-8162-a7af346daa63"
      },
      "authoredOn": "2025-03-03T08:00:00.000+00:00",
      "requester": {
        "reference": "http://myGoodHealthcare.com/fhir/Practitioner/646346"
      },
      "dosageInstruction": [ {
        "timing": {
          "event": [ "2026-11-03T08:00:00.000+00:00", "2025-12-03T08:00:00.000+00:00" ]
        }
      }, {
        "timing": {
          "event": [ "2024-12-03T08:00:00.000+00:00", "2024-11-03T08:00:00.000+00:00" ]
        }
      } ]
    },
    "request": {
      "method": "PUT",
      "url": "MedicationRequest/f60cbf35-65d8-49a2-8de4-f23fa48c9ea2"
    }
  }, {
    "fullUrl": "https://madie.cms.gov/ServiceRequest/c0db8379-fe1f-4634-9689-0ebca361eee1",
    "resource": {
      "resourceType": "ServiceRequest",
      "id": "c0db8379-fe1f-4634-9689-0ebca361eee1",
      "meta": {
        "profile": [ "http://hl7.org/fhir/us/qicore/StructureDefinition/qicore-servicerequest" ]
      },
      "status": "active",
      "intent": "order",
      "code": {
        "coding": [ {
          "system": "http://snomed.info/sct",
          "code": "456381000124102",
          "display": "Injection of leuprolide acetate for twelve month period (regime/therapy)"
        } ]
      },
      "subject": {
        "reference": "Patient/319cbdd5-a6ea-437b-8162-a7af346daa63"
      },
      "authoredOn": "2025-03-03T08:00:00.000+00:00"
    },
    "request": {
      "method": "PUT",
      "url": "ServiceRequest/c0db8379-fe1f-4634-9689-0ebca361eee1"
    }
  }, {
    "fullUrl": "https://madie.cms.gov/Coverage/9f30ab84-e818-452f-a59c-7d86330e15d3",
    "resource": {
      "resourceType": "Coverage",
      "id": "9f30ab84-e818-452f-a59c-7d86330e15d3",
      "meta": {
        "profile": [ "http://hl7.org/fhir/us/qicore/StructureDefinition/qicore-coverage" ]
      },
      "identifier": [ {
        "system": "http://benefitsinc.com/certificate",
        "value": "12345"
      } ],
      "status": "active",
      "type": {
        "coding": [ {
          "system": "https://nahdo.org/sopt",
          "version": "9.2",
          "code": "6",
          "display": "BLUE CROSS/BLUE SHIELD"
        } ]
      },
      "beneficiary": {
        "reference": "Patient/319cbdd5-a6ea-437b-8162-a7af346daa63"
      },
      "period": {
        "start": "2011-05-23"
      },
      "payor": [ {
        "reference": "Organization/24cad2b1-4386-4dfc-9300-c0875f5fa534"
      } ]
    },
    "request": {
      "method": "PUT",
      "url": "Coverage/9f30ab84-e818-452f-a59c-7d86330e15d3"
    }
  }, {
    "fullUrl": "https://madie.cms.gov/Organization/24cad2b1-4386-4dfc-9300-c0875f5fa534",
    "resource": {
      "resourceType": "Organization",
      "id": "24cad2b1-4386-4dfc-9300-c0875f5fa534",
      "meta": {
        "profile": [ "http://hl7.org/fhir/us/qicore/StructureDefinition/qicore-organization" ]
      },
      "identifier": [ {
        "use": "temp",
        "system": "http://hl7.org/fhir/sid/us-npi",
        "value": "BCBST-NPI"
      } ],
      "active": true,
      "name": "Blue Cross Blue Shield Tennessee",
      "telecom": [ {
        "system": "phone",
        "value": "(+1) 800-468-9698"
      } ],
      "address": [ {
        "line": [ "1 Cameron Hill Circle, Suite 0002" ],
        "city": "Chattanooga",
        "state": "TN",
        "postalCode": "37402-0002",
        "country": "USA"
      } ]
    },
    "request": {
      "method": "PUT",
      "url": "Organization/24cad2b1-4386-4dfc-9300-c0875f5fa534"
    }
  }, {
    "fullUrl": "https://madie.cms.gov/MeasureReport/4ab0173a-0898-426c-80c5-35bdc6e45490",
    "resource": {
      "resourceType": "MeasureReport",
      "id": "4ab0173a-0898-426c-80c5-35bdc6e45490",
      "meta": {
        "profile": [ "http://hl7.org/fhir/us/cqfmeasures/StructureDefinition/test-case-cqfm" ]
      },
      "contained": [ {
        "resourceType": "Parameters",
        "id": "858e06e0-d012-477e-80ec-e86b68b29e4d-parameters",
        "parameter": [ {
          "name": "subject",
          "valueString": "319cbdd5-a6ea-437b-8162-a7af346daa63"
        } ]
      } ],
      "extension": [ {
        "url": "http://hl7.org/fhir/us/cqfmeasures/StructureDefinition/cqfm-inputParameters",
        "valueReference": {
          "reference": "#858e06e0-d012-477e-80ec-e86b68b29e4d-parameters"
        }
      }, {
        "url": "http://hl7.org/fhir/us/cqfmeasures/StructureDefinition/cqfm-testCaseDescription",
        "valueMarkdown": "Has a qualifying encounter, an ADT order for 12 Months , and multiple dosage instructions"
      } ],
      "modifierExtension": [ {
        "url": "http://hl7.org/fhir/us/cqfmeasures/StructureDefinition/cqfm-isTestCase",
        "valueBoolean": true
      } ],
      "status": "complete",
      "type": "individual",
      "measure": "https://madie.cms.gov/Measure/BoneDensityProstateCancerAndrogenDeprivationTherapyFHIR6",
      "period": {
        "start": "2025-01-01",
        "end": "2025-12-31"
      },
      "group": [ {
        "id": "67b61060a0d801640767a597",
        "population": [ {
          "id": "E8F25116-1779-4BA6-B606-34F12AE4F5BA",
          "code": {
            "coding": [ {
              "system": "http://terminology.hl7.org/CodeSystem/measure-population",
              "code": "initial-population",
              "display": "Initial Population"
            } ]
          },
          "count": 1
        }, {
          "id": "1C145A56-9250-4444-A497-86C44F55CFDB",
          "code": {
            "coding": [ {
              "system": "http://terminology.hl7.org/CodeSystem/measure-population",
              "code": "denominator",
              "display": "Denominator"
            } ]
          },
          "count": 1
        }, {
          "id": "B1E0E3D2-D44E-4BFF-92F8-077CF1AE234F",
          "code": {
            "coding": [ {
              "system": "http://terminology.hl7.org/CodeSystem/measure-population",
              "code": "numerator",
              "display": "Numerator"
            } ]
          },
          "count": 0
        }, {
          "id": "A9552F46-139C-4270-835C-224132205362",
          "code": {
            "coding": [ {
              "system": "http://terminology.hl7.org/CodeSystem/measure-population",
              "code": "denominator-exception",
              "display": "Denominator Exception"
            } ]
          },
          "count": 0
        } ],
        "measureScore": {
          "value": 1.0
        }
      } ],
      "evaluatedResource": [ {
        "reference": "Patient/319cbdd5-a6ea-437b-8162-a7af346daa63"
      }, {
        "reference": "Encounter/40b8467f-b1a4-4395-87df-dbae902721e2"
      }, {
        "reference": "Condition/a63ccdf3-7a81-41a8-b1ac-7c3f54610e89"
      }, {
        "reference": "MedicationRequest/f60cbf35-65d8-49a2-8de4-f23fa48c9ea2"
      }, {
        "reference": "ServiceRequest/c0db8379-fe1f-4634-9689-0ebca361eee1"
      }, {
        "reference": "Coverage/9f30ab84-e818-452f-a59c-7d86330e15d3"
      }, {
        "reference": "Organization/24cad2b1-4386-4dfc-9300-c0875f5fa534"
      } ]
    },
    "request": {
      "method": "PUT",
      "url": "MeasureReport/4ab0173a-0898-426c-80c5-35bdc6e45490"
    }
  } ]
}