{
  "resourceType": "Bundle",
  "id": "62bb3859e8081f5ef5e199f5",
  "type": "transaction",
  "entry": [ {
    "fullUrl": "https://madie.cms.gov/Patient/a6e1e6cb-72af-4247-917a-6134f4f1468b",
    "resource": {
      "resourceType": "Patient",
      "id": "a6e1e6cb-72af-4247-917a-6134f4f1468b",
      "meta": {
        "profile": [ "http://hl7.org/fhir/us/qicore/StructureDefinition/qicore-patient" ]
      },
      "extension": [ {
        "url": "http://hl7.org/fhir/us/core/StructureDefinition/us-core-race",
        "extension": [ {
          "url": "ombCategory",
          "valueCoding": {
            "system": "urn:oid:2.16.840.1.113883.6.238",
            "code": "1002-5",
            "display": "American Indian or Alaska Native",
            "userSelected": true
          }
        }, {
          "url": "detailed",
          "valueCoding": {
            "system": "urn:oid:2.16.840.1.113883.6.238",
            "code": "1004-1",
            "display": "American Indian",
            "userSelected": true
          }
        }, {
          "url": "text",
          "valueString": "American Indian"
        } ]
      }, {
        "url": "http://hl7.org/fhir/us/core/StructureDefinition/us-core-ethnicity",
        "extension": [ {
          "url": "ombCategory",
          "valueCoding": {
            "system": "urn:oid:2.16.840.1.113883.6.238",
            "code": "2135-2",
            "display": "Hispanic or Latino",
            "userSelected": true
          }
        }, {
          "url": "detailed",
          "valueCoding": {
            "system": "urn:oid:2.16.840.1.113883.6.238",
            "code": "2153-5",
            "display": "Mexican American Indian",
            "userSelected": true
          }
        }, {
          "url": "text",
          "valueString": "Hispanic or Latino: Mexican American Indian"
        } ]
      } ],
      "identifier": [ {
        "type": {
          "coding": [ {
            "system": "http://terminology.hl7.org/CodeSystem/v2-0203",
            "code": "MR"
          } ]
        },
        "system": "https://bonnie-fhir.healthit.gov/",
        "value": "4161651341613146161"
      } ],
      "name": [ {
        "family": "DENOMPass",
        "given": [ "MultiDoseEvent" ]
      } ],
      "gender": "male",
      "birthDate": "1962-07-19"
    },
    "request": {
      "method": "PUT",
      "url": "Patient/a6e1e6cb-72af-4247-917a-6134f4f1468b"
    }
  }, {
    "fullUrl": "https://madie.cms.gov/Encounter/66a53ba7-7c4e-4fe3-b08f-a3b8ed6a9cd2",
    "resource": {
      "resourceType": "Encounter",
      "id": "66a53ba7-7c4e-4fe3-b08f-a3b8ed6a9cd2",
      "meta": {
        "profile": [ "http://hl7.org/fhir/us/qicore/StructureDefinition/qicore-encounter" ]
      },
      "status": "finished",
      "class": {
        "system": "http://terminology.hl7.org/CodeSystem/v3-ActCode",
        "code": "AMB",
        "display": "ambulatory"
      },
      "type": [ {
        "coding": [ {
          "system": "http://snomed.info/sct",
          "version": "http://snomed.info/sct/731000124108/version/20240401",
          "code": "185463005",
          "display": "Visit out of hours (procedure)"
        } ]
      } ],
      "subject": {
        "reference": "Patient/a6e1e6cb-72af-4247-917a-6134f4f1468b"
      },
      "period": {
        "start": "2026-03-03T08:00:00.000+00:00",
        "end": "2026-03-03T08:15:00.000+00:00"
      }
    },
    "request": {
      "method": "PUT",
      "url": "Encounter/66a53ba7-7c4e-4fe3-b08f-a3b8ed6a9cd2"
    }
  }, {
    "fullUrl": "https://madie.cms.gov/Condition/f3b450ea-0a0e-416b-9e5d-da267b53d3ce",
    "resource": {
      "resourceType": "Condition",
      "id": "f3b450ea-0a0e-416b-9e5d-da267b53d3ce",
      "meta": {
        "profile": [ "http://hl7.org/fhir/us/qicore/StructureDefinition/qicore-condition-problems-health-concerns" ]
      },
      "clinicalStatus": {
        "coding": [ {
          "system": "http://terminology.hl7.org/CodeSystem/condition-clinical",
          "code": "active",
          "display": "Active"
        } ]
      },
      "verificationStatus": {
        "coding": [ {
          "system": "http://terminology.hl7.org/CodeSystem/condition-ver-status",
          "code": "confirmed",
          "display": "Confirmed"
        } ]
      },
      "category": [ {
        "coding": [ {
          "system": "http://terminology.hl7.org/CodeSystem/condition-category",
          "code": "problem-list-item",
          "display": "Problem List Item"
        } ]
      } ],
      "code": {
        "coding": [ {
          "system": "http://snomed.info/sct",
          "version": "http://snomed.info/sct/731000124108/version/20250301",
          "code": "254900004",
          "display": "Carcinoma of prostate (disorder)",
          "userSelected": true
        } ]
      },
      "subject": {
        "reference": "Patient/a6e1e6cb-72af-4247-917a-6134f4f1468b"
      },
      "onsetPeriod": {
        "start": "2026-03-03T08:00:00.000+00:00"
      }
    },
    "request": {
      "method": "PUT",
      "url": "Condition/f3b450ea-0a0e-416b-9e5d-da267b53d3ce"
    }
  }, {
    "fullUrl": "https://madie.cms.gov/MedicationRequest/ff9ac2b4-4415-4be3-a67c-48e597aaf565",
    "resource": {
      "resourceType": "MedicationRequest",
      "id": "ff9ac2b4-4415-4be3-a67c-48e597aaf565",
      "meta": {
        "profile": [ "http://hl7.org/fhir/us/qicore/StructureDefinition/qicore-medicationrequest" ]
      },
      "status": "active",
      "intent": "order",
      "medicationCodeableConcept": {
        "coding": [ {
          "system": "http://www.nlm.nih.gov/research/umls/rxnorm",
          "version": "06052023",
          "code": "752884",
          "display": "0.375 ML leuprolide acetate 120 MG/ML Prefilled Syringe",
          "userSelected": true
        } ]
      },
      "subject": {
        "reference": "Patient/a6e1e6cb-72af-4247-917a-6134f4f1468b"
      },
      "requester": {
        "reference": "http://myGoodHealthcare.com/fhir/Practitioner/646346"
      }
    },
    "request": {
      "method": "PUT",
      "url": "MedicationRequest/ff9ac2b4-4415-4be3-a67c-48e597aaf565"
    }
  }, {
    "fullUrl": "https://madie.cms.gov/ServiceRequest/e8caf8b7-656f-4109-83c7-a113f5fdfad2",
    "resource": {
      "resourceType": "ServiceRequest",
      "id": "e8caf8b7-656f-4109-83c7-a113f5fdfad2",
      "meta": {
        "profile": [ "http://hl7.org/fhir/us/qicore/StructureDefinition/qicore-servicerequest" ]
      },
      "status": "active",
      "intent": "order",
      "code": {
        "coding": [ {
          "system": "http://snomed.info/sct",
          "version": "http://snomed.info/sct/731000124108/version/20250301",
          "code": "456381000124102",
          "display": "Injection of leuprolide acetate for twelve month period (regime/therapy)"
        } ]
      },
      "subject": {
        "reference": "Patient/a6e1e6cb-72af-4247-917a-6134f4f1468b"
      },
      "authoredOn": "2026-03-03T08:00:00.000+00:00"
    },
    "request": {
      "method": "PUT",
      "url": "ServiceRequest/e8caf8b7-656f-4109-83c7-a113f5fdfad2"
    }
  }, {
    "fullUrl": "https://madie.cms.gov/Coverage/064b7f2c-f608-458a-804d-99d8431c9aa4",
    "resource": {
      "resourceType": "Coverage",
      "id": "064b7f2c-f608-458a-804d-99d8431c9aa4",
      "meta": {
        "profile": [ "http://hl7.org/fhir/us/qicore/StructureDefinition/qicore-coverage" ]
      },
      "identifier": [ {
        "system": "http://benefitsinc.com/certificate",
        "value": "12345"
      } ],
      "status": "active",
      "type": {
        "coding": [ {
          "system": "https://nahdo.org/sopt",
          "version": "9.2",
          "code": "6",
          "display": "BLUE CROSS/BLUE SHIELD"
        } ]
      },
      "subscriberId": "123456",
      "beneficiary": {
        "reference": "Patient/a6e1e6cb-72af-4247-917a-6134f4f1468b"
      },
      "relationship": {
        "coding": [ {
          "system": "http://terminology.hl7.org/CodeSystem/subscriber-relationship",
          "code": "self",
          "display": "Self"
        } ]
      },
      "period": {
        "start": "2012-05-23"
      },
      "payor": [ {
        "reference": "Organization/e6d02d25-af05-4fbd-9a38-661bcbc1fba7"
      } ]
    },
    "request": {
      "method": "PUT",
      "url": "Coverage/064b7f2c-f608-458a-804d-99d8431c9aa4"
    }
  }, {
    "fullUrl": "https://madie.cms.gov/Organization/e6d02d25-af05-4fbd-9a38-661bcbc1fba7",
    "resource": {
      "resourceType": "Organization",
      "id": "e6d02d25-af05-4fbd-9a38-661bcbc1fba7",
      "meta": {
        "profile": [ "http://hl7.org/fhir/us/qicore/StructureDefinition/qicore-organization" ]
      },
      "identifier": [ {
        "use": "temp",
        "system": "http://hl7.org/fhir/sid/us-npi",
        "value": "1689411712"
      } ],
      "active": true,
      "name": "Blue Cross Blue Shield Tennessee",
      "telecom": [ {
        "system": "phone",
        "value": "(+1) 800-468-9698"
      } ],
      "address": [ {
        "line": [ "1 Cameron Hill Circle, Suite 0002" ],
        "city": "Chattanooga",
        "state": "TN",
        "postalCode": "37402-0002",
        "country": "USA"
      } ]
    },
    "request": {
      "method": "PUT",
      "url": "Organization/e6d02d25-af05-4fbd-9a38-661bcbc1fba7"
    }
  }, {
    "fullUrl": "https://madie.cms.gov/MeasureReport/1ffbb937-00dc-4870-b2e8-9781cee01bc2",
    "resource": {
      "resourceType": "MeasureReport",
      "id": "1ffbb937-00dc-4870-b2e8-9781cee01bc2",
      "meta": {
        "profile": [ "http://hl7.org/fhir/us/cqfmeasures/StructureDefinition/test-case-cqfm" ]
      },
      "contained": [ {
        "resourceType": "Parameters",
        "id": "936dc1f4-edb9-44b6-8a83-1c26a166d68a-parameters",
        "parameter": [ {
          "name": "subject",
          "valueString": "a6e1e6cb-72af-4247-917a-6134f4f1468b"
        } ]
      } ],
      "extension": [ {
        "url": "http://hl7.org/fhir/StructureDefinition/cqf-inputParameters",
        "valueReference": {
          "reference": "#936dc1f4-edb9-44b6-8a83-1c26a166d68a-parameters"
        }
      }, {
        "url": "http://hl7.org/fhir/us/cqfmeasures/StructureDefinition/cqfm-testCaseDescription",
        "valueMarkdown": "Has a qualifying encounter, an ADT order but missing dates."
      } ],
      "modifierExtension": [ {
        "url": "http://hl7.org/fhir/us/cqfmeasures/StructureDefinition/cqfm-isTestCase",
        "valueBoolean": true
      } ],
      "status": "complete",
      "type": "individual",
      "measure": "https://madie.cms.gov/Measure/CMS645FHIRBoneDensityPCADTherapy",
      "period": {
        "start": "2026-01-01",
        "end": "2026-12-31"
      },
      "group": [ {
        "id": "Group_1",
        "population": [ {
          "id": "InitialPopulation_1",
          "code": {
            "coding": [ {
              "system": "http://terminology.hl7.org/CodeSystem/measure-population",
              "code": "initial-population",
              "display": "Initial Population"
            } ]
          },
          "count": 0
        }, {
          "id": "Denominator_1",
          "code": {
            "coding": [ {
              "system": "http://terminology.hl7.org/CodeSystem/measure-population",
              "code": "denominator",
              "display": "Denominator"
            } ]
          },
          "count": 0
        }, {
          "id": "Numerator_1",
          "code": {
            "coding": [ {
              "system": "http://terminology.hl7.org/CodeSystem/measure-population",
              "code": "numerator",
              "display": "Numerator"
            } ]
          },
          "count": 0
        }, {
          "id": "DenominatorException_1",
          "code": {
            "coding": [ {
              "system": "http://terminology.hl7.org/CodeSystem/measure-population",
              "code": "denominator-exception",
              "display": "Denominator Exception"
            } ]
          },
          "count": 0
        } ],
        "measureScore": {
          "value": 1.0
        }
      } ],
      "evaluatedResource": [ {
        "reference": "Patient/a6e1e6cb-72af-4247-917a-6134f4f1468b"
      }, {
        "reference": "Encounter/66a53ba7-7c4e-4fe3-b08f-a3b8ed6a9cd2"
      }, {
        "reference": "Condition/f3b450ea-0a0e-416b-9e5d-da267b53d3ce"
      }, {
        "reference": "MedicationRequest/ff9ac2b4-4415-4be3-a67c-48e597aaf565"
      }, {
        "reference": "ServiceRequest/e8caf8b7-656f-4109-83c7-a113f5fdfad2"
      }, {
        "reference": "Coverage/064b7f2c-f608-458a-804d-99d8431c9aa4"
      }, {
        "reference": "Organization/e6d02d25-af05-4fbd-9a38-661bcbc1fba7"
      } ]
    },
    "request": {
      "method": "PUT",
      "url": "MeasureReport/1ffbb937-00dc-4870-b2e8-9781cee01bc2"
    }
  } ]
}