{
  "resourceType": "Bundle",
  "id": "60ad199cacdbd5186fd799f3",
  "type": "transaction",
  "entry": [ {
    "fullUrl": "https://madie.cms.gov/Patient/0667fefa-375f-41e3-9218-613f9901f51f",
    "resource": {
      "resourceType": "Patient",
      "id": "0667fefa-375f-41e3-9218-613f9901f51f",
      "meta": {
        "profile": [ "http://hl7.org/fhir/us/qicore/StructureDefinition/qicore-patient" ]
      },
      "extension": [ {
        "url": "http://hl7.org/fhir/us/core/StructureDefinition/us-core-race",
        "extension": [ {
          "url": "ombCategory",
          "valueCoding": {
            "system": "urn:oid:2.16.840.1.113883.6.238",
            "code": "2106-3",
            "display": "White",
            "userSelected": true
          }
        }, {
          "url": "text",
          "valueString": "White"
        } ]
      }, {
        "url": "http://hl7.org/fhir/us/core/StructureDefinition/us-core-ethnicity",
        "extension": [ {
          "url": "ombCategory",
          "valueCoding": {
            "system": "urn:oid:2.16.840.1.113883.6.238",
            "code": "2135-2",
            "display": "Hispanic or Latino",
            "userSelected": true
          }
        }, {
          "url": "text",
          "valueString": "Hispanic or Latino"
        } ]
      } ],
      "identifier": [ {
        "type": {
          "coding": [ {
            "system": "http://terminology.hl7.org/CodeSystem/v2-0203",
            "code": "MR"
          } ]
        },
        "system": "https://bonnie-fhir.healthit.gov/",
        "value": "60ad199cacdbd5186fd799f3"
      } ],
      "name": [ {
        "family": "Pass",
        "given": [ "MO Multiple Episodes" ]
      } ],
      "gender": "male",
      "birthDate": "1946-01-15"
    },
    "request": {
      "method": "PUT",
      "url": "Patient/0667fefa-375f-41e3-9218-613f9901f51f"
    }
  }, {
    "fullUrl": "https://madie.cms.gov/Encounter/bb2d5b92-1291-4945-bfdf-0e8dc10d0097",
    "resource": {
      "resourceType": "Encounter",
      "id": "bb2d5b92-1291-4945-bfdf-0e8dc10d0097",
      "meta": {
        "profile": [ "http://hl7.org/fhir/us/qicore/StructureDefinition/qicore-encounter" ]
      },
      "status": "finished",
      "class": {
        "system": "http://terminology.hl7.org/CodeSystem/v3-ActCode",
        "code": "IMP",
        "display": "inpatient encounter"
      },
      "type": [ {
        "coding": [ {
          "system": "http://snomed.info/sct",
          "version": "http://snomed.info/sct/731000124108/version/20220901",
          "code": "183452005",
          "display": "Emergency hospital admission (procedure)",
          "userSelected": true
        } ]
      } ],
      "subject": {
        "reference": "Patient/0667fefa-375f-41e3-9218-613f9901f51f"
      },
      "period": {
        "start": "2022-03-05T08:00:00.000+00:00",
        "end": "2022-03-05T08:15:00.000+00:00"
      }
    },
    "request": {
      "method": "PUT",
      "url": "Encounter/bb2d5b92-1291-4945-bfdf-0e8dc10d0097"
    }
  }, {
    "fullUrl": "https://madie.cms.gov/Encounter/d1b4dc43-e648-49f4-aed5-3c8be51ca377",
    "resource": {
      "resourceType": "Encounter",
      "id": "d1b4dc43-e648-49f4-aed5-3c8be51ca377",
      "meta": {
        "profile": [ "http://hl7.org/fhir/us/qicore/StructureDefinition/qicore-encounter" ]
      },
      "status": "finished",
      "class": {
        "system": "http://terminology.hl7.org/CodeSystem/v3-ActCode",
        "code": "EMER",
        "display": "emergency"
      },
      "type": [ {
        "coding": [ {
          "system": "http://snomed.info/sct",
          "version": "http://snomed.info/sct/731000124108/version/20220901",
          "code": "4525004",
          "display": "Emergency department patient visit (procedure)",
          "userSelected": true
        } ]
      } ],
      "subject": {
        "reference": "Patient/0667fefa-375f-41e3-9218-613f9901f51f"
      },
      "period": {
        "start": "2022-05-05T08:00:00.000+00:00",
        "end": "2022-05-05T08:15:00.000+00:00"
      }
    },
    "request": {
      "method": "PUT",
      "url": "Encounter/d1b4dc43-e648-49f4-aed5-3c8be51ca377"
    }
  }, {
    "fullUrl": "https://madie.cms.gov/Condition/7483647f-1afd-453d-8d44-f9ae8edb8a45",
    "resource": {
      "resourceType": "Condition",
      "id": "7483647f-1afd-453d-8d44-f9ae8edb8a45",
      "meta": {
        "profile": [ "http://hl7.org/fhir/us/qicore/StructureDefinition/qicore-condition" ]
      },
      "clinicalStatus": {
        "coding": [ {
          "system": "http://terminology.hl7.org/CodeSystem/condition-clinical",
          "code": "active",
          "display": "Active",
          "userSelected": true
        } ]
      },
      "verificationStatus": {
        "coding": [ {
          "system": "http://terminology.hl7.org/CodeSystem/condition-ver-status",
          "code": "confirmed",
          "display": "Confirmed",
          "userSelected": true
        } ]
      },
      "category": [ {
        "coding": [ {
          "system": "http://terminology.hl7.org/CodeSystem/condition-category",
          "code": "problem-list-item",
          "display": "Problem List Item"
        } ]
      } ],
      "code": {
        "coding": [ {
          "system": "http://snomed.info/sct",
          "version": "http://snomed.info/sct/731000124108/version/20220901",
          "code": "190389009",
          "display": "Type II diabetes mellitus with ulcer (disorder)",
          "userSelected": true
        } ]
      },
      "subject": {
        "reference": "https://www.myGoodHealthcare/Patient/60ad199cacdbd5186fd799f3"
      },
      "onsetPeriod": {
        "start": "2021-03-04T08:00:00.000+00:00"
      }
    },
    "request": {
      "method": "PUT",
      "url": "Condition/7483647f-1afd-453d-8d44-f9ae8edb8a45"
    }
  }, {
    "fullUrl": "https://madie.cms.gov/Encounter/29cbd93a-fd17-455f-9250-0514988a8b29",
    "resource": {
      "resourceType": "Encounter",
      "id": "29cbd93a-fd17-455f-9250-0514988a8b29",
      "meta": {
        "profile": [ "http://hl7.org/fhir/us/qicore/StructureDefinition/qicore-encounter" ]
      },
      "status": "finished",
      "class": {
        "system": "http://terminology.hl7.org/CodeSystem/v3-ActCode",
        "code": "IMP",
        "display": "inpatient encounter"
      },
      "type": [ {
        "coding": [ {
          "system": "http://snomed.info/sct",
          "version": "http://snomed.info/sct/731000124108/version/20220901",
          "code": "183452005",
          "display": "Emergency hospital admission (procedure)",
          "userSelected": true
        } ]
      } ],
      "subject": {
        "reference": "Patient/0667fefa-375f-41e3-9218-613f9901f51f"
      },
      "period": {
        "start": "2022-06-05T08:00:00.000+00:00",
        "end": "2022-06-05T08:15:00.000+00:00"
      }
    },
    "request": {
      "method": "PUT",
      "url": "Encounter/29cbd93a-fd17-455f-9250-0514988a8b29"
    }
  }, {
    "fullUrl": "https://madie.cms.gov/Encounter/99819df3-b808-48ee-ae14-900f44a67264",
    "resource": {
      "resourceType": "Encounter",
      "id": "99819df3-b808-48ee-ae14-900f44a67264",
      "meta": {
        "profile": [ "http://hl7.org/fhir/us/qicore/StructureDefinition/qicore-encounter" ]
      },
      "status": "finished",
      "class": {
        "system": "http://terminology.hl7.org/CodeSystem/v3-ActCode",
        "code": "EMER",
        "display": "emergency"
      },
      "type": [ {
        "coding": [ {
          "system": "http://snomed.info/sct",
          "version": "http://snomed.info/sct/731000124108/version/20220901",
          "code": "4525004",
          "display": "Emergency department patient visit (procedure)",
          "userSelected": true
        } ]
      } ],
      "subject": {
        "reference": "Patient/0667fefa-375f-41e3-9218-613f9901f51f"
      },
      "period": {
        "start": "2022-01-05T08:00:00.000+00:00",
        "end": "2022-01-05T08:15:00.000+00:00"
      }
    },
    "request": {
      "method": "PUT",
      "url": "Encounter/99819df3-b808-48ee-ae14-900f44a67264"
    }
  }, {
    "fullUrl": "https://madie.cms.gov/MedicationRequest/36cb4f55-b830-4496-bd43-b753f7dff501",
    "resource": {
      "resourceType": "MedicationRequest",
      "id": "36cb4f55-b830-4496-bd43-b753f7dff501",
      "meta": {
        "profile": [ "http://hl7.org/fhir/us/qicore/StructureDefinition/qicore-medicationrequest" ]
      },
      "status": "active",
      "intent": "order",
      "medicationCodeableConcept": {
        "coding": [ {
          "system": "http://www.nlm.nih.gov/research/umls/rxnorm",
          "version": "11072022",
          "code": "1043563",
          "display": "24 HR metformin hydrochloride 1000 MG / saxagliptin 2.5 MG Extended Release Oral Tablet"
        } ]
      },
      "subject": {
        "reference": "https://www.myGoodHealthcare/Patient/60ad199cacdbd5186fd799f3"
      },
      "authoredOn": "2020-04-25T19:32:52-05:00",
      "requester": {
        "reference": "Practitioner/141d3c0f-8fdf-4cc0-b136-da9359d8a88f"
      }
    },
    "request": {
      "method": "PUT",
      "url": "MedicationRequest/36cb4f55-b830-4496-bd43-b753f7dff501"
    }
  }, {
    "fullUrl": "https://madie.cms.gov/Practitioner/141d3c0f-8fdf-4cc0-b136-da9359d8a88f",
    "resource": {
      "resourceType": "Practitioner",
      "id": "141d3c0f-8fdf-4cc0-b136-da9359d8a88f",
      "meta": {
        "profile": [ "http://hl7.org/fhir/us/qicore/StructureDefinition/qicore-practitioner" ]
      },
      "identifier": [ {
        "use": "temp",
        "system": "urn:oid:2.16.840.1.113883.4.336",
        "value": "Practitioner-23"
      } ],
      "active": true,
      "name": [ {
        "family": "Careful",
        "given": [ "Adam" ],
        "prefix": [ "Dr" ]
      } ],
      "address": [ {
        "use": "home",
        "line": [ "534 Erewhon St" ],
        "city": "PleasantVille",
        "state": "UT",
        "postalCode": "84414"
      } ],
      "qualification": [ {
        "identifier": [ {
          "system": "http://example.org/UniversityIdentifier",
          "value": "12345"
        } ],
        "code": {
          "coding": [ {
            "system": "http://terminology.hl7.org/CodeSystem/v2-0360|2.7",
            "code": "BS",
            "display": "Bachelor of Science"
          } ],
          "text": "Bachelor of Science"
        },
        "period": {
          "start": "1995"
        },
        "issuer": {
          "display": "Example University"
        }
      } ]
    },
    "request": {
      "method": "PUT",
      "url": "Practitioner/141d3c0f-8fdf-4cc0-b136-da9359d8a88f"
    }
  }, {
    "fullUrl": "https://madie.cms.gov/MeasureReport/5b671052-0b3f-433b-a6ba-ec65b16e8c54",
    "resource": {
      "resourceType": "MeasureReport",
      "id": "5b671052-0b3f-433b-a6ba-ec65b16e8c54",
      "meta": {
        "profile": [ "http://hl7.org/fhir/us/cqfmeasures/StructureDefinition/test-case-cqfm" ]
      },
      "contained": [ {
        "resourceType": "Parameters",
        "id": "b7d89075-adee-496d-8960-ff31d70c7ef6-parameters",
        "parameter": [ {
          "name": "subject",
          "valueString": "0667fefa-375f-41e3-9218-613f9901f51f"
        } ]
      } ],
      "extension": [ {
        "url": "http://hl7.org/fhir/StructureDefinition/cqf-inputParameters",
        "valueReference": {
          "reference": "#b7d89075-adee-496d-8960-ff31d70c7ef6-parameters"
        }
      }, {
        "url": "http://hl7.org/fhir/us/cqfmeasures/StructureDefinition/cqfm-testCaseDescription",
        "valueMarkdown": "SBTestSeries"
      } ],
      "modifierExtension": [ {
        "url": "http://hl7.org/fhir/us/cqfmeasures/StructureDefinition/cqfm-isTestCase",
        "valueBoolean": true
      } ],
      "status": "complete",
      "type": "individual",
      "measure": "https://madie.cms.gov/Measure/RatioEpisodeTwoIPsWithMOs1743686682845",
      "period": {
        "start": "2022-01-01",
        "end": "2022-12-31"
      },
      "group": [ {
        "id": "Group_1",
        "population": [ {
          "id": "InitialPopulation_1_1",
          "code": {
            "coding": [ {
              "system": "http://terminology.hl7.org/CodeSystem/measure-population",
              "code": "initial-population",
              "display": "Initial Population"
            } ]
          },
          "count": 2
        }, {
          "id": "InitialPopulation_1_2",
          "code": {
            "coding": [ {
              "system": "http://terminology.hl7.org/CodeSystem/measure-population",
              "code": "initial-population",
              "display": "Initial Population"
            } ]
          },
          "count": 2
        }, {
          "id": "Denominator_1",
          "code": {
            "coding": [ {
              "system": "http://terminology.hl7.org/CodeSystem/measure-population",
              "code": "denominator",
              "display": "Denominator"
            } ]
          },
          "count": 2
        }, {
          "id": "MeasureObservation_1_1_1",
          "code": {
            "coding": [ {
              "system": "http://terminology.hl7.org/CodeSystem/measure-population",
              "code": "measure-observation",
              "display": "Measure Observation"
            } ]
          },
          "count": 1
        }, {
          "id": "MeasureObservation_1_1_2",
          "code": {
            "coding": [ {
              "system": "http://terminology.hl7.org/CodeSystem/measure-population",
              "code": "measure-observation",
              "display": "Measure Observation"
            } ]
          },
          "count": 1
        }, {
          "id": "Numerator_1",
          "code": {
            "coding": [ {
              "system": "http://terminology.hl7.org/CodeSystem/measure-population",
              "code": "numerator",
              "display": "Numerator"
            } ]
          },
          "count": 2
        }, {
          "id": "MeasureObservation_1_2_1",
          "code": {
            "coding": [ {
              "system": "http://terminology.hl7.org/CodeSystem/measure-population",
              "code": "measure-observation",
              "display": "Measure Observation"
            } ]
          },
          "count": 1
        }, {
          "id": "MeasureObservation_1_2_2",
          "code": {
            "coding": [ {
              "system": "http://terminology.hl7.org/CodeSystem/measure-population",
              "code": "measure-observation",
              "display": "Measure Observation"
            } ]
          },
          "count": 1
        } ],
        "measureScore": {
          "value": 0.0
        }
      } ],
      "evaluatedResource": [ {
        "reference": "Patient/0667fefa-375f-41e3-9218-613f9901f51f"
      }, {
        "reference": "Encounter/bb2d5b92-1291-4945-bfdf-0e8dc10d0097"
      }, {
        "reference": "Encounter/d1b4dc43-e648-49f4-aed5-3c8be51ca377"
      }, {
        "reference": "Condition/7483647f-1afd-453d-8d44-f9ae8edb8a45"
      }, {
        "reference": "Encounter/29cbd93a-fd17-455f-9250-0514988a8b29"
      }, {
        "reference": "Encounter/99819df3-b808-48ee-ae14-900f44a67264"
      }, {
        "reference": "MedicationRequest/36cb4f55-b830-4496-bd43-b753f7dff501"
      }, {
        "reference": "Practitioner/141d3c0f-8fdf-4cc0-b136-da9359d8a88f"
      } ]
    },
    "request": {
      "method": "PUT",
      "url": "MeasureReport/5b671052-0b3f-433b-a6ba-ec65b16e8c54"
    }
  } ]
}