{
  "resourceType": "Bundle",
  "id": "612e6a8202c62a011f2ea365",
  "type": "transaction",
  "entry": [ {
    "fullUrl": "https://madie.cms.gov/Patient/1f374ec6-4544-481d-8126-bf3834dceb34",
    "resource": {
      "resourceType": "Patient",
      "id": "1f374ec6-4544-481d-8126-bf3834dceb34",
      "meta": {
        "profile": [ "http://hl7.org/fhir/us/qicore/StructureDefinition/qicore-patient" ]
      },
      "text": {
        "status": "generated",
        "div": "<div xmlns=\"http://www.w3.org/1999/xhtml\"><div class=\"hapiHeaderText\">DA_GSC1DayAFAnes <b>NUMERPASS </b></div><table class=\"hapiPropertyTable\"><tbody><tr><td>Identifier</td><td>081503312e821de786b971069bc2afb0</td></tr><tr><td>Date of birth</td><td><span>02 January 1974</span></td></tr></tbody></table></div>"
      },
      "extension": [ {
        "url": "http://hl7.org/fhir/us/core/StructureDefinition/us-core-race",
        "extension": [ {
          "url": "ombCategory",
          "valueCoding": {
            "system": "urn:oid:2.16.840.1.113883.6.238",
            "code": "1002-5",
            "display": "American Indian or Alaska Native",
            "userSelected": true
          }
        }, {
          "url": "text",
          "valueString": "American Indian or Alaska Native"
        } ]
      }, {
        "url": "http://hl7.org/fhir/us/core/StructureDefinition/us-core-ethnicity",
        "extension": [ {
          "url": "ombCategory",
          "valueCoding": {
            "system": "urn:oid:2.16.840.1.113883.6.238",
            "code": "2135-2",
            "display": "Hispanic or Latino",
            "userSelected": true
          }
        }, {
          "url": "text",
          "valueString": "Hispanic or Latino"
        } ]
      } ],
      "identifier": [ {
        "type": {
          "coding": [ {
            "system": "http://terminology.hl7.org/CodeSystem/v2-0203",
            "code": "MR"
          } ]
        },
        "system": "https://bonnie-fhir.healthit.gov/",
        "value": "612e6a8202c62a011f2ea365"
      } ],
      "active": true,
      "name": [ {
        "use": "usual",
        "family": "NUMERPass",
        "given": [ "DA_GSC1DayAFAnes" ]
      } ],
      "gender": "male",
      "birthDate": "1974-01-02"
    },
    "request": {
      "method": "PUT",
      "url": "Patient/1f374ec6-4544-481d-8126-bf3834dceb34"
    }
  }, {
    "fullUrl": "https://madie.cms.gov/Encounter/6d7cc84f-05f0-43a9-a7d2-b87d895319a5",
    "resource": {
      "resourceType": "Encounter",
      "id": "6d7cc84f-05f0-43a9-a7d2-b87d895319a5",
      "meta": {
        "profile": [ "http://hl7.org/fhir/us/qicore/StructureDefinition/qicore-encounter" ]
      },
      "status": "finished",
      "class": {
        "system": "http://terminology.hl7.org/CodeSystem/v3-ActCode",
        "code": "IMP",
        "display": "inpatient encounter"
      },
      "type": [ {
        "coding": [ {
          "system": "http://snomed.info/sct",
          "code": "8715000"
        } ]
      } ],
      "subject": {
        "reference": "Patient/1f374ec6-4544-481d-8126-bf3834dceb34"
      },
      "period": {
        "start": "2025-11-01T08:00:00+00:00",
        "end": "2025-11-26T08:15:00+00:00"
      },
      "length": {
        "value": 25.0,
        "unit": "days"
      }
    },
    "request": {
      "method": "PUT",
      "url": "Encounter/6d7cc84f-05f0-43a9-a7d2-b87d895319a5"
    }
  }, {
    "fullUrl": "https://madie.cms.gov/Coverage/21248ec7-03d0-411e-803e-cfbe3b0061fc",
    "resource": {
      "resourceType": "Coverage",
      "id": "21248ec7-03d0-411e-803e-cfbe3b0061fc",
      "status": "active",
      "beneficiary": {
        "reference": "Patient/1f374ec6-4544-481d-8126-bf3834dceb34"
      },
      "period": {
        "start": "1974-01-02T08:00:00+00:00"
      },
      "payor": [ {
        "reference": "Organization/63e6fc27-6cb1-4f37-ab19-2063b057d15d"
      } ]
    },
    "request": {
      "method": "PUT",
      "url": "Coverage/21248ec7-03d0-411e-803e-cfbe3b0061fc"
    }
  }, {
    "fullUrl": "https://madie.cms.gov/Procedure/4d042ada-b53f-4bf5-9da2-4c5ff5221ea7",
    "resource": {
      "resourceType": "Procedure",
      "id": "4d042ada-b53f-4bf5-9da2-4c5ff5221ea7",
      "meta": {
        "profile": [ "http://hl7.org/fhir/us/qicore/StructureDefinition/qicore-procedure" ]
      },
      "extension": [ {
        "url": "http://hl7.org/fhir/us/qicore/StructureDefinition/qicore-recorded",
        "valueDateTime": "2012-11-01T09:35:00-04:00"
      } ],
      "status": "completed",
      "code": {
        "coding": [ {
          "system": "http://snomed.info/sct",
          "code": "229511001"
        } ]
      },
      "subject": {
        "reference": "Patient/1f374ec6-4544-481d-8126-bf3834dceb34"
      },
      "performedPeriod": {
        "start": "2025-11-02T14:00:00+00:00",
        "end": "2025-11-02T14:15:00+00:00"
      }
    },
    "request": {
      "method": "PUT",
      "url": "Procedure/4d042ada-b53f-4bf5-9da2-4c5ff5221ea7"
    }
  }, {
    "fullUrl": "https://madie.cms.gov/Procedure/7910a41d-5f3d-4291-b19a-528bee9afa19",
    "resource": {
      "resourceType": "Procedure",
      "id": "7910a41d-5f3d-4291-b19a-528bee9afa19",
      "meta": {
        "profile": [ "http://hl7.org/fhir/us/qicore/StructureDefinition/qicore-procedure" ]
      },
      "extension": [ {
        "url": "http://hl7.org/fhir/us/qicore/StructureDefinition/qicore-recorded",
        "valueDateTime": "2012-11-01T09:35:00-04:00"
      } ],
      "status": "completed",
      "code": {
        "coding": [ {
          "system": "http://snomed.info/sct",
          "code": "18946005"
        } ]
      },
      "subject": {
        "reference": "Patient/1f374ec6-4544-481d-8126-bf3834dceb34"
      },
      "performedPeriod": {
        "start": "2025-11-01T09:00:00+00:00",
        "end": "2025-11-01T11:15:00+00:00"
      }
    },
    "request": {
      "method": "PUT",
      "url": "Procedure/7910a41d-5f3d-4291-b19a-528bee9afa19"
    }
  }, {
    "fullUrl": "https://madie.cms.gov/Organization/63e6fc27-6cb1-4f37-ab19-2063b057d15d",
    "resource": {
      "resourceType": "Organization",
      "id": "63e6fc27-6cb1-4f37-ab19-2063b057d15d",
      "meta": {
        "profile": [ "http://hl7.org/fhir/us/qicore/StructureDefinition/qicore-organization" ]
      },
      "identifier": [ {
        "use": "temp",
        "system": "urn:oid:2.16.840.1.113883.4.4",
        "value": "21-3259825"
      } ],
      "active": true,
      "type": [ {
        "coding": [ {
          "system": "http://terminology.hl7.org/CodeSystem/organization-type",
          "code": "pay",
          "display": "Payer"
        } ]
      } ],
      "name": "Blue Cross Blue Shield of Texas",
      "telecom": [ {
        "system": "phone",
        "value": "(+1) 972-766-6900"
      } ],
      "address": [ {
        "use": "billing",
        "type": "postal",
        "line": [ "P.O. Box 660044" ],
        "city": "Dallas",
        "state": "TX",
        "postalCode": "75266-0044",
        "country": "USA"
      } ]
    },
    "request": {
      "method": "PUT",
      "url": "Organization/63e6fc27-6cb1-4f37-ab19-2063b057d15d"
    }
  }, {
    "fullUrl": "https://madie.cms.gov/Practitioner/3e63cb75-f99e-445b-95d8-e36f6d6cbe0f",
    "resource": {
      "resourceType": "Practitioner",
      "id": "3e63cb75-f99e-445b-95d8-e36f6d6cbe0f",
      "identifier": [ {
        "system": "http://hl7.org/fhir/sid/us-npi",
        "value": "123456"
      } ],
      "name": [ {
        "family": "Evil",
        "prefix": [ "Dr" ]
      } ]
    },
    "request": {
      "method": "PUT",
      "url": "Practitioner/3e63cb75-f99e-445b-95d8-e36f6d6cbe0f"
    }
  }, {
    "fullUrl": "https://madie.cms.gov/MeasureReport/95d7e07b-96dd-49ac-9e98-246124ba72ea",
    "resource": {
      "resourceType": "MeasureReport",
      "id": "95d7e07b-96dd-49ac-9e98-246124ba72ea",
      "meta": {
        "profile": [ "http://hl7.org/fhir/us/cqfmeasures/StructureDefinition/test-case-cqfm" ]
      },
      "contained": [ {
        "resourceType": "Parameters",
        "id": "47ca765f-0b91-4e02-8b71-1a0532b7e406-parameters",
        "parameter": [ {
          "name": "subject",
          "valueString": "1f374ec6-4544-481d-8126-bf3834dceb34"
        } ]
      } ],
      "extension": [ {
        "url": "http://hl7.org/fhir/us/cqfmeasures/StructureDefinition/cqfm-inputParameters",
        "valueReference": {
          "reference": "#47ca765f-0b91-4e02-8b71-1a0532b7e406-parameters"
        }
      }, {
        "url": "http://hl7.org/fhir/us/cqfmeasures/StructureDefinition/cqfm-testCaseDescription",
        "valueMarkdown": "Patient has GCS applied 1 day after anesthesia\n"
      } ],
      "modifierExtension": [ {
        "url": "http://hl7.org/fhir/us/cqfmeasures/StructureDefinition/cqfm-isTestCase",
        "valueBoolean": true
      } ],
      "status": "complete",
      "type": "individual",
      "measure": "https://madie.cms.gov/Measure/VenousThromboembolismProphylaxisFHIR",
      "period": {
        "start": "2025-01-01",
        "end": "2025-12-31"
      },
      "group": [ {
        "population": [ {
          "code": {
            "coding": [ {
              "system": "http://terminology.hl7.org/CodeSystem/measure-population",
              "code": "initial-population",
              "display": "Initial Population"
            } ]
          },
          "count": 1
        }, {
          "code": {
            "coding": [ {
              "system": "http://terminology.hl7.org/CodeSystem/measure-population",
              "code": "denominator",
              "display": "Denominator"
            } ]
          },
          "count": 1
        }, {
          "code": {
            "coding": [ {
              "system": "http://terminology.hl7.org/CodeSystem/measure-population",
              "code": "denominator-exclusion",
              "display": "Denominator Exclusion"
            } ]
          },
          "count": 0
        }, {
          "code": {
            "coding": [ {
              "system": "http://terminology.hl7.org/CodeSystem/measure-population",
              "code": "numerator",
              "display": "Numerator"
            } ]
          },
          "count": 1
        } ]
      } ],
      "evaluatedResource": [ {
        "reference": "Patient/1f374ec6-4544-481d-8126-bf3834dceb34"
      }, {
        "reference": "Encounter/6d7cc84f-05f0-43a9-a7d2-b87d895319a5"
      }, {
        "reference": "Coverage/21248ec7-03d0-411e-803e-cfbe3b0061fc"
      }, {
        "reference": "Procedure/4d042ada-b53f-4bf5-9da2-4c5ff5221ea7"
      }, {
        "reference": "Procedure/7910a41d-5f3d-4291-b19a-528bee9afa19"
      }, {
        "reference": "Organization/63e6fc27-6cb1-4f37-ab19-2063b057d15d"
      }, {
        "reference": "Practitioner/3e63cb75-f99e-445b-95d8-e36f6d6cbe0f"
      } ]
    },
    "request": {
      "method": "PUT",
      "url": "MeasureReport/95d7e07b-96dd-49ac-9e98-246124ba72ea"
    }
  } ]
}