{
  "resourceType": "Bundle",
  "id": "612e6ad802c62a011f2eb6db",
  "type": "transaction",
  "entry": [ {
    "fullUrl": "https://madie.cms.gov/Patient/2cb89e7a-109e-4d53-80ea-14bd8db98903",
    "resource": {
      "resourceType": "Patient",
      "id": "2cb89e7a-109e-4d53-80ea-14bd8db98903",
      "meta": {
        "profile": [ "http://hl7.org/fhir/us/qicore/StructureDefinition/qicore-patient" ]
      },
      "text": {
        "status": "generated",
        "div": "<div xmlns=\"http://www.w3.org/1999/xhtml\"><div class=\"hapiHeaderText\">MA_Glyco_1DayAFIPEnc <b>NUMERPASS </b></div><table class=\"hapiPropertyTable\"><tbody><tr><td>Identifier</td><td>c2e8bf5527b837484be3c34ba714a74a</td></tr><tr><td>Date of birth</td><td><span>02 January 1974</span></td></tr></tbody></table></div>"
      },
      "extension": [ {
        "url": "http://hl7.org/fhir/us/core/StructureDefinition/us-core-race",
        "extension": [ {
          "url": "ombCategory",
          "valueCoding": {
            "system": "urn:oid:2.16.840.1.113883.6.238",
            "code": "1002-5",
            "display": "American Indian or Alaska Native",
            "userSelected": true
          }
        }, {
          "url": "text",
          "valueString": "American Indian or Alaska Native"
        } ]
      }, {
        "url": "http://hl7.org/fhir/us/core/StructureDefinition/us-core-ethnicity",
        "extension": [ {
          "url": "ombCategory",
          "valueCoding": {
            "system": "urn:oid:2.16.840.1.113883.6.238",
            "code": "2135-2",
            "display": "Hispanic or Latino",
            "userSelected": true
          }
        }, {
          "url": "text",
          "valueString": "Hispanic or Latino"
        } ]
      } ],
      "identifier": [ {
        "type": {
          "coding": [ {
            "system": "http://terminology.hl7.org/CodeSystem/v2-0203",
            "code": "MR"
          } ]
        },
        "system": "https://bonnie-fhir.healthit.gov/",
        "value": "612e6ad802c62a011f2eb6db"
      } ],
      "active": true,
      "name": [ {
        "use": "usual",
        "family": "NUMERPass",
        "given": [ "MA_Glyco_1DayAFIPEnc" ]
      } ],
      "gender": "male",
      "birthDate": "1974-01-02"
    },
    "request": {
      "method": "PUT",
      "url": "Patient/2cb89e7a-109e-4d53-80ea-14bd8db98903"
    }
  }, {
    "fullUrl": "https://madie.cms.gov/Encounter/958de0ff-940b-41a9-b230-7d45f3638546",
    "resource": {
      "resourceType": "Encounter",
      "id": "958de0ff-940b-41a9-b230-7d45f3638546",
      "meta": {
        "profile": [ "http://hl7.org/fhir/us/qicore/StructureDefinition/qicore-encounter" ]
      },
      "status": "finished",
      "class": {
        "system": "http://terminology.hl7.org/CodeSystem/v3-ActCode",
        "code": "IMP",
        "display": "inpatient encounter"
      },
      "type": [ {
        "coding": [ {
          "system": "http://snomed.info/sct",
          "code": "8715000"
        } ]
      } ],
      "subject": {
        "reference": "Patient/2cb89e7a-109e-4d53-80ea-14bd8db98903"
      },
      "period": {
        "start": "2025-11-01T08:00:00+00:00",
        "end": "2025-11-26T08:15:00+00:00"
      },
      "length": {
        "value": 25.0,
        "unit": "days"
      }
    },
    "request": {
      "method": "PUT",
      "url": "Encounter/958de0ff-940b-41a9-b230-7d45f3638546"
    }
  }, {
    "fullUrl": "https://madie.cms.gov/Coverage/45d35397-7821-41d2-8b9c-84b101e8dc96",
    "resource": {
      "resourceType": "Coverage",
      "id": "45d35397-7821-41d2-8b9c-84b101e8dc96",
      "status": "active",
      "beneficiary": {
        "reference": "Patient/2cb89e7a-109e-4d53-80ea-14bd8db98903"
      },
      "period": {
        "start": "1974-01-02T08:00:00+00:00"
      },
      "payor": [ {
        "reference": "Organization/8c1c46b3-fb5b-4174-b8ff-4d25e6bf0978"
      } ]
    },
    "request": {
      "method": "PUT",
      "url": "Coverage/45d35397-7821-41d2-8b9c-84b101e8dc96"
    }
  }, {
    "fullUrl": "https://madie.cms.gov/MedicationAdministration/e5a891fa-9871-482c-97b8-cee795a384eb",
    "resource": {
      "resourceType": "MedicationAdministration",
      "id": "e5a891fa-9871-482c-97b8-cee795a384eb",
      "meta": {
        "profile": [ "http://hl7.org/fhir/us/qicore/StructureDefinition/qicore-medicationadministration" ]
      },
      "status": "completed",
      "medicationCodeableConcept": {
        "coding": [ {
          "system": "http://www.nlm.nih.gov/research/umls/rxnorm",
          "code": "200349"
        } ]
      },
      "subject": {
        "reference": "Patient/2cb89e7a-109e-4d53-80ea-14bd8db98903"
      },
      "effectivePeriod": {
        "start": "2025-11-02T09:00:00+00:00",
        "end": "2025-11-02T09:10:00+00:00"
      }
    },
    "request": {
      "method": "PUT",
      "url": "MedicationAdministration/e5a891fa-9871-482c-97b8-cee795a384eb"
    }
  }, {
    "fullUrl": "https://madie.cms.gov/Organization/8c1c46b3-fb5b-4174-b8ff-4d25e6bf0978",
    "resource": {
      "resourceType": "Organization",
      "id": "8c1c46b3-fb5b-4174-b8ff-4d25e6bf0978",
      "meta": {
        "profile": [ "http://hl7.org/fhir/us/qicore/StructureDefinition/qicore-organization" ]
      },
      "identifier": [ {
        "use": "temp",
        "system": "urn:oid:2.16.840.1.113883.4.4",
        "value": "21-3259825"
      } ],
      "active": true,
      "type": [ {
        "coding": [ {
          "system": "http://terminology.hl7.org/CodeSystem/organization-type",
          "code": "pay",
          "display": "Payer"
        } ]
      } ],
      "name": "Blue Cross Blue Shield of Texas",
      "telecom": [ {
        "system": "phone",
        "value": "(+1) 972-766-6900"
      } ],
      "address": [ {
        "use": "billing",
        "type": "postal",
        "line": [ "P.O. Box 660044" ],
        "city": "Dallas",
        "state": "TX",
        "postalCode": "75266-0044",
        "country": "USA"
      } ]
    },
    "request": {
      "method": "PUT",
      "url": "Organization/8c1c46b3-fb5b-4174-b8ff-4d25e6bf0978"
    }
  }, {
    "fullUrl": "https://madie.cms.gov/Practitioner/24e1d2a4-4151-4ddd-ac50-947fc4b7d052",
    "resource": {
      "resourceType": "Practitioner",
      "id": "24e1d2a4-4151-4ddd-ac50-947fc4b7d052",
      "identifier": [ {
        "system": "http://hl7.org/fhir/sid/us-npi",
        "value": "123456"
      } ],
      "name": [ {
        "family": "Evil",
        "prefix": [ "Dr" ]
      } ]
    },
    "request": {
      "method": "PUT",
      "url": "Practitioner/24e1d2a4-4151-4ddd-ac50-947fc4b7d052"
    }
  }, {
    "fullUrl": "https://madie.cms.gov/MeasureReport/04f0b3aa-756c-4396-b827-d411ef35328a",
    "resource": {
      "resourceType": "MeasureReport",
      "id": "04f0b3aa-756c-4396-b827-d411ef35328a",
      "meta": {
        "profile": [ "http://hl7.org/fhir/us/cqfmeasures/StructureDefinition/test-case-cqfm" ]
      },
      "contained": [ {
        "resourceType": "Parameters",
        "id": "e7d2f070-37fe-4ce7-a73b-b528c454f7ca-parameters",
        "parameter": [ {
          "name": "subject",
          "valueString": "2cb89e7a-109e-4d53-80ea-14bd8db98903"
        } ]
      } ],
      "extension": [ {
        "url": "http://hl7.org/fhir/us/cqfmeasures/StructureDefinition/cqfm-inputParameters",
        "valueReference": {
          "reference": "#e7d2f070-37fe-4ce7-a73b-b528c454f7ca-parameters"
        }
      }, {
        "url": "http://hl7.org/fhir/us/cqfmeasures/StructureDefinition/cqfm-testCaseDescription",
        "valueMarkdown": "glycoprotein IIb/IIIa inhibitor = 1 day after start of IP encounter\n"
      } ],
      "modifierExtension": [ {
        "url": "http://hl7.org/fhir/us/cqfmeasures/StructureDefinition/cqfm-isTestCase",
        "valueBoolean": true
      } ],
      "status": "complete",
      "type": "individual",
      "measure": "https://madie.cms.gov/Measure/VenousThromboembolismProphylaxisFHIR",
      "period": {
        "start": "2025-01-01",
        "end": "2025-12-31"
      },
      "group": [ {
        "population": [ {
          "code": {
            "coding": [ {
              "system": "http://terminology.hl7.org/CodeSystem/measure-population",
              "code": "initial-population",
              "display": "Initial Population"
            } ]
          },
          "count": 1
        }, {
          "code": {
            "coding": [ {
              "system": "http://terminology.hl7.org/CodeSystem/measure-population",
              "code": "denominator",
              "display": "Denominator"
            } ]
          },
          "count": 1
        }, {
          "code": {
            "coding": [ {
              "system": "http://terminology.hl7.org/CodeSystem/measure-population",
              "code": "denominator-exclusion",
              "display": "Denominator Exclusion"
            } ]
          },
          "count": 0
        }, {
          "code": {
            "coding": [ {
              "system": "http://terminology.hl7.org/CodeSystem/measure-population",
              "code": "numerator",
              "display": "Numerator"
            } ]
          },
          "count": 1
        } ]
      } ],
      "evaluatedResource": [ {
        "reference": "Patient/2cb89e7a-109e-4d53-80ea-14bd8db98903"
      }, {
        "reference": "Encounter/958de0ff-940b-41a9-b230-7d45f3638546"
      }, {
        "reference": "Coverage/45d35397-7821-41d2-8b9c-84b101e8dc96"
      }, {
        "reference": "MedicationAdministration/e5a891fa-9871-482c-97b8-cee795a384eb"
      }, {
        "reference": "Organization/8c1c46b3-fb5b-4174-b8ff-4d25e6bf0978"
      }, {
        "reference": "Practitioner/24e1d2a4-4151-4ddd-ac50-947fc4b7d052"
      } ]
    },
    "request": {
      "method": "PUT",
      "url": "MeasureReport/04f0b3aa-756c-4396-b827-d411ef35328a"
    }
  } ]
}