{
  "resourceType": "Bundle",
  "id": "62bb3859e8081f5ef5e199f5",
  "type": "transaction",
  "entry": [ {
    "fullUrl": "https://madie.cms.gov/Patient/7acbd566-b21e-46eb-a7ef-bfd023be8e9d",
    "resource": {
      "resourceType": "Patient",
      "id": "7acbd566-b21e-46eb-a7ef-bfd023be8e9d",
      "meta": {
        "profile": [ "http://hl7.org/fhir/us/qicore/StructureDefinition/qicore-patient" ]
      },
      "extension": [ {
        "url": "http://hl7.org/fhir/us/core/StructureDefinition/us-core-race",
        "extension": [ {
          "url": "ombCategory",
          "valueCoding": {
            "system": "urn:oid:2.16.840.1.113883.6.238",
            "code": "1002-5",
            "display": "American Indian or Alaska Native",
            "userSelected": true
          }
        }, {
          "url": "text",
          "valueString": "American Indian or Alaska Native"
        } ]
      }, {
        "url": "http://hl7.org/fhir/us/core/StructureDefinition/us-core-ethnicity",
        "extension": [ {
          "url": "ombCategory",
          "valueCoding": {
            "system": "urn:oid:2.16.840.1.113883.6.238",
            "code": "2135-2",
            "display": "Hispanic or Latino",
            "userSelected": true
          }
        }, {
          "url": "text",
          "valueString": "Hispanic or Latino"
        } ]
      } ],
      "identifier": [ {
        "type": {
          "coding": [ {
            "system": "http://terminology.hl7.org/CodeSystem/v2-0203",
            "code": "MR"
          } ]
        },
        "system": "https://bonnie-fhir.healthit.gov/",
        "value": "62bb3859e8081f5ef5e199f5"
      } ],
      "name": [ {
        "family": "IPPFail",
        "given": [ "ADTActiveWithWrongADTCode" ]
      } ],
      "gender": "male",
      "birthDate": "1961-07-19"
    },
    "request": {
      "method": "PUT",
      "url": "Patient/7acbd566-b21e-46eb-a7ef-bfd023be8e9d"
    }
  }, {
    "fullUrl": "https://madie.cms.gov/Encounter/c426b1dc-f93b-45e2-8a6c-2a5d3ff4e5ff",
    "resource": {
      "resourceType": "Encounter",
      "id": "c426b1dc-f93b-45e2-8a6c-2a5d3ff4e5ff",
      "meta": {
        "profile": [ "http://hl7.org/fhir/us/qicore/StructureDefinition/qicore-encounter" ]
      },
      "status": "finished",
      "class": {
        "system": "http://terminology.hl7.org/CodeSystem/v3-ActCode",
        "code": "AMB",
        "display": "ambulatory"
      },
      "type": [ {
        "coding": [ {
          "system": "http://snomed.info/sct",
          "version": "http://snomed.info/sct/731000124108/version/20240401",
          "code": "185463005",
          "display": "Visit out of hours (procedure)",
          "userSelected": true
        } ]
      } ],
      "subject": {
        "reference": "Patient/7acbd566-b21e-46eb-a7ef-bfd023be8e9d"
      },
      "period": {
        "start": "2025-05-03T08:00:00.000+00:00",
        "end": "2025-05-03T08:15:00.000+00:00"
      }
    },
    "request": {
      "method": "PUT",
      "url": "Encounter/c426b1dc-f93b-45e2-8a6c-2a5d3ff4e5ff"
    }
  }, {
    "fullUrl": "https://madie.cms.gov/Condition/5939ecba-d00e-46e8-937b-8f99b2d6426d",
    "resource": {
      "resourceType": "Condition",
      "id": "5939ecba-d00e-46e8-937b-8f99b2d6426d",
      "meta": {
        "profile": [ "http://hl7.org/fhir/us/qicore/StructureDefinition/qicore-condition-problems-health-concerns" ]
      },
      "clinicalStatus": {
        "coding": [ {
          "system": "http://terminology.hl7.org/CodeSystem/condition-clinical",
          "code": "active",
          "display": "Active",
          "userSelected": true
        } ]
      },
      "verificationStatus": {
        "coding": [ {
          "system": "http://terminology.hl7.org/CodeSystem/condition-ver-status",
          "code": "confirmed",
          "display": "Confirmed",
          "userSelected": true
        } ]
      },
      "category": [ {
        "coding": [ {
          "system": "http://terminology.hl7.org/CodeSystem/condition-category",
          "code": "problem-list-item",
          "display": "Problem List Item"
        } ]
      } ],
      "code": {
        "coding": [ {
          "system": "http://snomed.info/sct",
          "version": "http://snomed.info/sct/731000124108/version/20240401",
          "code": "254900004",
          "display": "Carcinoma of prostate (disorder)",
          "userSelected": true
        } ]
      },
      "subject": {
        "reference": "Patient/7acbd566-b21e-46eb-a7ef-bfd023be8e9d"
      },
      "onsetPeriod": {
        "start": "2025-03-03T08:00:00.000+00:00"
      }
    },
    "request": {
      "method": "PUT",
      "url": "Condition/5939ecba-d00e-46e8-937b-8f99b2d6426d"
    }
  }, {
    "fullUrl": "https://madie.cms.gov/MedicationRequest/900f5f90-cf03-4538-a363-e4e7876baa2b",
    "resource": {
      "resourceType": "MedicationRequest",
      "id": "900f5f90-cf03-4538-a363-e4e7876baa2b",
      "meta": {
        "profile": [ "http://hl7.org/fhir/us/qicore/StructureDefinition/qicore-medicationrequest" ]
      },
      "status": "active",
      "intent": "order",
      "medicationCodeableConcept": {
        "coding": [ {
          "system": "http://www.nlm.nih.gov/research/umls/rxnorm",
          "version": "2025-01",
          "code": "752886",
          "display": "0.375 ML leuprolide acetate 120 MG/ML Prefilled Syringe",
          "userSelected": true
        } ]
      },
      "subject": {
        "reference": "Patient/7acbd566-b21e-46eb-a7ef-bfd023be8e9d"
      },
      "authoredOn": "2025-05-05T08:00:00.000+00:00",
      "requester": {
        "reference": "http://myGoodHealthcare.com/fhir/Practitioner/646346"
      },
      "dosageInstruction": [ {
        "timing": {
          "repeat": {
            "boundsPeriod": {
              "start": "2025-05-05T08:00:00.000+00:00"
            }
          }
        }
      } ]
    },
    "request": {
      "method": "PUT",
      "url": "MedicationRequest/900f5f90-cf03-4538-a363-e4e7876baa2b"
    }
  }, {
    "fullUrl": "https://madie.cms.gov/ServiceRequest/531ca246-9d34-4649-94e3-0d6936bbbc2f",
    "resource": {
      "resourceType": "ServiceRequest",
      "id": "531ca246-9d34-4649-94e3-0d6936bbbc2f",
      "meta": {
        "profile": [ "http://hl7.org/fhir/us/qicore/StructureDefinition/qicore-servicerequest" ]
      },
      "status": "active",
      "intent": "order",
      "code": {
        "coding": [ {
          "system": "http://snomed.info/sct",
          "code": "456381000124102",
          "display": "Injection of leuprolide acetate for twelve month period (regime/therapy)",
          "userSelected": true
        } ]
      },
      "subject": {
        "reference": "Patient/7acbd566-b21e-46eb-a7ef-bfd023be8e9d"
      },
      "authoredOn": "2025-05-05T08:00:00.000+00:00"
    },
    "request": {
      "method": "PUT",
      "url": "ServiceRequest/531ca246-9d34-4649-94e3-0d6936bbbc2f"
    }
  }, {
    "fullUrl": "https://madie.cms.gov/MeasureReport/412c7a0c-8b04-47ea-aa82-d72e163dc0f1",
    "resource": {
      "resourceType": "MeasureReport",
      "id": "412c7a0c-8b04-47ea-aa82-d72e163dc0f1",
      "meta": {
        "profile": [ "http://hl7.org/fhir/us/cqfmeasures/StructureDefinition/test-case-cqfm" ]
      },
      "contained": [ {
        "resourceType": "Parameters",
        "id": "97d55b18-4c89-49a1-bd61-57acc003d27b-parameters",
        "parameter": [ {
          "name": "subject",
          "valueString": "7acbd566-b21e-46eb-a7ef-bfd023be8e9d"
        } ]
      } ],
      "extension": [ {
        "url": "http://hl7.org/fhir/us/cqfmeasures/StructureDefinition/cqfm-inputParameters",
        "valueReference": {
          "reference": "#97d55b18-4c89-49a1-bd61-57acc003d27b-parameters"
        }
      }, {
        "url": "http://hl7.org/fhir/us/cqfmeasures/StructureDefinition/cqfm-testCaseDescription",
        "valueMarkdown": "Dx prostate cancer, ADT active but with wrong code, OV in MP and procedure order present.  Should fail IPP"
      } ],
      "modifierExtension": [ {
        "url": "http://hl7.org/fhir/us/cqfmeasures/StructureDefinition/cqfm-isTestCase",
        "valueBoolean": true
      } ],
      "status": "complete",
      "type": "individual",
      "measure": "https://madie.cms.gov/Measure/BoneDensityProstateCancerAndrogenDeprivationTherapyFHIR6",
      "period": {
        "start": "2025-01-01",
        "end": "2025-12-31"
      },
      "group": [ {
        "id": "67b61060a0d801640767a597",
        "population": [ {
          "id": "E8F25116-1779-4BA6-B606-34F12AE4F5BA",
          "code": {
            "coding": [ {
              "system": "http://terminology.hl7.org/CodeSystem/measure-population",
              "code": "initial-population",
              "display": "Initial Population"
            } ]
          },
          "count": 0
        }, {
          "id": "1C145A56-9250-4444-A497-86C44F55CFDB",
          "code": {
            "coding": [ {
              "system": "http://terminology.hl7.org/CodeSystem/measure-population",
              "code": "denominator",
              "display": "Denominator"
            } ]
          },
          "count": 0
        }, {
          "id": "B1E0E3D2-D44E-4BFF-92F8-077CF1AE234F",
          "code": {
            "coding": [ {
              "system": "http://terminology.hl7.org/CodeSystem/measure-population",
              "code": "numerator",
              "display": "Numerator"
            } ]
          },
          "count": 0
        }, {
          "id": "A9552F46-139C-4270-835C-224132205362",
          "code": {
            "coding": [ {
              "system": "http://terminology.hl7.org/CodeSystem/measure-population",
              "code": "denominator-exception",
              "display": "Denominator Exception"
            } ]
          },
          "count": 0
        } ],
        "measureScore": {
          "value": 1.0
        }
      } ],
      "evaluatedResource": [ {
        "reference": "Patient/7acbd566-b21e-46eb-a7ef-bfd023be8e9d"
      }, {
        "reference": "Encounter/c426b1dc-f93b-45e2-8a6c-2a5d3ff4e5ff"
      }, {
        "reference": "Condition/5939ecba-d00e-46e8-937b-8f99b2d6426d"
      }, {
        "reference": "MedicationRequest/900f5f90-cf03-4538-a363-e4e7876baa2b"
      }, {
        "reference": "ServiceRequest/531ca246-9d34-4649-94e3-0d6936bbbc2f"
      } ]
    },
    "request": {
      "method": "PUT",
      "url": "MeasureReport/412c7a0c-8b04-47ea-aa82-d72e163dc0f1"
    }
  } ]
}