{
  "resourceType": "Bundle",
  "id": "13546451asdf3513541654FF",
  "type": "transaction",
  "entry": [ {
    "fullUrl": "https://madie.cms.gov/Patient/d07cf359-d46c-4adf-b2d4-e02a2f43b78e",
    "resource": {
      "resourceType": "Patient",
      "id": "d07cf359-d46c-4adf-b2d4-e02a2f43b78e",
      "meta": {
        "profile": [ "http://hl7.org/fhir/us/qicore/StructureDefinition/qicore-patient" ]
      },
      "extension": [ {
        "url": "http://hl7.org/fhir/us/core/StructureDefinition/us-core-race",
        "extension": [ {
          "url": "ombCategory",
          "valueCoding": {
            "system": "urn:oid:2.16.840.1.113883.6.238",
            "code": "2028-9",
            "display": "Asian",
            "userSelected": true
          }
        }, {
          "url": "text",
          "valueString": "Asian"
        } ]
      }, {
        "url": "http://hl7.org/fhir/us/core/StructureDefinition/us-core-ethnicity",
        "extension": [ {
          "url": "ombCategory",
          "valueCoding": {
            "system": "urn:oid:2.16.840.1.113883.6.238",
            "code": "2186-5",
            "display": "Not Hispanic or Latino",
            "userSelected": true
          }
        }, {
          "url": "text",
          "valueString": "Not Hispanic or Latino"
        } ]
      } ],
      "identifier": [ {
        "type": {
          "coding": [ {
            "system": "http://terminology.hl7.org/CodeSystem/v2-0203",
            "code": "MR"
          } ]
        },
        "system": "https://bonnie-fhir.healthit.gov/",
        "value": "60d4d72c410233651461d7bd"
      } ],
      "name": [ {
        "family": "DENEXCEPPass",
        "given": [ "DEXANotPerformedPtRefused" ]
      } ],
      "gender": "male",
      "birthDate": "1934-12-15"
    },
    "request": {
      "method": "PUT",
      "url": "Patient/d07cf359-d46c-4adf-b2d4-e02a2f43b78e"
    }
  }, {
    "fullUrl": "https://madie.cms.gov/Encounter/abbc95f8-8471-4b53-99e4-319355ad2680",
    "resource": {
      "resourceType": "Encounter",
      "id": "abbc95f8-8471-4b53-99e4-319355ad2680",
      "meta": {
        "profile": [ "http://hl7.org/fhir/us/qicore/StructureDefinition/qicore-encounter" ]
      },
      "status": "finished",
      "class": {
        "system": "http://terminology.hl7.org/CodeSystem/v3-ActCode",
        "code": "AMB",
        "display": "ambulatory"
      },
      "type": [ {
        "coding": [ {
          "system": "http://snomed.info/sct",
          "version": "2021-09",
          "code": "185463005",
          "display": "Visit out of hours (procedure)",
          "userSelected": true
        } ]
      } ],
      "subject": {
        "reference": "Patient/d07cf359-d46c-4adf-b2d4-e02a2f43b78e"
      },
      "period": {
        "start": "2026-04-04T08:00:00.000+00:00",
        "end": "2026-04-04T08:15:00.000+00:00"
      }
    },
    "request": {
      "method": "PUT",
      "url": "Encounter/abbc95f8-8471-4b53-99e4-319355ad2680"
    }
  }, {
    "fullUrl": "https://madie.cms.gov/Condition/5d8a5207-6ef4-4826-bf57-cb4ed8b469b0",
    "resource": {
      "resourceType": "Condition",
      "id": "5d8a5207-6ef4-4826-bf57-cb4ed8b469b0",
      "meta": {
        "profile": [ "http://hl7.org/fhir/us/qicore/StructureDefinition/qicore-condition-problems-health-concerns" ]
      },
      "clinicalStatus": {
        "coding": [ {
          "system": "http://terminology.hl7.org/CodeSystem/condition-clinical",
          "code": "active"
        } ]
      },
      "verificationStatus": {
        "coding": [ {
          "system": "http://terminology.hl7.org/CodeSystem/condition-ver-status",
          "code": "confirmed"
        } ]
      },
      "category": [ {
        "coding": [ {
          "system": "http://terminology.hl7.org/CodeSystem/condition-category",
          "code": "problem-list-item",
          "display": "Problem List Item"
        } ]
      } ],
      "code": {
        "coding": [ {
          "system": "http://snomed.info/sct",
          "version": "2021-09",
          "code": "254900004",
          "display": "Carcinoma of prostate (disorder)",
          "userSelected": true
        } ]
      },
      "subject": {
        "reference": "Patient/d07cf359-d46c-4adf-b2d4-e02a2f43b78e"
      },
      "onsetPeriod": {
        "start": "2026-04-04T08:00:00.000+00:00"
      }
    },
    "request": {
      "method": "PUT",
      "url": "Condition/5d8a5207-6ef4-4826-bf57-cb4ed8b469b0"
    }
  }, {
    "fullUrl": "https://madie.cms.gov/MedicationRequest/2d6d5376-af5a-49f8-aa4a-b1c25bb514ac",
    "resource": {
      "resourceType": "MedicationRequest",
      "id": "2d6d5376-af5a-49f8-aa4a-b1c25bb514ac",
      "meta": {
        "profile": [ "http://hl7.org/fhir/us/qicore/StructureDefinition/qicore-medicationrequest" ]
      },
      "status": "active",
      "intent": "order",
      "medicationCodeableConcept": {
        "coding": [ {
          "system": "http://www.nlm.nih.gov/research/umls/rxnorm",
          "code": "1115257",
          "display": "1.5 ML leuprolide acetate 30 MG/ML Prefilled Syringe",
          "userSelected": true
        } ]
      },
      "subject": {
        "reference": "Patient/d07cf359-d46c-4adf-b2d4-e02a2f43b78e"
      },
      "authoredOn": "2026-04-04T08:00:00.000+00:00",
      "requester": {
        "reference": "http://myGoodHealthcare.com/fhir/Practitioner/9e63dc87-c5b7-4e77-80eb-87ace8f784f8"
      },
      "dosageInstruction": [ {
        "timing": {
          "repeat": {
            "boundsPeriod": {
              "start": "2026-04-04T08:00:00.000+00:00",
              "end": "2026-05-04T08:00:00.000+00:00"
            }
          }
        }
      } ]
    },
    "request": {
      "method": "PUT",
      "url": "MedicationRequest/2d6d5376-af5a-49f8-aa4a-b1c25bb514ac"
    }
  }, {
    "fullUrl": "https://madie.cms.gov/ServiceRequest/79a292d3-2b1f-46fb-92ed-56d732fda7a8",
    "resource": {
      "resourceType": "ServiceRequest",
      "id": "79a292d3-2b1f-46fb-92ed-56d732fda7a8",
      "meta": {
        "profile": [ "http://hl7.org/fhir/us/qicore/StructureDefinition/qicore-servicerequest" ]
      },
      "status": "active",
      "intent": "order",
      "code": {
        "coding": [ {
          "system": "http://snomed.info/sct",
          "code": "456381000124102",
          "display": "Injection of leuprolide acetate for twelve month period (regime/therapy)",
          "userSelected": true
        } ]
      },
      "subject": {
        "reference": "Patient/d07cf359-d46c-4adf-b2d4-e02a2f43b78e"
      },
      "authoredOn": "2026-04-04T08:00:00.000+00:00"
    },
    "request": {
      "method": "PUT",
      "url": "ServiceRequest/79a292d3-2b1f-46fb-92ed-56d732fda7a8"
    }
  }, {
    "fullUrl": "https://madie.cms.gov/ServiceRequest/425f5b20-0172-4db1-8adf-aac75943b1a3",
    "resource": {
      "resourceType": "ServiceRequest",
      "id": "425f5b20-0172-4db1-8adf-aac75943b1a3",
      "meta": {
        "profile": [ "http://hl7.org/fhir/us/qicore/StructureDefinition/qicore-servicenotrequested" ]
      },
      "extension": [ {
        "url": "http://hl7.org/fhir/us/qicore/StructureDefinition/qicore-doNotPerformReason",
        "valueCodeableConcept": {
          "coding": [ {
            "system": "http://snomed.info/sct",
            "code": "105480006",
            "display": "Refusal of treatment by patient (situation)",
            "userSelected": true
          } ]
        }
      } ],
      "status": "completed",
      "intent": "order",
      "doNotPerform": true,
      "code": {
        "coding": [ {
          "system": "http://loinc.org",
          "version": "2.71",
          "code": "38265-5",
          "display": "DXA Radius and Ulna [T-score] Bone density",
          "userSelected": true
        } ]
      },
      "subject": {
        "reference": "Patient/d07cf359-d46c-4adf-b2d4-e02a2f43b78e"
      },
      "authoredOn": "2026-04-06T08:00:00.000+00:00"
    },
    "request": {
      "method": "PUT",
      "url": "ServiceRequest/425f5b20-0172-4db1-8adf-aac75943b1a3"
    }
  }, {
    "fullUrl": "https://madie.cms.gov/Practitioner/9e63dc87-c5b7-4e77-80eb-87ace8f784f8",
    "resource": {
      "resourceType": "Practitioner",
      "id": "9e63dc87-c5b7-4e77-80eb-87ace8f784f8",
      "meta": {
        "profile": [ "http://hl7.org/fhir/us/qicore/StructureDefinition/qicore-practitioner" ]
      },
      "identifier": [ {
        "use": "temp",
        "system": "urn:oid:2.16.840.1.113883.4.336",
        "value": "Practitioner-23"
      } ],
      "active": true,
      "name": [ {
        "family": "Careful",
        "given": [ "Adam" ],
        "prefix": [ "Dr" ]
      } ],
      "address": [ {
        "use": "home",
        "line": [ "534 Erewhon St" ],
        "city": "PleasantVille",
        "state": "UT",
        "postalCode": "84414"
      } ],
      "qualification": [ {
        "identifier": [ {
          "system": "http://example.org/UniversityIdentifier",
          "value": "12345"
        } ],
        "code": {
          "coding": [ {
            "system": "http://terminology.hl7.org/CodeSystem/v2-0360|2.7",
            "code": "BS",
            "display": "Bachelor of Science"
          } ],
          "text": "Bachelor of Science"
        },
        "period": {
          "start": "1996"
        },
        "issuer": {
          "display": "Example University"
        }
      } ]
    },
    "request": {
      "method": "PUT",
      "url": "Practitioner/9e63dc87-c5b7-4e77-80eb-87ace8f784f8"
    }
  }, {
    "fullUrl": "https://madie.cms.gov/MeasureReport/450e7b76-6ac6-416b-a18c-ce8c8b494a89",
    "resource": {
      "resourceType": "MeasureReport",
      "id": "450e7b76-6ac6-416b-a18c-ce8c8b494a89",
      "meta": {
        "profile": [ "http://hl7.org/fhir/us/cqfmeasures/StructureDefinition/test-case-cqfm" ]
      },
      "contained": [ {
        "resourceType": "Parameters",
        "id": "9a9fddba-d11f-4d35-a849-71c9f53b756d-parameters",
        "parameter": [ {
          "name": "subject",
          "valueString": "d07cf359-d46c-4adf-b2d4-e02a2f43b78e"
        } ]
      } ],
      "extension": [ {
        "url": "http://hl7.org/fhir/StructureDefinition/cqf-inputParameters",
        "valueReference": {
          "reference": "#9a9fddba-d11f-4d35-a849-71c9f53b756d-parameters"
        }
      }, {
        "url": "http://hl7.org/fhir/us/cqfmeasures/StructureDefinition/cqfm-testCaseDescription",
        "valueMarkdown": "Dx of Prostate Cancer, DEXA not performed due to patient refused. DENEXCEP passes as expected."
      } ],
      "modifierExtension": [ {
        "url": "http://hl7.org/fhir/us/cqfmeasures/StructureDefinition/cqfm-isTestCase",
        "valueBoolean": true
      } ],
      "status": "complete",
      "type": "individual",
      "measure": "https://madie.cms.gov/Measure/BoneDensityProstateCancerAndrogenDeprivationTherapyFHIR6",
      "period": {
        "start": "2026-01-01",
        "end": "2026-12-31"
      },
      "group": [ {
        "id": "Group_1",
        "population": [ {
          "id": "InitialPopulation_1",
          "code": {
            "coding": [ {
              "system": "http://terminology.hl7.org/CodeSystem/measure-population",
              "code": "initial-population",
              "display": "Initial Population"
            } ]
          },
          "count": 1
        }, {
          "id": "Denominator_1",
          "code": {
            "coding": [ {
              "system": "http://terminology.hl7.org/CodeSystem/measure-population",
              "code": "denominator",
              "display": "Denominator"
            } ]
          },
          "count": 1
        }, {
          "id": "Numerator_1",
          "code": {
            "coding": [ {
              "system": "http://terminology.hl7.org/CodeSystem/measure-population",
              "code": "numerator",
              "display": "Numerator"
            } ]
          },
          "count": 0
        }, {
          "id": "DenominatorException_1",
          "code": {
            "coding": [ {
              "system": "http://terminology.hl7.org/CodeSystem/measure-population",
              "code": "denominator-exception",
              "display": "Denominator Exception"
            } ]
          },
          "count": 0
        } ],
        "measureScore": {
          "value": 1.0
        }
      } ],
      "evaluatedResource": [ {
        "reference": "Patient/d07cf359-d46c-4adf-b2d4-e02a2f43b78e"
      }, {
        "reference": "Encounter/abbc95f8-8471-4b53-99e4-319355ad2680"
      }, {
        "reference": "Condition/5d8a5207-6ef4-4826-bf57-cb4ed8b469b0"
      }, {
        "reference": "MedicationRequest/2d6d5376-af5a-49f8-aa4a-b1c25bb514ac"
      }, {
        "reference": "ServiceRequest/79a292d3-2b1f-46fb-92ed-56d732fda7a8"
      }, {
        "reference": "ServiceRequest/425f5b20-0172-4db1-8adf-aac75943b1a3"
      }, {
        "reference": "Practitioner/9e63dc87-c5b7-4e77-80eb-87ace8f784f8"
      } ]
    },
    "request": {
      "method": "PUT",
      "url": "MeasureReport/450e7b76-6ac6-416b-a18c-ce8c8b494a89"
    }
  } ]
}