{
  "resourceType": "Bundle",
  "id": "13546451asdf3513541654FF",
  "type": "transaction",
  "entry": [ {
    "fullUrl": "https://madie.cms.gov/Patient/d07cf359-d46c-4adf-b2d4-e02a2f43b78e",
    "resource": {
      "resourceType": "Patient",
      "id": "d07cf359-d46c-4adf-b2d4-e02a2f43b78e",
      "meta": {
        "profile": [ "http://hl7.org/fhir/us/qicore/StructureDefinition/qicore-patient" ]
      },
      "extension": [ {
        "url": "http://hl7.org/fhir/us/core/StructureDefinition/us-core-race",
        "extension": [ {
          "url": "ombCategory",
          "valueCoding": {
            "system": "urn:oid:2.16.840.1.113883.6.238",
            "code": "2028-9",
            "display": "Asian",
            "userSelected": true
          }
        }, {
          "url": "text",
          "valueString": "Asian"
        } ]
      }, {
        "url": "http://hl7.org/fhir/us/core/StructureDefinition/us-core-ethnicity",
        "extension": [ {
          "url": "ombCategory",
          "valueCoding": {
            "system": "urn:oid:2.16.840.1.113883.6.238",
            "code": "2186-5",
            "display": "Not Hispanic or Latino",
            "userSelected": true
          }
        }, {
          "url": "text",
          "valueString": "Not Hispanic or Latino"
        } ]
      } ],
      "identifier": [ {
        "type": {
          "coding": [ {
            "system": "http://terminology.hl7.org/CodeSystem/v2-0203",
            "code": "MR"
          } ]
        },
        "system": "https://bonnie-fhir.healthit.gov/",
        "value": "60d4d72c410233651461d7bd"
      } ],
      "name": [ {
        "family": "DENEXCEPPass",
        "given": [ "DEXANotPerformedPtRefused" ]
      } ],
      "gender": "male",
      "birthDate": "1933-12-15"
    },
    "request": {
      "method": "PUT",
      "url": "Patient/d07cf359-d46c-4adf-b2d4-e02a2f43b78e"
    }
  }, {
    "fullUrl": "https://madie.cms.gov/Encounter/3fc34562-2d52-4a78-82c7-13b5d73fc4af",
    "resource": {
      "resourceType": "Encounter",
      "id": "3fc34562-2d52-4a78-82c7-13b5d73fc4af",
      "meta": {
        "profile": [ "http://hl7.org/fhir/us/qicore/StructureDefinition/qicore-encounter" ]
      },
      "status": "finished",
      "class": {
        "system": "http://terminology.hl7.org/CodeSystem/v3-ActCode",
        "code": "AMB",
        "display": "ambulatory"
      },
      "type": [ {
        "coding": [ {
          "system": "http://snomed.info/sct",
          "version": "2021-09",
          "code": "185463005",
          "display": "Visit out of hours (procedure)",
          "userSelected": true
        } ]
      } ],
      "subject": {
        "reference": "Patient/d07cf359-d46c-4adf-b2d4-e02a2f43b78e"
      },
      "period": {
        "start": "2025-04-04T08:00:00.000+00:00",
        "end": "2025-04-04T08:15:00.000+00:00"
      }
    },
    "request": {
      "method": "PUT",
      "url": "Encounter/3fc34562-2d52-4a78-82c7-13b5d73fc4af"
    }
  }, {
    "fullUrl": "https://madie.cms.gov/Condition/e47aa1ad-557e-4b12-b238-d67b64e90ff1",
    "resource": {
      "resourceType": "Condition",
      "id": "e47aa1ad-557e-4b12-b238-d67b64e90ff1",
      "meta": {
        "profile": [ "http://hl7.org/fhir/us/qicore/StructureDefinition/qicore-condition-problems-health-concerns" ]
      },
      "clinicalStatus": {
        "coding": [ {
          "system": "http://terminology.hl7.org/CodeSystem/condition-clinical",
          "code": "active"
        } ]
      },
      "verificationStatus": {
        "coding": [ {
          "system": "http://terminology.hl7.org/CodeSystem/condition-ver-status",
          "code": "confirmed"
        } ]
      },
      "category": [ {
        "coding": [ {
          "system": "http://terminology.hl7.org/CodeSystem/condition-category",
          "code": "problem-list-item",
          "display": "Problem List Item"
        } ]
      } ],
      "code": {
        "coding": [ {
          "system": "http://snomed.info/sct",
          "version": "2021-09",
          "code": "254900004",
          "display": "Carcinoma of prostate (disorder)",
          "userSelected": true
        } ]
      },
      "subject": {
        "reference": "Patient/d07cf359-d46c-4adf-b2d4-e02a2f43b78e"
      },
      "onsetPeriod": {
        "start": "2025-04-04T08:00:00.000+00:00"
      }
    },
    "request": {
      "method": "PUT",
      "url": "Condition/e47aa1ad-557e-4b12-b238-d67b64e90ff1"
    }
  }, {
    "fullUrl": "https://madie.cms.gov/MedicationRequest/71449262-1a16-48b2-9f7c-d2b2a03b2ce8",
    "resource": {
      "resourceType": "MedicationRequest",
      "id": "71449262-1a16-48b2-9f7c-d2b2a03b2ce8",
      "meta": {
        "profile": [ "http://hl7.org/fhir/us/qicore/StructureDefinition/qicore-medicationrequest" ]
      },
      "status": "active",
      "intent": "order",
      "medicationCodeableConcept": {
        "coding": [ {
          "system": "http://www.nlm.nih.gov/research/umls/rxnorm",
          "code": "1115257",
          "display": "1.5 ML leuprolide acetate 30 MG/ML Prefilled Syringe",
          "userSelected": true
        } ]
      },
      "subject": {
        "reference": "Patient/d07cf359-d46c-4adf-b2d4-e02a2f43b78e"
      },
      "authoredOn": "2025-04-04T08:00:00.000+00:00",
      "requester": {
        "reference": "http://myGoodHealthcare.com/fhir/Practitioner/30a38b19-33c0-4cca-bd6f-5bddb6c435fe"
      },
      "dosageInstruction": [ {
        "timing": {
          "repeat": {
            "boundsPeriod": {
              "start": "2025-04-04T08:00:00.000+00:00",
              "end": "2025-05-04T08:00:00.000+00:00"
            }
          }
        }
      } ]
    },
    "request": {
      "method": "PUT",
      "url": "MedicationRequest/71449262-1a16-48b2-9f7c-d2b2a03b2ce8"
    }
  }, {
    "fullUrl": "https://madie.cms.gov/ServiceRequest/10fcce90-decf-48d3-9cfa-4752cdb3f952",
    "resource": {
      "resourceType": "ServiceRequest",
      "id": "10fcce90-decf-48d3-9cfa-4752cdb3f952",
      "meta": {
        "profile": [ "http://hl7.org/fhir/us/qicore/StructureDefinition/qicore-servicerequest" ]
      },
      "status": "active",
      "intent": "order",
      "code": {
        "coding": [ {
          "system": "http://snomed.info/sct",
          "code": "456381000124102",
          "display": "Injection of leuprolide acetate for twelve month period (regime/therapy)",
          "userSelected": true
        } ]
      },
      "subject": {
        "reference": "Patient/d07cf359-d46c-4adf-b2d4-e02a2f43b78e"
      },
      "authoredOn": "2025-04-04T08:00:00.000+00:00"
    },
    "request": {
      "method": "PUT",
      "url": "ServiceRequest/10fcce90-decf-48d3-9cfa-4752cdb3f952"
    }
  }, {
    "fullUrl": "https://madie.cms.gov/ServiceRequest/488505cc-721b-41cb-96b9-a81b4d485677",
    "resource": {
      "resourceType": "ServiceRequest",
      "id": "488505cc-721b-41cb-96b9-a81b4d485677",
      "meta": {
        "profile": [ "http://hl7.org/fhir/us/qicore/StructureDefinition/qicore-servicenotrequested" ]
      },
      "extension": [ {
        "url": "http://hl7.org/fhir/us/qicore/StructureDefinition/qicore-doNotPerformReason",
        "valueCodeableConcept": {
          "coding": [ {
            "system": "http://snomed.info/sct",
            "code": "105480006",
            "display": "Refusal of treatment by patient (situation)",
            "userSelected": true
          } ]
        }
      } ],
      "status": "completed",
      "intent": "order",
      "doNotPerform": true,
      "code": {
        "coding": [ {
          "system": "http://loinc.org",
          "version": "2.71",
          "code": "38265-5",
          "display": "DXA Radius and Ulna [T-score] Bone density",
          "userSelected": true
        } ]
      },
      "subject": {
        "reference": "Patient/d07cf359-d46c-4adf-b2d4-e02a2f43b78e"
      },
      "authoredOn": "2025-04-06T08:00:00.000+00:00"
    },
    "request": {
      "method": "PUT",
      "url": "ServiceRequest/488505cc-721b-41cb-96b9-a81b4d485677"
    }
  }, {
    "fullUrl": "https://madie.cms.gov/Practitioner/30a38b19-33c0-4cca-bd6f-5bddb6c435fe",
    "resource": {
      "resourceType": "Practitioner",
      "id": "30a38b19-33c0-4cca-bd6f-5bddb6c435fe",
      "meta": {
        "profile": [ "http://hl7.org/fhir/us/qicore/StructureDefinition/qicore-practitioner" ]
      },
      "identifier": [ {
        "use": "temp",
        "system": "urn:oid:2.16.840.1.113883.4.336",
        "value": "Practitioner-23"
      } ],
      "active": true,
      "name": [ {
        "family": "Careful",
        "given": [ "Adam" ],
        "prefix": [ "Dr" ]
      } ],
      "address": [ {
        "use": "home",
        "line": [ "534 Erewhon St" ],
        "city": "PleasantVille",
        "state": "UT",
        "postalCode": "84414"
      } ],
      "qualification": [ {
        "identifier": [ {
          "system": "http://example.org/UniversityIdentifier",
          "value": "12345"
        } ],
        "code": {
          "coding": [ {
            "system": "http://terminology.hl7.org/CodeSystem/v2-0360|2.7",
            "code": "BS",
            "display": "Bachelor of Science"
          } ],
          "text": "Bachelor of Science"
        },
        "period": {
          "start": "1995"
        },
        "issuer": {
          "display": "Example University"
        }
      } ]
    },
    "request": {
      "method": "PUT",
      "url": "Practitioner/30a38b19-33c0-4cca-bd6f-5bddb6c435fe"
    }
  }, {
    "fullUrl": "https://madie.cms.gov/MeasureReport/1b637b04-a991-49e8-9284-9778c570c744",
    "resource": {
      "resourceType": "MeasureReport",
      "id": "1b637b04-a991-49e8-9284-9778c570c744",
      "meta": {
        "profile": [ "http://hl7.org/fhir/us/cqfmeasures/StructureDefinition/test-case-cqfm" ]
      },
      "contained": [ {
        "resourceType": "Parameters",
        "id": "716f2394-98fd-4dde-9569-cf9e45e5ebd4-parameters",
        "parameter": [ {
          "name": "subject",
          "valueString": "d07cf359-d46c-4adf-b2d4-e02a2f43b78e"
        } ]
      } ],
      "extension": [ {
        "url": "http://hl7.org/fhir/us/cqfmeasures/StructureDefinition/cqfm-inputParameters",
        "valueReference": {
          "reference": "#716f2394-98fd-4dde-9569-cf9e45e5ebd4-parameters"
        }
      }, {
        "url": "http://hl7.org/fhir/us/cqfmeasures/StructureDefinition/cqfm-testCaseDescription",
        "valueMarkdown": "Dx of Prostate Cancer, DEXA not performed due to patient refused. DENEXCEP passes as expected."
      } ],
      "modifierExtension": [ {
        "url": "http://hl7.org/fhir/us/cqfmeasures/StructureDefinition/cqfm-isTestCase",
        "valueBoolean": true
      } ],
      "status": "complete",
      "type": "individual",
      "measure": "https://madie.cms.gov/Measure/BoneDensityProstateCancerAndrogenDeprivationTherapyFHIR6",
      "period": {
        "start": "2025-01-01",
        "end": "2025-12-31"
      },
      "group": [ {
        "id": "67b61060a0d801640767a597",
        "population": [ {
          "id": "E8F25116-1779-4BA6-B606-34F12AE4F5BA",
          "code": {
            "coding": [ {
              "system": "http://terminology.hl7.org/CodeSystem/measure-population",
              "code": "initial-population",
              "display": "Initial Population"
            } ]
          },
          "count": 1
        }, {
          "id": "1C145A56-9250-4444-A497-86C44F55CFDB",
          "code": {
            "coding": [ {
              "system": "http://terminology.hl7.org/CodeSystem/measure-population",
              "code": "denominator",
              "display": "Denominator"
            } ]
          },
          "count": 1
        }, {
          "id": "B1E0E3D2-D44E-4BFF-92F8-077CF1AE234F",
          "code": {
            "coding": [ {
              "system": "http://terminology.hl7.org/CodeSystem/measure-population",
              "code": "numerator",
              "display": "Numerator"
            } ]
          },
          "count": 0
        }, {
          "id": "A9552F46-139C-4270-835C-224132205362",
          "code": {
            "coding": [ {
              "system": "http://terminology.hl7.org/CodeSystem/measure-population",
              "code": "denominator-exception",
              "display": "Denominator Exception"
            } ]
          },
          "count": 0
        } ],
        "measureScore": {
          "value": 1.0
        }
      } ],
      "evaluatedResource": [ {
        "reference": "Patient/d07cf359-d46c-4adf-b2d4-e02a2f43b78e"
      }, {
        "reference": "Encounter/3fc34562-2d52-4a78-82c7-13b5d73fc4af"
      }, {
        "reference": "Condition/e47aa1ad-557e-4b12-b238-d67b64e90ff1"
      }, {
        "reference": "MedicationRequest/71449262-1a16-48b2-9f7c-d2b2a03b2ce8"
      }, {
        "reference": "ServiceRequest/10fcce90-decf-48d3-9cfa-4752cdb3f952"
      }, {
        "reference": "ServiceRequest/488505cc-721b-41cb-96b9-a81b4d485677"
      }, {
        "reference": "Practitioner/30a38b19-33c0-4cca-bd6f-5bddb6c435fe"
      } ]
    },
    "request": {
      "method": "PUT",
      "url": "MeasureReport/1b637b04-a991-49e8-9284-9778c570c744"
    }
  } ]
}