{
  "resourceType": "Bundle",
  "id": "1634131634135131",
  "type": "transaction",
  "entry": [ {
    "fullUrl": "https://madie.cms.gov/Patient/7d6436cb-995e-4672-b5bb-04cb996b2949",
    "resource": {
      "resourceType": "Patient",
      "id": "7d6436cb-995e-4672-b5bb-04cb996b2949",
      "meta": {
        "profile": [ "http://hl7.org/fhir/us/qicore/StructureDefinition/qicore-patient" ]
      },
      "extension": [ {
        "url": "http://hl7.org/fhir/us/core/StructureDefinition/us-core-race",
        "extension": [ {
          "url": "ombCategory",
          "valueCoding": {
            "system": "urn:oid:2.16.840.1.113883.6.238",
            "code": "2054-5",
            "display": "Black or African American"
          }
        }, {
          "url": "text",
          "valueString": "Black or African American"
        } ]
      }, {
        "url": "http://hl7.org/fhir/us/core/StructureDefinition/us-core-ethnicity",
        "extension": [ {
          "url": "ombCategory",
          "valueCoding": {
            "system": "urn:oid:2.16.840.1.113883.6.238",
            "code": "2186-5",
            "display": "Not Hispanic or Latino"
          }
        }, {
          "url": "text",
          "valueString": "Not Hispanic or Latino"
        } ]
      } ],
      "identifier": [ {
        "type": {
          "coding": [ {
            "system": "http://terminology.hl7.org/CodeSystem/v2-0203",
            "code": "MR"
          } ]
        },
        "system": "https://bonnie-fhir.healthit.gov/",
        "value": "60abda28bf0a01003e3f76bd"
      } ],
      "name": [ {
        "family": "NUMERFail",
        "given": [ "DEXAGreaterThan2YearsBeforeADT" ]
      } ],
      "gender": "male",
      "birthDate": "1929-06-15"
    },
    "request": {
      "method": "PUT",
      "url": "Patient/7d6436cb-995e-4672-b5bb-04cb996b2949"
    }
  }, {
    "fullUrl": "https://madie.cms.gov/Encounter/439b5d04-0f50-4ac0-8edb-79af7fe0eea7",
    "resource": {
      "resourceType": "Encounter",
      "id": "439b5d04-0f50-4ac0-8edb-79af7fe0eea7",
      "meta": {
        "profile": [ "http://hl7.org/fhir/us/qicore/StructureDefinition/qicore-encounter" ]
      },
      "status": "finished",
      "class": {
        "system": "http://terminology.hl7.org/CodeSystem/v3-ActCode",
        "code": "AMB",
        "display": "ambulatory"
      },
      "type": [ {
        "coding": [ {
          "system": "http://snomed.info/sct",
          "version": "http://snomed.info/sct/731000124108/version/20240301",
          "code": "185463005",
          "display": "Visit out of hours (procedure)"
        } ]
      } ],
      "subject": {
        "reference": "Patient/7d6436cb-995e-4672-b5bb-04cb996b2949"
      },
      "period": {
        "start": "2025-04-04T08:00:00.000+00:00",
        "end": "2025-04-04T08:15:00.000+00:00"
      }
    },
    "request": {
      "method": "PUT",
      "url": "Encounter/439b5d04-0f50-4ac0-8edb-79af7fe0eea7"
    }
  }, {
    "fullUrl": "https://madie.cms.gov/Condition/7ee846e0-e14a-4674-bf6c-7daa9ab51997",
    "resource": {
      "resourceType": "Condition",
      "id": "7ee846e0-e14a-4674-bf6c-7daa9ab51997",
      "meta": {
        "profile": [ "http://hl7.org/fhir/us/qicore/StructureDefinition/qicore-condition-problems-health-concerns" ]
      },
      "clinicalStatus": {
        "coding": [ {
          "system": "http://terminology.hl7.org/CodeSystem/condition-clinical",
          "code": "active",
          "display": "Active"
        } ]
      },
      "verificationStatus": {
        "coding": [ {
          "system": "http://terminology.hl7.org/CodeSystem/condition-ver-status",
          "code": "confirmed"
        } ]
      },
      "category": [ {
        "coding": [ {
          "system": "http://terminology.hl7.org/CodeSystem/condition-category",
          "code": "problem-list-item",
          "display": "Problem List Item"
        } ]
      } ],
      "code": {
        "coding": [ {
          "system": "http://snomed.info/sct",
          "version": "http://snomed.info/sct/731000124108/version/20240301",
          "code": "254900004",
          "display": "Carcinoma of prostate (disorder)"
        } ]
      },
      "subject": {
        "reference": "Patient/7d6436cb-995e-4672-b5bb-04cb996b2949"
      },
      "onsetPeriod": {
        "start": "2025-04-04T08:00:00.000+00:00"
      }
    },
    "request": {
      "method": "PUT",
      "url": "Condition/7ee846e0-e14a-4674-bf6c-7daa9ab51997"
    }
  }, {
    "fullUrl": "https://madie.cms.gov/Observation/3096a510-f0cc-4e0f-9e53-3cfb2ebf841f",
    "resource": {
      "resourceType": "Observation",
      "id": "3096a510-f0cc-4e0f-9e53-3cfb2ebf841f",
      "meta": {
        "profile": [ "http://hl7.org/fhir/us/qicore/StructureDefinition/qicore-observation-lab" ]
      },
      "status": "final",
      "category": [ {
        "coding": [ {
          "system": "http://terminology.hl7.org/CodeSystem/observation-category",
          "code": "imaging",
          "display": "Imaging"
        } ]
      } ],
      "code": {
        "coding": [ {
          "system": "http://loinc.org",
          "version": "2.76",
          "code": "38265-5",
          "display": "DXA Radius and Ulna [T-score] Bone density"
        } ]
      },
      "subject": {
        "reference": "Patient/7d6436cb-995e-4672-b5bb-04cb996b2949"
      },
      "effectivePeriod": {
        "start": "2022-02-04T10:00:00.000+00:00"
      }
    },
    "request": {
      "method": "PUT",
      "url": "Observation/3096a510-f0cc-4e0f-9e53-3cfb2ebf841f"
    }
  }, {
    "fullUrl": "https://madie.cms.gov/Practitioner/0c2dceb0-fa8a-4521-b5b4-9c0c880df88b",
    "resource": {
      "resourceType": "Practitioner",
      "id": "0c2dceb0-fa8a-4521-b5b4-9c0c880df88b",
      "meta": {
        "profile": [ "http://hl7.org/fhir/us/qicore/StructureDefinition/qicore-practitioner" ]
      },
      "identifier": [ {
        "use": "temp",
        "system": "urn:oid:2.16.840.1.113883.4.336",
        "value": "Practitioner-23"
      } ],
      "active": true,
      "name": [ {
        "family": "Careful",
        "given": [ "Adam" ],
        "prefix": [ "Dr" ]
      } ],
      "address": [ {
        "use": "home",
        "line": [ "534 Erewhon St" ],
        "city": "PleasantVille",
        "state": "UT",
        "postalCode": "84414"
      } ],
      "qualification": [ {
        "identifier": [ {
          "system": "http://example.org/UniversityIdentifier",
          "value": "12345"
        } ],
        "code": {
          "coding": [ {
            "system": "http://terminology.hl7.org/CodeSystem/v2-0360|2.7",
            "code": "BS",
            "display": "Bachelor of Science"
          } ],
          "text": "Bachelor of Science"
        },
        "period": {
          "start": "1995"
        },
        "issuer": {
          "display": "Example University"
        }
      } ]
    },
    "request": {
      "method": "PUT",
      "url": "Practitioner/0c2dceb0-fa8a-4521-b5b4-9c0c880df88b"
    }
  }, {
    "fullUrl": "https://madie.cms.gov/MedicationRequest/70371ebd-98f3-4442-b4ae-dfad0a5ceba1",
    "resource": {
      "resourceType": "MedicationRequest",
      "id": "70371ebd-98f3-4442-b4ae-dfad0a5ceba1",
      "meta": {
        "profile": [ "http://hl7.org/fhir/us/qicore/StructureDefinition/qicore-medicationrequest" ]
      },
      "status": "active",
      "intent": "order",
      "medicationCodeableConcept": {
        "coding": [ {
          "system": "http://www.nlm.nih.gov/research/umls/rxnorm",
          "version": "04012024",
          "code": "1115257",
          "display": "1.5 ML leuprolide acetate 30 MG/ML Prefilled Syringe"
        } ]
      },
      "subject": {
        "reference": "Patient/7d6436cb-995e-4672-b5bb-04cb996b2949"
      },
      "authoredOn": "2025-04-04T08:00:00.000+00:00",
      "requester": {
        "reference": "http://myGoodHealthcare.com/fhir/Practitioner/0c2dceb0-fa8a-4521-b5b4-9c0c880df88b"
      },
      "dosageInstruction": [ {
        "timing": {
          "repeat": {
            "boundsPeriod": {
              "start": "2025-04-04T08:00:00.000+00:00",
              "end": "2025-05-04T08:00:00.000+00:00"
            }
          }
        }
      } ]
    },
    "request": {
      "method": "PUT",
      "url": "MedicationRequest/70371ebd-98f3-4442-b4ae-dfad0a5ceba1"
    }
  }, {
    "fullUrl": "https://madie.cms.gov/ServiceRequest/2a054aaa-4179-484a-8ec2-f5a20b380846",
    "resource": {
      "resourceType": "ServiceRequest",
      "id": "2a054aaa-4179-484a-8ec2-f5a20b380846",
      "meta": {
        "profile": [ "http://hl7.org/fhir/us/qicore/StructureDefinition/qicore-servicerequest" ]
      },
      "status": "active",
      "intent": "order",
      "code": {
        "coding": [ {
          "system": "http://snomed.info/sct",
          "version": "http://snomed.info/sct/731000124108/version/20240301",
          "code": "456381000124102",
          "display": "Injection of leuprolide acetate for twelve month period (regime/therapy)"
        } ]
      },
      "subject": {
        "reference": "Patient/7d6436cb-995e-4672-b5bb-04cb996b2949"
      },
      "authoredOn": "2025-04-04T08:00:00.000+00:00"
    },
    "request": {
      "method": "PUT",
      "url": "ServiceRequest/2a054aaa-4179-484a-8ec2-f5a20b380846"
    }
  }, {
    "fullUrl": "https://madie.cms.gov/MeasureReport/2291cb29-d5f9-4e32-9c35-08dd70e6ab2d",
    "resource": {
      "resourceType": "MeasureReport",
      "id": "2291cb29-d5f9-4e32-9c35-08dd70e6ab2d",
      "meta": {
        "profile": [ "http://hl7.org/fhir/us/cqfmeasures/StructureDefinition/test-case-cqfm" ]
      },
      "contained": [ {
        "resourceType": "Parameters",
        "id": "be30fd31-6859-4c03-b8cf-7a5bcad73e40-parameters",
        "parameter": [ {
          "name": "subject",
          "valueString": "7d6436cb-995e-4672-b5bb-04cb996b2949"
        } ]
      } ],
      "extension": [ {
        "url": "http://hl7.org/fhir/us/cqfmeasures/StructureDefinition/cqfm-inputParameters",
        "valueReference": {
          "reference": "#be30fd31-6859-4c03-b8cf-7a5bcad73e40-parameters"
        }
      }, {
        "url": "http://hl7.org/fhir/us/cqfmeasures/StructureDefinition/cqfm-testCaseDescription",
        "valueMarkdown": "Patient DEXA performed greater than 2 years before ADT.  Failed NUMER criteria."
      } ],
      "modifierExtension": [ {
        "url": "http://hl7.org/fhir/us/cqfmeasures/StructureDefinition/cqfm-isTestCase",
        "valueBoolean": true
      } ],
      "status": "complete",
      "type": "individual",
      "measure": "https://madie.cms.gov/Measure/BoneDensityProstateCancerAndrogenDeprivationTherapyFHIR6",
      "period": {
        "start": "2025-01-01",
        "end": "2025-12-31"
      },
      "group": [ {
        "id": "67b61060a0d801640767a597",
        "population": [ {
          "id": "E8F25116-1779-4BA6-B606-34F12AE4F5BA",
          "code": {
            "coding": [ {
              "system": "http://terminology.hl7.org/CodeSystem/measure-population",
              "code": "initial-population",
              "display": "Initial Population"
            } ]
          },
          "count": 1
        }, {
          "id": "1C145A56-9250-4444-A497-86C44F55CFDB",
          "code": {
            "coding": [ {
              "system": "http://terminology.hl7.org/CodeSystem/measure-population",
              "code": "denominator",
              "display": "Denominator"
            } ]
          },
          "count": 1
        }, {
          "id": "B1E0E3D2-D44E-4BFF-92F8-077CF1AE234F",
          "code": {
            "coding": [ {
              "system": "http://terminology.hl7.org/CodeSystem/measure-population",
              "code": "numerator",
              "display": "Numerator"
            } ]
          },
          "count": 0
        }, {
          "id": "A9552F46-139C-4270-835C-224132205362",
          "code": {
            "coding": [ {
              "system": "http://terminology.hl7.org/CodeSystem/measure-population",
              "code": "denominator-exception",
              "display": "Denominator Exception"
            } ]
          },
          "count": 0
        } ],
        "measureScore": {
          "value": 1.0
        }
      } ],
      "evaluatedResource": [ {
        "reference": "Patient/7d6436cb-995e-4672-b5bb-04cb996b2949"
      }, {
        "reference": "Encounter/439b5d04-0f50-4ac0-8edb-79af7fe0eea7"
      }, {
        "reference": "Condition/7ee846e0-e14a-4674-bf6c-7daa9ab51997"
      }, {
        "reference": "Observation/3096a510-f0cc-4e0f-9e53-3cfb2ebf841f"
      }, {
        "reference": "Practitioner/0c2dceb0-fa8a-4521-b5b4-9c0c880df88b"
      }, {
        "reference": "MedicationRequest/70371ebd-98f3-4442-b4ae-dfad0a5ceba1"
      }, {
        "reference": "ServiceRequest/2a054aaa-4179-484a-8ec2-f5a20b380846"
      } ]
    },
    "request": {
      "method": "PUT",
      "url": "MeasureReport/2291cb29-d5f9-4e32-9c35-08dd70e6ab2d"
    }
  } ]
}