{
  "resourceType": "Bundle",
  "id": "60abda28bf0a01003e3f76bd",
  "type": "transaction",
  "entry": [ {
    "fullUrl": "https://madie.cms.gov/Patient/2ac59cce-81b8-4060-9452-9a35fe580c6a",
    "resource": {
      "resourceType": "Patient",
      "id": "2ac59cce-81b8-4060-9452-9a35fe580c6a",
      "meta": {
        "profile": [ "http://hl7.org/fhir/us/qicore/StructureDefinition/qicore-patient" ]
      },
      "extension": [ {
        "url": "http://hl7.org/fhir/us/core/StructureDefinition/us-core-race",
        "extension": [ {
          "url": "ombCategory",
          "valueCoding": {
            "system": "urn:oid:2.16.840.1.113883.6.238",
            "code": "2054-5",
            "display": "Black or African American"
          }
        }, {
          "url": "text",
          "valueString": "Black or African American"
        } ]
      }, {
        "url": "http://hl7.org/fhir/us/core/StructureDefinition/us-core-ethnicity",
        "extension": [ {
          "url": "ombCategory",
          "valueCoding": {
            "system": "urn:oid:2.16.840.1.113883.6.238",
            "code": "2186-5",
            "display": "Not Hispanic or Latino"
          }
        }, {
          "url": "text",
          "valueString": "Not Hispanic or Latino"
        } ]
      } ],
      "identifier": [ {
        "type": {
          "coding": [ {
            "system": "http://terminology.hl7.org/CodeSystem/v2-0203",
            "code": "MR"
          } ]
        },
        "system": "https://bonnie-fhir.healthit.gov/",
        "value": "463131313187656"
      } ],
      "name": [ {
        "family": "NUMERFail",
        "given": [ "DEXA6MonthsAfterADT" ]
      } ],
      "gender": "male",
      "birthDate": "1960-06-15"
    },
    "request": {
      "method": "PUT",
      "url": "Patient/2ac59cce-81b8-4060-9452-9a35fe580c6a"
    }
  }, {
    "fullUrl": "https://madie.cms.gov/Encounter/19a22a82-96c9-4dfb-925d-4158cb76d0b8",
    "resource": {
      "resourceType": "Encounter",
      "id": "19a22a82-96c9-4dfb-925d-4158cb76d0b8",
      "meta": {
        "profile": [ "http://hl7.org/fhir/us/qicore/StructureDefinition/qicore-encounter" ]
      },
      "status": "finished",
      "class": {
        "system": "http://terminology.hl7.org/CodeSystem/v3-ActCode",
        "code": "AMB",
        "display": "ambulatory"
      },
      "type": [ {
        "coding": [ {
          "system": "http://snomed.info/sct",
          "version": "http://snomed.info/sct/731000124108/version/20240301",
          "code": "185463005",
          "display": "Visit out of hours (procedure)"
        } ]
      } ],
      "subject": {
        "reference": "Patient/2ac59cce-81b8-4060-9452-9a35fe580c6a"
      },
      "period": {
        "start": "2026-03-04T08:00:00.000+00:00",
        "end": "2026-03-04T08:15:00.000+00:00"
      }
    },
    "request": {
      "method": "PUT",
      "url": "Encounter/19a22a82-96c9-4dfb-925d-4158cb76d0b8"
    }
  }, {
    "fullUrl": "https://madie.cms.gov/Condition/2ff8185a-1ec6-415c-a60b-aebf3ac8de7f",
    "resource": {
      "resourceType": "Condition",
      "id": "2ff8185a-1ec6-415c-a60b-aebf3ac8de7f",
      "meta": {
        "profile": [ "http://hl7.org/fhir/us/qicore/StructureDefinition/qicore-condition-problems-health-concerns" ]
      },
      "clinicalStatus": {
        "coding": [ {
          "system": "http://terminology.hl7.org/CodeSystem/condition-clinical",
          "code": "active",
          "display": "Active",
          "userSelected": true
        } ]
      },
      "verificationStatus": {
        "coding": [ {
          "system": "http://terminology.hl7.org/CodeSystem/condition-ver-status",
          "code": "confirmed"
        } ]
      },
      "category": [ {
        "coding": [ {
          "system": "http://terminology.hl7.org/CodeSystem/condition-category",
          "code": "problem-list-item",
          "display": "Problem List Item"
        } ]
      } ],
      "code": {
        "coding": [ {
          "system": "http://snomed.info/sct",
          "version": "http://snomed.info/sct/731000124108/version/20240301",
          "code": "254900004",
          "display": "Carcinoma of prostate (disorder)"
        } ]
      },
      "subject": {
        "reference": "Patient/2ac59cce-81b8-4060-9452-9a35fe580c6a"
      },
      "onsetPeriod": {
        "start": "2026-03-04T08:00:00.000+00:00"
      }
    },
    "request": {
      "method": "PUT",
      "url": "Condition/2ff8185a-1ec6-415c-a60b-aebf3ac8de7f"
    }
  }, {
    "fullUrl": "https://madie.cms.gov/Observation/a988a50b-c71c-4aa1-b9c3-45de56bde16e",
    "resource": {
      "resourceType": "Observation",
      "id": "a988a50b-c71c-4aa1-b9c3-45de56bde16e",
      "meta": {
        "profile": [ "http://hl7.org/fhir/us/qicore/StructureDefinition/qicore-observation-lab" ]
      },
      "status": "final",
      "category": [ {
        "coding": [ {
          "system": "http://terminology.hl7.org/CodeSystem/observation-category",
          "code": "imaging",
          "display": "Imaging"
        } ]
      } ],
      "code": {
        "coding": [ {
          "system": "http://loinc.org",
          "version": "2.76",
          "code": "38265-5",
          "display": "DXA Radius and Ulna [T-score] Bone density"
        } ]
      },
      "subject": {
        "reference": "Patient/2ac59cce-81b8-4060-9452-9a35fe580c6a"
      },
      "effectivePeriod": {
        "start": "2026-09-01T10:00:00.000+00:00"
      }
    },
    "request": {
      "method": "PUT",
      "url": "Observation/a988a50b-c71c-4aa1-b9c3-45de56bde16e"
    }
  }, {
    "fullUrl": "https://madie.cms.gov/Practitioner/9a7e23b0-364c-4d8d-b253-74b87d4a6172",
    "resource": {
      "resourceType": "Practitioner",
      "id": "9a7e23b0-364c-4d8d-b253-74b87d4a6172",
      "meta": {
        "profile": [ "http://hl7.org/fhir/us/qicore/StructureDefinition/qicore-practitioner" ]
      },
      "identifier": [ {
        "use": "temp",
        "system": "urn:oid:2.16.840.1.113883.4.336",
        "value": "Practitioner-23"
      } ],
      "active": true,
      "name": [ {
        "family": "Careful",
        "given": [ "Adam" ],
        "prefix": [ "Dr" ]
      } ],
      "address": [ {
        "use": "home",
        "line": [ "534 Erewhon St" ],
        "city": "PleasantVille",
        "state": "UT",
        "postalCode": "84414"
      } ],
      "qualification": [ {
        "identifier": [ {
          "system": "http://example.org/UniversityIdentifier",
          "value": "12345"
        } ],
        "code": {
          "coding": [ {
            "system": "http://terminology.hl7.org/CodeSystem/v2-0360|2.7",
            "code": "BS",
            "display": "Bachelor of Science"
          } ],
          "text": "Bachelor of Science"
        },
        "period": {
          "start": "1996"
        },
        "issuer": {
          "display": "Example University"
        }
      } ]
    },
    "request": {
      "method": "PUT",
      "url": "Practitioner/9a7e23b0-364c-4d8d-b253-74b87d4a6172"
    }
  }, {
    "fullUrl": "https://madie.cms.gov/MedicationRequest/6313bcdb-5b48-40c2-8b9d-8e149e216daf",
    "resource": {
      "resourceType": "MedicationRequest",
      "id": "6313bcdb-5b48-40c2-8b9d-8e149e216daf",
      "meta": {
        "profile": [ "http://hl7.org/fhir/us/qicore/StructureDefinition/qicore-medicationrequest" ]
      },
      "status": "active",
      "intent": "order",
      "medicationCodeableConcept": {
        "coding": [ {
          "system": "http://www.nlm.nih.gov/research/umls/rxnorm",
          "version": "04012024",
          "code": "1115257",
          "display": "1.5 ML leuprolide acetate 30 MG/ML Prefilled Syringe"
        } ]
      },
      "subject": {
        "reference": "Patient/2ac59cce-81b8-4060-9452-9a35fe580c6a"
      },
      "authoredOn": "2026-03-04T08:00:00.000+00:00",
      "requester": {
        "reference": "http://myGoodHealthcare.com/fhir/Practitioner/9a7e23b0-364c-4d8d-b253-74b87d4a6172"
      },
      "dosageInstruction": [ {
        "timing": {
          "repeat": {
            "boundsPeriod": {
              "start": "2026-03-04T08:00:00.000+00:00",
              "end": "2026-04-04T08:00:00.000+00:00"
            }
          }
        }
      } ]
    },
    "request": {
      "method": "PUT",
      "url": "MedicationRequest/6313bcdb-5b48-40c2-8b9d-8e149e216daf"
    }
  }, {
    "fullUrl": "https://madie.cms.gov/ServiceRequest/6b60c5ec-b39c-4d03-8252-3c184705f327",
    "resource": {
      "resourceType": "ServiceRequest",
      "id": "6b60c5ec-b39c-4d03-8252-3c184705f327",
      "meta": {
        "profile": [ "http://hl7.org/fhir/us/qicore/StructureDefinition/qicore-servicerequest" ]
      },
      "status": "active",
      "intent": "order",
      "code": {
        "coding": [ {
          "system": "http://snomed.info/sct",
          "version": "http://snomed.info/sct/731000124108/version/20240301",
          "code": "456381000124102",
          "display": "Injection of leuprolide acetate for twelve month period (regime/therapy)"
        } ]
      },
      "subject": {
        "reference": "Patient/2ac59cce-81b8-4060-9452-9a35fe580c6a"
      },
      "authoredOn": "2026-03-04T08:00:00.000+00:00"
    },
    "request": {
      "method": "PUT",
      "url": "ServiceRequest/6b60c5ec-b39c-4d03-8252-3c184705f327"
    }
  }, {
    "fullUrl": "https://madie.cms.gov/MeasureReport/5b478eef-e501-4e58-82c4-7ed2e54a2cff",
    "resource": {
      "resourceType": "MeasureReport",
      "id": "5b478eef-e501-4e58-82c4-7ed2e54a2cff",
      "meta": {
        "profile": [ "http://hl7.org/fhir/us/cqfmeasures/StructureDefinition/test-case-cqfm" ]
      },
      "contained": [ {
        "resourceType": "Parameters",
        "id": "7d5e0316-4593-4342-a368-77e68b5ec13a-parameters",
        "parameter": [ {
          "name": "subject",
          "valueString": "2ac59cce-81b8-4060-9452-9a35fe580c6a"
        } ]
      } ],
      "extension": [ {
        "url": "http://hl7.org/fhir/StructureDefinition/cqf-inputParameters",
        "valueReference": {
          "reference": "#7d5e0316-4593-4342-a368-77e68b5ec13a-parameters"
        }
      }, {
        "url": "http://hl7.org/fhir/us/cqfmeasures/StructureDefinition/cqfm-testCaseDescription",
        "valueMarkdown": "Dx of Prostate Cancer with qualifying encounter(s) in MP. DEXA performed 6 months after ADT.  Fails NUMER Criteria"
      } ],
      "modifierExtension": [ {
        "url": "http://hl7.org/fhir/us/cqfmeasures/StructureDefinition/cqfm-isTestCase",
        "valueBoolean": true
      } ],
      "status": "complete",
      "type": "individual",
      "measure": "https://madie.cms.gov/Measure/CMS645FHIRBoneDensityProstateCancerAndrogenDeprivationTherapy",
      "period": {
        "start": "2026-01-01",
        "end": "2026-12-31"
      },
      "group": [ {
        "id": "Group_1",
        "population": [ {
          "id": "InitialPopulation_1",
          "code": {
            "coding": [ {
              "system": "http://terminology.hl7.org/CodeSystem/measure-population",
              "code": "initial-population",
              "display": "Initial Population"
            } ]
          },
          "count": 1
        }, {
          "id": "Denominator_1",
          "code": {
            "coding": [ {
              "system": "http://terminology.hl7.org/CodeSystem/measure-population",
              "code": "denominator",
              "display": "Denominator"
            } ]
          },
          "count": 1
        }, {
          "id": "Numerator_1",
          "code": {
            "coding": [ {
              "system": "http://terminology.hl7.org/CodeSystem/measure-population",
              "code": "numerator",
              "display": "Numerator"
            } ]
          },
          "count": 0
        }, {
          "id": "DenominatorException_1",
          "code": {
            "coding": [ {
              "system": "http://terminology.hl7.org/CodeSystem/measure-population",
              "code": "denominator-exception",
              "display": "Denominator Exception"
            } ]
          },
          "count": 0
        } ],
        "measureScore": {
          "value": 1.0
        }
      } ],
      "evaluatedResource": [ {
        "reference": "Patient/2ac59cce-81b8-4060-9452-9a35fe580c6a"
      }, {
        "reference": "Encounter/19a22a82-96c9-4dfb-925d-4158cb76d0b8"
      }, {
        "reference": "Condition/2ff8185a-1ec6-415c-a60b-aebf3ac8de7f"
      }, {
        "reference": "Observation/a988a50b-c71c-4aa1-b9c3-45de56bde16e"
      }, {
        "reference": "Practitioner/9a7e23b0-364c-4d8d-b253-74b87d4a6172"
      }, {
        "reference": "MedicationRequest/6313bcdb-5b48-40c2-8b9d-8e149e216daf"
      }, {
        "reference": "ServiceRequest/6b60c5ec-b39c-4d03-8252-3c184705f327"
      } ]
    },
    "request": {
      "method": "PUT",
      "url": "MeasureReport/5b478eef-e501-4e58-82c4-7ed2e54a2cff"
    }
  } ]
}