{
  "resourceType": "Bundle",
  "id": "612e6b3a02c62a011f2ecf6d",
  "type": "transaction",
  "entry": [ {
    "fullUrl": "https://madie.cms.gov/Patient/f3de2722-f32f-4430-805b-b0bfe6717c2b",
    "resource": {
      "resourceType": "Patient",
      "id": "f3de2722-f32f-4430-805b-b0bfe6717c2b",
      "meta": {
        "profile": [ "http://hl7.org/fhir/us/qicore/StructureDefinition/qicore-patient" ]
      },
      "text": {
        "status": "generated",
        "div": "<div xmlns=\"http://www.w3.org/1999/xhtml\"><div class=\"hapiHeaderText\">ICUDayAfterAdmit <b>DENEXPASS </b></div><table class=\"hapiPropertyTable\"><tbody><tr><td>Identifier</td><td>11bb5362fa7c7b63061d0c716b7b8ddb</td></tr><tr><td>Date of birth</td><td><span>02 January 1974</span></td></tr></tbody></table></div>"
      },
      "extension": [ {
        "url": "http://hl7.org/fhir/us/core/StructureDefinition/us-core-race",
        "extension": [ {
          "url": "ombCategory",
          "valueCoding": {
            "system": "urn:oid:2.16.840.1.113883.6.238",
            "code": "1002-5",
            "display": "American Indian or Alaska Native",
            "userSelected": true
          }
        }, {
          "url": "text",
          "valueString": "American Indian or Alaska Native"
        } ]
      }, {
        "url": "http://hl7.org/fhir/us/core/StructureDefinition/us-core-ethnicity",
        "extension": [ {
          "url": "ombCategory",
          "valueCoding": {
            "system": "urn:oid:2.16.840.1.113883.6.238",
            "code": "2135-2",
            "display": "Hispanic or Latino",
            "userSelected": true
          }
        }, {
          "url": "text",
          "valueString": "Hispanic or Latino"
        } ]
      } ],
      "identifier": [ {
        "type": {
          "coding": [ {
            "system": "http://terminology.hl7.org/CodeSystem/v2-0203",
            "code": "MR"
          } ]
        },
        "system": "https://bonnie-fhir.healthit.gov/",
        "value": "612e6b3a02c62a011f2ecf6d"
      } ],
      "active": true,
      "name": [ {
        "use": "usual",
        "family": "DENEXPass",
        "given": [ "ICUDayAfterAdmit" ]
      } ],
      "gender": "male",
      "birthDate": "1974-01-02"
    },
    "request": {
      "method": "PUT",
      "url": "Patient/f3de2722-f32f-4430-805b-b0bfe6717c2b"
    }
  }, {
    "fullUrl": "https://madie.cms.gov/Encounter/632a46cd-0496-4f54-b557-160cea3598a5",
    "resource": {
      "resourceType": "Encounter",
      "id": "632a46cd-0496-4f54-b557-160cea3598a5",
      "meta": {
        "profile": [ "http://hl7.org/fhir/us/qicore/StructureDefinition/qicore-encounter" ]
      },
      "status": "finished",
      "class": {
        "system": "http://terminology.hl7.org/CodeSystem/v3-ActCode",
        "code": "IMP",
        "display": "inpatient encounter"
      },
      "type": [ {
        "coding": [ {
          "system": "http://snomed.info/sct",
          "code": "8715000"
        } ]
      } ],
      "subject": {
        "reference": "Patient/f3de2722-f32f-4430-805b-b0bfe6717c2b"
      },
      "period": {
        "start": "2025-11-01T08:00:00+00:00",
        "end": "2025-11-26T08:15:00+00:00"
      },
      "length": {
        "value": 25.0,
        "unit": "days"
      },
      "location": [ {
        "location": {
          "reference": "Location/9bee3b53-540e-47e4-a289-798f55cc47e7"
        },
        "period": {
          "start": "2025-11-02T08:30:00.000+00:00",
          "end": "2025-11-03T18:15:00.000+00:00"
        }
      } ]
    },
    "request": {
      "method": "PUT",
      "url": "Encounter/632a46cd-0496-4f54-b557-160cea3598a5"
    }
  }, {
    "fullUrl": "https://madie.cms.gov/Coverage/26482e02-12f1-49b1-af72-e28a63a0fa27",
    "resource": {
      "resourceType": "Coverage",
      "id": "26482e02-12f1-49b1-af72-e28a63a0fa27",
      "status": "active",
      "beneficiary": {
        "reference": "Patient/f3de2722-f32f-4430-805b-b0bfe6717c2b"
      },
      "period": {
        "start": "1974-01-02T08:00:00+00:00"
      },
      "payor": [ {
        "reference": "Organization/0a83dccb-d273-416c-9cb9-c659548839ca"
      } ]
    },
    "request": {
      "method": "PUT",
      "url": "Coverage/26482e02-12f1-49b1-af72-e28a63a0fa27"
    }
  }, {
    "fullUrl": "https://madie.cms.gov/Location/9bee3b53-540e-47e4-a289-798f55cc47e7",
    "resource": {
      "resourceType": "Location",
      "id": "9bee3b53-540e-47e4-a289-798f55cc47e7",
      "meta": {
        "profile": [ "http://hl7.org/fhir/us/qicore/StructureDefinition/qicore-location" ]
      },
      "identifier": [ {
        "use": "usual",
        "system": "http://exampleoflocation.com",
        "value": "B1-S.F2"
      } ],
      "name": "Medical Surgical East, first floor",
      "type": [ {
        "coding": [ {
          "system": "https://www.cdc.gov/nhsn/cdaportal/terminology/codesystem/hsloc.html",
          "version": "2020",
          "code": "1025-6",
          "display": "Trauma Critical Care",
          "userSelected": true
        } ]
      } ]
    },
    "request": {
      "method": "PUT",
      "url": "Location/9bee3b53-540e-47e4-a289-798f55cc47e7"
    }
  }, {
    "fullUrl": "https://madie.cms.gov/Organization/0a83dccb-d273-416c-9cb9-c659548839ca",
    "resource": {
      "resourceType": "Organization",
      "id": "0a83dccb-d273-416c-9cb9-c659548839ca",
      "meta": {
        "profile": [ "http://hl7.org/fhir/us/qicore/StructureDefinition/qicore-organization" ]
      },
      "identifier": [ {
        "use": "temp",
        "system": "urn:oid:2.16.840.1.113883.4.4",
        "value": "21-3259825"
      } ],
      "active": true,
      "type": [ {
        "coding": [ {
          "system": "http://terminology.hl7.org/CodeSystem/organization-type",
          "code": "pay",
          "display": "Payer"
        } ]
      } ],
      "name": "Blue Cross Blue Shield of Texas",
      "telecom": [ {
        "system": "phone",
        "value": "(+1) 972-766-6900"
      } ],
      "address": [ {
        "use": "billing",
        "type": "postal",
        "line": [ "P.O. Box 660044" ],
        "city": "Dallas",
        "state": "TX",
        "postalCode": "75266-0044",
        "country": "USA"
      } ]
    },
    "request": {
      "method": "PUT",
      "url": "Organization/0a83dccb-d273-416c-9cb9-c659548839ca"
    }
  }, {
    "fullUrl": "https://madie.cms.gov/Practitioner/51b46d2a-f06d-434f-bd08-f573d6b8fac0",
    "resource": {
      "resourceType": "Practitioner",
      "id": "51b46d2a-f06d-434f-bd08-f573d6b8fac0",
      "identifier": [ {
        "system": "http://hl7.org/fhir/sid/us-npi",
        "value": "123456"
      } ],
      "name": [ {
        "family": "Evil",
        "prefix": [ "Dr" ]
      } ]
    },
    "request": {
      "method": "PUT",
      "url": "Practitioner/51b46d2a-f06d-434f-bd08-f573d6b8fac0"
    }
  }, {
    "fullUrl": "https://madie.cms.gov/MeasureReport/241a0d8c-1bc7-4a28-8d60-a30316d90a92",
    "resource": {
      "resourceType": "MeasureReport",
      "id": "241a0d8c-1bc7-4a28-8d60-a30316d90a92",
      "meta": {
        "profile": [ "http://hl7.org/fhir/us/cqfmeasures/StructureDefinition/test-case-cqfm" ]
      },
      "contained": [ {
        "resourceType": "Parameters",
        "id": "3ce97a5a-0a49-43f2-b180-a6d403f1ba13-parameters",
        "parameter": [ {
          "name": "subject",
          "valueString": "f3de2722-f32f-4430-805b-b0bfe6717c2b"
        } ]
      } ],
      "extension": [ {
        "url": "http://hl7.org/fhir/us/cqfmeasures/StructureDefinition/cqfm-inputParameters",
        "valueReference": {
          "reference": "#3ce97a5a-0a49-43f2-b180-a6d403f1ba13-parameters"
        }
      }, {
        "url": "http://hl7.org/fhir/us/cqfmeasures/StructureDefinition/cqfm-testCaseDescription",
        "valueMarkdown": "ICU admission with LOS >= 1 day; = 1 day starts after or concurrent with start of IP encounter\n"
      } ],
      "modifierExtension": [ {
        "url": "http://hl7.org/fhir/us/cqfmeasures/StructureDefinition/cqfm-isTestCase",
        "valueBoolean": true
      } ],
      "status": "complete",
      "type": "individual",
      "measure": "https://madie.cms.gov/Measure/VenousThromboembolismProphylaxisFHIR",
      "period": {
        "start": "2025-01-01",
        "end": "2025-12-31"
      },
      "group": [ {
        "population": [ {
          "code": {
            "coding": [ {
              "system": "http://terminology.hl7.org/CodeSystem/measure-population",
              "code": "initial-population",
              "display": "Initial Population"
            } ]
          },
          "count": 1
        }, {
          "code": {
            "coding": [ {
              "system": "http://terminology.hl7.org/CodeSystem/measure-population",
              "code": "denominator",
              "display": "Denominator"
            } ]
          },
          "count": 1
        }, {
          "code": {
            "coding": [ {
              "system": "http://terminology.hl7.org/CodeSystem/measure-population",
              "code": "denominator-exclusion",
              "display": "Denominator Exclusion"
            } ]
          },
          "count": 1
        }, {
          "code": {
            "coding": [ {
              "system": "http://terminology.hl7.org/CodeSystem/measure-population",
              "code": "numerator",
              "display": "Numerator"
            } ]
          },
          "count": 0
        } ]
      } ],
      "evaluatedResource": [ {
        "reference": "Patient/f3de2722-f32f-4430-805b-b0bfe6717c2b"
      }, {
        "reference": "Encounter/632a46cd-0496-4f54-b557-160cea3598a5"
      }, {
        "reference": "Coverage/26482e02-12f1-49b1-af72-e28a63a0fa27"
      }, {
        "reference": "Location/9bee3b53-540e-47e4-a289-798f55cc47e7"
      }, {
        "reference": "Organization/0a83dccb-d273-416c-9cb9-c659548839ca"
      }, {
        "reference": "Practitioner/51b46d2a-f06d-434f-bd08-f573d6b8fac0"
      } ]
    },
    "request": {
      "method": "PUT",
      "url": "MeasureReport/241a0d8c-1bc7-4a28-8d60-a30316d90a92"
    }
  } ]
}