{
  "resourceType": "Bundle",
  "id": "612e6a9802c62a011f2ea828",
  "type": "transaction",
  "entry": [ {
    "fullUrl": "https://madie.cms.gov/Patient/81eda046-d2d4-481c-9ae1-915a1d3419e3",
    "resource": {
      "resourceType": "Patient",
      "id": "81eda046-d2d4-481c-9ae1-915a1d3419e3",
      "meta": {
        "profile": [ "http://hl7.org/fhir/us/qicore/StructureDefinition/qicore-patient" ]
      },
      "text": {
        "status": "generated",
        "div": "<div xmlns=\"http://www.w3.org/1999/xhtml\"><div class=\"hapiHeaderText\">MedReason_MO_Warf_DO_IPC_IPEnc <b>NUMERPASS </b></div><table class=\"hapiPropertyTable\"><tbody><tr><td>Identifier</td><td>7e62c5832c05e34e66418ee66816965a</td></tr><tr><td>Date of birth</td><td><span>02 January 1974</span></td></tr></tbody></table></div>"
      },
      "extension": [ {
        "url": "http://hl7.org/fhir/us/core/StructureDefinition/us-core-race",
        "extension": [ {
          "url": "ombCategory",
          "valueCoding": {
            "system": "urn:oid:2.16.840.1.113883.6.238",
            "code": "1002-5",
            "display": "American Indian or Alaska Native",
            "userSelected": true
          }
        }, {
          "url": "text",
          "valueString": "American Indian or Alaska Native"
        } ]
      }, {
        "url": "http://hl7.org/fhir/us/core/StructureDefinition/us-core-ethnicity",
        "extension": [ {
          "url": "ombCategory",
          "valueCoding": {
            "system": "urn:oid:2.16.840.1.113883.6.238",
            "code": "2135-2",
            "display": "Hispanic or Latino",
            "userSelected": true
          }
        }, {
          "url": "text",
          "valueString": "Hispanic or Latino"
        } ]
      } ],
      "identifier": [ {
        "type": {
          "coding": [ {
            "system": "http://terminology.hl7.org/CodeSystem/v2-0203",
            "code": "MR"
          } ]
        },
        "system": "https://bonnie-fhir.healthit.gov/",
        "value": "612e6a9802c62a011f2ea828"
      } ],
      "active": true,
      "name": [ {
        "use": "usual",
        "family": "NUMERPass",
        "given": [ "MedReason_MO_Warf_DO_IPC_IPEnc" ]
      } ],
      "gender": "male",
      "birthDate": "1974-01-02"
    },
    "request": {
      "method": "PUT",
      "url": "Patient/81eda046-d2d4-481c-9ae1-915a1d3419e3"
    }
  }, {
    "fullUrl": "https://madie.cms.gov/Encounter/7f4cff87-d69e-42f9-b03d-c1c5971b1b35",
    "resource": {
      "resourceType": "Encounter",
      "id": "7f4cff87-d69e-42f9-b03d-c1c5971b1b35",
      "meta": {
        "profile": [ "http://hl7.org/fhir/us/qicore/StructureDefinition/qicore-encounter" ]
      },
      "status": "finished",
      "class": {
        "system": "http://terminology.hl7.org/CodeSystem/v3-ActCode",
        "code": "IMP",
        "display": "inpatient encounter"
      },
      "type": [ {
        "coding": [ {
          "system": "http://snomed.info/sct",
          "code": "8715000"
        } ]
      } ],
      "subject": {
        "reference": "Patient/81eda046-d2d4-481c-9ae1-915a1d3419e3"
      },
      "period": {
        "start": "2025-11-01T08:00:00+00:00",
        "end": "2025-11-26T08:15:00+00:00"
      },
      "length": {
        "value": 25.0,
        "unit": "days"
      }
    },
    "request": {
      "method": "PUT",
      "url": "Encounter/7f4cff87-d69e-42f9-b03d-c1c5971b1b35"
    }
  }, {
    "fullUrl": "https://madie.cms.gov/Coverage/91842b89-6683-46ba-9190-eb2367029257",
    "resource": {
      "resourceType": "Coverage",
      "id": "91842b89-6683-46ba-9190-eb2367029257",
      "status": "active",
      "beneficiary": {
        "reference": "Patient/81eda046-d2d4-481c-9ae1-915a1d3419e3"
      },
      "period": {
        "start": "1974-01-02T08:00:00+00:00"
      },
      "payor": [ {
        "reference": "Organization/11d1a6e2-92d5-429e-af61-5baf25d6726e"
      } ]
    },
    "request": {
      "method": "PUT",
      "url": "Coverage/91842b89-6683-46ba-9190-eb2367029257"
    }
  }, {
    "fullUrl": "https://madie.cms.gov/MedicationRequest/6b0e5ef5-eb56-4b69-bc3a-e22a78762ad9",
    "resource": {
      "resourceType": "MedicationRequest",
      "id": "6b0e5ef5-eb56-4b69-bc3a-e22a78762ad9",
      "meta": {
        "profile": [ "http://hl7.org/fhir/us/qicore/StructureDefinition/qicore-mednotrequested" ]
      },
      "status": "completed",
      "intent": "order",
      "category": [ {
        "coding": [ {
          "system": "http://terminology.hl7.org/CodeSystem/medicationrequest-category",
          "code": "community"
        } ]
      } ],
      "doNotPerform": true,
      "medicationCodeableConcept": {
        "coding": [ {
          "system": "http://www.nlm.nih.gov/research/umls/rxnorm",
          "code": "855288"
        } ]
      },
      "subject": {
        "reference": "Patient/81eda046-d2d4-481c-9ae1-915a1d3419e3"
      },
      "authoredOn": "2025-11-02T09:00:00.000+00:00",
      "requester": {
        "reference": "Practitioner/123456"
      },
      "reasonCode": [ {
        "coding": [ {
          "system": "http://snomed.info/sct",
          "code": "183932001",
          "display": "Procedure contraindicated (situation)",
          "userSelected": true
        } ]
      } ]
    },
    "request": {
      "method": "PUT",
      "url": "MedicationRequest/6b0e5ef5-eb56-4b69-bc3a-e22a78762ad9"
    }
  }, {
    "fullUrl": "https://madie.cms.gov/ServiceRequest/1f1f9548-89f8-4b3a-b536-d856cbdb71d6",
    "resource": {
      "resourceType": "ServiceRequest",
      "id": "1f1f9548-89f8-4b3a-b536-d856cbdb71d6",
      "meta": {
        "profile": [ "http://hl7.org/fhir/us/qicore/StructureDefinition/qicore-servicenotrequested" ]
      },
      "extension": [ {
        "url": "http://hl7.org/fhir/us/qicore/StructureDefinition/qicore-doNotPerformReason",
        "valueCodeableConcept": {
          "coding": [ {
            "system": "http://snomed.info/sct",
            "code": "183932001",
            "display": "Procedure contraindicated (situation)"
          } ]
        }
      } ],
      "status": "completed",
      "intent": "order",
      "doNotPerform": true,
      "code": {
        "coding": [ {
          "system": "http://snomed.info/sct",
          "version": "2025-03",
          "code": "432441000124100",
          "display": "Intermittent pneumatic compression device (physical object)",
          "userSelected": true
        } ]
      },
      "subject": {
        "reference": "Patient/81eda046-d2d4-481c-9ae1-915a1d3419e3"
      },
      "authoredOn": "2025-11-02T10:00:00+00:00"
    },
    "request": {
      "method": "PUT",
      "url": "ServiceRequest/1f1f9548-89f8-4b3a-b536-d856cbdb71d6"
    }
  }, {
    "fullUrl": "https://madie.cms.gov/Organization/11d1a6e2-92d5-429e-af61-5baf25d6726e",
    "resource": {
      "resourceType": "Organization",
      "id": "11d1a6e2-92d5-429e-af61-5baf25d6726e",
      "meta": {
        "profile": [ "http://hl7.org/fhir/us/qicore/StructureDefinition/qicore-organization" ]
      },
      "identifier": [ {
        "use": "temp",
        "system": "urn:oid:2.16.840.1.113883.4.4",
        "value": "21-3259825"
      } ],
      "active": true,
      "type": [ {
        "coding": [ {
          "system": "http://terminology.hl7.org/CodeSystem/organization-type",
          "code": "pay",
          "display": "Payer"
        } ]
      } ],
      "name": "Blue Cross Blue Shield of Texas",
      "telecom": [ {
        "system": "phone",
        "value": "(+1) 972-766-6900"
      } ],
      "address": [ {
        "use": "billing",
        "type": "postal",
        "line": [ "P.O. Box 660044" ],
        "city": "Dallas",
        "state": "TX",
        "postalCode": "75266-0044",
        "country": "USA"
      } ]
    },
    "request": {
      "method": "PUT",
      "url": "Organization/11d1a6e2-92d5-429e-af61-5baf25d6726e"
    }
  }, {
    "fullUrl": "https://madie.cms.gov/Practitioner/a4ec516a-b056-42b3-95af-de47799380d8",
    "resource": {
      "resourceType": "Practitioner",
      "id": "a4ec516a-b056-42b3-95af-de47799380d8",
      "identifier": [ {
        "system": "http://hl7.org/fhir/sid/us-npi",
        "value": "123456"
      } ],
      "name": [ {
        "family": "Evil",
        "prefix": [ "Dr" ]
      } ]
    },
    "request": {
      "method": "PUT",
      "url": "Practitioner/a4ec516a-b056-42b3-95af-de47799380d8"
    }
  }, {
    "fullUrl": "https://madie.cms.gov/MeasureReport/38d72ec0-953d-4390-8a80-84286f483c35",
    "resource": {
      "resourceType": "MeasureReport",
      "id": "38d72ec0-953d-4390-8a80-84286f483c35",
      "meta": {
        "profile": [ "http://hl7.org/fhir/us/cqfmeasures/StructureDefinition/test-case-cqfm" ]
      },
      "contained": [ {
        "resourceType": "Parameters",
        "id": "22a3c44b-d145-42e1-9845-4baa3c9f3cf9-parameters",
        "parameter": [ {
          "name": "subject",
          "valueString": "81eda046-d2d4-481c-9ae1-915a1d3419e3"
        } ]
      } ],
      "extension": [ {
        "url": "http://hl7.org/fhir/us/cqfmeasures/StructureDefinition/cqfm-inputParameters",
        "valueReference": {
          "reference": "#22a3c44b-d145-42e1-9845-4baa3c9f3cf9-parameters"
        }
      }, {
        "url": "http://hl7.org/fhir/us/cqfmeasures/StructureDefinition/cqfm-testCaseDescription",
        "valueMarkdown": "IPC and warfarin not ordered due to medical reason <= 1 day after start of IP encounter\n"
      } ],
      "modifierExtension": [ {
        "url": "http://hl7.org/fhir/us/cqfmeasures/StructureDefinition/cqfm-isTestCase",
        "valueBoolean": true
      } ],
      "status": "complete",
      "type": "individual",
      "measure": "https://madie.cms.gov/Measure/VenousThromboembolismProphylaxisFHIR",
      "period": {
        "start": "2025-01-01",
        "end": "2025-12-31"
      },
      "group": [ {
        "population": [ {
          "code": {
            "coding": [ {
              "system": "http://terminology.hl7.org/CodeSystem/measure-population",
              "code": "initial-population",
              "display": "Initial Population"
            } ]
          },
          "count": 1
        }, {
          "code": {
            "coding": [ {
              "system": "http://terminology.hl7.org/CodeSystem/measure-population",
              "code": "denominator",
              "display": "Denominator"
            } ]
          },
          "count": 1
        }, {
          "code": {
            "coding": [ {
              "system": "http://terminology.hl7.org/CodeSystem/measure-population",
              "code": "denominator-exclusion",
              "display": "Denominator Exclusion"
            } ]
          },
          "count": 0
        }, {
          "code": {
            "coding": [ {
              "system": "http://terminology.hl7.org/CodeSystem/measure-population",
              "code": "numerator",
              "display": "Numerator"
            } ]
          },
          "count": 1
        } ]
      } ],
      "evaluatedResource": [ {
        "reference": "Patient/81eda046-d2d4-481c-9ae1-915a1d3419e3"
      }, {
        "reference": "Encounter/7f4cff87-d69e-42f9-b03d-c1c5971b1b35"
      }, {
        "reference": "Coverage/91842b89-6683-46ba-9190-eb2367029257"
      }, {
        "reference": "MedicationRequest/6b0e5ef5-eb56-4b69-bc3a-e22a78762ad9"
      }, {
        "reference": "ServiceRequest/1f1f9548-89f8-4b3a-b536-d856cbdb71d6"
      }, {
        "reference": "Organization/11d1a6e2-92d5-429e-af61-5baf25d6726e"
      }, {
        "reference": "Practitioner/a4ec516a-b056-42b3-95af-de47799380d8"
      } ]
    },
    "request": {
      "method": "PUT",
      "url": "MeasureReport/38d72ec0-953d-4390-8a80-84286f483c35"
    }
  } ]
}