{
  "resourceType": "Bundle",
  "id": "DENEXFail-HospiceServicesEndOnJan1AfterMP",
  "type": "collection",
  "entry": [ {
    "fullUrl": "https://madie.cms.gov/Patient/bed5f054-2f38-4b02-998f-e7e64012cfb9",
    "resource": {
      "resourceType": "Patient",
      "id": "bed5f054-2f38-4b02-998f-e7e64012cfb9",
      "meta": {
        "profile": [ "http://hl7.org/fhir/us/qicore/StructureDefinition/qicore-patient" ]
      },
      "extension": [ {
        "url": "http://hl7.org/fhir/us/core/StructureDefinition/us-core-race",
        "extension": [ {
          "url": "ombCategory",
          "valueCoding": {
            "system": "urn:oid:2.16.840.1.113883.6.238",
            "code": "2028-9",
            "display": "Asian"
          }
        }, {
          "url": "text",
          "valueString": "Asian"
        } ]
      }, {
        "url": "http://hl7.org/fhir/us/core/StructureDefinition/us-core-ethnicity",
        "extension": [ {
          "url": "ombCategory",
          "valueCoding": {
            "system": "urn:oid:2.16.840.1.113883.6.238",
            "code": "2135-2",
            "display": "Hispanic or Latino"
          }
        }, {
          "url": "text",
          "valueString": "Hispanic or Latino"
        } ]
      } ],
      "identifier": [ {
        "system": "http://hospital.smarthealthit.org",
        "value": "999999995"
      } ],
      "name": [ {
        "family": "Bertha",
        "given": [ "Betty" ]
      } ],
      "gender": "female",
      "birthDate": "2005-01-01"
    }
  }, {
    "fullUrl": "https://madie.cms.gov/Encounter/c1ad000f-a7a4-41f6-a24f-2ced8454e788",
    "resource": {
      "resourceType": "Encounter",
      "id": "c1ad000f-a7a4-41f6-a24f-2ced8454e788",
      "meta": {
        "profile": [ "http://hl7.org/fhir/us/qicore/StructureDefinition/qicore-encounter" ]
      },
      "status": "finished",
      "class": {
        "system": "http://terminology.hl7.org/CodeSystem/v3-ActCode",
        "code": "AMB",
        "display": "ambulatory"
      },
      "type": [ {
        "coding": [ {
          "system": "http://www.ada.org/cdt",
          "code": "D0120",
          "display": "periodic oral evaluation - established patient"
        } ]
      } ],
      "subject": {
        "reference": "Patient/bed5f054-2f38-4b02-998f-e7e64012cfb9"
      },
      "period": {
        "start": "2025-01-01T00:00:00.000Z",
        "end": "2025-01-01T01:15:00.000Z"
      }
    }
  }, {
    "fullUrl": "https://madie.cms.gov/Encounter/c1ad000f-a7a4-41f6-a24f-2ced8454e788.1",
    "resource": {
      "resourceType": "Encounter",
      "id": "c1ad000f-a7a4-41f6-a24f-2ced8454e788.1",
      "meta": {
        "profile": [ "http://hl7.org/fhir/us/qicore/StructureDefinition/qicore-encounter" ]
      },
      "status": "finished",
      "class": {
        "system": "http://terminology.hl7.org/CodeSystem/v3-ActCode",
        "code": "AMB",
        "display": "ambulatory"
      },
      "type": [ {
        "coding": [ {
          "system": "http://snomed.info/sct",
          "code": "183452005",
          "display": "Emergency hospital admission (procedure)"
        } ]
      } ],
      "subject": {
        "reference": "Patient/bed5f054-2f38-4b02-998f-e7e64012cfb9"
      },
      "period": {
        "start": "2026-01-01T00:00:00.000Z",
        "end": "2026-01-01T01:00:00.000Z"
      },
      "hospitalization": {
        "dischargeDisposition": {
          "coding": [ {
            "system": "http://snomed.info/sct",
            "code": "428371000124100",
            "display": "Discharge to healthcare facility for hospice care (procedure)"
          } ]
        }
      }
    }
  }, {
    "fullUrl": "https://madie.cms.gov/MeasureReport/50338298-26b4-4fd8-8541-1af8f5f3e9db",
    "resource": {
      "resourceType": "MeasureReport",
      "id": "50338298-26b4-4fd8-8541-1af8f5f3e9db",
      "meta": {
        "profile": [ "http://hl7.org/fhir/us/cqfmeasures/StructureDefinition/test-case-cqfm" ]
      },
      "contained": [ {
        "resourceType": "Parameters",
        "id": "01156d08-5327-439f-b45f-39066d4a99a8-parameters",
        "parameter": [ {
          "name": "subject",
          "valueString": "bed5f054-2f38-4b02-998f-e7e64012cfb9"
        } ]
      } ],
      "extension": [ {
        "url": "http://hl7.org/fhir/us/cqfmeasures/StructureDefinition/cqfm-inputParameters",
        "valueReference": {
          "reference": "#01156d08-5327-439f-b45f-39066d4a99a8-parameters"
        }
      }, {
        "url": "http://hl7.org/fhir/us/cqfmeasures/StructureDefinition/cqfm-testCaseDescription",
        "valueMarkdown": "Patient 20yo w/ an Oral Evaluation Encounter 1/1 of the MP & Hospice Encounter that ends on 1/1 after the MP.\""
      } ],
      "modifierExtension": [ {
        "url": "http://hl7.org/fhir/us/cqfmeasures/StructureDefinition/cqfm-isTestCase",
        "valueBoolean": true
      } ],
      "status": "complete",
      "type": "individual",
      "measure": "https://madie.cms.gov/Measure/ChildrenWhoHaveDentalDecayOrCavitiesFHIR",
      "period": {
        "start": "2025-01-01",
        "end": "2025-12-31"
      },
      "group": [ {
        "population": [ {
          "code": {
            "coding": [ {
              "system": "http://terminology.hl7.org/CodeSystem/measure-population",
              "code": "initial-population",
              "display": "Initial Population"
            } ]
          },
          "count": 1
        }, {
          "code": {
            "coding": [ {
              "system": "http://terminology.hl7.org/CodeSystem/measure-population",
              "code": "denominator",
              "display": "Denominator"
            } ]
          },
          "count": 1
        }, {
          "code": {
            "coding": [ {
              "system": "http://terminology.hl7.org/CodeSystem/measure-population",
              "code": "denominator-exclusion",
              "display": "Denominator Exclusion"
            } ]
          },
          "count": 0
        }, {
          "code": {
            "coding": [ {
              "system": "http://terminology.hl7.org/CodeSystem/measure-population",
              "code": "numerator",
              "display": "Numerator"
            } ]
          },
          "count": 0
        } ]
      } ],
      "evaluatedResource": [ {
        "reference": "Patient/bed5f054-2f38-4b02-998f-e7e64012cfb9"
      }, {
        "reference": "Encounter/c1ad000f-a7a4-41f6-a24f-2ced8454e788"
      }, {
        "reference": "Encounter/c1ad000f-a7a4-41f6-a24f-2ced8454e788.1"
      } ]
    }
  } ]
}