{
  "resourceType": "Bundle",
  "id": "62bb3859e8081f5ef5e199f5",
  "type": "transaction",
  "entry": [ {
    "fullUrl": "https://madie.cms.gov/Patient/49ba8395-b407-4572-aa85-ebac88a617ee",
    "resource": {
      "resourceType": "Patient",
      "id": "49ba8395-b407-4572-aa85-ebac88a617ee",
      "meta": {
        "profile": [ "http://hl7.org/fhir/us/qicore/StructureDefinition/qicore-patient" ]
      },
      "extension": [ {
        "url": "http://hl7.org/fhir/us/core/StructureDefinition/us-core-race",
        "extension": [ {
          "url": "ombCategory",
          "valueCoding": {
            "system": "urn:oid:2.16.840.1.113883.6.238",
            "code": "1002-5",
            "display": "American Indian or Alaska Native",
            "userSelected": true
          }
        }, {
          "url": "text",
          "valueString": "American Indian or Alaska Native"
        } ]
      }, {
        "url": "http://hl7.org/fhir/us/core/StructureDefinition/us-core-ethnicity",
        "extension": [ {
          "url": "ombCategory",
          "valueCoding": {
            "system": "urn:oid:2.16.840.1.113883.6.238",
            "code": "2135-2",
            "display": "Hispanic or Latino",
            "userSelected": true
          }
        }, {
          "url": "text",
          "valueString": "Hispanic or Latino"
        } ]
      } ],
      "identifier": [ {
        "type": {
          "coding": [ {
            "system": "http://terminology.hl7.org/CodeSystem/v2-0203",
            "code": "MR"
          } ]
        },
        "system": "https://bonnie-fhir.healthit.gov/",
        "value": "62bb3859e8081f5ef5e199f5"
      } ],
      "name": [ {
        "family": "IPPFail",
        "given": [ "ADTActive1DayBeforePCaDx" ]
      } ],
      "gender": "male",
      "birthDate": "1962-07-19"
    },
    "request": {
      "method": "PUT",
      "url": "Patient/49ba8395-b407-4572-aa85-ebac88a617ee"
    }
  }, {
    "fullUrl": "https://madie.cms.gov/Encounter/02a5cb02-5300-47ca-95e9-ede37fb6c8a2",
    "resource": {
      "resourceType": "Encounter",
      "id": "02a5cb02-5300-47ca-95e9-ede37fb6c8a2",
      "meta": {
        "profile": [ "http://hl7.org/fhir/us/qicore/StructureDefinition/qicore-encounter" ]
      },
      "status": "finished",
      "class": {
        "system": "http://terminology.hl7.org/CodeSystem/v3-ActCode",
        "code": "AMB",
        "display": "ambulatory"
      },
      "type": [ {
        "coding": [ {
          "system": "http://snomed.info/sct",
          "version": "http://snomed.info/sct/731000124108/version/20240401",
          "code": "185463005",
          "display": "Visit out of hours (procedure)",
          "userSelected": true
        } ]
      } ],
      "subject": {
        "reference": "Patient/49ba8395-b407-4572-aa85-ebac88a617ee"
      },
      "period": {
        "start": "2026-03-03T08:00:00.000+00:00",
        "end": "2026-03-03T08:15:00.000+00:00"
      }
    },
    "request": {
      "method": "PUT",
      "url": "Encounter/02a5cb02-5300-47ca-95e9-ede37fb6c8a2"
    }
  }, {
    "fullUrl": "https://madie.cms.gov/Condition/caa313a8-d70a-4a3d-a90a-f3bf2e933e08",
    "resource": {
      "resourceType": "Condition",
      "id": "caa313a8-d70a-4a3d-a90a-f3bf2e933e08",
      "meta": {
        "profile": [ "http://hl7.org/fhir/us/qicore/StructureDefinition/qicore-condition-problems-health-concerns" ]
      },
      "clinicalStatus": {
        "coding": [ {
          "system": "http://terminology.hl7.org/CodeSystem/condition-clinical",
          "code": "active",
          "display": "Active",
          "userSelected": true
        } ]
      },
      "verificationStatus": {
        "coding": [ {
          "system": "http://terminology.hl7.org/CodeSystem/condition-ver-status",
          "code": "confirmed",
          "display": "Confirmed",
          "userSelected": true
        } ]
      },
      "category": [ {
        "coding": [ {
          "system": "http://terminology.hl7.org/CodeSystem/condition-category",
          "code": "problem-list-item",
          "display": "Problem List Item"
        } ]
      } ],
      "code": {
        "coding": [ {
          "system": "http://snomed.info/sct",
          "version": "http://snomed.info/sct/731000124108/version/20240401",
          "code": "254900004",
          "display": "Carcinoma of prostate (disorder)",
          "userSelected": true
        } ]
      },
      "subject": {
        "reference": "Patient/49ba8395-b407-4572-aa85-ebac88a617ee"
      },
      "onsetPeriod": {
        "start": "2026-03-03T08:00:00.000+00:00"
      }
    },
    "request": {
      "method": "PUT",
      "url": "Condition/caa313a8-d70a-4a3d-a90a-f3bf2e933e08"
    }
  }, {
    "fullUrl": "https://madie.cms.gov/MedicationRequest/87205a90-f9ed-44a8-b0e2-57ec82f6da07",
    "resource": {
      "resourceType": "MedicationRequest",
      "id": "87205a90-f9ed-44a8-b0e2-57ec82f6da07",
      "meta": {
        "profile": [ "http://hl7.org/fhir/us/qicore/StructureDefinition/qicore-medicationrequest" ]
      },
      "status": "active",
      "intent": "order",
      "medicationCodeableConcept": {
        "coding": [ {
          "system": "http://www.nlm.nih.gov/research/umls/rxnorm",
          "version": "2025-01",
          "code": "752884",
          "display": "0.375 ML leuprolide acetate 120 MG/ML Prefilled Syringe",
          "userSelected": true
        } ]
      },
      "subject": {
        "reference": "Patient/49ba8395-b407-4572-aa85-ebac88a617ee"
      },
      "authoredOn": "2026-03-02T08:00:00.000+00:00",
      "requester": {
        "reference": "http://myGoodHealthcare.com/fhir/Practitioner/646346"
      },
      "dosageInstruction": [ {
        "timing": {
          "repeat": {
            "boundsPeriod": {
              "start": "2026-03-02T08:00:00.000+00:00"
            }
          }
        }
      } ]
    },
    "request": {
      "method": "PUT",
      "url": "MedicationRequest/87205a90-f9ed-44a8-b0e2-57ec82f6da07"
    }
  }, {
    "fullUrl": "https://madie.cms.gov/ServiceRequest/db5bed02-bec0-4cb7-9276-d9a280425fb4",
    "resource": {
      "resourceType": "ServiceRequest",
      "id": "db5bed02-bec0-4cb7-9276-d9a280425fb4",
      "meta": {
        "profile": [ "http://hl7.org/fhir/us/qicore/StructureDefinition/qicore-servicerequest" ]
      },
      "status": "active",
      "intent": "order",
      "code": {
        "coding": [ {
          "system": "http://snomed.info/sct",
          "code": "456381000124102",
          "display": "Injection of leuprolide acetate for twelve month period (regime/therapy)",
          "userSelected": true
        } ]
      },
      "subject": {
        "reference": "Patient/49ba8395-b407-4572-aa85-ebac88a617ee"
      },
      "authoredOn": "2026-03-02T08:00:00.000+00:00"
    },
    "request": {
      "method": "PUT",
      "url": "ServiceRequest/db5bed02-bec0-4cb7-9276-d9a280425fb4"
    }
  }, {
    "fullUrl": "https://madie.cms.gov/MeasureReport/3f7ffb87-fd8f-4cd6-9729-b548de2e4aaf",
    "resource": {
      "resourceType": "MeasureReport",
      "id": "3f7ffb87-fd8f-4cd6-9729-b548de2e4aaf",
      "meta": {
        "profile": [ "http://hl7.org/fhir/us/cqfmeasures/StructureDefinition/test-case-cqfm" ]
      },
      "contained": [ {
        "resourceType": "Parameters",
        "id": "b85040ac-d6b7-4109-838c-100c16ec484f-parameters",
        "parameter": [ {
          "name": "subject",
          "valueString": "49ba8395-b407-4572-aa85-ebac88a617ee"
        } ]
      } ],
      "extension": [ {
        "url": "http://hl7.org/fhir/StructureDefinition/cqf-inputParameters",
        "valueReference": {
          "reference": "#b85040ac-d6b7-4109-838c-100c16ec484f-parameters"
        }
      }, {
        "url": "http://hl7.org/fhir/us/cqfmeasures/StructureDefinition/cqfm-testCaseDescription",
        "valueMarkdown": "Office Visit in MP.   Dx. Prostate Cancer.  Procedure Order in MP.  Androgen Deprivation Therapy For Urology Care given 1 day before PCa dx..   Fails IPP Criteria"
      } ],
      "modifierExtension": [ {
        "url": "http://hl7.org/fhir/us/cqfmeasures/StructureDefinition/cqfm-isTestCase",
        "valueBoolean": true
      } ],
      "status": "complete",
      "type": "individual",
      "measure": "https://madie.cms.gov/Measure/CMS645FHIRBoneDensityProstateCancerAndrogenDeprivationTherapy",
      "period": {
        "start": "2026-01-01",
        "end": "2026-12-31"
      },
      "group": [ {
        "id": "Group_1",
        "population": [ {
          "id": "InitialPopulation_1",
          "code": {
            "coding": [ {
              "system": "http://terminology.hl7.org/CodeSystem/measure-population",
              "code": "initial-population",
              "display": "Initial Population"
            } ]
          },
          "count": 0
        }, {
          "id": "Denominator_1",
          "code": {
            "coding": [ {
              "system": "http://terminology.hl7.org/CodeSystem/measure-population",
              "code": "denominator",
              "display": "Denominator"
            } ]
          },
          "count": 0
        }, {
          "id": "Numerator_1",
          "code": {
            "coding": [ {
              "system": "http://terminology.hl7.org/CodeSystem/measure-population",
              "code": "numerator",
              "display": "Numerator"
            } ]
          },
          "count": 0
        }, {
          "id": "DenominatorException_1",
          "code": {
            "coding": [ {
              "system": "http://terminology.hl7.org/CodeSystem/measure-population",
              "code": "denominator-exception",
              "display": "Denominator Exception"
            } ]
          },
          "count": 0
        } ],
        "measureScore": {
          "value": 1.0
        }
      } ],
      "evaluatedResource": [ {
        "reference": "Patient/49ba8395-b407-4572-aa85-ebac88a617ee"
      }, {
        "reference": "Encounter/02a5cb02-5300-47ca-95e9-ede37fb6c8a2"
      }, {
        "reference": "Condition/caa313a8-d70a-4a3d-a90a-f3bf2e933e08"
      }, {
        "reference": "MedicationRequest/87205a90-f9ed-44a8-b0e2-57ec82f6da07"
      }, {
        "reference": "ServiceRequest/db5bed02-bec0-4cb7-9276-d9a280425fb4"
      } ]
    },
    "request": {
      "method": "PUT",
      "url": "MeasureReport/3f7ffb87-fd8f-4cd6-9729-b548de2e4aaf"
    }
  } ]
}