{
  "resourceType": "Bundle",
  "id": "62bb3859e8081f5ef5e199f5",
  "type": "transaction",
  "entry": [ {
    "fullUrl": "https://madie.cms.gov/Patient/75a833a6-8cf4-4ab2-9da5-b650d7c4b8a5",
    "resource": {
      "resourceType": "Patient",
      "id": "75a833a6-8cf4-4ab2-9da5-b650d7c4b8a5",
      "meta": {
        "profile": [ "http://hl7.org/fhir/us/qicore/StructureDefinition/qicore-patient" ]
      },
      "extension": [ {
        "url": "http://hl7.org/fhir/us/core/StructureDefinition/us-core-race",
        "extension": [ {
          "url": "ombCategory",
          "valueCoding": {
            "system": "urn:oid:2.16.840.1.113883.6.238",
            "code": "1002-5",
            "display": "American Indian or Alaska Native",
            "userSelected": true
          }
        }, {
          "url": "text",
          "valueString": "American Indian or Alaska Native"
        } ]
      }, {
        "url": "http://hl7.org/fhir/us/core/StructureDefinition/us-core-ethnicity",
        "extension": [ {
          "url": "ombCategory",
          "valueCoding": {
            "system": "urn:oid:2.16.840.1.113883.6.238",
            "code": "2135-2",
            "display": "Hispanic or Latino",
            "userSelected": true
          }
        }, {
          "url": "text",
          "valueString": "Hispanic or Latino"
        } ]
      } ],
      "identifier": [ {
        "type": {
          "coding": [ {
            "system": "http://terminology.hl7.org/CodeSystem/v2-0203",
            "code": "MR"
          } ]
        },
        "system": "https://bonnie-fhir.healthit.gov/",
        "value": "62bb3859e8081f5ef5e199f5"
      } ],
      "name": [ {
        "family": "DENOMFail",
        "given": [ "ADTOrderMoreThan3MonthsBeforeMP" ]
      } ],
      "gender": "male",
      "birthDate": "1962-07-19"
    },
    "request": {
      "method": "PUT",
      "url": "Patient/75a833a6-8cf4-4ab2-9da5-b650d7c4b8a5"
    }
  }, {
    "fullUrl": "https://madie.cms.gov/Encounter/df646988-01bf-497f-8d4d-8a20fc79e0e5",
    "resource": {
      "resourceType": "Encounter",
      "id": "df646988-01bf-497f-8d4d-8a20fc79e0e5",
      "meta": {
        "profile": [ "http://hl7.org/fhir/us/qicore/StructureDefinition/qicore-encounter" ]
      },
      "status": "finished",
      "class": {
        "system": "http://terminology.hl7.org/CodeSystem/v3-ActCode",
        "code": "AMB",
        "display": "ambulatory"
      },
      "type": [ {
        "coding": [ {
          "system": "http://snomed.info/sct",
          "version": "http://snomed.info/sct/731000124108/version/20240401",
          "code": "185463005",
          "display": "Visit out of hours (procedure)",
          "userSelected": true
        } ]
      } ],
      "subject": {
        "reference": "Patient/75a833a6-8cf4-4ab2-9da5-b650d7c4b8a5"
      },
      "period": {
        "start": "2026-03-03T08:00:00.000+00:00",
        "end": "2026-03-03T08:15:00.000+00:00"
      }
    },
    "request": {
      "method": "PUT",
      "url": "Encounter/df646988-01bf-497f-8d4d-8a20fc79e0e5"
    }
  }, {
    "fullUrl": "https://madie.cms.gov/Condition/3432c3e4-dcee-4176-b2bf-75788d2ae2be",
    "resource": {
      "resourceType": "Condition",
      "id": "3432c3e4-dcee-4176-b2bf-75788d2ae2be",
      "meta": {
        "profile": [ "http://hl7.org/fhir/us/qicore/StructureDefinition/qicore-condition-problems-health-concerns" ]
      },
      "clinicalStatus": {
        "coding": [ {
          "system": "http://terminology.hl7.org/CodeSystem/condition-clinical",
          "code": "active",
          "display": "Active",
          "userSelected": true
        } ]
      },
      "verificationStatus": {
        "coding": [ {
          "system": "http://terminology.hl7.org/CodeSystem/condition-ver-status",
          "code": "confirmed",
          "display": "Confirmed",
          "userSelected": true
        } ]
      },
      "category": [ {
        "coding": [ {
          "system": "http://terminology.hl7.org/CodeSystem/condition-category",
          "code": "problem-list-item",
          "display": "Problem List Item"
        } ]
      } ],
      "code": {
        "coding": [ {
          "system": "http://snomed.info/sct",
          "version": "http://snomed.info/sct/731000124108/version/20250301",
          "code": "254900004",
          "display": "Carcinoma of prostate (disorder)",
          "userSelected": true
        } ]
      },
      "subject": {
        "reference": "Patient/75a833a6-8cf4-4ab2-9da5-b650d7c4b8a5"
      },
      "onsetPeriod": {
        "start": "2026-03-03T08:00:00.000+00:00"
      }
    },
    "request": {
      "method": "PUT",
      "url": "Condition/3432c3e4-dcee-4176-b2bf-75788d2ae2be"
    }
  }, {
    "fullUrl": "https://madie.cms.gov/MedicationRequest/2d6cee35-f0ec-492c-a36c-fab6b1eac2f5",
    "resource": {
      "resourceType": "MedicationRequest",
      "id": "2d6cee35-f0ec-492c-a36c-fab6b1eac2f5",
      "meta": {
        "profile": [ "http://hl7.org/fhir/us/qicore/StructureDefinition/qicore-medicationrequest" ]
      },
      "status": "active",
      "intent": "order",
      "medicationCodeableConcept": {
        "coding": [ {
          "system": "http://www.nlm.nih.gov/research/umls/rxnorm",
          "version": "06052023",
          "code": "752884",
          "display": "0.375 ML leuprolide acetate 120 MG/ML Prefilled Syringe",
          "userSelected": true
        } ]
      },
      "subject": {
        "reference": "Patient/75a833a6-8cf4-4ab2-9da5-b650d7c4b8a5"
      },
      "authoredOn": "2025-09-03T08:00:00.000+00:00",
      "requester": {
        "reference": "http://myGoodHealthcare.com/fhir/Practitioner/646346"
      },
      "dosageInstruction": [ {
        "timing": {
          "repeat": {
            "boundsPeriod": {
              "start": "2025-09-03T08:00:00.000+00:00"
            }
          }
        }
      } ]
    },
    "request": {
      "method": "PUT",
      "url": "MedicationRequest/2d6cee35-f0ec-492c-a36c-fab6b1eac2f5"
    }
  }, {
    "fullUrl": "https://madie.cms.gov/ServiceRequest/819a2431-1fe9-439d-b3fc-40a82212081e",
    "resource": {
      "resourceType": "ServiceRequest",
      "id": "819a2431-1fe9-439d-b3fc-40a82212081e",
      "meta": {
        "profile": [ "http://hl7.org/fhir/us/qicore/StructureDefinition/qicore-servicerequest" ]
      },
      "status": "active",
      "intent": "order",
      "code": {
        "coding": [ {
          "system": "http://snomed.info/sct",
          "version": "http://snomed.info/sct/731000124108/version/20250301",
          "code": "456381000124102",
          "display": "Injection of leuprolide acetate for twelve month period (regime/therapy)",
          "userSelected": true
        } ]
      },
      "subject": {
        "reference": "Patient/75a833a6-8cf4-4ab2-9da5-b650d7c4b8a5"
      },
      "authoredOn": "2025-09-03T08:00:00.000+00:00"
    },
    "request": {
      "method": "PUT",
      "url": "ServiceRequest/819a2431-1fe9-439d-b3fc-40a82212081e"
    }
  }, {
    "fullUrl": "https://madie.cms.gov/MeasureReport/97b9440b-fb1f-40e6-851a-728b5173b5ce",
    "resource": {
      "resourceType": "MeasureReport",
      "id": "97b9440b-fb1f-40e6-851a-728b5173b5ce",
      "meta": {
        "profile": [ "http://hl7.org/fhir/us/cqfmeasures/StructureDefinition/test-case-cqfm" ]
      },
      "contained": [ {
        "resourceType": "Parameters",
        "id": "a289d35f-c3da-4088-bd84-5a2930614b74-parameters",
        "parameter": [ {
          "name": "subject",
          "valueString": "75a833a6-8cf4-4ab2-9da5-b650d7c4b8a5"
        } ]
      } ],
      "extension": [ {
        "url": "http://hl7.org/fhir/StructureDefinition/cqf-inputParameters",
        "valueReference": {
          "reference": "#a289d35f-c3da-4088-bd84-5a2930614b74-parameters"
        }
      }, {
        "url": "http://hl7.org/fhir/us/cqfmeasures/StructureDefinition/cqfm-testCaseDescription",
        "valueMarkdown": "Dx of Prostate Cancer, and Androgen deprivation therapy for Urology Care is not null. ADT greater than 3 months before start of MP. "
      } ],
      "modifierExtension": [ {
        "url": "http://hl7.org/fhir/us/cqfmeasures/StructureDefinition/cqfm-isTestCase",
        "valueBoolean": true
      } ],
      "status": "complete",
      "type": "individual",
      "measure": "https://madie.cms.gov/Measure/CMS645FHIRBoneDensityPCADTherapy",
      "period": {
        "start": "2026-01-01",
        "end": "2026-12-31"
      },
      "group": [ {
        "id": "Group_1",
        "population": [ {
          "id": "InitialPopulation_1",
          "code": {
            "coding": [ {
              "system": "http://terminology.hl7.org/CodeSystem/measure-population",
              "code": "initial-population",
              "display": "Initial Population"
            } ]
          },
          "count": 0
        }, {
          "id": "Denominator_1",
          "code": {
            "coding": [ {
              "system": "http://terminology.hl7.org/CodeSystem/measure-population",
              "code": "denominator",
              "display": "Denominator"
            } ]
          },
          "count": 0
        }, {
          "id": "Numerator_1",
          "code": {
            "coding": [ {
              "system": "http://terminology.hl7.org/CodeSystem/measure-population",
              "code": "numerator",
              "display": "Numerator"
            } ]
          },
          "count": 0
        }, {
          "id": "DenominatorException_1",
          "code": {
            "coding": [ {
              "system": "http://terminology.hl7.org/CodeSystem/measure-population",
              "code": "denominator-exception",
              "display": "Denominator Exception"
            } ]
          },
          "count": 0
        } ],
        "measureScore": {
          "value": 1.0
        }
      } ],
      "evaluatedResource": [ {
        "reference": "Patient/75a833a6-8cf4-4ab2-9da5-b650d7c4b8a5"
      }, {
        "reference": "Encounter/df646988-01bf-497f-8d4d-8a20fc79e0e5"
      }, {
        "reference": "Condition/3432c3e4-dcee-4176-b2bf-75788d2ae2be"
      }, {
        "reference": "MedicationRequest/2d6cee35-f0ec-492c-a36c-fab6b1eac2f5"
      }, {
        "reference": "ServiceRequest/819a2431-1fe9-439d-b3fc-40a82212081e"
      } ]
    },
    "request": {
      "method": "PUT",
      "url": "MeasureReport/97b9440b-fb1f-40e6-851a-728b5173b5ce"
    }
  } ]
}