{
  "resourceType": "Bundle",
  "id": "NUMPass-DentalCariesCondEndsJan1OfMP",
  "type": "collection",
  "entry": [ {
    "fullUrl": "https://madie.cms.gov/Patient/f076026e-a9df-4c3c-acc9-8c3af6845543",
    "resource": {
      "resourceType": "Patient",
      "id": "f076026e-a9df-4c3c-acc9-8c3af6845543",
      "meta": {
        "profile": [ "http://hl7.org/fhir/us/qicore/StructureDefinition/qicore-patient" ]
      },
      "identifier": [ {
        "system": "http://hospital.smarthealthit.org",
        "value": "999999995"
      } ],
      "name": [ {
        "family": "Bertha",
        "given": [ "Betty" ]
      } ],
      "gender": "female",
      "birthDate": "2005-01-01"
    }
  }, {
    "fullUrl": "https://madie.cms.gov/Encounter/d89582c4-a902-4567-a1ac-6395bbf02993",
    "resource": {
      "resourceType": "Encounter",
      "id": "d89582c4-a902-4567-a1ac-6395bbf02993",
      "meta": {
        "profile": [ "http://hl7.org/fhir/us/qicore/StructureDefinition/qicore-encounter" ]
      },
      "status": "finished",
      "class": {
        "system": "http://terminology.hl7.org/CodeSystem/v3-ActCode",
        "code": "AMB",
        "display": "ambulatory"
      },
      "type": [ {
        "coding": [ {
          "system": "http://www.ada.org/cdt",
          "code": "D0120",
          "display": "periodic oral evaluation - established patient"
        } ]
      } ],
      "subject": {
        "reference": "Patient/f076026e-a9df-4c3c-acc9-8c3af6845543"
      },
      "period": {
        "start": "2025-01-01T00:00:00.000Z",
        "end": "2025-01-01T01:15:00.000Z"
      }
    }
  }, {
    "fullUrl": "https://madie.cms.gov/Condition/00ad2215-b967-401b-97b9-a08cdc6192c7",
    "resource": {
      "resourceType": "Condition",
      "id": "00ad2215-b967-401b-97b9-a08cdc6192c7",
      "meta": {
        "profile": [ "http://hl7.org/fhir/us/qicore/StructureDefinition/qicore-condition-problems-health-concerns" ]
      },
      "clinicalStatus": {
        "coding": [ {
          "system": "http://terminology.hl7.org/CodeSystem/condition-clinical",
          "code": "resolved"
        } ]
      },
      "category": [ {
        "coding": [ {
          "system": "http://terminology.hl7.org/CodeSystem/condition-category",
          "code": "problem-list-item",
          "display": "Problem List Item"
        } ]
      } ],
      "code": {
        "coding": [ {
          "system": "http://snomed.info/sct",
          "code": "109564008",
          "display": "Dental caries associated with enamel hypomineralization (disorder)"
        } ]
      },
      "subject": {
        "reference": "Patient/f076026e-a9df-4c3c-acc9-8c3af6845543"
      },
      "onsetDateTime": "2025-01-01T00:00:00.000Z",
      "abatementDateTime": "2025-01-01T00:00:00.000Z"
    }
  }, {
    "fullUrl": "https://madie.cms.gov/MeasureReport/73403f37-b78d-4fe8-8a71-33dfe203e1a6",
    "resource": {
      "resourceType": "MeasureReport",
      "id": "73403f37-b78d-4fe8-8a71-33dfe203e1a6",
      "meta": {
        "profile": [ "http://hl7.org/fhir/us/cqfmeasures/StructureDefinition/test-case-cqfm" ]
      },
      "contained": [ {
        "resourceType": "Parameters",
        "id": "16a4eb87-d061-4c58-b7f2-01e2c8c5b4b4-parameters",
        "parameter": [ {
          "name": "subject",
          "valueString": "f076026e-a9df-4c3c-acc9-8c3af6845543"
        } ]
      } ],
      "extension": [ {
        "url": "http://hl7.org/fhir/us/cqfmeasures/StructureDefinition/cqfm-inputParameters",
        "valueReference": {
          "reference": "#16a4eb87-d061-4c58-b7f2-01e2c8c5b4b4-parameters"
        }
      }, {
        "url": "http://hl7.org/fhir/us/cqfmeasures/StructureDefinition/cqfm-testCaseDescription",
        "valueMarkdown": "Patient 20yo w/ an Oral Evaluation Encounter 1/1 of the MP & Dental Caries Condition that ends on 1/1 during the MP."
      } ],
      "modifierExtension": [ {
        "url": "http://hl7.org/fhir/us/cqfmeasures/StructureDefinition/cqfm-isTestCase",
        "valueBoolean": true
      } ],
      "status": "complete",
      "type": "individual",
      "measure": "https://madie.cms.gov/Measure/ChildrenWhoHaveDentalDecayOrCavitiesFHIR",
      "period": {
        "start": "2025-01-01",
        "end": "2025-12-31"
      },
      "group": [ {
        "population": [ {
          "code": {
            "coding": [ {
              "system": "http://terminology.hl7.org/CodeSystem/measure-population",
              "code": "initial-population",
              "display": "Initial Population"
            } ]
          },
          "count": 1
        }, {
          "code": {
            "coding": [ {
              "system": "http://terminology.hl7.org/CodeSystem/measure-population",
              "code": "denominator",
              "display": "Denominator"
            } ]
          },
          "count": 1
        }, {
          "code": {
            "coding": [ {
              "system": "http://terminology.hl7.org/CodeSystem/measure-population",
              "code": "denominator-exclusion",
              "display": "Denominator Exclusion"
            } ]
          },
          "count": 0
        }, {
          "code": {
            "coding": [ {
              "system": "http://terminology.hl7.org/CodeSystem/measure-population",
              "code": "numerator",
              "display": "Numerator"
            } ]
          },
          "count": 1
        } ]
      } ],
      "evaluatedResource": [ {
        "reference": "Patient/f076026e-a9df-4c3c-acc9-8c3af6845543"
      }, {
        "reference": "Encounter/d89582c4-a902-4567-a1ac-6395bbf02993"
      }, {
        "reference": "Condition/00ad2215-b967-401b-97b9-a08cdc6192c7"
      } ]
    }
  } ]
}