{
  "resourceType": "Bundle",
  "id": "612e6b1b02c62a011f2ec7e4",
  "type": "transaction",
  "entry": [ {
    "fullUrl": "https://madie.cms.gov/Patient/58b0218e-3056-4f36-8098-ed1c79746aca",
    "resource": {
      "resourceType": "Patient",
      "id": "58b0218e-3056-4f36-8098-ed1c79746aca",
      "meta": {
        "profile": [ "http://hl7.org/fhir/us/qicore/StructureDefinition/qicore-patient" ]
      },
      "text": {
        "status": "generated",
        "div": "<div xmlns=\"http://www.w3.org/1999/xhtml\"><div class=\"hapiHeaderText\">ProphylaxisDuringSameDayOf2ndObs <b>NUMERPASS </b></div><table class=\"hapiPropertyTable\"><tbody><tr><td>Identifier</td><td>4a3cf6afd879a8f9468f9b4b43b7b032</td></tr><tr><td>Date of birth</td><td><span>02 September 2003</span></td></tr></tbody></table></div>"
      },
      "extension": [ {
        "url": "http://hl7.org/fhir/us/core/StructureDefinition/us-core-race",
        "extension": [ {
          "url": "ombCategory",
          "valueCoding": {
            "system": "urn:oid:2.16.840.1.113883.6.238",
            "code": "1002-5",
            "display": "American Indian or Alaska Native",
            "userSelected": true
          }
        }, {
          "url": "text",
          "valueString": "American Indian or Alaska Native"
        } ]
      }, {
        "url": "http://hl7.org/fhir/us/core/StructureDefinition/us-core-ethnicity",
        "extension": [ {
          "url": "ombCategory",
          "valueCoding": {
            "system": "urn:oid:2.16.840.1.113883.6.238",
            "code": "2135-2",
            "display": "Hispanic or Latino",
            "userSelected": true
          }
        }, {
          "url": "text",
          "valueString": "Hispanic or Latino"
        } ]
      } ],
      "identifier": [ {
        "type": {
          "coding": [ {
            "system": "http://terminology.hl7.org/CodeSystem/v2-0203",
            "code": "MR"
          } ]
        },
        "system": "https://bonnie-fhir.healthit.gov/",
        "value": "612e6b1b02c62a011f2ec7e4"
      } ],
      "active": true,
      "name": [ {
        "use": "usual",
        "family": "NUMERPass",
        "given": [ "ProphylaxisDuringSameDayOf2ndObs" ]
      } ],
      "gender": "male",
      "birthDate": "2003-09-02"
    },
    "request": {
      "method": "PUT",
      "url": "Patient/58b0218e-3056-4f36-8098-ed1c79746aca"
    }
  }, {
    "fullUrl": "https://madie.cms.gov/Encounter/27477182-fb4c-485e-b1b2-9bfda2b0ec74",
    "resource": {
      "resourceType": "Encounter",
      "id": "27477182-fb4c-485e-b1b2-9bfda2b0ec74",
      "meta": {
        "profile": [ "http://hl7.org/fhir/us/qicore/StructureDefinition/qicore-encounter" ]
      },
      "status": "finished",
      "class": {
        "system": "http://terminology.hl7.org/CodeSystem/v3-ActCode",
        "code": "IMP",
        "display": "inpatient encounter"
      },
      "type": [ {
        "coding": [ {
          "system": "http://snomed.info/sct",
          "code": "183452005"
        } ]
      } ],
      "subject": {
        "reference": "Patient/58b0218e-3056-4f36-8098-ed1c79746aca"
      },
      "period": {
        "start": "2025-09-03T15:15:00+00:00",
        "end": "2025-10-01T12:59:00+00:00"
      }
    },
    "request": {
      "method": "PUT",
      "url": "Encounter/27477182-fb4c-485e-b1b2-9bfda2b0ec74"
    }
  }, {
    "fullUrl": "https://madie.cms.gov/Encounter/4e097045-7f65-43e2-b875-283d8f8a624a",
    "resource": {
      "resourceType": "Encounter",
      "id": "4e097045-7f65-43e2-b875-283d8f8a624a",
      "meta": {
        "profile": [ "http://hl7.org/fhir/us/qicore/StructureDefinition/qicore-encounter" ]
      },
      "status": "finished",
      "class": {
        "system": "http://terminology.hl7.org/CodeSystem/v3-ActCode",
        "code": "EMER",
        "display": "emergency"
      },
      "type": [ {
        "coding": [ {
          "system": "http://snomed.info/sct",
          "code": "4525004"
        } ]
      } ],
      "subject": {
        "reference": "Patient/58b0218e-3056-4f36-8098-ed1c79746aca"
      },
      "period": {
        "start": "2025-09-02T14:30:00+00:00",
        "end": "2025-09-02T15:00:00+00:00"
      }
    },
    "request": {
      "method": "PUT",
      "url": "Encounter/4e097045-7f65-43e2-b875-283d8f8a624a"
    }
  }, {
    "fullUrl": "https://madie.cms.gov/Encounter/3a397d0b-7aeb-49e0-a43c-da1588df97d1",
    "resource": {
      "resourceType": "Encounter",
      "id": "3a397d0b-7aeb-49e0-a43c-da1588df97d1",
      "meta": {
        "profile": [ "http://hl7.org/fhir/us/qicore/StructureDefinition/qicore-encounter" ]
      },
      "status": "finished",
      "class": {
        "system": "http://terminology.hl7.org/CodeSystem/v3-ActCode",
        "code": "EMER",
        "display": "emergency"
      },
      "type": [ {
        "coding": [ {
          "system": "http://snomed.info/sct",
          "code": "4525004"
        } ]
      } ],
      "subject": {
        "reference": "Patient/58b0218e-3056-4f36-8098-ed1c79746aca"
      },
      "period": {
        "start": "2025-09-02T08:00:00+00:00",
        "end": "2025-09-02T13:00:00+00:00"
      }
    },
    "request": {
      "method": "PUT",
      "url": "Encounter/3a397d0b-7aeb-49e0-a43c-da1588df97d1"
    }
  }, {
    "fullUrl": "https://madie.cms.gov/Encounter/e1253f2d-53b0-4ebd-925a-9edde61e1527",
    "resource": {
      "resourceType": "Encounter",
      "id": "e1253f2d-53b0-4ebd-925a-9edde61e1527",
      "meta": {
        "profile": [ "http://hl7.org/fhir/us/qicore/StructureDefinition/qicore-encounter" ]
      },
      "status": "finished",
      "class": {
        "system": "http://terminology.hl7.org/CodeSystem/v3-ActCode",
        "code": "OBSENC",
        "display": "observation encounter"
      },
      "type": [ {
        "coding": [ {
          "system": "http://snomed.info/sct",
          "code": "448951000124107"
        } ]
      } ],
      "subject": {
        "reference": "Patient/58b0218e-3056-4f36-8098-ed1c79746aca"
      },
      "period": {
        "start": "2025-09-02T15:30:00+00:00",
        "end": "2025-09-03T15:00:00+00:00"
      }
    },
    "request": {
      "method": "PUT",
      "url": "Encounter/e1253f2d-53b0-4ebd-925a-9edde61e1527"
    }
  }, {
    "fullUrl": "https://madie.cms.gov/Encounter/61eecbe3-8dfd-4244-8a23-a22e863d4023",
    "resource": {
      "resourceType": "Encounter",
      "id": "61eecbe3-8dfd-4244-8a23-a22e863d4023",
      "meta": {
        "profile": [ "http://hl7.org/fhir/us/qicore/StructureDefinition/qicore-encounter" ]
      },
      "status": "finished",
      "class": {
        "system": "http://terminology.hl7.org/CodeSystem/v3-ActCode",
        "code": "OBSENC",
        "display": "observation encounter"
      },
      "type": [ {
        "coding": [ {
          "system": "http://snomed.info/sct",
          "code": "448951000124107"
        } ]
      } ],
      "subject": {
        "reference": "Patient/58b0218e-3056-4f36-8098-ed1c79746aca"
      },
      "period": {
        "start": "2025-09-02T13:30:00+00:00",
        "end": "2025-09-02T14:00:00+00:00"
      }
    },
    "request": {
      "method": "PUT",
      "url": "Encounter/61eecbe3-8dfd-4244-8a23-a22e863d4023"
    }
  }, {
    "fullUrl": "https://madie.cms.gov/Coverage/dd2521eb-d021-413a-9f73-7620a7686768",
    "resource": {
      "resourceType": "Coverage",
      "id": "dd2521eb-d021-413a-9f73-7620a7686768",
      "status": "active",
      "beneficiary": {
        "reference": "Patient/58b0218e-3056-4f36-8098-ed1c79746aca"
      },
      "period": {
        "start": "2003-09-02T09:00:00+00:00"
      },
      "payor": [ {
        "reference": "Organization/8c15a7a4-3735-44df-bca4-5bff6f0cf2cd"
      } ]
    },
    "request": {
      "method": "PUT",
      "url": "Coverage/dd2521eb-d021-413a-9f73-7620a7686768"
    }
  }, {
    "fullUrl": "https://madie.cms.gov/MedicationAdministration/f9e1b847-f23e-4852-a8f4-f4f856bb3cde",
    "resource": {
      "resourceType": "MedicationAdministration",
      "id": "f9e1b847-f23e-4852-a8f4-f4f856bb3cde",
      "meta": {
        "profile": [ "http://hl7.org/fhir/us/qicore/StructureDefinition/qicore-medicationadministration" ]
      },
      "status": "completed",
      "medicationCodeableConcept": {
        "coding": [ {
          "system": "http://www.nlm.nih.gov/research/umls/rxnorm",
          "code": "861356"
        } ]
      },
      "subject": {
        "reference": "Patient/58b0218e-3056-4f36-8098-ed1c79746aca"
      },
      "effectivePeriod": {
        "start": "2025-09-02T13:40:00+00:00",
        "end": "2025-09-02T13:50:00+00:00"
      }
    },
    "request": {
      "method": "PUT",
      "url": "MedicationAdministration/f9e1b847-f23e-4852-a8f4-f4f856bb3cde"
    }
  }, {
    "fullUrl": "https://madie.cms.gov/Organization/8c15a7a4-3735-44df-bca4-5bff6f0cf2cd",
    "resource": {
      "resourceType": "Organization",
      "id": "8c15a7a4-3735-44df-bca4-5bff6f0cf2cd",
      "meta": {
        "profile": [ "http://hl7.org/fhir/us/qicore/StructureDefinition/qicore-organization" ]
      },
      "identifier": [ {
        "use": "temp",
        "system": "urn:oid:2.16.840.1.113883.4.4",
        "value": "21-3259825"
      } ],
      "active": true,
      "type": [ {
        "coding": [ {
          "system": "http://terminology.hl7.org/CodeSystem/organization-type",
          "code": "pay",
          "display": "Payer"
        } ]
      } ],
      "name": "Blue Cross Blue Shield of Texas",
      "telecom": [ {
        "system": "phone",
        "value": "(+1) 972-766-6900"
      } ],
      "address": [ {
        "use": "billing",
        "type": "postal",
        "line": [ "P.O. Box 660044" ],
        "city": "Dallas",
        "state": "TX",
        "postalCode": "75266-0044",
        "country": "USA"
      } ]
    },
    "request": {
      "method": "PUT",
      "url": "Organization/8c15a7a4-3735-44df-bca4-5bff6f0cf2cd"
    }
  }, {
    "fullUrl": "https://madie.cms.gov/Practitioner/01ebb404-5134-4dff-b96b-58112264fe2b",
    "resource": {
      "resourceType": "Practitioner",
      "id": "01ebb404-5134-4dff-b96b-58112264fe2b",
      "identifier": [ {
        "system": "http://hl7.org/fhir/sid/us-npi",
        "value": "123456"
      } ],
      "name": [ {
        "family": "Evil",
        "prefix": [ "Dr" ]
      } ]
    },
    "request": {
      "method": "PUT",
      "url": "Practitioner/01ebb404-5134-4dff-b96b-58112264fe2b"
    }
  }, {
    "fullUrl": "https://madie.cms.gov/MeasureReport/c1a83170-8c64-48e3-ad16-881004757995",
    "resource": {
      "resourceType": "MeasureReport",
      "id": "c1a83170-8c64-48e3-ad16-881004757995",
      "meta": {
        "profile": [ "http://hl7.org/fhir/us/cqfmeasures/StructureDefinition/test-case-cqfm" ]
      },
      "contained": [ {
        "resourceType": "Parameters",
        "id": "b81e122f-c85e-49f3-ad78-8fc5283601ac-parameters",
        "parameter": [ {
          "name": "subject",
          "valueString": "58b0218e-3056-4f36-8098-ed1c79746aca"
        } ]
      } ],
      "extension": [ {
        "url": "http://hl7.org/fhir/us/cqfmeasures/StructureDefinition/cqfm-inputParameters",
        "valueReference": {
          "reference": "#b81e122f-c85e-49f3-ad78-8fc5283601ac-parameters"
        }
      }, {
        "url": "http://hl7.org/fhir/us/cqfmeasures/StructureDefinition/cqfm-testCaseDescription",
        "valueMarkdown": "ED then admit to Observation, did not want to stay AWOL; symptoms worsened, back to ED and then observation, then inpt admit; VTE Prophylaxis during first observation cause test to pass. \n"
      } ],
      "modifierExtension": [ {
        "url": "http://hl7.org/fhir/us/cqfmeasures/StructureDefinition/cqfm-isTestCase",
        "valueBoolean": true
      } ],
      "status": "complete",
      "type": "individual",
      "measure": "https://madie.cms.gov/Measure/VenousThromboembolismProphylaxisFHIR",
      "period": {
        "start": "2025-01-01",
        "end": "2025-12-31"
      },
      "group": [ {
        "population": [ {
          "code": {
            "coding": [ {
              "system": "http://terminology.hl7.org/CodeSystem/measure-population",
              "code": "initial-population",
              "display": "Initial Population"
            } ]
          },
          "count": 1
        }, {
          "code": {
            "coding": [ {
              "system": "http://terminology.hl7.org/CodeSystem/measure-population",
              "code": "denominator",
              "display": "Denominator"
            } ]
          },
          "count": 1
        }, {
          "code": {
            "coding": [ {
              "system": "http://terminology.hl7.org/CodeSystem/measure-population",
              "code": "denominator-exclusion",
              "display": "Denominator Exclusion"
            } ]
          },
          "count": 0
        }, {
          "code": {
            "coding": [ {
              "system": "http://terminology.hl7.org/CodeSystem/measure-population",
              "code": "numerator",
              "display": "Numerator"
            } ]
          },
          "count": 1
        } ]
      } ],
      "evaluatedResource": [ {
        "reference": "Patient/58b0218e-3056-4f36-8098-ed1c79746aca"
      }, {
        "reference": "Encounter/27477182-fb4c-485e-b1b2-9bfda2b0ec74"
      }, {
        "reference": "Encounter/4e097045-7f65-43e2-b875-283d8f8a624a"
      }, {
        "reference": "Encounter/3a397d0b-7aeb-49e0-a43c-da1588df97d1"
      }, {
        "reference": "Encounter/e1253f2d-53b0-4ebd-925a-9edde61e1527"
      }, {
        "reference": "Encounter/61eecbe3-8dfd-4244-8a23-a22e863d4023"
      }, {
        "reference": "Coverage/dd2521eb-d021-413a-9f73-7620a7686768"
      }, {
        "reference": "MedicationAdministration/f9e1b847-f23e-4852-a8f4-f4f856bb3cde"
      }, {
        "reference": "Organization/8c15a7a4-3735-44df-bca4-5bff6f0cf2cd"
      }, {
        "reference": "Practitioner/01ebb404-5134-4dff-b96b-58112264fe2b"
      } ]
    },
    "request": {
      "method": "PUT",
      "url": "MeasureReport/c1a83170-8c64-48e3-ad16-881004757995"
    }
  } ]
}