{
  "resourceType": "Bundle",
  "id": "62bb3859e8081f5ef5e199f5",
  "type": "transaction",
  "entry": [ {
    "fullUrl": "https://madie.cms.gov/Patient/980aacce-6052-485f-add6-59bc79c352da",
    "resource": {
      "resourceType": "Patient",
      "id": "980aacce-6052-485f-add6-59bc79c352da",
      "meta": {
        "profile": [ "http://hl7.org/fhir/us/qicore/StructureDefinition/qicore-patient" ]
      },
      "extension": [ {
        "url": "http://hl7.org/fhir/us/core/StructureDefinition/us-core-race",
        "extension": [ {
          "url": "ombCategory",
          "valueCoding": {
            "system": "urn:oid:2.16.840.1.113883.6.238",
            "code": "1002-5",
            "display": "American Indian or Alaska Native",
            "userSelected": true
          }
        }, {
          "url": "text",
          "valueString": "American Indian or Alaska Native"
        } ]
      }, {
        "url": "http://hl7.org/fhir/us/core/StructureDefinition/us-core-ethnicity",
        "extension": [ {
          "url": "ombCategory",
          "valueCoding": {
            "system": "urn:oid:2.16.840.1.113883.6.238",
            "code": "2135-2",
            "display": "Hispanic or Latino",
            "userSelected": true
          }
        }, {
          "url": "text",
          "valueString": "Hispanic or Latino"
        } ]
      } ],
      "identifier": [ {
        "type": {
          "coding": [ {
            "system": "http://terminology.hl7.org/CodeSystem/v2-0203",
            "code": "MR"
          } ]
        },
        "system": "https://bonnie-fhir.healthit.gov/",
        "value": "62bb3859e8081f5ef5e199f5"
      } ],
      "name": [ {
        "family": "IPPFail",
        "given": [ "EncounterBeforeMP" ]
      } ],
      "gender": "male",
      "birthDate": "1962-07-19"
    },
    "request": {
      "method": "PUT",
      "url": "Patient/980aacce-6052-485f-add6-59bc79c352da"
    }
  }, {
    "fullUrl": "https://madie.cms.gov/Encounter/973cd65e-0df9-4e7e-8f7e-2913a3c9878d",
    "resource": {
      "resourceType": "Encounter",
      "id": "973cd65e-0df9-4e7e-8f7e-2913a3c9878d",
      "meta": {
        "profile": [ "http://hl7.org/fhir/us/qicore/StructureDefinition/qicore-encounter" ]
      },
      "status": "finished",
      "class": {
        "system": "http://terminology.hl7.org/CodeSystem/v3-ActCode",
        "code": "AMB",
        "display": "ambulatory"
      },
      "type": [ {
        "coding": [ {
          "system": "http://snomed.info/sct",
          "version": "http://snomed.info/sct/731000124108/version/20240401",
          "code": "185463005",
          "display": "Visit out of hours (procedure)",
          "userSelected": true
        } ]
      } ],
      "subject": {
        "reference": "Patient/980aacce-6052-485f-add6-59bc79c352da"
      },
      "period": {
        "start": "2025-11-29T08:00:00.000+00:00",
        "end": "2025-11-29T08:15:00.000+00:00"
      }
    },
    "request": {
      "method": "PUT",
      "url": "Encounter/973cd65e-0df9-4e7e-8f7e-2913a3c9878d"
    }
  }, {
    "fullUrl": "https://madie.cms.gov/Condition/005f0fef-8b6d-49b8-b2e7-0177d02f8551",
    "resource": {
      "resourceType": "Condition",
      "id": "005f0fef-8b6d-49b8-b2e7-0177d02f8551",
      "meta": {
        "profile": [ "http://hl7.org/fhir/us/qicore/StructureDefinition/qicore-condition-problems-health-concerns" ]
      },
      "clinicalStatus": {
        "coding": [ {
          "system": "http://terminology.hl7.org/CodeSystem/condition-clinical",
          "code": "active",
          "display": "Active",
          "userSelected": true
        } ]
      },
      "verificationStatus": {
        "coding": [ {
          "system": "http://terminology.hl7.org/CodeSystem/condition-ver-status",
          "code": "confirmed",
          "display": "Confirmed",
          "userSelected": true
        } ]
      },
      "category": [ {
        "coding": [ {
          "system": "http://terminology.hl7.org/CodeSystem/condition-category",
          "code": "problem-list-item",
          "display": "Problem List Item"
        } ]
      } ],
      "code": {
        "coding": [ {
          "system": "http://snomed.info/sct",
          "version": "http://snomed.info/sct/731000124108/version/20250301",
          "code": "254900004",
          "display": "Carcinoma of prostate (disorder)",
          "userSelected": true
        } ]
      },
      "subject": {
        "reference": "Patient/980aacce-6052-485f-add6-59bc79c352da"
      },
      "onsetPeriod": {
        "start": "2026-01-03T08:00:00.000+00:00"
      }
    },
    "request": {
      "method": "PUT",
      "url": "Condition/005f0fef-8b6d-49b8-b2e7-0177d02f8551"
    }
  }, {
    "fullUrl": "https://madie.cms.gov/MedicationRequest/21e7a014-53a8-4096-9f73-a89276ad3519",
    "resource": {
      "resourceType": "MedicationRequest",
      "id": "21e7a014-53a8-4096-9f73-a89276ad3519",
      "meta": {
        "profile": [ "http://hl7.org/fhir/us/qicore/StructureDefinition/qicore-medicationrequest" ]
      },
      "status": "active",
      "intent": "order",
      "medicationCodeableConcept": {
        "coding": [ {
          "system": "http://www.nlm.nih.gov/research/umls/rxnorm",
          "version": "06052023",
          "code": "752886",
          "display": "Leuprolide Acetate 120 MG/ML [Eligard 45]",
          "userSelected": true
        } ]
      },
      "subject": {
        "reference": "Patient/980aacce-6052-485f-add6-59bc79c352da"
      },
      "authoredOn": "2026-01-03T08:00:00.000+00:00",
      "requester": {
        "reference": "http://myGoodHealthcare.com/fhir/Practitioner/646346"
      },
      "dosageInstruction": [ {
        "timing": {
          "repeat": {
            "boundsPeriod": {
              "start": "2026-01-03T08:00:00.000+00:00"
            }
          }
        }
      } ]
    },
    "request": {
      "method": "PUT",
      "url": "MedicationRequest/21e7a014-53a8-4096-9f73-a89276ad3519"
    }
  }, {
    "fullUrl": "https://madie.cms.gov/ServiceRequest/228fe042-ddd3-49fc-83cb-0ff2babff3db",
    "resource": {
      "resourceType": "ServiceRequest",
      "id": "228fe042-ddd3-49fc-83cb-0ff2babff3db",
      "meta": {
        "profile": [ "http://hl7.org/fhir/us/qicore/StructureDefinition/qicore-servicerequest" ]
      },
      "status": "active",
      "intent": "order",
      "code": {
        "coding": [ {
          "system": "http://snomed.info/sct",
          "version": "http://snomed.info/sct/731000124108/version/20250301",
          "code": "456381000124102",
          "display": "Injection of leuprolide acetate for twelve month period (regime/therapy)",
          "userSelected": true
        } ]
      },
      "subject": {
        "reference": "Patient/980aacce-6052-485f-add6-59bc79c352da"
      },
      "authoredOn": "2026-01-03T08:00:00.000+00:00"
    },
    "request": {
      "method": "PUT",
      "url": "ServiceRequest/228fe042-ddd3-49fc-83cb-0ff2babff3db"
    }
  }, {
    "fullUrl": "https://madie.cms.gov/MeasureReport/34c07270-82d3-4da7-9dd3-138aed334f92",
    "resource": {
      "resourceType": "MeasureReport",
      "id": "34c07270-82d3-4da7-9dd3-138aed334f92",
      "meta": {
        "profile": [ "http://hl7.org/fhir/us/cqfmeasures/StructureDefinition/test-case-cqfm" ]
      },
      "contained": [ {
        "resourceType": "Parameters",
        "id": "6ca18f46-16a7-4668-9938-ce1fcc1bd223-parameters",
        "parameter": [ {
          "name": "subject",
          "valueString": "980aacce-6052-485f-add6-59bc79c352da"
        } ]
      } ],
      "extension": [ {
        "url": "http://hl7.org/fhir/StructureDefinition/cqf-inputParameters",
        "valueReference": {
          "reference": "#6ca18f46-16a7-4668-9938-ce1fcc1bd223-parameters"
        }
      }, {
        "url": "http://hl7.org/fhir/us/cqfmeasures/StructureDefinition/cqfm-testCaseDescription",
        "valueMarkdown": "Dx of Prostate Cancer and ADT in measurement period. \n Qualifying encounter before MP.  Fails IPP Criteria"
      } ],
      "modifierExtension": [ {
        "url": "http://hl7.org/fhir/us/cqfmeasures/StructureDefinition/cqfm-isTestCase",
        "valueBoolean": true
      } ],
      "status": "complete",
      "type": "individual",
      "measure": "https://madie.cms.gov/Measure/CMS645FHIRBoneDensityPCADTherapy",
      "period": {
        "start": "2026-01-01",
        "end": "2026-12-31"
      },
      "group": [ {
        "id": "Group_1",
        "population": [ {
          "id": "InitialPopulation_1",
          "code": {
            "coding": [ {
              "system": "http://terminology.hl7.org/CodeSystem/measure-population",
              "code": "initial-population",
              "display": "Initial Population"
            } ]
          },
          "count": 0
        }, {
          "id": "Denominator_1",
          "code": {
            "coding": [ {
              "system": "http://terminology.hl7.org/CodeSystem/measure-population",
              "code": "denominator",
              "display": "Denominator"
            } ]
          },
          "count": 0
        }, {
          "id": "Numerator_1",
          "code": {
            "coding": [ {
              "system": "http://terminology.hl7.org/CodeSystem/measure-population",
              "code": "numerator",
              "display": "Numerator"
            } ]
          },
          "count": 0
        }, {
          "id": "DenominatorException_1",
          "code": {
            "coding": [ {
              "system": "http://terminology.hl7.org/CodeSystem/measure-population",
              "code": "denominator-exception",
              "display": "Denominator Exception"
            } ]
          },
          "count": 0
        } ],
        "measureScore": {
          "value": 1.0
        }
      } ],
      "evaluatedResource": [ {
        "reference": "Patient/980aacce-6052-485f-add6-59bc79c352da"
      }, {
        "reference": "Encounter/973cd65e-0df9-4e7e-8f7e-2913a3c9878d"
      }, {
        "reference": "Condition/005f0fef-8b6d-49b8-b2e7-0177d02f8551"
      }, {
        "reference": "MedicationRequest/21e7a014-53a8-4096-9f73-a89276ad3519"
      }, {
        "reference": "ServiceRequest/228fe042-ddd3-49fc-83cb-0ff2babff3db"
      } ]
    },
    "request": {
      "method": "PUT",
      "url": "MeasureReport/34c07270-82d3-4da7-9dd3-138aed334f92"
    }
  } ]
}