{
  "resourceType": "Bundle",
  "id": "612e6b4302c62a011f2ed188",
  "type": "transaction",
  "entry": [ {
    "fullUrl": "https://madie.cms.gov/Patient/94bf6d92-90b1-4f2e-afc2-dcbad2b9133b",
    "resource": {
      "resourceType": "Patient",
      "id": "94bf6d92-90b1-4f2e-afc2-dcbad2b9133b",
      "meta": {
        "profile": [ "http://hl7.org/fhir/us/qicore/StructureDefinition/qicore-patient" ]
      },
      "text": {
        "status": "generated",
        "div": "<div xmlns=\"http://www.w3.org/1999/xhtml\"><div class=\"hapiHeaderText\">CMODrgED2HrsBFAdmSameDateAdmDateDoNotPerformFalse <b>DENEXPASS </b></div><table class=\"hapiPropertyTable\"><tbody><tr><td>Identifier</td><td>059b8a3b4412b01787dc1d643429cbf6</td></tr><tr><td>Date of birth</td><td><span>02 January 1974</span></td></tr></tbody></table></div>"
      },
      "extension": [ {
        "url": "http://hl7.org/fhir/us/core/StructureDefinition/us-core-race",
        "extension": [ {
          "url": "ombCategory",
          "valueCoding": {
            "system": "urn:oid:2.16.840.1.113883.6.238",
            "code": "1002-5",
            "display": "American Indian or Alaska Native",
            "userSelected": true
          }
        }, {
          "url": "text",
          "valueString": "American Indian or Alaska Native"
        } ]
      }, {
        "url": "http://hl7.org/fhir/us/core/StructureDefinition/us-core-ethnicity",
        "extension": [ {
          "url": "ombCategory",
          "valueCoding": {
            "system": "urn:oid:2.16.840.1.113883.6.238",
            "code": "2135-2",
            "display": "Hispanic or Latino",
            "userSelected": true
          }
        }, {
          "url": "text",
          "valueString": "Hispanic or Latino"
        } ]
      } ],
      "identifier": [ {
        "type": {
          "coding": [ {
            "system": "http://terminology.hl7.org/CodeSystem/v2-0203",
            "code": "MR"
          } ]
        },
        "system": "https://bonnie-fhir.healthit.gov/",
        "value": "612e6b4302c62a011f2ed188"
      } ],
      "active": true,
      "name": [ {
        "use": "usual",
        "family": "DENEXPass",
        "given": [ "CMODrgED2HrsBFAdmSameDateAdmDateDoNotPerformFalse" ]
      } ],
      "gender": "male",
      "birthDate": "1974-01-02"
    },
    "request": {
      "method": "PUT",
      "url": "Patient/94bf6d92-90b1-4f2e-afc2-dcbad2b9133b"
    }
  }, {
    "fullUrl": "https://madie.cms.gov/Encounter/7f379cc0-0f7a-4b63-a27b-a8c7bac55e39",
    "resource": {
      "resourceType": "Encounter",
      "id": "7f379cc0-0f7a-4b63-a27b-a8c7bac55e39",
      "meta": {
        "profile": [ "http://hl7.org/fhir/us/qicore/StructureDefinition/qicore-encounter" ]
      },
      "status": "finished",
      "class": {
        "system": "http://terminology.hl7.org/CodeSystem/v3-ActCode",
        "code": "EMER",
        "display": "emergency"
      },
      "type": [ {
        "coding": [ {
          "system": "http://snomed.info/sct",
          "code": "4525004"
        } ]
      } ],
      "subject": {
        "reference": "Patient/94bf6d92-90b1-4f2e-afc2-dcbad2b9133b"
      },
      "period": {
        "start": "2025-11-01T03:00:00+00:00",
        "end": "2025-11-01T05:15:00+00:00"
      },
      "length": {
        "value": 0,
        "unit": "days"
      }
    },
    "request": {
      "method": "PUT",
      "url": "Encounter/7f379cc0-0f7a-4b63-a27b-a8c7bac55e39"
    }
  }, {
    "fullUrl": "https://madie.cms.gov/Encounter/288d6737-dc79-4b85-b219-1d2e69b1ed1b",
    "resource": {
      "resourceType": "Encounter",
      "id": "288d6737-dc79-4b85-b219-1d2e69b1ed1b",
      "meta": {
        "profile": [ "http://hl7.org/fhir/us/qicore/StructureDefinition/qicore-encounter" ]
      },
      "status": "finished",
      "class": {
        "system": "http://terminology.hl7.org/CodeSystem/v3-ActCode",
        "code": "IMP",
        "display": "inpatient encounter"
      },
      "type": [ {
        "coding": [ {
          "system": "http://snomed.info/sct",
          "code": "8715000"
        } ]
      } ],
      "subject": {
        "reference": "Patient/94bf6d92-90b1-4f2e-afc2-dcbad2b9133b"
      },
      "period": {
        "start": "2025-11-01T08:00:00+00:00",
        "end": "2025-11-26T08:15:00+00:00"
      },
      "length": {
        "value": 25,
        "unit": "days"
      }
    },
    "request": {
      "method": "PUT",
      "url": "Encounter/288d6737-dc79-4b85-b219-1d2e69b1ed1b"
    }
  }, {
    "fullUrl": "https://madie.cms.gov/ServiceRequest/04d31226-aced-4b95-9c45-fc507a55c599",
    "resource": {
      "resourceType": "ServiceRequest",
      "id": "04d31226-aced-4b95-9c45-fc507a55c599",
      "meta": {
        "profile": [ "http://hl7.org/fhir/us/qicore/StructureDefinition/qicore-servicerequest" ]
      },
      "status": "completed",
      "intent": "order",
      "doNotPerform": false,
      "code": {
        "coding": [ {
          "system": "http://snomed.info/sct",
          "code": "133918004"
        } ]
      },
      "subject": {
        "reference": "Patient/94bf6d92-90b1-4f2e-afc2-dcbad2b9133b"
      },
      "authoredOn": "2025-11-01T05:00:00+00:00"
    },
    "request": {
      "method": "PUT",
      "url": "ServiceRequest/04d31226-aced-4b95-9c45-fc507a55c599"
    }
  }, {
    "fullUrl": "https://madie.cms.gov/Coverage/21b6e625-023f-4f91-89d9-1348815d2175",
    "resource": {
      "resourceType": "Coverage",
      "id": "21b6e625-023f-4f91-89d9-1348815d2175",
      "status": "active",
      "beneficiary": {
        "reference": "Patient/94bf6d92-90b1-4f2e-afc2-dcbad2b9133b"
      },
      "period": {
        "start": "1974-01-02T08:00:00+00:00"
      },
      "payor": [ {
        "reference": "Organization/77d6e09f-02e3-492b-8bda-1cae1adb45e1"
      } ]
    },
    "request": {
      "method": "PUT",
      "url": "Coverage/21b6e625-023f-4f91-89d9-1348815d2175"
    }
  }, {
    "fullUrl": "https://madie.cms.gov/Organization/77d6e09f-02e3-492b-8bda-1cae1adb45e1",
    "resource": {
      "resourceType": "Organization",
      "id": "77d6e09f-02e3-492b-8bda-1cae1adb45e1",
      "meta": {
        "profile": [ "http://hl7.org/fhir/us/qicore/StructureDefinition/qicore-organization" ]
      },
      "identifier": [ {
        "use": "temp",
        "system": "urn:oid:2.16.840.1.113883.4.4",
        "value": "21-3259825"
      } ],
      "active": true,
      "type": [ {
        "coding": [ {
          "system": "http://terminology.hl7.org/CodeSystem/organization-type",
          "code": "pay",
          "display": "Payer"
        } ]
      } ],
      "name": "Blue Cross Blue Shield of Texas",
      "telecom": [ {
        "system": "phone",
        "value": "(+1) 972-766-6900"
      } ],
      "address": [ {
        "use": "billing",
        "type": "postal",
        "line": [ "P.O. Box 660044" ],
        "city": "Dallas",
        "state": "TX",
        "postalCode": "75266-0044",
        "country": "USA"
      } ]
    },
    "request": {
      "method": "PUT",
      "url": "Organization/77d6e09f-02e3-492b-8bda-1cae1adb45e1"
    }
  }, {
    "fullUrl": "https://madie.cms.gov/Practitioner/453b2792-dc40-4116-9f41-a5f5e08ed909",
    "resource": {
      "resourceType": "Practitioner",
      "id": "453b2792-dc40-4116-9f41-a5f5e08ed909",
      "identifier": [ {
        "system": "http://hl7.org/fhir/sid/us-npi",
        "value": "123456"
      } ],
      "name": [ {
        "family": "Evil",
        "prefix": [ "Dr" ]
      } ]
    },
    "request": {
      "method": "PUT",
      "url": "Practitioner/453b2792-dc40-4116-9f41-a5f5e08ed909"
    }
  }, {
    "fullUrl": "https://madie.cms.gov/MeasureReport/a0ffe7e3-044e-4d59-9f67-d44b899ba61f",
    "resource": {
      "resourceType": "MeasureReport",
      "id": "a0ffe7e3-044e-4d59-9f67-d44b899ba61f",
      "meta": {
        "profile": [ "http://hl7.org/fhir/us/cqfmeasures/StructureDefinition/test-case-cqfm" ]
      },
      "contained": [ {
        "resourceType": "Parameters",
        "id": "1071785f-4ff5-46f6-b381-e25bc66f7905-parameters",
        "parameter": [ {
          "name": "subject",
          "valueString": "94bf6d92-90b1-4f2e-afc2-dcbad2b9133b"
        } ]
      } ],
      "extension": [ {
        "url": "http://hl7.org/fhir/us/cqfmeasures/StructureDefinition/cqfm-inputParameters",
        "valueReference": {
          "reference": "#1071785f-4ff5-46f6-b381-e25bc66f7905-parameters"
        }
      }, {
        "url": "http://hl7.org/fhir/us/cqfmeasures/StructureDefinition/cqfm-testCaseDescription",
        "valueMarkdown": "CMO occurs in ED that ED ends > 1 hour before Adm. But this case pass because it is on the same day as adm date\n"
      } ],
      "modifierExtension": [ {
        "url": "http://hl7.org/fhir/us/cqfmeasures/StructureDefinition/cqfm-isTestCase",
        "valueBoolean": true
      } ],
      "status": "complete",
      "type": "individual",
      "measure": "https://madie.cms.gov/Measure/VenousThromboembolismProphylaxisFHIR",
      "period": {
        "start": "2025-01-01",
        "end": "2025-12-31"
      },
      "group": [ {
        "population": [ {
          "code": {
            "coding": [ {
              "system": "http://terminology.hl7.org/CodeSystem/measure-population",
              "code": "initial-population",
              "display": "Initial Population"
            } ]
          },
          "count": 1
        }, {
          "code": {
            "coding": [ {
              "system": "http://terminology.hl7.org/CodeSystem/measure-population",
              "code": "denominator",
              "display": "Denominator"
            } ]
          },
          "count": 1
        }, {
          "code": {
            "coding": [ {
              "system": "http://terminology.hl7.org/CodeSystem/measure-population",
              "code": "denominator-exclusion",
              "display": "Denominator Exclusion"
            } ]
          },
          "count": 1
        }, {
          "code": {
            "coding": [ {
              "system": "http://terminology.hl7.org/CodeSystem/measure-population",
              "code": "numerator",
              "display": "Numerator"
            } ]
          },
          "count": 0
        } ]
      } ],
      "evaluatedResource": [ {
        "reference": "Patient/94bf6d92-90b1-4f2e-afc2-dcbad2b9133b"
      }, {
        "reference": "Encounter/7f379cc0-0f7a-4b63-a27b-a8c7bac55e39"
      }, {
        "reference": "Encounter/288d6737-dc79-4b85-b219-1d2e69b1ed1b"
      }, {
        "reference": "ServiceRequest/04d31226-aced-4b95-9c45-fc507a55c599"
      }, {
        "reference": "Coverage/21b6e625-023f-4f91-89d9-1348815d2175"
      }, {
        "reference": "Organization/77d6e09f-02e3-492b-8bda-1cae1adb45e1"
      }, {
        "reference": "Practitioner/453b2792-dc40-4116-9f41-a5f5e08ed909"
      } ]
    },
    "request": {
      "method": "PUT",
      "url": "MeasureReport/a0ffe7e3-044e-4d59-9f67-d44b899ba61f"
    }
  } ]
}