{
  "resourceType": "Bundle",
  "id": "612e6b8402c62a011f2ee1d9",
  "type": "transaction",
  "entry": [ {
    "fullUrl": "https://madie.cms.gov/Patient/ab4af765-dbff-421e-b131-bc0586ffb0ea",
    "resource": {
      "resourceType": "Patient",
      "id": "ab4af765-dbff-421e-b131-bc0586ffb0ea",
      "meta": {
        "profile": [ "http://hl7.org/fhir/us/qicore/StructureDefinition/qicore-patient" ]
      },
      "text": {
        "status": "generated",
        "div": "<div xmlns=\"http://www.w3.org/1999/xhtml\"><div class=\"hapiHeaderText\">MedRsnMAWarfDAIPCDrgEDGT1hrSameDayAdm <b>NUMERPASS </b></div><table class=\"hapiPropertyTable\"><tbody><tr><td>Identifier</td><td>d5661b6a7ac7a6b9f13847d23af8475a</td></tr><tr><td>Date of birth</td><td><span>02 January 1974</span></td></tr></tbody></table></div>"
      },
      "extension": [ {
        "url": "http://hl7.org/fhir/us/core/StructureDefinition/us-core-race",
        "extension": [ {
          "url": "ombCategory",
          "valueCoding": {
            "system": "urn:oid:2.16.840.1.113883.6.238",
            "code": "1002-5",
            "display": "American Indian or Alaska Native",
            "userSelected": true
          }
        }, {
          "url": "text",
          "valueString": "American Indian or Alaska Native"
        } ]
      }, {
        "url": "http://hl7.org/fhir/us/core/StructureDefinition/us-core-ethnicity",
        "extension": [ {
          "url": "ombCategory",
          "valueCoding": {
            "system": "urn:oid:2.16.840.1.113883.6.238",
            "code": "2135-2",
            "display": "Hispanic or Latino",
            "userSelected": true
          }
        }, {
          "url": "text",
          "valueString": "Hispanic or Latino"
        } ]
      } ],
      "identifier": [ {
        "type": {
          "coding": [ {
            "system": "http://terminology.hl7.org/CodeSystem/v2-0203",
            "code": "MR"
          } ]
        },
        "system": "https://bonnie-fhir.healthit.gov/",
        "value": "612e6b8402c62a011f2ee1d9"
      } ],
      "active": true,
      "name": [ {
        "use": "usual",
        "family": "NUMERPass",
        "given": [ "MedRsnMAWarfDAIPCDrgEDGT1hrSameDayAdm" ]
      } ],
      "gender": "male",
      "birthDate": "1974-01-02"
    },
    "request": {
      "method": "PUT",
      "url": "Patient/ab4af765-dbff-421e-b131-bc0586ffb0ea"
    }
  }, {
    "fullUrl": "https://madie.cms.gov/Encounter/7f291152-a4bf-4505-b0b5-2642fa208ea3",
    "resource": {
      "resourceType": "Encounter",
      "id": "7f291152-a4bf-4505-b0b5-2642fa208ea3",
      "meta": {
        "profile": [ "http://hl7.org/fhir/us/qicore/StructureDefinition/qicore-encounter" ]
      },
      "status": "finished",
      "class": {
        "system": "http://terminology.hl7.org/CodeSystem/v3-ActCode",
        "code": "EMER",
        "display": "emergency"
      },
      "type": [ {
        "coding": [ {
          "system": "http://snomed.info/sct",
          "code": "4525004"
        } ]
      } ],
      "subject": {
        "reference": "Patient/ab4af765-dbff-421e-b131-bc0586ffb0ea"
      },
      "period": {
        "start": "2025-10-31T04:00:00.000+00:00",
        "end": "2025-11-01T07:15:00.000+00:00"
      },
      "length": {
        "value": 1.0,
        "unit": "days"
      }
    },
    "request": {
      "method": "PUT",
      "url": "Encounter/7f291152-a4bf-4505-b0b5-2642fa208ea3"
    }
  }, {
    "fullUrl": "https://madie.cms.gov/Encounter/9feaccf9-e1b2-4f1e-958b-6b6f1cb5baea",
    "resource": {
      "resourceType": "Encounter",
      "id": "9feaccf9-e1b2-4f1e-958b-6b6f1cb5baea",
      "meta": {
        "profile": [ "http://hl7.org/fhir/us/qicore/StructureDefinition/qicore-encounter" ]
      },
      "status": "finished",
      "class": {
        "system": "http://terminology.hl7.org/CodeSystem/v3-ActCode",
        "code": "IMP",
        "display": "inpatient encounter"
      },
      "type": [ {
        "coding": [ {
          "system": "http://snomed.info/sct",
          "code": "8715000"
        } ]
      } ],
      "subject": {
        "reference": "Patient/ab4af765-dbff-421e-b131-bc0586ffb0ea"
      },
      "period": {
        "start": "2025-11-01T10:00:00.000+00:00",
        "end": "2025-11-04T05:00:00.000+00:00"
      },
      "length": {
        "value": 25.0,
        "unit": "days"
      }
    },
    "request": {
      "method": "PUT",
      "url": "Encounter/9feaccf9-e1b2-4f1e-958b-6b6f1cb5baea"
    }
  }, {
    "fullUrl": "https://madie.cms.gov/Coverage/42d76a21-c2b7-4a80-83dc-a720ec06a18c",
    "resource": {
      "resourceType": "Coverage",
      "id": "42d76a21-c2b7-4a80-83dc-a720ec06a18c",
      "status": "active",
      "beneficiary": {
        "reference": "Patient/ab4af765-dbff-421e-b131-bc0586ffb0ea"
      },
      "period": {
        "start": "1974-01-02T08:00:00+00:00"
      },
      "payor": [ {
        "reference": "Organization/2b304ebb-baca-44a7-bf67-b4407c07255e"
      } ]
    },
    "request": {
      "method": "PUT",
      "url": "Coverage/42d76a21-c2b7-4a80-83dc-a720ec06a18c"
    }
  }, {
    "fullUrl": "https://madie.cms.gov/Procedure/b6b169dd-b233-4694-96f9-cc42096ed9c2",
    "resource": {
      "resourceType": "Procedure",
      "id": "b6b169dd-b233-4694-96f9-cc42096ed9c2",
      "meta": {
        "profile": [ "http://hl7.org/fhir/us/qicore/StructureDefinition/qicore-procedurenotdone" ]
      },
      "extension": [ {
        "url": "http://hl7.org/fhir/us/qicore/StructureDefinition/qicore-recorded",
        "valueDateTime": "2025-11-01T06:35:00-04:00"
      } ],
      "status": "not-done",
      "statusReason": {
        "coding": [ {
          "system": "http://snomed.info/sct",
          "code": "183932001",
          "display": "Procedure contraindicated (situation)",
          "userSelected": true
        } ]
      },
      "code": {
        "coding": [ {
          "system": "http://snomed.info/sct",
          "code": "443448006",
          "display": "Application of intermittent pneumatic compression device (procedure)",
          "userSelected": true
        } ]
      },
      "subject": {
        "reference": "Patient/ab4af765-dbff-421e-b131-bc0586ffb0ea"
      },
      "_performedDateTime": {
        "extension": [ {
          "url": "http://hl7.org/fhir/StructureDefinition/data-absent-reason",
          "valueCode": "not-performed"
        } ]
      }
    },
    "request": {
      "method": "PUT",
      "url": "Procedure/b6b169dd-b233-4694-96f9-cc42096ed9c2"
    }
  }, {
    "fullUrl": "https://madie.cms.gov/MedicationAdministration/d16b524a-0466-4bd8-8443-d00d43ed3d96",
    "resource": {
      "resourceType": "MedicationAdministration",
      "id": "d16b524a-0466-4bd8-8443-d00d43ed3d96",
      "meta": {
        "profile": [ "http://hl7.org/fhir/us/qicore/StructureDefinition/qicore-mednotadministered" ]
      },
      "extension": [ {
        "url": "http://hl7.org/fhir/us/qicore/StructureDefinition/qicore-recorded",
        "valueDateTime": "2025-11-01T06:00:00+00:00"
      } ],
      "status": "not-done",
      "statusReason": [ {
        "coding": [ {
          "system": "http://snomed.info/sct",
          "code": "183932001",
          "display": "Procedure contraindicated (situation)",
          "userSelected": true
        } ]
      } ],
      "medicationCodeableConcept": {
        "coding": [ {
          "system": "http://www.nlm.nih.gov/research/umls/rxnorm",
          "code": "855288"
        } ]
      },
      "subject": {
        "reference": "Patient/ab4af765-dbff-421e-b131-bc0586ffb0ea"
      },
      "effectivePeriod": {
        "start": "2025-11-01T07:00:00+00:00"
      }
    },
    "request": {
      "method": "PUT",
      "url": "MedicationAdministration/d16b524a-0466-4bd8-8443-d00d43ed3d96"
    }
  }, {
    "fullUrl": "https://madie.cms.gov/Organization/2b304ebb-baca-44a7-bf67-b4407c07255e",
    "resource": {
      "resourceType": "Organization",
      "id": "2b304ebb-baca-44a7-bf67-b4407c07255e",
      "meta": {
        "profile": [ "http://hl7.org/fhir/us/qicore/StructureDefinition/qicore-organization" ]
      },
      "identifier": [ {
        "use": "temp",
        "system": "urn:oid:2.16.840.1.113883.4.4",
        "value": "21-3259825"
      } ],
      "active": true,
      "type": [ {
        "coding": [ {
          "system": "http://terminology.hl7.org/CodeSystem/organization-type",
          "code": "pay",
          "display": "Payer"
        } ]
      } ],
      "name": "Blue Cross Blue Shield of Texas",
      "telecom": [ {
        "system": "phone",
        "value": "(+1) 972-766-6900"
      } ],
      "address": [ {
        "use": "billing",
        "type": "postal",
        "line": [ "P.O. Box 660044" ],
        "city": "Dallas",
        "state": "TX",
        "postalCode": "75266-0044",
        "country": "USA"
      } ]
    },
    "request": {
      "method": "PUT",
      "url": "Organization/2b304ebb-baca-44a7-bf67-b4407c07255e"
    }
  }, {
    "fullUrl": "https://madie.cms.gov/Practitioner/da5420e5-9dff-4c79-bdc7-e804042cc9d1",
    "resource": {
      "resourceType": "Practitioner",
      "id": "da5420e5-9dff-4c79-bdc7-e804042cc9d1",
      "identifier": [ {
        "system": "http://hl7.org/fhir/sid/us-npi",
        "value": "123456"
      } ],
      "name": [ {
        "family": "Evil",
        "prefix": [ "Dr" ]
      } ]
    },
    "request": {
      "method": "PUT",
      "url": "Practitioner/da5420e5-9dff-4c79-bdc7-e804042cc9d1"
    }
  }, {
    "fullUrl": "https://madie.cms.gov/MeasureReport/beb2f796-0b7a-4370-ad68-75d735835140",
    "resource": {
      "resourceType": "MeasureReport",
      "id": "beb2f796-0b7a-4370-ad68-75d735835140",
      "meta": {
        "profile": [ "http://hl7.org/fhir/us/cqfmeasures/StructureDefinition/test-case-cqfm" ]
      },
      "contained": [ {
        "resourceType": "Parameters",
        "id": "1b53410a-4e37-49d5-b717-63851985ba14-parameters",
        "parameter": [ {
          "name": "subject",
          "valueString": "ab4af765-dbff-421e-b131-bc0586ffb0ea"
        } ]
      } ],
      "extension": [ {
        "url": "http://hl7.org/fhir/us/cqfmeasures/StructureDefinition/cqfm-inputParameters",
        "valueReference": {
          "reference": "#1b53410a-4e37-49d5-b717-63851985ba14-parameters"
        }
      }, {
        "url": "http://hl7.org/fhir/us/cqfmeasures/StructureDefinition/cqfm-testCaseDescription",
        "valueMarkdown": "medical reasons for not receiving IPC devices and warfarin in ED but ED is 2 hour before Adm\n"
      } ],
      "modifierExtension": [ {
        "url": "http://hl7.org/fhir/us/cqfmeasures/StructureDefinition/cqfm-isTestCase",
        "valueBoolean": true
      } ],
      "status": "complete",
      "type": "individual",
      "measure": "https://madie.cms.gov/Measure/VenousThromboembolismProphylaxisFHIR",
      "period": {
        "start": "2025-01-01",
        "end": "2025-12-31"
      },
      "group": [ {
        "population": [ {
          "code": {
            "coding": [ {
              "system": "http://terminology.hl7.org/CodeSystem/measure-population",
              "code": "initial-population",
              "display": "Initial Population"
            } ]
          },
          "count": 1
        }, {
          "code": {
            "coding": [ {
              "system": "http://terminology.hl7.org/CodeSystem/measure-population",
              "code": "denominator",
              "display": "Denominator"
            } ]
          },
          "count": 1
        }, {
          "code": {
            "coding": [ {
              "system": "http://terminology.hl7.org/CodeSystem/measure-population",
              "code": "denominator-exclusion",
              "display": "Denominator Exclusion"
            } ]
          },
          "count": 0
        }, {
          "code": {
            "coding": [ {
              "system": "http://terminology.hl7.org/CodeSystem/measure-population",
              "code": "numerator",
              "display": "Numerator"
            } ]
          },
          "count": 1
        } ]
      } ],
      "evaluatedResource": [ {
        "reference": "Patient/ab4af765-dbff-421e-b131-bc0586ffb0ea"
      }, {
        "reference": "Encounter/7f291152-a4bf-4505-b0b5-2642fa208ea3"
      }, {
        "reference": "Encounter/9feaccf9-e1b2-4f1e-958b-6b6f1cb5baea"
      }, {
        "reference": "Coverage/42d76a21-c2b7-4a80-83dc-a720ec06a18c"
      }, {
        "reference": "Procedure/b6b169dd-b233-4694-96f9-cc42096ed9c2"
      }, {
        "reference": "MedicationAdministration/d16b524a-0466-4bd8-8443-d00d43ed3d96"
      }, {
        "reference": "Organization/2b304ebb-baca-44a7-bf67-b4407c07255e"
      }, {
        "reference": "Practitioner/da5420e5-9dff-4c79-bdc7-e804042cc9d1"
      } ]
    },
    "request": {
      "method": "PUT",
      "url": "MeasureReport/beb2f796-0b7a-4370-ad68-75d735835140"
    }
  } ]
}