{
  "resourceType": "Bundle",
  "id": "1634131634135131",
  "type": "transaction",
  "entry": [ {
    "fullUrl": "https://madie.cms.gov/Patient/7d6436cb-995e-4672-b5bb-04cb996b2949",
    "resource": {
      "resourceType": "Patient",
      "id": "7d6436cb-995e-4672-b5bb-04cb996b2949",
      "meta": {
        "profile": [ "http://hl7.org/fhir/us/qicore/StructureDefinition/qicore-patient" ]
      },
      "extension": [ {
        "url": "http://hl7.org/fhir/us/core/StructureDefinition/us-core-race",
        "extension": [ {
          "url": "ombCategory",
          "valueCoding": {
            "system": "urn:oid:2.16.840.1.113883.6.238",
            "code": "2054-5",
            "display": "Black or African American"
          }
        }, {
          "url": "text",
          "valueString": "Black or African American"
        } ]
      }, {
        "url": "http://hl7.org/fhir/us/core/StructureDefinition/us-core-ethnicity",
        "extension": [ {
          "url": "ombCategory",
          "valueCoding": {
            "system": "urn:oid:2.16.840.1.113883.6.238",
            "code": "2186-5",
            "display": "Not Hispanic or Latino"
          }
        }, {
          "url": "text",
          "valueString": "Not Hispanic or Latino"
        } ]
      } ],
      "identifier": [ {
        "type": {
          "coding": [ {
            "system": "http://terminology.hl7.org/CodeSystem/v2-0203",
            "code": "MR"
          } ]
        },
        "system": "https://bonnie-fhir.healthit.gov/",
        "value": "60abda28bf0a01003e3f76bd"
      } ],
      "name": [ {
        "family": "NUMERFail",
        "given": [ "DEXAGreaterThan2YearsBeforeADT" ]
      } ],
      "gender": "male",
      "birthDate": "1930-06-15"
    },
    "request": {
      "method": "PUT",
      "url": "Patient/7d6436cb-995e-4672-b5bb-04cb996b2949"
    }
  }, {
    "fullUrl": "https://madie.cms.gov/Encounter/2bf9591f-bf01-4f5c-b3f8-19809765de09",
    "resource": {
      "resourceType": "Encounter",
      "id": "2bf9591f-bf01-4f5c-b3f8-19809765de09",
      "meta": {
        "profile": [ "http://hl7.org/fhir/us/qicore/StructureDefinition/qicore-encounter" ]
      },
      "status": "finished",
      "class": {
        "system": "http://terminology.hl7.org/CodeSystem/v3-ActCode",
        "code": "AMB",
        "display": "ambulatory"
      },
      "type": [ {
        "coding": [ {
          "system": "http://snomed.info/sct",
          "version": "http://snomed.info/sct/731000124108/version/20240301",
          "code": "185463005",
          "display": "Visit out of hours (procedure)"
        } ]
      } ],
      "subject": {
        "reference": "Patient/7d6436cb-995e-4672-b5bb-04cb996b2949"
      },
      "period": {
        "start": "2026-04-04T08:00:00.000+00:00",
        "end": "2026-04-04T08:15:00.000+00:00"
      }
    },
    "request": {
      "method": "PUT",
      "url": "Encounter/2bf9591f-bf01-4f5c-b3f8-19809765de09"
    }
  }, {
    "fullUrl": "https://madie.cms.gov/Condition/1577ec3b-9e7f-4739-b5cd-d46c458a1d8a",
    "resource": {
      "resourceType": "Condition",
      "id": "1577ec3b-9e7f-4739-b5cd-d46c458a1d8a",
      "meta": {
        "profile": [ "http://hl7.org/fhir/us/qicore/StructureDefinition/qicore-condition-problems-health-concerns" ]
      },
      "clinicalStatus": {
        "coding": [ {
          "system": "http://terminology.hl7.org/CodeSystem/condition-clinical",
          "code": "active",
          "display": "Active"
        } ]
      },
      "verificationStatus": {
        "coding": [ {
          "system": "http://terminology.hl7.org/CodeSystem/condition-ver-status",
          "code": "confirmed"
        } ]
      },
      "category": [ {
        "coding": [ {
          "system": "http://terminology.hl7.org/CodeSystem/condition-category",
          "code": "problem-list-item",
          "display": "Problem List Item"
        } ]
      } ],
      "code": {
        "coding": [ {
          "system": "http://snomed.info/sct",
          "version": "http://snomed.info/sct/731000124108/version/20250301",
          "code": "254900004",
          "display": "Carcinoma of prostate (disorder)"
        } ]
      },
      "subject": {
        "reference": "Patient/7d6436cb-995e-4672-b5bb-04cb996b2949"
      },
      "onsetPeriod": {
        "start": "2026-04-04T08:00:00.000+00:00"
      }
    },
    "request": {
      "method": "PUT",
      "url": "Condition/1577ec3b-9e7f-4739-b5cd-d46c458a1d8a"
    }
  }, {
    "fullUrl": "https://madie.cms.gov/Observation/231fa974-5c9c-41b0-9d81-e616e7a2241b",
    "resource": {
      "resourceType": "Observation",
      "id": "231fa974-5c9c-41b0-9d81-e616e7a2241b",
      "meta": {
        "profile": [ "http://hl7.org/fhir/us/qicore/StructureDefinition/qicore-observation-clinical-result" ]
      },
      "status": "final",
      "category": [ {
        "coding": [ {
          "system": "http://terminology.hl7.org/CodeSystem/observation-category",
          "code": "imaging",
          "display": "Imaging"
        } ]
      }, {
        "coding": [ {
          "system": "http://terminology.hl7.org/CodeSystem/observation-category",
          "code": "survey"
        } ]
      } ],
      "code": {
        "coding": [ {
          "system": "http://loinc.org",
          "version": "2.76",
          "code": "38265-5",
          "display": "DXA Radius and Ulna [T-score] Bone density"
        } ]
      },
      "subject": {
        "reference": "Patient/7d6436cb-995e-4672-b5bb-04cb996b2949"
      },
      "effectivePeriod": {
        "start": "2023-02-04T10:00:00.000+00:00"
      },
      "dataAbsentReason": {
        "coding": [ {
          "system": "http://terminology.hl7.org/CodeSystem/data-absent-reason",
          "code": "unknown",
          "display": "Unknown"
        } ]
      }
    },
    "request": {
      "method": "PUT",
      "url": "Observation/231fa974-5c9c-41b0-9d81-e616e7a2241b"
    }
  }, {
    "fullUrl": "https://madie.cms.gov/Practitioner/4904dd0f-2907-44f0-a257-2890a703af34",
    "resource": {
      "resourceType": "Practitioner",
      "id": "4904dd0f-2907-44f0-a257-2890a703af34",
      "meta": {
        "profile": [ "http://hl7.org/fhir/us/qicore/StructureDefinition/qicore-practitioner" ]
      },
      "identifier": [ {
        "use": "temp",
        "system": "urn:oid:2.16.840.1.113883.4.336",
        "value": "Practitioner-23"
      } ],
      "active": true,
      "name": [ {
        "family": "Careful",
        "given": [ "Adam" ],
        "prefix": [ "Dr" ]
      } ],
      "address": [ {
        "use": "home",
        "line": [ "534 Erewhon St" ],
        "city": "PleasantVille",
        "state": "UT",
        "postalCode": "84414"
      } ],
      "qualification": [ {
        "identifier": [ {
          "system": "http://example.org/UniversityIdentifier",
          "value": "12345"
        } ],
        "code": {
          "coding": [ {
            "system": "http://terminology.hl7.org/CodeSystem/v2-0360|2.7",
            "code": "BS",
            "display": "Bachelor of Science"
          } ],
          "text": "Bachelor of Science"
        },
        "period": {
          "start": "1996"
        },
        "issuer": {
          "display": "Example University"
        }
      } ]
    },
    "request": {
      "method": "PUT",
      "url": "Practitioner/4904dd0f-2907-44f0-a257-2890a703af34"
    }
  }, {
    "fullUrl": "https://madie.cms.gov/MedicationRequest/8f7c6aa4-1ed3-4f7f-98e5-611498b9ddc8",
    "resource": {
      "resourceType": "MedicationRequest",
      "id": "8f7c6aa4-1ed3-4f7f-98e5-611498b9ddc8",
      "meta": {
        "profile": [ "http://hl7.org/fhir/us/qicore/StructureDefinition/qicore-medicationrequest" ]
      },
      "status": "active",
      "intent": "order",
      "medicationCodeableConcept": {
        "coding": [ {
          "system": "http://www.nlm.nih.gov/research/umls/rxnorm",
          "version": "06052023",
          "code": "1115257",
          "display": "1.5 ML leuprolide acetate 30 MG/ML Prefilled Syringe"
        } ]
      },
      "subject": {
        "reference": "Patient/7d6436cb-995e-4672-b5bb-04cb996b2949"
      },
      "authoredOn": "2026-04-04T08:00:00.000+00:00",
      "requester": {
        "reference": "http://myGoodHealthcare.com/fhir/Practitioner/4904dd0f-2907-44f0-a257-2890a703af34"
      },
      "dosageInstruction": [ {
        "timing": {
          "repeat": {
            "boundsPeriod": {
              "start": "2026-04-04T08:00:00.000+00:00",
              "end": "2026-05-04T08:00:00.000+00:00"
            }
          }
        }
      } ]
    },
    "request": {
      "method": "PUT",
      "url": "MedicationRequest/8f7c6aa4-1ed3-4f7f-98e5-611498b9ddc8"
    }
  }, {
    "fullUrl": "https://madie.cms.gov/ServiceRequest/83fa52c7-040b-4fbd-b17b-0d7c38469f88",
    "resource": {
      "resourceType": "ServiceRequest",
      "id": "83fa52c7-040b-4fbd-b17b-0d7c38469f88",
      "meta": {
        "profile": [ "http://hl7.org/fhir/us/qicore/StructureDefinition/qicore-servicerequest" ]
      },
      "status": "active",
      "intent": "order",
      "code": {
        "coding": [ {
          "system": "http://snomed.info/sct",
          "version": "http://snomed.info/sct/731000124108/version/20250301",
          "code": "456381000124102",
          "display": "Injection of leuprolide acetate for twelve month period (regime/therapy)"
        } ]
      },
      "subject": {
        "reference": "Patient/7d6436cb-995e-4672-b5bb-04cb996b2949"
      },
      "authoredOn": "2026-04-04T08:00:00.000+00:00"
    },
    "request": {
      "method": "PUT",
      "url": "ServiceRequest/83fa52c7-040b-4fbd-b17b-0d7c38469f88"
    }
  }, {
    "fullUrl": "https://madie.cms.gov/MeasureReport/6af9e1c1-a61b-4b7a-a442-c691172301fb",
    "resource": {
      "resourceType": "MeasureReport",
      "id": "6af9e1c1-a61b-4b7a-a442-c691172301fb",
      "meta": {
        "profile": [ "http://hl7.org/fhir/us/cqfmeasures/StructureDefinition/test-case-cqfm" ]
      },
      "contained": [ {
        "resourceType": "Parameters",
        "id": "e7d0db61-b145-474b-b14c-e3585724b2a3-parameters",
        "parameter": [ {
          "name": "subject",
          "valueString": "7d6436cb-995e-4672-b5bb-04cb996b2949"
        } ]
      } ],
      "extension": [ {
        "url": "http://hl7.org/fhir/StructureDefinition/cqf-inputParameters",
        "valueReference": {
          "reference": "#e7d0db61-b145-474b-b14c-e3585724b2a3-parameters"
        }
      }, {
        "url": "http://hl7.org/fhir/us/cqfmeasures/StructureDefinition/cqfm-testCaseDescription",
        "valueMarkdown": "Patient DEXA performed greater than 2 years before ADT.  Failed NUMER criteria."
      } ],
      "modifierExtension": [ {
        "url": "http://hl7.org/fhir/us/cqfmeasures/StructureDefinition/cqfm-isTestCase",
        "valueBoolean": true
      } ],
      "status": "complete",
      "type": "individual",
      "measure": "https://madie.cms.gov/Measure/CMS645FHIRBoneDensityPCADTherapy",
      "period": {
        "start": "2026-01-01",
        "end": "2026-12-31"
      },
      "group": [ {
        "id": "Group_1",
        "population": [ {
          "id": "InitialPopulation_1",
          "code": {
            "coding": [ {
              "system": "http://terminology.hl7.org/CodeSystem/measure-population",
              "code": "initial-population",
              "display": "Initial Population"
            } ]
          },
          "count": 1
        }, {
          "id": "Denominator_1",
          "code": {
            "coding": [ {
              "system": "http://terminology.hl7.org/CodeSystem/measure-population",
              "code": "denominator",
              "display": "Denominator"
            } ]
          },
          "count": 1
        }, {
          "id": "Numerator_1",
          "code": {
            "coding": [ {
              "system": "http://terminology.hl7.org/CodeSystem/measure-population",
              "code": "numerator",
              "display": "Numerator"
            } ]
          },
          "count": 0
        }, {
          "id": "DenominatorException_1",
          "code": {
            "coding": [ {
              "system": "http://terminology.hl7.org/CodeSystem/measure-population",
              "code": "denominator-exception",
              "display": "Denominator Exception"
            } ]
          },
          "count": 0
        } ],
        "measureScore": {
          "value": 1.0
        }
      } ],
      "evaluatedResource": [ {
        "reference": "Patient/7d6436cb-995e-4672-b5bb-04cb996b2949"
      }, {
        "reference": "Encounter/2bf9591f-bf01-4f5c-b3f8-19809765de09"
      }, {
        "reference": "Condition/1577ec3b-9e7f-4739-b5cd-d46c458a1d8a"
      }, {
        "reference": "Observation/231fa974-5c9c-41b0-9d81-e616e7a2241b"
      }, {
        "reference": "Practitioner/4904dd0f-2907-44f0-a257-2890a703af34"
      }, {
        "reference": "MedicationRequest/8f7c6aa4-1ed3-4f7f-98e5-611498b9ddc8"
      }, {
        "reference": "ServiceRequest/83fa52c7-040b-4fbd-b17b-0d7c38469f88"
      } ]
    },
    "request": {
      "method": "PUT",
      "url": "MeasureReport/6af9e1c1-a61b-4b7a-a442-c691172301fb"
    }
  } ]
}