{
  "resourceType": "Bundle",
  "id": "612e6b1602c62a011f2ec5e7",
  "type": "transaction",
  "entry": [ {
    "fullUrl": "https://madie.cms.gov/Patient/52e87b2b-3892-4ab1-b013-029c80db5c13",
    "resource": {
      "resourceType": "Patient",
      "id": "52e87b2b-3892-4ab1-b013-029c80db5c13",
      "meta": {
        "profile": [ "http://hl7.org/fhir/us/qicore/StructureDefinition/qicore-patient" ]
      },
      "text": {
        "status": "generated",
        "div": "<div xmlns=\"http://www.w3.org/1999/xhtml\"><div class=\"hapiHeaderText\">WarfarinAFDisch_2Encounters <b>NUMERFAIL </b></div><table class=\"hapiPropertyTable\"><tbody><tr><td>Identifier</td><td>f6b3ce4fb2b87a4aa5f00ca8118e0e9a</td></tr><tr><td>Date of birth</td><td><span>02 January 1974</span></td></tr></tbody></table></div>"
      },
      "extension": [ {
        "url": "http://hl7.org/fhir/us/core/StructureDefinition/us-core-race",
        "extension": [ {
          "url": "ombCategory",
          "valueCoding": {
            "system": "urn:oid:2.16.840.1.113883.6.238",
            "code": "1002-5",
            "display": "American Indian or Alaska Native",
            "userSelected": true
          }
        }, {
          "url": "text",
          "valueString": "American Indian or Alaska Native"
        } ]
      }, {
        "url": "http://hl7.org/fhir/us/core/StructureDefinition/us-core-ethnicity",
        "extension": [ {
          "url": "ombCategory",
          "valueCoding": {
            "system": "urn:oid:2.16.840.1.113883.6.238",
            "code": "2135-2",
            "display": "Hispanic or Latino",
            "userSelected": true
          }
        }, {
          "url": "text",
          "valueString": "Hispanic or Latino"
        } ]
      } ],
      "identifier": [ {
        "type": {
          "coding": [ {
            "system": "http://terminology.hl7.org/CodeSystem/v2-0203",
            "code": "MR"
          } ]
        },
        "system": "https://bonnie-fhir.healthit.gov/",
        "value": "612e6b1602c62a011f2ec5e7"
      } ],
      "active": true,
      "name": [ {
        "use": "usual",
        "family": "NUMERFail",
        "given": [ "WarfarinAFDisch_2Encounters" ]
      } ],
      "gender": "male",
      "birthDate": "1974-01-02"
    },
    "request": {
      "method": "PUT",
      "url": "Patient/52e87b2b-3892-4ab1-b013-029c80db5c13"
    }
  }, {
    "fullUrl": "https://madie.cms.gov/Encounter/b2b17b09-cb90-4219-807b-f98cc4b1d2c8",
    "resource": {
      "resourceType": "Encounter",
      "id": "b2b17b09-cb90-4219-807b-f98cc4b1d2c8",
      "meta": {
        "profile": [ "http://hl7.org/fhir/us/qicore/StructureDefinition/qicore-encounter" ]
      },
      "status": "finished",
      "class": {
        "system": "http://terminology.hl7.org/CodeSystem/v3-ActCode",
        "code": "IMP",
        "display": "inpatient encounter"
      },
      "type": [ {
        "coding": [ {
          "system": "http://snomed.info/sct",
          "code": "8715000"
        } ]
      } ],
      "subject": {
        "reference": "Patient/52e87b2b-3892-4ab1-b013-029c80db5c13"
      },
      "period": {
        "start": "2025-10-03T08:00:00+00:00",
        "end": "2025-10-05T08:15:00+00:00"
      },
      "length": {
        "value": 2.0,
        "unit": "days"
      },
      "diagnosis": [ {
        "condition": {
          "reference": "Condition/hemorrhagic-stroke-1c3b"
        },
        "rank": 1
      } ]
    },
    "request": {
      "method": "PUT",
      "url": "Encounter/b2b17b09-cb90-4219-807b-f98cc4b1d2c8"
    }
  }, {
    "fullUrl": "https://madie.cms.gov/Encounter/fed69069-5151-4487-82cc-2dc39fd2f4ab",
    "resource": {
      "resourceType": "Encounter",
      "id": "fed69069-5151-4487-82cc-2dc39fd2f4ab",
      "meta": {
        "profile": [ "http://hl7.org/fhir/us/qicore/StructureDefinition/qicore-encounter" ]
      },
      "status": "finished",
      "class": {
        "system": "http://terminology.hl7.org/CodeSystem/v3-ActCode",
        "code": "IMP",
        "display": "inpatient encounter"
      },
      "type": [ {
        "coding": [ {
          "system": "http://snomed.info/sct",
          "code": "8715000"
        } ]
      } ],
      "subject": {
        "reference": "Patient/52e87b2b-3892-4ab1-b013-029c80db5c13"
      },
      "period": {
        "start": "2025-11-01T08:00:00+00:00",
        "end": "2025-11-26T08:15:00+00:00"
      },
      "length": {
        "value": 25.0,
        "unit": "days"
      }
    },
    "request": {
      "method": "PUT",
      "url": "Encounter/fed69069-5151-4487-82cc-2dc39fd2f4ab"
    }
  }, {
    "fullUrl": "https://madie.cms.gov/Coverage/13ee8626-d3c4-4981-9982-cee845229b43",
    "resource": {
      "resourceType": "Coverage",
      "id": "13ee8626-d3c4-4981-9982-cee845229b43",
      "status": "active",
      "beneficiary": {
        "reference": "Patient/52e87b2b-3892-4ab1-b013-029c80db5c13"
      },
      "period": {
        "start": "1974-01-02T08:00:00+00:00"
      },
      "payor": [ {
        "reference": "Organization/b92bb470-91ba-4488-bd58-01ef401f3215"
      } ]
    },
    "request": {
      "method": "PUT",
      "url": "Coverage/13ee8626-d3c4-4981-9982-cee845229b43"
    }
  }, {
    "fullUrl": "https://madie.cms.gov/MedicationAdministration/d0deef39-92c6-48de-a683-ec893d654197",
    "resource": {
      "resourceType": "MedicationAdministration",
      "id": "d0deef39-92c6-48de-a683-ec893d654197",
      "meta": {
        "profile": [ "http://hl7.org/fhir/us/qicore/StructureDefinition/qicore-medicationadministration" ]
      },
      "status": "completed",
      "medicationCodeableConcept": {
        "coding": [ {
          "system": "http://www.nlm.nih.gov/research/umls/rxnorm",
          "code": "855288"
        } ]
      },
      "subject": {
        "reference": "Patient/52e87b2b-3892-4ab1-b013-029c80db5c13"
      },
      "effectiveDateTime": "2025-10-26T08:00:00.000+00:00"
    },
    "request": {
      "method": "PUT",
      "url": "MedicationAdministration/d0deef39-92c6-48de-a683-ec893d654197"
    }
  }, {
    "fullUrl": "https://madie.cms.gov/Organization/b92bb470-91ba-4488-bd58-01ef401f3215",
    "resource": {
      "resourceType": "Organization",
      "id": "b92bb470-91ba-4488-bd58-01ef401f3215",
      "meta": {
        "profile": [ "http://hl7.org/fhir/us/qicore/StructureDefinition/qicore-organization" ]
      },
      "identifier": [ {
        "use": "temp",
        "system": "urn:oid:2.16.840.1.113883.4.4",
        "value": "21-3259825"
      } ],
      "active": true,
      "type": [ {
        "coding": [ {
          "system": "http://terminology.hl7.org/CodeSystem/organization-type",
          "code": "pay",
          "display": "Payer"
        } ]
      } ],
      "name": "Blue Cross Blue Shield of Texas",
      "telecom": [ {
        "system": "phone",
        "value": "(+1) 972-766-6900"
      } ],
      "address": [ {
        "use": "billing",
        "type": "postal",
        "line": [ "P.O. Box 660044" ],
        "city": "Dallas",
        "state": "TX",
        "postalCode": "75266-0044",
        "country": "USA"
      } ]
    },
    "request": {
      "method": "PUT",
      "url": "Organization/b92bb470-91ba-4488-bd58-01ef401f3215"
    }
  }, {
    "fullUrl": "https://madie.cms.gov/Practitioner/81517c1e-5d49-44c9-a76f-b3220bf30676",
    "resource": {
      "resourceType": "Practitioner",
      "id": "81517c1e-5d49-44c9-a76f-b3220bf30676",
      "identifier": [ {
        "system": "http://hl7.org/fhir/sid/us-npi",
        "value": "123456"
      } ],
      "name": [ {
        "family": "Evil",
        "prefix": [ "Dr" ]
      } ]
    },
    "request": {
      "method": "PUT",
      "url": "Practitioner/81517c1e-5d49-44c9-a76f-b3220bf30676"
    }
  }, {
    "fullUrl": "https://madie.cms.gov/MeasureReport/c5def13d-81c0-4d7b-bb27-90ce6f9260de",
    "resource": {
      "resourceType": "MeasureReport",
      "id": "c5def13d-81c0-4d7b-bb27-90ce6f9260de",
      "meta": {
        "profile": [ "http://hl7.org/fhir/us/cqfmeasures/StructureDefinition/test-case-cqfm" ]
      },
      "contained": [ {
        "resourceType": "Parameters",
        "id": "5bd86ca5-46e6-47bb-bf67-65388dcc6a6b-parameters",
        "parameter": [ {
          "name": "subject",
          "valueString": "52e87b2b-3892-4ab1-b013-029c80db5c13"
        } ]
      } ],
      "extension": [ {
        "url": "http://hl7.org/fhir/us/cqfmeasures/StructureDefinition/cqfm-inputParameters",
        "valueReference": {
          "reference": "#5bd86ca5-46e6-47bb-bf67-65388dcc6a6b-parameters"
        }
      }, {
        "url": "http://hl7.org/fhir/us/cqfmeasures/StructureDefinition/cqfm-testCaseDescription",
        "valueMarkdown": "2 encounters. warfarin administered 1 day Before 2nd encounter\n"
      } ],
      "modifierExtension": [ {
        "url": "http://hl7.org/fhir/us/cqfmeasures/StructureDefinition/cqfm-isTestCase",
        "valueBoolean": true
      } ],
      "status": "complete",
      "type": "individual",
      "measure": "https://madie.cms.gov/Measure/VenousThromboembolismProphylaxisFHIR",
      "period": {
        "start": "2025-01-01",
        "end": "2025-12-31"
      },
      "group": [ {
        "population": [ {
          "code": {
            "coding": [ {
              "system": "http://terminology.hl7.org/CodeSystem/measure-population",
              "code": "initial-population",
              "display": "Initial Population"
            } ]
          },
          "count": 2
        }, {
          "code": {
            "coding": [ {
              "system": "http://terminology.hl7.org/CodeSystem/measure-population",
              "code": "denominator",
              "display": "Denominator"
            } ]
          },
          "count": 2
        }, {
          "code": {
            "coding": [ {
              "system": "http://terminology.hl7.org/CodeSystem/measure-population",
              "code": "denominator-exclusion",
              "display": "Denominator Exclusion"
            } ]
          },
          "count": 0
        }, {
          "code": {
            "coding": [ {
              "system": "http://terminology.hl7.org/CodeSystem/measure-population",
              "code": "numerator",
              "display": "Numerator"
            } ]
          },
          "count": 0
        } ]
      } ],
      "evaluatedResource": [ {
        "reference": "Patient/52e87b2b-3892-4ab1-b013-029c80db5c13"
      }, {
        "reference": "Encounter/b2b17b09-cb90-4219-807b-f98cc4b1d2c8"
      }, {
        "reference": "Encounter/fed69069-5151-4487-82cc-2dc39fd2f4ab"
      }, {
        "reference": "Coverage/13ee8626-d3c4-4981-9982-cee845229b43"
      }, {
        "reference": "MedicationAdministration/d0deef39-92c6-48de-a683-ec893d654197"
      }, {
        "reference": "Organization/b92bb470-91ba-4488-bd58-01ef401f3215"
      }, {
        "reference": "Practitioner/81517c1e-5d49-44c9-a76f-b3220bf30676"
      } ]
    },
    "request": {
      "method": "PUT",
      "url": "MeasureReport/c5def13d-81c0-4d7b-bb27-90ce6f9260de"
    }
  } ]
}