{
  "resourceType": "Bundle",
  "id": "13161321321351024",
  "type": "transaction",
  "entry": [ {
    "fullUrl": "https://madie.cms.gov/Patient/ee053d16-adcb-4760-9305-6a553d789d9a",
    "resource": {
      "resourceType": "Patient",
      "id": "ee053d16-adcb-4760-9305-6a553d789d9a",
      "meta": {
        "profile": [ "http://hl7.org/fhir/us/qicore/StructureDefinition/qicore-patient" ]
      },
      "extension": [ {
        "url": "http://hl7.org/fhir/us/core/StructureDefinition/us-core-race",
        "extension": [ {
          "url": "ombCategory",
          "valueCoding": {
            "system": "urn:oid:2.16.840.1.113883.6.238",
            "code": "2076-8",
            "display": "Native Hawaiian or Other Pacific Islander"
          }
        }, {
          "url": "text",
          "valueString": "Other Race"
        } ]
      }, {
        "url": "http://hl7.org/fhir/us/core/StructureDefinition/us-core-ethnicity",
        "extension": [ {
          "url": "ombCategory",
          "valueCoding": {
            "system": "urn:oid:2.16.840.1.113883.6.238",
            "code": "2135-2",
            "display": "Hispanic or Latino",
            "userSelected": true
          }
        }, {
          "url": "text",
          "valueString": "Hispanic or Latino"
        } ]
      } ],
      "identifier": [ {
        "type": {
          "coding": [ {
            "system": "http://terminology.hl7.org/CodeSystem/v2-0203",
            "code": "MR"
          } ]
        },
        "system": "https://bonnie-fhir.healthit.gov/",
        "value": "60abce8bcd7f9706e4189cfd"
      } ],
      "name": [ {
        "family": "DENOMPass",
        "given": [ "MedReqBoundsPriorToPCa" ]
      } ],
      "gender": "male",
      "birthDate": "1949-07-09"
    },
    "request": {
      "method": "PUT",
      "url": "Patient/ee053d16-adcb-4760-9305-6a553d789d9a"
    }
  }, {
    "fullUrl": "https://madie.cms.gov/Encounter/246011a6-b1f5-4db5-91ff-3980f1023608",
    "resource": {
      "resourceType": "Encounter",
      "id": "246011a6-b1f5-4db5-91ff-3980f1023608",
      "meta": {
        "profile": [ "http://hl7.org/fhir/us/qicore/StructureDefinition/qicore-encounter" ]
      },
      "status": "finished",
      "class": {
        "system": "http://terminology.hl7.org/CodeSystem/v3-ActCode",
        "code": "AMB",
        "display": "ambulatory"
      },
      "type": [ {
        "coding": [ {
          "system": "http://snomed.info/sct",
          "version": "2022-09",
          "code": "185463005",
          "display": "Visit out of hours (procedure)"
        } ]
      } ],
      "subject": {
        "reference": "Patient/ee053d16-adcb-4760-9305-6a553d789d9a"
      },
      "period": {
        "start": "2025-02-03T08:00:00+00:00",
        "end": "2025-02-03T08:45:00+00:00"
      }
    },
    "request": {
      "method": "PUT",
      "url": "Encounter/246011a6-b1f5-4db5-91ff-3980f1023608"
    }
  }, {
    "fullUrl": "https://madie.cms.gov/MedicationRequest/34a86931-c952-46c0-832b-5df5a747e452",
    "resource": {
      "resourceType": "MedicationRequest",
      "id": "34a86931-c952-46c0-832b-5df5a747e452",
      "meta": {
        "profile": [ "http://hl7.org/fhir/us/qicore/StructureDefinition/qicore-medicationrequest" ]
      },
      "status": "active",
      "intent": "order",
      "doNotPerform": false,
      "medicationCodeableConcept": {
        "coding": [ {
          "system": "http://www.nlm.nih.gov/research/umls/rxnorm",
          "version": "2025-01",
          "code": "314008",
          "display": "goserelin 10.8 MG Drug Implant"
        } ]
      },
      "subject": {
        "reference": "Patient/ee053d16-adcb-4760-9305-6a553d789d9a"
      },
      "authoredOn": "2024-11-01T08:00:00.000+00:00",
      "requester": {
        "reference": "http://myGoodHealthcare.com/fhir/Practitioner/353d19a1-cb80-4aa0-a71a-a47d702b0fe3"
      },
      "dosageInstruction": [ {
        "timing": {
          "repeat": {
            "boundsPeriod": {
              "start": "2024-11-03T08:00:00.000+00:00",
              "end": "2024-11-03T09:00:00.000+00:00"
            }
          }
        }
      } ]
    },
    "request": {
      "method": "PUT",
      "url": "MedicationRequest/34a86931-c952-46c0-832b-5df5a747e452"
    }
  }, {
    "fullUrl": "https://madie.cms.gov/Condition/f0a4e6bc-884e-4850-86cd-a6b9d3c1bcfd",
    "resource": {
      "resourceType": "Condition",
      "id": "f0a4e6bc-884e-4850-86cd-a6b9d3c1bcfd",
      "meta": {
        "profile": [ "http://hl7.org/fhir/us/qicore/StructureDefinition/qicore-condition-problems-health-concerns" ]
      },
      "clinicalStatus": {
        "coding": [ {
          "system": "http://terminology.hl7.org/CodeSystem/condition-clinical",
          "code": "active"
        } ]
      },
      "verificationStatus": {
        "coding": [ {
          "system": "http://terminology.hl7.org/CodeSystem/condition-ver-status",
          "code": "confirmed"
        } ]
      },
      "category": [ {
        "coding": [ {
          "system": "http://terminology.hl7.org/CodeSystem/condition-category",
          "code": "problem-list-item",
          "display": "Problem List Item"
        } ]
      } ],
      "code": {
        "coding": [ {
          "system": "http://snomed.info/sct",
          "version": "2022-09",
          "code": "254900004",
          "display": "Carcinoma of prostate (disorder)"
        } ]
      },
      "subject": {
        "reference": "Patient/ee053d16-adcb-4760-9305-6a553d789d9a"
      },
      "onsetPeriod": {
        "start": "2025-01-03T08:00:00.000+00:00"
      }
    },
    "request": {
      "method": "PUT",
      "url": "Condition/f0a4e6bc-884e-4850-86cd-a6b9d3c1bcfd"
    }
  }, {
    "fullUrl": "https://madie.cms.gov/MedicationRequest/256565fc-7375-4720-af94-8734b5401c9c",
    "resource": {
      "resourceType": "MedicationRequest",
      "id": "256565fc-7375-4720-af94-8734b5401c9c",
      "meta": {
        "profile": [ "http://hl7.org/fhir/us/qicore/StructureDefinition/qicore-medicationrequest" ]
      },
      "status": "active",
      "intent": "order",
      "medicationCodeableConcept": {
        "coding": [ {
          "system": "http://www.nlm.nih.gov/research/umls/rxnorm",
          "version": "2025-01",
          "code": "314008",
          "display": "goserelin 10.8 MG Drug Implant"
        } ]
      },
      "subject": {
        "reference": "Patient/ee053d16-adcb-4760-9305-6a553d789d9a"
      },
      "authoredOn": "2025-02-01T08:00:00.000+00:00",
      "requester": {
        "reference": "http://myGoodHealthcare.com/fhir/Practitioner/353d19a1-cb80-4aa0-a71a-a47d702b0fe3"
      },
      "dosageInstruction": [ {
        "timing": {
          "repeat": {
            "boundsPeriod": {
              "start": "2025-02-03T08:00:00.000+00:00",
              "end": "2025-03-03T09:00:00.000+00:00"
            }
          }
        }
      } ]
    },
    "request": {
      "method": "PUT",
      "url": "MedicationRequest/256565fc-7375-4720-af94-8734b5401c9c"
    }
  }, {
    "fullUrl": "https://madie.cms.gov/Practitioner/353d19a1-cb80-4aa0-a71a-a47d702b0fe3",
    "resource": {
      "resourceType": "Practitioner",
      "id": "353d19a1-cb80-4aa0-a71a-a47d702b0fe3",
      "meta": {
        "profile": [ "http://hl7.org/fhir/us/qicore/StructureDefinition/qicore-practitioner" ]
      },
      "identifier": [ {
        "use": "temp",
        "system": "urn:oid:2.16.840.1.113883.4.336",
        "value": "Practitioner-23"
      } ],
      "active": true,
      "name": [ {
        "family": "Careful",
        "given": [ "Adam" ],
        "prefix": [ "Dr" ]
      } ],
      "address": [ {
        "use": "home",
        "line": [ "534 Erewhon St" ],
        "city": "PleasantVille",
        "state": "UT",
        "postalCode": "84414"
      } ],
      "qualification": [ {
        "identifier": [ {
          "system": "http://example.org/UniversityIdentifier",
          "value": "12345"
        } ],
        "code": {
          "coding": [ {
            "system": "http://terminology.hl7.org/CodeSystem/v2-0360|2.7",
            "code": "BS",
            "display": "Bachelor of Science"
          } ],
          "text": "Bachelor of Science"
        },
        "period": {
          "start": "1995"
        },
        "issuer": {
          "display": "Example University"
        }
      } ]
    },
    "request": {
      "method": "PUT",
      "url": "Practitioner/353d19a1-cb80-4aa0-a71a-a47d702b0fe3"
    }
  }, {
    "fullUrl": "https://madie.cms.gov/ServiceRequest/96b97670-0a79-4ef2-b4e8-9185edc3868e",
    "resource": {
      "resourceType": "ServiceRequest",
      "id": "96b97670-0a79-4ef2-b4e8-9185edc3868e",
      "meta": {
        "profile": [ "http://hl7.org/fhir/us/qicore/StructureDefinition/qicore-servicerequest" ]
      },
      "status": "active",
      "intent": "order",
      "code": {
        "coding": [ {
          "system": "http://snomed.info/sct",
          "code": "456381000124102",
          "display": "Injection of leuprolide acetate for twelve month period (regime/therapy)"
        } ]
      },
      "subject": {
        "reference": "Patient/ee053d16-adcb-4760-9305-6a553d789d9a"
      },
      "authoredOn": "2025-02-03T08:00:00.000+00:00"
    },
    "request": {
      "method": "PUT",
      "url": "ServiceRequest/96b97670-0a79-4ef2-b4e8-9185edc3868e"
    }
  }, {
    "fullUrl": "https://madie.cms.gov/MeasureReport/01914319-16f4-4592-a298-b06a77bd675a",
    "resource": {
      "resourceType": "MeasureReport",
      "id": "01914319-16f4-4592-a298-b06a77bd675a",
      "meta": {
        "profile": [ "http://hl7.org/fhir/us/cqfmeasures/StructureDefinition/test-case-cqfm" ]
      },
      "contained": [ {
        "resourceType": "Parameters",
        "id": "8621fc82-7af7-4348-9b45-cf7d1ec6b487-parameters",
        "parameter": [ {
          "name": "subject",
          "valueString": "ee053d16-adcb-4760-9305-6a553d789d9a"
        } ]
      } ],
      "extension": [ {
        "url": "http://hl7.org/fhir/us/cqfmeasures/StructureDefinition/cqfm-inputParameters",
        "valueReference": {
          "reference": "#8621fc82-7af7-4348-9b45-cf7d1ec6b487-parameters"
        }
      }, {
        "url": "http://hl7.org/fhir/us/cqfmeasures/StructureDefinition/cqfm-testCaseDescription",
        "valueMarkdown": "Patient has ADT for another reason, then develops prostate cancer. Passes with prior ADT, then PCa dx and intent for 12 months of therapy with ADT restarted. Pt should be included in IPP and DENOM."
      } ],
      "modifierExtension": [ {
        "url": "http://hl7.org/fhir/us/cqfmeasures/StructureDefinition/cqfm-isTestCase",
        "valueBoolean": true
      } ],
      "status": "complete",
      "type": "individual",
      "measure": "https://madie.cms.gov/Measure/BoneDensityProstateCancerAndrogenDeprivationTherapyFHIR6",
      "period": {
        "start": "2025-01-01",
        "end": "2025-12-31"
      },
      "group": [ {
        "id": "67b61060a0d801640767a597",
        "population": [ {
          "id": "E8F25116-1779-4BA6-B606-34F12AE4F5BA",
          "code": {
            "coding": [ {
              "system": "http://terminology.hl7.org/CodeSystem/measure-population",
              "code": "initial-population",
              "display": "Initial Population"
            } ]
          },
          "count": 1
        }, {
          "id": "1C145A56-9250-4444-A497-86C44F55CFDB",
          "code": {
            "coding": [ {
              "system": "http://terminology.hl7.org/CodeSystem/measure-population",
              "code": "denominator",
              "display": "Denominator"
            } ]
          },
          "count": 1
        }, {
          "id": "B1E0E3D2-D44E-4BFF-92F8-077CF1AE234F",
          "code": {
            "coding": [ {
              "system": "http://terminology.hl7.org/CodeSystem/measure-population",
              "code": "numerator",
              "display": "Numerator"
            } ]
          },
          "count": 0
        }, {
          "id": "A9552F46-139C-4270-835C-224132205362",
          "code": {
            "coding": [ {
              "system": "http://terminology.hl7.org/CodeSystem/measure-population",
              "code": "denominator-exception",
              "display": "Denominator Exception"
            } ]
          },
          "count": 0
        } ],
        "measureScore": {
          "value": 1.0
        }
      } ],
      "evaluatedResource": [ {
        "reference": "Patient/ee053d16-adcb-4760-9305-6a553d789d9a"
      }, {
        "reference": "Encounter/246011a6-b1f5-4db5-91ff-3980f1023608"
      }, {
        "reference": "MedicationRequest/34a86931-c952-46c0-832b-5df5a747e452"
      }, {
        "reference": "Condition/f0a4e6bc-884e-4850-86cd-a6b9d3c1bcfd"
      }, {
        "reference": "MedicationRequest/256565fc-7375-4720-af94-8734b5401c9c"
      }, {
        "reference": "Practitioner/353d19a1-cb80-4aa0-a71a-a47d702b0fe3"
      }, {
        "reference": "ServiceRequest/96b97670-0a79-4ef2-b4e8-9185edc3868e"
      } ]
    },
    "request": {
      "method": "PUT",
      "url": "MeasureReport/01914319-16f4-4592-a298-b06a77bd675a"
    }
  } ]
}