{
  "resourceType": "Bundle",
  "id": "6077319098086b6fb8f00ab2",
  "type": "transaction",
  "entry": [ {
    "fullUrl": "https://madie.cms.gov/Patient/92e567b3-9d68-4c50-9be6-36e0ca7b96f5",
    "resource": {
      "resourceType": "Patient",
      "id": "92e567b3-9d68-4c50-9be6-36e0ca7b96f5",
      "meta": {
        "profile": [ "http://hl7.org/fhir/us/qicore/StructureDefinition/qicore-patient" ]
      },
      "extension": [ {
        "url": "http://hl7.org/fhir/us/core/StructureDefinition/us-core-race",
        "extension": [ {
          "url": "ombCategory",
          "valueCoding": {
            "system": "urn:oid:2.16.840.1.113883.6.238",
            "code": "2054-5",
            "display": "Black or African American",
            "userSelected": true
          }
        }, {
          "url": "text",
          "valueString": "Black or African American"
        } ]
      }, {
        "url": "http://hl7.org/fhir/us/core/StructureDefinition/us-core-ethnicity",
        "extension": [ {
          "url": "ombCategory",
          "valueCoding": {
            "system": "urn:oid:2.16.840.1.113883.6.238",
            "code": "2135-2",
            "display": "Hispanic or Latino",
            "userSelected": true
          }
        }, {
          "url": "text",
          "valueString": "Hispanic or Latino"
        } ]
      }, {
        "url": "http://hl7.org/fhir/us/core/StructureDefinition/us-core-sex",
        "valueCode": "248152002"
      } ],
      "identifier": [ {
        "type": {
          "coding": [ {
            "system": "http://terminology.hl7.org/CodeSystem/v2-0203",
            "code": "MR"
          } ]
        },
        "system": "https://bonnie-fhir.healthit.gov/",
        "value": "6077319098086b6fb8f00ab2"
      } ],
      "active": true,
      "name": [ {
        "use": "usual",
        "family": "NUMERPass",
        "given": [ "PtDeceasedInMP" ]
      } ],
      "gender": "female",
      "birthDate": "1942-07-04",
      "deceasedDateTime": "2014-09-01T08:00:00.000+00:00"
    },
    "request": {
      "method": "PUT",
      "url": "Patient/92e567b3-9d68-4c50-9be6-36e0ca7b96f5"
    }
  }, {
    "fullUrl": "https://madie.cms.gov/Encounter/33ebb1f7-81bf-4485-aefc-8bf7887fa223",
    "resource": {
      "resourceType": "Encounter",
      "id": "33ebb1f7-81bf-4485-aefc-8bf7887fa223",
      "meta": {
        "profile": [ "http://hl7.org/fhir/us/qicore/StructureDefinition/qicore-encounter" ]
      },
      "status": "finished",
      "class": {
        "system": "http://terminology.hl7.org/CodeSystem/v3-ActCode",
        "code": "AMB",
        "display": "ambulatory"
      },
      "type": [ {
        "coding": [ {
          "system": "http://www.ama-assn.org/go/cpt",
          "code": "99203"
        } ]
      } ],
      "subject": {
        "reference": "Patient/92e567b3-9d68-4c50-9be6-36e0ca7b96f5"
      },
      "period": {
        "start": "2026-02-01T08:00:00.000+00:00",
        "end": "2026-02-01T08:15:00.000+00:00"
      }
    },
    "request": {
      "method": "PUT",
      "url": "Encounter/33ebb1f7-81bf-4485-aefc-8bf7887fa223"
    }
  }, {
    "fullUrl": "https://madie.cms.gov/Condition/9fafa15d-0806-41d4-8546-8e0dcab004c0",
    "resource": {
      "resourceType": "Condition",
      "id": "9fafa15d-0806-41d4-8546-8e0dcab004c0",
      "meta": {
        "profile": [ "http://hl7.org/fhir/us/qicore/StructureDefinition/qicore-condition-problems-health-concerns" ]
      },
      "clinicalStatus": {
        "coding": [ {
          "system": "http://terminology.hl7.org/CodeSystem/condition-clinical",
          "code": "active"
        } ]
      },
      "verificationStatus": {
        "coding": [ {
          "system": "http://terminology.hl7.org/CodeSystem/condition-ver-status",
          "code": "confirmed"
        } ]
      },
      "category": [ {
        "coding": [ {
          "system": "http://terminology.hl7.org/CodeSystem/condition-category",
          "code": "problem-list-item",
          "display": "Problem List Item"
        } ]
      } ],
      "code": {
        "coding": [ {
          "system": "http://hl7.org/fhir/sid/icd-10-cm",
          "code": "C61"
        } ]
      },
      "subject": {
        "reference": "Patient/92e567b3-9d68-4c50-9be6-36e0ca7b96f5"
      },
      "onsetPeriod": {
        "start": "2026-02-01T08:00:00.000+00:00"
      }
    },
    "request": {
      "method": "PUT",
      "url": "Condition/9fafa15d-0806-41d4-8546-8e0dcab004c0"
    }
  }, {
    "fullUrl": "https://madie.cms.gov/MedicationRequest/80b5dda7-12e9-4536-98d6-a29e0b309a83",
    "resource": {
      "resourceType": "MedicationRequest",
      "id": "80b5dda7-12e9-4536-98d6-a29e0b309a83",
      "meta": {
        "profile": [ "http://hl7.org/fhir/us/qicore/StructureDefinition/qicore-medicationrequest" ]
      },
      "status": "active",
      "intent": "order",
      "doNotPerform": false,
      "medicationCodeableConcept": {
        "coding": [ {
          "system": "http://www.nlm.nih.gov/research/umls/rxnorm",
          "code": "1946519"
        } ]
      },
      "subject": {
        "reference": "Patient/92e567b3-9d68-4c50-9be6-36e0ca7b96f5"
      },
      "authoredOn": "2026-02-01T08:00:00.000+00:00",
      "requester": {
        "reference": "http://myGoodHealthcare.com/fhir/Practitioner/a90db398-4a60-4ecc-be08-366741ad334e"
      },
      "dosageInstruction": [ {
        "timing": {
          "repeat": {
            "boundsPeriod": {
              "start": "2026-02-01T08:00:00.000+00:00",
              "end": "2026-03-01T08:15:00.000+00:00"
            }
          }
        }
      } ]
    },
    "request": {
      "method": "PUT",
      "url": "MedicationRequest/80b5dda7-12e9-4536-98d6-a29e0b309a83"
    }
  }, {
    "fullUrl": "https://madie.cms.gov/Practitioner/a90db398-4a60-4ecc-be08-366741ad334e",
    "resource": {
      "resourceType": "Practitioner",
      "id": "a90db398-4a60-4ecc-be08-366741ad334e",
      "meta": {
        "profile": [ "http://hl7.org/fhir/us/qicore/StructureDefinition/qicore-practitioner" ]
      },
      "identifier": [ {
        "use": "temp",
        "system": "urn:oid:2.16.840.1.113883.4.336",
        "value": "Practitioner-23"
      } ],
      "active": true,
      "name": [ {
        "family": "Careful",
        "given": [ "Adam" ],
        "prefix": [ "Dr" ]
      } ],
      "address": [ {
        "use": "home",
        "line": [ "534 Erewhon St" ],
        "city": "PleasantVille",
        "state": "UT",
        "postalCode": "84414"
      } ],
      "qualification": [ {
        "identifier": [ {
          "system": "http://example.org/UniversityIdentifier",
          "value": "12345"
        } ],
        "code": {
          "coding": [ {
            "system": "http://terminology.hl7.org/CodeSystem/v2-0360|2.7",
            "code": "BS",
            "display": "Bachelor of Science"
          } ],
          "text": "Bachelor of Science"
        },
        "period": {
          "start": "1996"
        },
        "issuer": {
          "display": "Example University"
        }
      } ]
    },
    "request": {
      "method": "PUT",
      "url": "Practitioner/a90db398-4a60-4ecc-be08-366741ad334e"
    }
  }, {
    "fullUrl": "https://madie.cms.gov/ServiceRequest/885ec03e-e5b6-43aa-b95f-a30322fa0193",
    "resource": {
      "resourceType": "ServiceRequest",
      "id": "885ec03e-e5b6-43aa-b95f-a30322fa0193",
      "meta": {
        "profile": [ "http://hl7.org/fhir/us/qicore/StructureDefinition/qicore-servicerequest" ]
      },
      "status": "active",
      "intent": "order",
      "code": {
        "coding": [ {
          "system": "http://loinc.org",
          "version": "2.71",
          "code": "38265-5",
          "display": "DXA Radius and Ulna [T-score] Bone density",
          "userSelected": true
        } ]
      },
      "subject": {
        "reference": "Patient/92e567b3-9d68-4c50-9be6-36e0ca7b96f5"
      },
      "authoredOn": "2026-03-03T08:00:00.000+00:00"
    },
    "request": {
      "method": "PUT",
      "url": "ServiceRequest/885ec03e-e5b6-43aa-b95f-a30322fa0193"
    }
  }, {
    "fullUrl": "https://madie.cms.gov/Observation/5dad3ff7-835b-4dd4-b803-d52e291ae8c6",
    "resource": {
      "resourceType": "Observation",
      "id": "5dad3ff7-835b-4dd4-b803-d52e291ae8c6",
      "meta": {
        "profile": [ "http://hl7.org/fhir/us/qicore/StructureDefinition/qicore-observation-lab" ]
      },
      "status": "final",
      "category": [ {
        "coding": [ {
          "system": "http://terminology.hl7.org/CodeSystem/observation-category",
          "code": "imaging",
          "display": "Imaging"
        } ]
      } ],
      "code": {
        "coding": [ {
          "system": "http://loinc.org",
          "version": "2.71",
          "code": "38265-5",
          "display": "DXA Radius and Ulna [T-score] Bone density",
          "userSelected": true
        } ]
      },
      "subject": {
        "reference": "Patient/92e567b3-9d68-4c50-9be6-36e0ca7b96f5"
      },
      "effectivePeriod": {
        "start": "2026-05-03T08:00:00.000+00:00",
        "end": "2026-05-03T08:15:00.000+00:00"
      }
    },
    "request": {
      "method": "PUT",
      "url": "Observation/5dad3ff7-835b-4dd4-b803-d52e291ae8c6"
    }
  }, {
    "fullUrl": "https://madie.cms.gov/ServiceRequest/48b8d224-db86-4c80-9315-81fca59fada1",
    "resource": {
      "resourceType": "ServiceRequest",
      "id": "48b8d224-db86-4c80-9315-81fca59fada1",
      "meta": {
        "profile": [ "http://hl7.org/fhir/us/qicore/StructureDefinition/qicore-servicerequest" ]
      },
      "status": "active",
      "intent": "order",
      "code": {
        "coding": [ {
          "system": "http://snomed.info/sct",
          "code": "456381000124102",
          "display": "Injection of leuprolide acetate for twelve month period (regime/therapy)",
          "userSelected": true
        } ]
      },
      "subject": {
        "reference": "Patient/92e567b3-9d68-4c50-9be6-36e0ca7b96f5"
      },
      "authoredOn": "2026-02-01T08:00:00.000+00:00"
    },
    "request": {
      "method": "PUT",
      "url": "ServiceRequest/48b8d224-db86-4c80-9315-81fca59fada1"
    }
  }, {
    "fullUrl": "https://madie.cms.gov/MeasureReport/88bfce6c-859e-4983-916f-16690cb29af4",
    "resource": {
      "resourceType": "MeasureReport",
      "id": "88bfce6c-859e-4983-916f-16690cb29af4",
      "meta": {
        "profile": [ "http://hl7.org/fhir/us/cqfmeasures/StructureDefinition/test-case-cqfm" ]
      },
      "contained": [ {
        "resourceType": "Parameters",
        "id": "51275551-b848-435d-9ae3-ca222baccb82-parameters",
        "parameter": [ {
          "name": "subject",
          "valueString": "92e567b3-9d68-4c50-9be6-36e0ca7b96f5"
        } ]
      } ],
      "extension": [ {
        "url": "http://hl7.org/fhir/StructureDefinition/cqf-inputParameters",
        "valueReference": {
          "reference": "#51275551-b848-435d-9ae3-ca222baccb82-parameters"
        }
      }, {
        "url": "http://hl7.org/fhir/us/cqfmeasures/StructureDefinition/cqfm-testCaseDescription",
        "valueMarkdown": "Patient has dx of Prostate Cancer, and Androgen deprivation therapy for Urology Care is not null with qualifying encounter(s) in MP.  Passes NUMER criteria.  Pt Deceased during MP.  "
      } ],
      "modifierExtension": [ {
        "url": "http://hl7.org/fhir/us/cqfmeasures/StructureDefinition/cqfm-isTestCase",
        "valueBoolean": true
      } ],
      "status": "complete",
      "type": "individual",
      "measure": "https://madie.cms.gov/Measure/CMS645FHIRBoneDensityProstateCancerAndrogenDeprivationTherapy",
      "period": {
        "start": "2026-01-01",
        "end": "2026-12-31"
      },
      "group": [ {
        "id": "Group_1",
        "population": [ {
          "id": "InitialPopulation_1",
          "code": {
            "coding": [ {
              "system": "http://terminology.hl7.org/CodeSystem/measure-population",
              "code": "initial-population",
              "display": "Initial Population"
            } ]
          },
          "count": 1
        }, {
          "id": "Denominator_1",
          "code": {
            "coding": [ {
              "system": "http://terminology.hl7.org/CodeSystem/measure-population",
              "code": "denominator",
              "display": "Denominator"
            } ]
          },
          "count": 1
        }, {
          "id": "Numerator_1",
          "code": {
            "coding": [ {
              "system": "http://terminology.hl7.org/CodeSystem/measure-population",
              "code": "numerator",
              "display": "Numerator"
            } ]
          },
          "count": 1
        }, {
          "id": "DenominatorException_1",
          "code": {
            "coding": [ {
              "system": "http://terminology.hl7.org/CodeSystem/measure-population",
              "code": "denominator-exception",
              "display": "Denominator Exception"
            } ]
          },
          "count": 0
        } ],
        "measureScore": {
          "value": 1.0
        }
      } ],
      "evaluatedResource": [ {
        "reference": "Patient/92e567b3-9d68-4c50-9be6-36e0ca7b96f5"
      }, {
        "reference": "Encounter/33ebb1f7-81bf-4485-aefc-8bf7887fa223"
      }, {
        "reference": "Condition/9fafa15d-0806-41d4-8546-8e0dcab004c0"
      }, {
        "reference": "MedicationRequest/80b5dda7-12e9-4536-98d6-a29e0b309a83"
      }, {
        "reference": "Practitioner/a90db398-4a60-4ecc-be08-366741ad334e"
      }, {
        "reference": "ServiceRequest/885ec03e-e5b6-43aa-b95f-a30322fa0193"
      }, {
        "reference": "Observation/5dad3ff7-835b-4dd4-b803-d52e291ae8c6"
      }, {
        "reference": "ServiceRequest/48b8d224-db86-4c80-9315-81fca59fada1"
      } ]
    },
    "request": {
      "method": "PUT",
      "url": "MeasureReport/88bfce6c-859e-4983-916f-16690cb29af4"
    }
  } ]
}