{
  "resourceType": "Bundle",
  "id": "13161321321351024",
  "type": "transaction",
  "entry": [ {
    "fullUrl": "https://madie.cms.gov/Patient/5e4e034a-475f-476a-a8f7-cb0d361508ab",
    "resource": {
      "resourceType": "Patient",
      "id": "5e4e034a-475f-476a-a8f7-cb0d361508ab",
      "meta": {
        "profile": [ "http://hl7.org/fhir/us/qicore/StructureDefinition/qicore-patient" ]
      },
      "extension": [ {
        "url": "http://hl7.org/fhir/us/core/StructureDefinition/us-core-race",
        "extension": [ {
          "url": "ombCategory",
          "valueCoding": {
            "system": "urn:oid:2.16.840.1.113883.6.238",
            "code": "2076-8",
            "display": "Native Hawaiian or Other Pacific Islander"
          }
        }, {
          "url": "text",
          "valueString": "Other Race"
        } ]
      }, {
        "url": "http://hl7.org/fhir/us/core/StructureDefinition/us-core-ethnicity",
        "extension": [ {
          "url": "ombCategory",
          "valueCoding": {
            "system": "urn:oid:2.16.840.1.113883.6.238",
            "code": "2135-2",
            "display": "Hispanic or Latino",
            "userSelected": true
          }
        }, {
          "url": "text",
          "valueString": "Hispanic or Latino"
        } ]
      } ],
      "identifier": [ {
        "type": {
          "coding": [ {
            "system": "http://terminology.hl7.org/CodeSystem/v2-0203",
            "code": "MR"
          } ]
        },
        "system": "https://bonnie-fhir.healthit.gov/",
        "value": "60abce8bcd7f9706e4189cfd"
      } ],
      "name": [ {
        "family": "DENOMPass",
        "given": [ "ADTActiveAfterCancerDx" ]
      } ],
      "gender": "male",
      "birthDate": "1949-07-09"
    },
    "request": {
      "method": "PUT",
      "url": "Patient/5e4e034a-475f-476a-a8f7-cb0d361508ab"
    }
  }, {
    "fullUrl": "https://madie.cms.gov/Encounter/5917f7ba-fa6f-4621-a45d-8b0868d0c021",
    "resource": {
      "resourceType": "Encounter",
      "id": "5917f7ba-fa6f-4621-a45d-8b0868d0c021",
      "meta": {
        "profile": [ "http://hl7.org/fhir/us/qicore/StructureDefinition/qicore-encounter" ]
      },
      "status": "finished",
      "class": {
        "system": "http://terminology.hl7.org/CodeSystem/v3-ActCode",
        "code": "AMB",
        "display": "ambulatory"
      },
      "type": [ {
        "coding": [ {
          "system": "http://snomed.info/sct",
          "version": "http://snomed.info/sct/731000124108/version/20240401",
          "code": "185463005",
          "display": "Visit out of hours (procedure)"
        } ]
      } ],
      "subject": {
        "reference": "Patient/5e4e034a-475f-476a-a8f7-cb0d361508ab"
      },
      "period": {
        "start": "2025-02-03T08:00:00+00:00",
        "end": "2025-02-03T08:45:00+00:00"
      }
    },
    "request": {
      "method": "PUT",
      "url": "Encounter/5917f7ba-fa6f-4621-a45d-8b0868d0c021"
    }
  }, {
    "fullUrl": "https://madie.cms.gov/Condition/8f653a09-7155-47a1-b771-012a138f3a88",
    "resource": {
      "resourceType": "Condition",
      "id": "8f653a09-7155-47a1-b771-012a138f3a88",
      "meta": {
        "profile": [ "http://hl7.org/fhir/us/qicore/StructureDefinition/qicore-condition-problems-health-concerns" ]
      },
      "clinicalStatus": {
        "coding": [ {
          "system": "http://terminology.hl7.org/CodeSystem/condition-clinical",
          "code": "active"
        } ]
      },
      "verificationStatus": {
        "coding": [ {
          "system": "http://terminology.hl7.org/CodeSystem/condition-ver-status",
          "code": "confirmed"
        } ]
      },
      "category": [ {
        "coding": [ {
          "system": "http://terminology.hl7.org/CodeSystem/condition-category",
          "code": "problem-list-item",
          "display": "Problem List Item"
        } ]
      } ],
      "code": {
        "coding": [ {
          "system": "http://snomed.info/sct",
          "version": "http://snomed.info/sct/731000124108/version/20240401",
          "code": "254900004",
          "display": "Carcinoma of prostate (disorder)"
        } ]
      },
      "subject": {
        "reference": "Patient/5e4e034a-475f-476a-a8f7-cb0d361508ab"
      },
      "onsetPeriod": {
        "start": "2025-01-03T08:00:00.000+00:00"
      }
    },
    "request": {
      "method": "PUT",
      "url": "Condition/8f653a09-7155-47a1-b771-012a138f3a88"
    }
  }, {
    "fullUrl": "https://madie.cms.gov/MedicationRequest/977ec3ca-0159-4d16-8779-02d2a59254e5",
    "resource": {
      "resourceType": "MedicationRequest",
      "id": "977ec3ca-0159-4d16-8779-02d2a59254e5",
      "meta": {
        "profile": [ "http://hl7.org/fhir/us/qicore/StructureDefinition/qicore-medicationrequest" ]
      },
      "status": "active",
      "intent": "order",
      "doNotPerform": false,
      "medicationCodeableConcept": {
        "coding": [ {
          "system": "http://www.nlm.nih.gov/research/umls/rxnorm",
          "version": "2025-01",
          "code": "314008",
          "display": "goserelin 10.8 MG Drug Implant"
        } ]
      },
      "subject": {
        "reference": "Patient/5e4e034a-475f-476a-a8f7-cb0d361508ab"
      },
      "authoredOn": "2025-02-01T08:00:00.000+00:00",
      "requester": {
        "reference": "http://myGoodHealthcare.com/fhir/Practitioner/b5921204-307f-4fe7-8866-8a6567c8b9e1"
      },
      "dosageInstruction": [ {
        "timing": {
          "repeat": {
            "boundsPeriod": {
              "start": "2025-02-03T08:00:00.000+00:00",
              "end": "2025-03-03T09:00:00.000+00:00"
            }
          }
        }
      } ]
    },
    "request": {
      "method": "PUT",
      "url": "MedicationRequest/977ec3ca-0159-4d16-8779-02d2a59254e5"
    }
  }, {
    "fullUrl": "https://madie.cms.gov/Practitioner/b5921204-307f-4fe7-8866-8a6567c8b9e1",
    "resource": {
      "resourceType": "Practitioner",
      "id": "b5921204-307f-4fe7-8866-8a6567c8b9e1",
      "meta": {
        "profile": [ "http://hl7.org/fhir/us/qicore/StructureDefinition/qicore-practitioner" ]
      },
      "identifier": [ {
        "use": "temp",
        "system": "urn:oid:2.16.840.1.113883.4.336",
        "value": "Practitioner-23"
      } ],
      "active": true,
      "name": [ {
        "family": "Careful",
        "given": [ "Adam" ],
        "prefix": [ "Dr" ]
      } ],
      "address": [ {
        "use": "home",
        "line": [ "534 Erewhon St" ],
        "city": "PleasantVille",
        "state": "UT",
        "postalCode": "84414"
      } ],
      "qualification": [ {
        "identifier": [ {
          "system": "http://example.org/UniversityIdentifier",
          "value": "12345"
        } ],
        "code": {
          "coding": [ {
            "system": "http://terminology.hl7.org/CodeSystem/v2-0360|2.7",
            "code": "BS",
            "display": "Bachelor of Science"
          } ],
          "text": "Bachelor of Science"
        },
        "period": {
          "start": "1995"
        },
        "issuer": {
          "display": "Example University"
        }
      } ]
    },
    "request": {
      "method": "PUT",
      "url": "Practitioner/b5921204-307f-4fe7-8866-8a6567c8b9e1"
    }
  }, {
    "fullUrl": "https://madie.cms.gov/ServiceRequest/60966661-d2e1-4e66-b3d3-55a0ed44d17a",
    "resource": {
      "resourceType": "ServiceRequest",
      "id": "60966661-d2e1-4e66-b3d3-55a0ed44d17a",
      "meta": {
        "profile": [ "http://hl7.org/fhir/us/qicore/StructureDefinition/qicore-servicerequest" ]
      },
      "status": "active",
      "intent": "order",
      "code": {
        "coding": [ {
          "system": "http://snomed.info/sct",
          "code": "456381000124102",
          "display": "Injection of leuprolide acetate for twelve month period (regime/therapy)"
        } ]
      },
      "subject": {
        "reference": "Patient/5e4e034a-475f-476a-a8f7-cb0d361508ab"
      },
      "authoredOn": "2025-02-03T08:00:00.000+00:00"
    },
    "request": {
      "method": "PUT",
      "url": "ServiceRequest/60966661-d2e1-4e66-b3d3-55a0ed44d17a"
    }
  }, {
    "fullUrl": "https://madie.cms.gov/MeasureReport/20be7465-713a-4681-a638-ff95e19b2470",
    "resource": {
      "resourceType": "MeasureReport",
      "id": "20be7465-713a-4681-a638-ff95e19b2470",
      "meta": {
        "profile": [ "http://hl7.org/fhir/us/cqfmeasures/StructureDefinition/test-case-cqfm" ]
      },
      "contained": [ {
        "resourceType": "Parameters",
        "id": "93737e5c-dbb2-4039-8f81-32329d8066af-parameters",
        "parameter": [ {
          "name": "subject",
          "valueString": "5e4e034a-475f-476a-a8f7-cb0d361508ab"
        } ]
      } ],
      "extension": [ {
        "url": "http://hl7.org/fhir/us/cqfmeasures/StructureDefinition/cqfm-inputParameters",
        "valueReference": {
          "reference": "#93737e5c-dbb2-4039-8f81-32329d8066af-parameters"
        }
      }, {
        "url": "http://hl7.org/fhir/us/cqfmeasures/StructureDefinition/cqfm-testCaseDescription",
        "valueMarkdown": "Dx of Prostate Cancer, and Androgen deprivation therapy for Urology Care is not null. Passes IPP and Denom with no end date of diagnosis which is usual for Prostate Cancer not ending-clinically relevant."
      } ],
      "modifierExtension": [ {
        "url": "http://hl7.org/fhir/us/cqfmeasures/StructureDefinition/cqfm-isTestCase",
        "valueBoolean": true
      } ],
      "status": "complete",
      "type": "individual",
      "measure": "https://madie.cms.gov/Measure/BoneDensityProstateCancerAndrogenDeprivationTherapyFHIR6",
      "period": {
        "start": "2025-01-01",
        "end": "2025-12-31"
      },
      "group": [ {
        "id": "67b61060a0d801640767a597",
        "population": [ {
          "id": "E8F25116-1779-4BA6-B606-34F12AE4F5BA",
          "code": {
            "coding": [ {
              "system": "http://terminology.hl7.org/CodeSystem/measure-population",
              "code": "initial-population",
              "display": "Initial Population"
            } ]
          },
          "count": 1
        }, {
          "id": "1C145A56-9250-4444-A497-86C44F55CFDB",
          "code": {
            "coding": [ {
              "system": "http://terminology.hl7.org/CodeSystem/measure-population",
              "code": "denominator",
              "display": "Denominator"
            } ]
          },
          "count": 1
        }, {
          "id": "B1E0E3D2-D44E-4BFF-92F8-077CF1AE234F",
          "code": {
            "coding": [ {
              "system": "http://terminology.hl7.org/CodeSystem/measure-population",
              "code": "numerator",
              "display": "Numerator"
            } ]
          },
          "count": 0
        }, {
          "id": "A9552F46-139C-4270-835C-224132205362",
          "code": {
            "coding": [ {
              "system": "http://terminology.hl7.org/CodeSystem/measure-population",
              "code": "denominator-exception",
              "display": "Denominator Exception"
            } ]
          },
          "count": 0
        } ],
        "measureScore": {
          "value": 1.0
        }
      } ],
      "evaluatedResource": [ {
        "reference": "Patient/5e4e034a-475f-476a-a8f7-cb0d361508ab"
      }, {
        "reference": "Encounter/5917f7ba-fa6f-4621-a45d-8b0868d0c021"
      }, {
        "reference": "Condition/8f653a09-7155-47a1-b771-012a138f3a88"
      }, {
        "reference": "MedicationRequest/977ec3ca-0159-4d16-8779-02d2a59254e5"
      }, {
        "reference": "Practitioner/b5921204-307f-4fe7-8866-8a6567c8b9e1"
      }, {
        "reference": "ServiceRequest/60966661-d2e1-4e66-b3d3-55a0ed44d17a"
      } ]
    },
    "request": {
      "method": "PUT",
      "url": "MeasureReport/20be7465-713a-4681-a638-ff95e19b2470"
    }
  } ]
}