{
  "resourceType": "Bundle",
  "id": "13161321321351024",
  "type": "transaction",
  "entry": [ {
    "fullUrl": "https://madie.cms.gov/Patient/5e4e034a-475f-476a-a8f7-cb0d361508ab",
    "resource": {
      "resourceType": "Patient",
      "id": "5e4e034a-475f-476a-a8f7-cb0d361508ab",
      "meta": {
        "profile": [ "http://hl7.org/fhir/us/qicore/StructureDefinition/qicore-patient" ]
      },
      "extension": [ {
        "url": "http://hl7.org/fhir/us/core/StructureDefinition/us-core-race",
        "extension": [ {
          "url": "ombCategory",
          "valueCoding": {
            "system": "urn:oid:2.16.840.1.113883.6.238",
            "code": "2076-8",
            "display": "Native Hawaiian or Other Pacific Islander"
          }
        }, {
          "url": "text",
          "valueString": "Other Race"
        } ]
      }, {
        "url": "http://hl7.org/fhir/us/core/StructureDefinition/us-core-ethnicity",
        "extension": [ {
          "url": "ombCategory",
          "valueCoding": {
            "system": "urn:oid:2.16.840.1.113883.6.238",
            "code": "2135-2",
            "display": "Hispanic or Latino",
            "userSelected": true
          }
        }, {
          "url": "text",
          "valueString": "Hispanic or Latino"
        } ]
      } ],
      "identifier": [ {
        "type": {
          "coding": [ {
            "system": "http://terminology.hl7.org/CodeSystem/v2-0203",
            "code": "MR"
          } ]
        },
        "system": "https://bonnie-fhir.healthit.gov/",
        "value": "60abce8bcd7f9706e4189cfd"
      } ],
      "name": [ {
        "family": "DENOMPass",
        "given": [ "ADTActiveAfterCancerDx" ]
      } ],
      "gender": "male",
      "birthDate": "1950-07-09"
    },
    "request": {
      "method": "PUT",
      "url": "Patient/5e4e034a-475f-476a-a8f7-cb0d361508ab"
    }
  }, {
    "fullUrl": "https://madie.cms.gov/Encounter/57679599-dcfa-4869-b3a7-09001b5c3298",
    "resource": {
      "resourceType": "Encounter",
      "id": "57679599-dcfa-4869-b3a7-09001b5c3298",
      "meta": {
        "profile": [ "http://hl7.org/fhir/us/qicore/StructureDefinition/qicore-encounter" ]
      },
      "status": "finished",
      "class": {
        "system": "http://terminology.hl7.org/CodeSystem/v3-ActCode",
        "code": "AMB",
        "display": "ambulatory"
      },
      "type": [ {
        "coding": [ {
          "system": "http://snomed.info/sct",
          "version": "http://snomed.info/sct/731000124108/version/20240401",
          "code": "185463005",
          "display": "Visit out of hours (procedure)"
        } ]
      } ],
      "subject": {
        "reference": "Patient/5e4e034a-475f-476a-a8f7-cb0d361508ab"
      },
      "period": {
        "start": "2026-02-03T08:00:00+00:00",
        "end": "2026-02-03T08:45:00+00:00"
      }
    },
    "request": {
      "method": "PUT",
      "url": "Encounter/57679599-dcfa-4869-b3a7-09001b5c3298"
    }
  }, {
    "fullUrl": "https://madie.cms.gov/Condition/10878268-c0b1-463b-93c3-38f3b9411e7f",
    "resource": {
      "resourceType": "Condition",
      "id": "10878268-c0b1-463b-93c3-38f3b9411e7f",
      "meta": {
        "profile": [ "http://hl7.org/fhir/us/qicore/StructureDefinition/qicore-condition-problems-health-concerns" ]
      },
      "clinicalStatus": {
        "coding": [ {
          "system": "http://terminology.hl7.org/CodeSystem/condition-clinical",
          "code": "active"
        } ]
      },
      "verificationStatus": {
        "coding": [ {
          "system": "http://terminology.hl7.org/CodeSystem/condition-ver-status",
          "code": "confirmed"
        } ]
      },
      "category": [ {
        "coding": [ {
          "system": "http://terminology.hl7.org/CodeSystem/condition-category",
          "code": "problem-list-item",
          "display": "Problem List Item"
        } ]
      } ],
      "code": {
        "coding": [ {
          "system": "http://snomed.info/sct",
          "version": "http://snomed.info/sct/731000124108/version/20240401",
          "code": "254900004",
          "display": "Carcinoma of prostate (disorder)"
        } ]
      },
      "subject": {
        "reference": "Patient/5e4e034a-475f-476a-a8f7-cb0d361508ab"
      },
      "onsetPeriod": {
        "start": "2026-01-03T08:00:00.000+00:00"
      }
    },
    "request": {
      "method": "PUT",
      "url": "Condition/10878268-c0b1-463b-93c3-38f3b9411e7f"
    }
  }, {
    "fullUrl": "https://madie.cms.gov/MedicationRequest/3b017ed3-f780-4bd2-b985-3166dee7a960",
    "resource": {
      "resourceType": "MedicationRequest",
      "id": "3b017ed3-f780-4bd2-b985-3166dee7a960",
      "meta": {
        "profile": [ "http://hl7.org/fhir/us/qicore/StructureDefinition/qicore-medicationrequest" ]
      },
      "status": "active",
      "intent": "order",
      "doNotPerform": false,
      "medicationCodeableConcept": {
        "coding": [ {
          "system": "http://www.nlm.nih.gov/research/umls/rxnorm",
          "version": "2025-01",
          "code": "314008",
          "display": "goserelin 10.8 MG Drug Implant"
        } ]
      },
      "subject": {
        "reference": "Patient/5e4e034a-475f-476a-a8f7-cb0d361508ab"
      },
      "authoredOn": "2026-02-01T08:00:00.000+00:00",
      "requester": {
        "reference": "http://myGoodHealthcare.com/fhir/Practitioner/841f8c6c-9bc3-4ba9-b0da-c6ed9500e6e7"
      },
      "dosageInstruction": [ {
        "timing": {
          "repeat": {
            "boundsPeriod": {
              "start": "2026-02-03T08:00:00.000+00:00",
              "end": "2026-03-03T09:00:00.000+00:00"
            }
          }
        }
      } ]
    },
    "request": {
      "method": "PUT",
      "url": "MedicationRequest/3b017ed3-f780-4bd2-b985-3166dee7a960"
    }
  }, {
    "fullUrl": "https://madie.cms.gov/Practitioner/841f8c6c-9bc3-4ba9-b0da-c6ed9500e6e7",
    "resource": {
      "resourceType": "Practitioner",
      "id": "841f8c6c-9bc3-4ba9-b0da-c6ed9500e6e7",
      "meta": {
        "profile": [ "http://hl7.org/fhir/us/qicore/StructureDefinition/qicore-practitioner" ]
      },
      "identifier": [ {
        "use": "temp",
        "system": "urn:oid:2.16.840.1.113883.4.336",
        "value": "Practitioner-23"
      } ],
      "active": true,
      "name": [ {
        "family": "Careful",
        "given": [ "Adam" ],
        "prefix": [ "Dr" ]
      } ],
      "address": [ {
        "use": "home",
        "line": [ "534 Erewhon St" ],
        "city": "PleasantVille",
        "state": "UT",
        "postalCode": "84414"
      } ],
      "qualification": [ {
        "identifier": [ {
          "system": "http://example.org/UniversityIdentifier",
          "value": "12345"
        } ],
        "code": {
          "coding": [ {
            "system": "http://terminology.hl7.org/CodeSystem/v2-0360|2.7",
            "code": "BS",
            "display": "Bachelor of Science"
          } ],
          "text": "Bachelor of Science"
        },
        "period": {
          "start": "1996"
        },
        "issuer": {
          "display": "Example University"
        }
      } ]
    },
    "request": {
      "method": "PUT",
      "url": "Practitioner/841f8c6c-9bc3-4ba9-b0da-c6ed9500e6e7"
    }
  }, {
    "fullUrl": "https://madie.cms.gov/ServiceRequest/93b6d5a4-12c6-4f6b-a1fe-de65164496ef",
    "resource": {
      "resourceType": "ServiceRequest",
      "id": "93b6d5a4-12c6-4f6b-a1fe-de65164496ef",
      "meta": {
        "profile": [ "http://hl7.org/fhir/us/qicore/StructureDefinition/qicore-servicerequest" ]
      },
      "status": "active",
      "intent": "order",
      "code": {
        "coding": [ {
          "system": "http://snomed.info/sct",
          "code": "456381000124102",
          "display": "Injection of leuprolide acetate for twelve month period (regime/therapy)"
        } ]
      },
      "subject": {
        "reference": "Patient/5e4e034a-475f-476a-a8f7-cb0d361508ab"
      },
      "authoredOn": "2026-02-03T08:00:00.000+00:00"
    },
    "request": {
      "method": "PUT",
      "url": "ServiceRequest/93b6d5a4-12c6-4f6b-a1fe-de65164496ef"
    }
  }, {
    "fullUrl": "https://madie.cms.gov/MeasureReport/f59a364c-6c20-4c6d-b56d-999e5b6886c0",
    "resource": {
      "resourceType": "MeasureReport",
      "id": "f59a364c-6c20-4c6d-b56d-999e5b6886c0",
      "meta": {
        "profile": [ "http://hl7.org/fhir/us/cqfmeasures/StructureDefinition/test-case-cqfm" ]
      },
      "contained": [ {
        "resourceType": "Parameters",
        "id": "7c974cfa-1bfe-4525-9d66-1c1dcf59df67-parameters",
        "parameter": [ {
          "name": "subject",
          "valueString": "5e4e034a-475f-476a-a8f7-cb0d361508ab"
        } ]
      } ],
      "extension": [ {
        "url": "http://hl7.org/fhir/StructureDefinition/cqf-inputParameters",
        "valueReference": {
          "reference": "#7c974cfa-1bfe-4525-9d66-1c1dcf59df67-parameters"
        }
      }, {
        "url": "http://hl7.org/fhir/us/cqfmeasures/StructureDefinition/cqfm-testCaseDescription",
        "valueMarkdown": "Dx of Prostate Cancer, and Androgen deprivation therapy for Urology Care is not null. Passes IPP and Denom with no end date of diagnosis which is usual for Prostate Cancer not ending-clinically relevant."
      } ],
      "modifierExtension": [ {
        "url": "http://hl7.org/fhir/us/cqfmeasures/StructureDefinition/cqfm-isTestCase",
        "valueBoolean": true
      } ],
      "status": "complete",
      "type": "individual",
      "measure": "https://madie.cms.gov/Measure/BoneDensityProstateCancerAndrogenDeprivationTherapyFHIR6",
      "period": {
        "start": "2026-01-01",
        "end": "2026-12-31"
      },
      "group": [ {
        "id": "Group_1",
        "population": [ {
          "id": "InitialPopulation_1",
          "code": {
            "coding": [ {
              "system": "http://terminology.hl7.org/CodeSystem/measure-population",
              "code": "initial-population",
              "display": "Initial Population"
            } ]
          },
          "count": 1
        }, {
          "id": "Denominator_1",
          "code": {
            "coding": [ {
              "system": "http://terminology.hl7.org/CodeSystem/measure-population",
              "code": "denominator",
              "display": "Denominator"
            } ]
          },
          "count": 1
        }, {
          "id": "Numerator_1",
          "code": {
            "coding": [ {
              "system": "http://terminology.hl7.org/CodeSystem/measure-population",
              "code": "numerator",
              "display": "Numerator"
            } ]
          },
          "count": 0
        }, {
          "id": "DenominatorException_1",
          "code": {
            "coding": [ {
              "system": "http://terminology.hl7.org/CodeSystem/measure-population",
              "code": "denominator-exception",
              "display": "Denominator Exception"
            } ]
          },
          "count": 0
        } ],
        "measureScore": {
          "value": 1.0
        }
      } ],
      "evaluatedResource": [ {
        "reference": "Patient/5e4e034a-475f-476a-a8f7-cb0d361508ab"
      }, {
        "reference": "Encounter/57679599-dcfa-4869-b3a7-09001b5c3298"
      }, {
        "reference": "Condition/10878268-c0b1-463b-93c3-38f3b9411e7f"
      }, {
        "reference": "MedicationRequest/3b017ed3-f780-4bd2-b985-3166dee7a960"
      }, {
        "reference": "Practitioner/841f8c6c-9bc3-4ba9-b0da-c6ed9500e6e7"
      }, {
        "reference": "ServiceRequest/93b6d5a4-12c6-4f6b-a1fe-de65164496ef"
      } ]
    },
    "request": {
      "method": "PUT",
      "url": "MeasureReport/f59a364c-6c20-4c6d-b56d-999e5b6886c0"
    }
  } ]
}