{
  "resourceType": "Bundle",
  "id": "62bc59a13e113102f8cedc61",
  "type": "transaction",
  "entry": [ {
    "fullUrl": "https://madie.cms.gov/Patient/c5bfac21-0dbf-4cf5-bc92-d7eff1d0a6c6",
    "resource": {
      "resourceType": "Patient",
      "id": "c5bfac21-0dbf-4cf5-bc92-d7eff1d0a6c6",
      "meta": {
        "profile": [ "http://hl7.org/fhir/us/qicore/StructureDefinition/qicore-patient" ]
      },
      "extension": [ {
        "url": "http://hl7.org/fhir/us/core/StructureDefinition/us-core-race",
        "extension": [ {
          "url": "ombCategory",
          "valueCoding": {
            "system": "urn:oid:2.16.840.1.113883.6.238",
            "code": "1002-5",
            "display": "American Indian or Alaska Native",
            "userSelected": true
          }
        }, {
          "url": "text",
          "valueString": "American Indian or Alaska Native"
        } ]
      }, {
        "url": "http://hl7.org/fhir/us/core/StructureDefinition/us-core-ethnicity",
        "extension": [ {
          "url": "ombCategory",
          "valueCoding": {
            "system": "urn:oid:2.16.840.1.113883.6.238",
            "code": "2135-2",
            "display": "Hispanic or Latino",
            "userSelected": true
          }
        }, {
          "url": "text",
          "valueString": "Hispanic or Latino"
        } ]
      } ],
      "identifier": [ {
        "type": {
          "coding": [ {
            "system": "http://terminology.hl7.org/CodeSystem/v2-0203",
            "code": "MR"
          } ]
        },
        "system": "https://bonnie-fhir.healthit.gov/",
        "value": "62bc59a13e113102f8cedc61"
      } ],
      "name": [ {
        "family": "DENEXCEPPass",
        "given": [ "NoDEXAOrderedDueToPatientRefusal" ]
      } ],
      "gender": "male",
      "birthDate": "1961-06-14"
    },
    "request": {
      "method": "PUT",
      "url": "Patient/c5bfac21-0dbf-4cf5-bc92-d7eff1d0a6c6"
    }
  }, {
    "fullUrl": "https://madie.cms.gov/Encounter/54bd5db4-8b4b-4f16-a446-a5acf89e5b12",
    "resource": {
      "resourceType": "Encounter",
      "id": "54bd5db4-8b4b-4f16-a446-a5acf89e5b12",
      "meta": {
        "profile": [ "http://hl7.org/fhir/us/qicore/StructureDefinition/qicore-encounter" ]
      },
      "status": "finished",
      "class": {
        "system": "http://terminology.hl7.org/CodeSystem/v3-ActCode",
        "code": "AMB",
        "display": "ambulatory"
      },
      "type": [ {
        "coding": [ {
          "system": "http://snomed.info/sct",
          "version": "http://snomed.info/sct/731000124108/version/20240401",
          "code": "185463005",
          "display": "Visit out of hours (procedure)"
        } ]
      } ],
      "subject": {
        "reference": "Patient/c5bfac21-0dbf-4cf5-bc92-d7eff1d0a6c6"
      },
      "period": {
        "start": "2026-06-25T08:00:00.000+00:00",
        "end": "2026-06-25T08:15:00.000+00:00"
      }
    },
    "request": {
      "method": "PUT",
      "url": "Encounter/54bd5db4-8b4b-4f16-a446-a5acf89e5b12"
    }
  }, {
    "fullUrl": "https://madie.cms.gov/Condition/8280b317-cd4c-4348-a718-abab339644ed",
    "resource": {
      "resourceType": "Condition",
      "id": "8280b317-cd4c-4348-a718-abab339644ed",
      "meta": {
        "profile": [ "http://hl7.org/fhir/us/qicore/StructureDefinition/qicore-condition-problems-health-concerns" ]
      },
      "clinicalStatus": {
        "coding": [ {
          "system": "http://terminology.hl7.org/CodeSystem/condition-clinical",
          "code": "active",
          "display": "Active"
        } ]
      },
      "verificationStatus": {
        "coding": [ {
          "system": "http://terminology.hl7.org/CodeSystem/condition-ver-status",
          "code": "confirmed"
        } ]
      },
      "category": [ {
        "coding": [ {
          "system": "http://terminology.hl7.org/CodeSystem/condition-category",
          "code": "problem-list-item",
          "display": "Problem List Item"
        } ]
      } ],
      "code": {
        "coding": [ {
          "system": "http://snomed.info/sct",
          "version": "http://snomed.info/sct/731000124108/version/20240401",
          "code": "254900004",
          "display": "Carcinoma of prostate (disorder)",
          "userSelected": true
        } ]
      },
      "subject": {
        "reference": "Patient/c5bfac21-0dbf-4cf5-bc92-d7eff1d0a6c6"
      },
      "onsetPeriod": {
        "start": "2026-06-25T08:00:00.000+00:00"
      }
    },
    "request": {
      "method": "PUT",
      "url": "Condition/8280b317-cd4c-4348-a718-abab339644ed"
    }
  }, {
    "fullUrl": "https://madie.cms.gov/ServiceRequest/1e0f50bb-eb25-483a-a9a6-4f66361ad5fd",
    "resource": {
      "resourceType": "ServiceRequest",
      "id": "1e0f50bb-eb25-483a-a9a6-4f66361ad5fd",
      "meta": {
        "profile": [ "http://hl7.org/fhir/us/qicore/StructureDefinition/qicore-servicerequest" ]
      },
      "status": "active",
      "intent": "order",
      "code": {
        "coding": [ {
          "system": "http://snomed.info/sct",
          "code": "456381000124102",
          "display": "Injection of leuprolide acetate for twelve month period (regime/therapy)"
        } ]
      },
      "subject": {
        "reference": "Patient/c5bfac21-0dbf-4cf5-bc92-d7eff1d0a6c6"
      },
      "authoredOn": "2026-06-25T08:00:00.000+00:00"
    },
    "request": {
      "method": "PUT",
      "url": "ServiceRequest/1e0f50bb-eb25-483a-a9a6-4f66361ad5fd"
    }
  }, {
    "fullUrl": "https://madie.cms.gov/MedicationRequest/549e57e3-c41b-4a07-bf45-7bea14dbe94d",
    "resource": {
      "resourceType": "MedicationRequest",
      "id": "549e57e3-c41b-4a07-bf45-7bea14dbe94d",
      "meta": {
        "profile": [ "http://hl7.org/fhir/us/qicore/StructureDefinition/qicore-medicationrequest" ]
      },
      "status": "active",
      "intent": "order",
      "medicationCodeableConcept": {
        "coding": [ {
          "system": "http://www.nlm.nih.gov/research/umls/rxnorm",
          "code": "1115257",
          "display": "1.5 ML leuprolide acetate 30 MG/ML Prefilled Syringe",
          "userSelected": true
        } ]
      },
      "subject": {
        "reference": "Patient/c5bfac21-0dbf-4cf5-bc92-d7eff1d0a6c6"
      },
      "authoredOn": "2026-06-25T08:00:00.000+00:00",
      "requester": {
        "reference": "http://myGoodHealthcare.com/fhir/Practitioner/a3f9f6d6-288f-47b5-ba58-4ff416a9b8ff"
      },
      "dosageInstruction": [ {
        "timing": {
          "repeat": {
            "boundsPeriod": {
              "start": "2026-06-25T08:00:00.000+00:00",
              "end": "2026-07-25T08:15:00.000+00:00"
            }
          }
        }
      } ]
    },
    "request": {
      "method": "PUT",
      "url": "MedicationRequest/549e57e3-c41b-4a07-bf45-7bea14dbe94d"
    }
  }, {
    "fullUrl": "https://madie.cms.gov/Practitioner/a3f9f6d6-288f-47b5-ba58-4ff416a9b8ff",
    "resource": {
      "resourceType": "Practitioner",
      "id": "a3f9f6d6-288f-47b5-ba58-4ff416a9b8ff",
      "meta": {
        "profile": [ "http://hl7.org/fhir/us/qicore/StructureDefinition/qicore-practitioner" ]
      },
      "identifier": [ {
        "use": "temp",
        "system": "urn:oid:2.16.840.1.113883.4.336",
        "value": "Practitioner-23"
      } ],
      "active": true,
      "name": [ {
        "family": "Careful",
        "given": [ "Adam" ],
        "prefix": [ "Dr" ]
      } ],
      "address": [ {
        "use": "home",
        "line": [ "534 Erewhon St" ],
        "city": "PleasantVille",
        "state": "UT",
        "postalCode": "84414"
      } ],
      "qualification": [ {
        "identifier": [ {
          "system": "http://example.org/UniversityIdentifier",
          "value": "12345"
        } ],
        "code": {
          "coding": [ {
            "system": "http://terminology.hl7.org/CodeSystem/v2-0360|2.7",
            "code": "BS",
            "display": "Bachelor of Science"
          } ],
          "text": "Bachelor of Science"
        },
        "period": {
          "start": "1996"
        },
        "issuer": {
          "display": "Example University"
        }
      } ]
    },
    "request": {
      "method": "PUT",
      "url": "Practitioner/a3f9f6d6-288f-47b5-ba58-4ff416a9b8ff"
    }
  }, {
    "fullUrl": "https://madie.cms.gov/ServiceRequest/1aa78936-3610-432a-8749-7730f6d4270b",
    "resource": {
      "resourceType": "ServiceRequest",
      "id": "1aa78936-3610-432a-8749-7730f6d4270b",
      "meta": {
        "profile": [ "http://hl7.org/fhir/us/qicore/StructureDefinition/qicore-servicenotrequested" ]
      },
      "extension": [ {
        "url": "http://hl7.org/fhir/us/qicore/StructureDefinition/qicore-doNotPerformReason",
        "valueCodeableConcept": {
          "coding": [ {
            "system": "http://snomed.info/sct",
            "code": "105480006",
            "display": "Refusal of treatment by patient (situation)"
          } ]
        }
      } ],
      "status": "completed",
      "intent": "order",
      "doNotPerform": true,
      "code": {
        "coding": [ {
          "system": "http://loinc.org",
          "version": "2.71",
          "code": "38265-5",
          "display": "DXA Radius and Ulna [T-score] Bone density",
          "userSelected": true
        } ]
      },
      "subject": {
        "reference": "Patient/c5bfac21-0dbf-4cf5-bc92-d7eff1d0a6c6"
      },
      "authoredOn": "2026-07-25T08:00:00.000+00:00"
    },
    "request": {
      "method": "PUT",
      "url": "ServiceRequest/1aa78936-3610-432a-8749-7730f6d4270b"
    }
  }, {
    "fullUrl": "https://madie.cms.gov/MeasureReport/a2797b4d-eb21-4286-8f41-eabc7d681875",
    "resource": {
      "resourceType": "MeasureReport",
      "id": "a2797b4d-eb21-4286-8f41-eabc7d681875",
      "meta": {
        "profile": [ "http://hl7.org/fhir/us/cqfmeasures/StructureDefinition/test-case-cqfm" ]
      },
      "contained": [ {
        "resourceType": "Parameters",
        "id": "8073024e-3b92-4282-bde3-10b9a314325c-parameters",
        "parameter": [ {
          "name": "subject",
          "valueString": "c5bfac21-0dbf-4cf5-bc92-d7eff1d0a6c6"
        } ]
      } ],
      "extension": [ {
        "url": "http://hl7.org/fhir/StructureDefinition/cqf-inputParameters",
        "valueReference": {
          "reference": "#8073024e-3b92-4282-bde3-10b9a314325c-parameters"
        }
      }, {
        "url": "http://hl7.org/fhir/us/cqfmeasures/StructureDefinition/cqfm-testCaseDescription",
        "valueMarkdown": "Prostate cancer and ADT given.  DEXA ordered but patient refused.  DENEXCEP pass   "
      } ],
      "modifierExtension": [ {
        "url": "http://hl7.org/fhir/us/cqfmeasures/StructureDefinition/cqfm-isTestCase",
        "valueBoolean": true
      } ],
      "status": "complete",
      "type": "individual",
      "measure": "https://madie.cms.gov/Measure/BoneDensityProstateCancerAndrogenDeprivationTherapyFHIR6",
      "period": {
        "start": "2026-01-01",
        "end": "2026-12-31"
      },
      "group": [ {
        "id": "Group_1",
        "population": [ {
          "id": "InitialPopulation_1",
          "code": {
            "coding": [ {
              "system": "http://terminology.hl7.org/CodeSystem/measure-population",
              "code": "initial-population",
              "display": "Initial Population"
            } ]
          },
          "count": 1
        }, {
          "id": "Denominator_1",
          "code": {
            "coding": [ {
              "system": "http://terminology.hl7.org/CodeSystem/measure-population",
              "code": "denominator",
              "display": "Denominator"
            } ]
          },
          "count": 1
        }, {
          "id": "Numerator_1",
          "code": {
            "coding": [ {
              "system": "http://terminology.hl7.org/CodeSystem/measure-population",
              "code": "numerator",
              "display": "Numerator"
            } ]
          },
          "count": 0
        }, {
          "id": "DenominatorException_1",
          "code": {
            "coding": [ {
              "system": "http://terminology.hl7.org/CodeSystem/measure-population",
              "code": "denominator-exception",
              "display": "Denominator Exception"
            } ]
          },
          "count": 0
        } ],
        "measureScore": {
          "value": 1.0
        }
      } ],
      "evaluatedResource": [ {
        "reference": "Patient/c5bfac21-0dbf-4cf5-bc92-d7eff1d0a6c6"
      }, {
        "reference": "Encounter/54bd5db4-8b4b-4f16-a446-a5acf89e5b12"
      }, {
        "reference": "Condition/8280b317-cd4c-4348-a718-abab339644ed"
      }, {
        "reference": "ServiceRequest/1e0f50bb-eb25-483a-a9a6-4f66361ad5fd"
      }, {
        "reference": "MedicationRequest/549e57e3-c41b-4a07-bf45-7bea14dbe94d"
      }, {
        "reference": "Practitioner/a3f9f6d6-288f-47b5-ba58-4ff416a9b8ff"
      }, {
        "reference": "ServiceRequest/1aa78936-3610-432a-8749-7730f6d4270b"
      } ]
    },
    "request": {
      "method": "PUT",
      "url": "MeasureReport/a2797b4d-eb21-4286-8f41-eabc7d681875"
    }
  } ]
}