{
  "resourceType": "Bundle",
  "id": "62bc59a13e113102f8cedc61",
  "type": "transaction",
  "entry": [ {
    "fullUrl": "https://madie.cms.gov/Patient/c5bfac21-0dbf-4cf5-bc92-d7eff1d0a6c6",
    "resource": {
      "resourceType": "Patient",
      "id": "c5bfac21-0dbf-4cf5-bc92-d7eff1d0a6c6",
      "meta": {
        "profile": [ "http://hl7.org/fhir/us/qicore/StructureDefinition/qicore-patient" ]
      },
      "extension": [ {
        "url": "http://hl7.org/fhir/us/core/StructureDefinition/us-core-race",
        "extension": [ {
          "url": "ombCategory",
          "valueCoding": {
            "system": "urn:oid:2.16.840.1.113883.6.238",
            "code": "1002-5",
            "display": "American Indian or Alaska Native",
            "userSelected": true
          }
        }, {
          "url": "text",
          "valueString": "American Indian or Alaska Native"
        } ]
      }, {
        "url": "http://hl7.org/fhir/us/core/StructureDefinition/us-core-ethnicity",
        "extension": [ {
          "url": "ombCategory",
          "valueCoding": {
            "system": "urn:oid:2.16.840.1.113883.6.238",
            "code": "2135-2",
            "display": "Hispanic or Latino",
            "userSelected": true
          }
        }, {
          "url": "text",
          "valueString": "Hispanic or Latino"
        } ]
      } ],
      "identifier": [ {
        "type": {
          "coding": [ {
            "system": "http://terminology.hl7.org/CodeSystem/v2-0203",
            "code": "MR"
          } ]
        },
        "system": "https://bonnie-fhir.healthit.gov/",
        "value": "62bc59a13e113102f8cedc61"
      } ],
      "name": [ {
        "family": "DENEXCEPPass",
        "given": [ "NoDEXAOrderedDueToPatientRefusal" ]
      } ],
      "gender": "male",
      "birthDate": "1960-06-14"
    },
    "request": {
      "method": "PUT",
      "url": "Patient/c5bfac21-0dbf-4cf5-bc92-d7eff1d0a6c6"
    }
  }, {
    "fullUrl": "https://madie.cms.gov/Encounter/adf2ad84-8880-4f7a-b27e-07de8a70d1bd",
    "resource": {
      "resourceType": "Encounter",
      "id": "adf2ad84-8880-4f7a-b27e-07de8a70d1bd",
      "meta": {
        "profile": [ "http://hl7.org/fhir/us/qicore/StructureDefinition/qicore-encounter" ]
      },
      "status": "finished",
      "class": {
        "system": "http://terminology.hl7.org/CodeSystem/v3-ActCode",
        "code": "AMB",
        "display": "ambulatory"
      },
      "type": [ {
        "coding": [ {
          "system": "http://snomed.info/sct",
          "version": "http://snomed.info/sct/731000124108/version/20240401",
          "code": "185463005",
          "display": "Visit out of hours (procedure)"
        } ]
      } ],
      "subject": {
        "reference": "Patient/c5bfac21-0dbf-4cf5-bc92-d7eff1d0a6c6"
      },
      "period": {
        "start": "2025-06-25T08:00:00.000+00:00",
        "end": "2025-06-25T08:15:00.000+00:00"
      }
    },
    "request": {
      "method": "PUT",
      "url": "Encounter/adf2ad84-8880-4f7a-b27e-07de8a70d1bd"
    }
  }, {
    "fullUrl": "https://madie.cms.gov/Condition/c493cb29-e161-4c9f-8d5a-924ee4de8700",
    "resource": {
      "resourceType": "Condition",
      "id": "c493cb29-e161-4c9f-8d5a-924ee4de8700",
      "meta": {
        "profile": [ "http://hl7.org/fhir/us/qicore/StructureDefinition/qicore-condition-problems-health-concerns" ]
      },
      "clinicalStatus": {
        "coding": [ {
          "system": "http://terminology.hl7.org/CodeSystem/condition-clinical",
          "code": "active",
          "display": "Active"
        } ]
      },
      "verificationStatus": {
        "coding": [ {
          "system": "http://terminology.hl7.org/CodeSystem/condition-ver-status",
          "code": "confirmed"
        } ]
      },
      "category": [ {
        "coding": [ {
          "system": "http://terminology.hl7.org/CodeSystem/condition-category",
          "code": "problem-list-item",
          "display": "Problem List Item"
        } ]
      } ],
      "code": {
        "coding": [ {
          "system": "http://snomed.info/sct",
          "version": "http://snomed.info/sct/731000124108/version/20240401",
          "code": "254900004",
          "display": "Carcinoma of prostate (disorder)",
          "userSelected": true
        } ]
      },
      "subject": {
        "reference": "Patient/c5bfac21-0dbf-4cf5-bc92-d7eff1d0a6c6"
      },
      "onsetPeriod": {
        "start": "2025-06-25T08:00:00.000+00:00"
      }
    },
    "request": {
      "method": "PUT",
      "url": "Condition/c493cb29-e161-4c9f-8d5a-924ee4de8700"
    }
  }, {
    "fullUrl": "https://madie.cms.gov/ServiceRequest/ad1e51fb-34ff-4e77-9ea2-e86e51e9f870",
    "resource": {
      "resourceType": "ServiceRequest",
      "id": "ad1e51fb-34ff-4e77-9ea2-e86e51e9f870",
      "meta": {
        "profile": [ "http://hl7.org/fhir/us/qicore/StructureDefinition/qicore-servicerequest" ]
      },
      "status": "active",
      "intent": "order",
      "code": {
        "coding": [ {
          "system": "http://snomed.info/sct",
          "code": "456381000124102",
          "display": "Injection of leuprolide acetate for twelve month period (regime/therapy)"
        } ]
      },
      "subject": {
        "reference": "Patient/c5bfac21-0dbf-4cf5-bc92-d7eff1d0a6c6"
      },
      "authoredOn": "2025-06-25T08:00:00.000+00:00"
    },
    "request": {
      "method": "PUT",
      "url": "ServiceRequest/ad1e51fb-34ff-4e77-9ea2-e86e51e9f870"
    }
  }, {
    "fullUrl": "https://madie.cms.gov/MedicationRequest/9d334710-26a0-4e13-9147-f07563e82f51",
    "resource": {
      "resourceType": "MedicationRequest",
      "id": "9d334710-26a0-4e13-9147-f07563e82f51",
      "meta": {
        "profile": [ "http://hl7.org/fhir/us/qicore/StructureDefinition/qicore-medicationrequest" ]
      },
      "status": "active",
      "intent": "order",
      "medicationCodeableConcept": {
        "coding": [ {
          "system": "http://www.nlm.nih.gov/research/umls/rxnorm",
          "code": "1115257",
          "display": "1.5 ML leuprolide acetate 30 MG/ML Prefilled Syringe",
          "userSelected": true
        } ]
      },
      "subject": {
        "reference": "Patient/c5bfac21-0dbf-4cf5-bc92-d7eff1d0a6c6"
      },
      "authoredOn": "2025-06-25T08:00:00.000+00:00",
      "requester": {
        "reference": "http://myGoodHealthcare.com/fhir/Practitioner/a73b10da-e79e-4e54-8129-d40e5e324252"
      },
      "dosageInstruction": [ {
        "timing": {
          "repeat": {
            "boundsPeriod": {
              "start": "2025-06-25T08:00:00.000+00:00",
              "end": "2025-07-25T08:15:00.000+00:00"
            }
          }
        }
      } ]
    },
    "request": {
      "method": "PUT",
      "url": "MedicationRequest/9d334710-26a0-4e13-9147-f07563e82f51"
    }
  }, {
    "fullUrl": "https://madie.cms.gov/Practitioner/a73b10da-e79e-4e54-8129-d40e5e324252",
    "resource": {
      "resourceType": "Practitioner",
      "id": "a73b10da-e79e-4e54-8129-d40e5e324252",
      "meta": {
        "profile": [ "http://hl7.org/fhir/us/qicore/StructureDefinition/qicore-practitioner" ]
      },
      "identifier": [ {
        "use": "temp",
        "system": "urn:oid:2.16.840.1.113883.4.336",
        "value": "Practitioner-23"
      } ],
      "active": true,
      "name": [ {
        "family": "Careful",
        "given": [ "Adam" ],
        "prefix": [ "Dr" ]
      } ],
      "address": [ {
        "use": "home",
        "line": [ "534 Erewhon St" ],
        "city": "PleasantVille",
        "state": "UT",
        "postalCode": "84414"
      } ],
      "qualification": [ {
        "identifier": [ {
          "system": "http://example.org/UniversityIdentifier",
          "value": "12345"
        } ],
        "code": {
          "coding": [ {
            "system": "http://terminology.hl7.org/CodeSystem/v2-0360|2.7",
            "code": "BS",
            "display": "Bachelor of Science"
          } ],
          "text": "Bachelor of Science"
        },
        "period": {
          "start": "1995"
        },
        "issuer": {
          "display": "Example University"
        }
      } ]
    },
    "request": {
      "method": "PUT",
      "url": "Practitioner/a73b10da-e79e-4e54-8129-d40e5e324252"
    }
  }, {
    "fullUrl": "https://madie.cms.gov/ServiceRequest/90d343f0-cbc2-4197-960a-4c7d054f5a27",
    "resource": {
      "resourceType": "ServiceRequest",
      "id": "90d343f0-cbc2-4197-960a-4c7d054f5a27",
      "meta": {
        "profile": [ "http://hl7.org/fhir/us/qicore/StructureDefinition/qicore-servicenotrequested" ]
      },
      "extension": [ {
        "url": "http://hl7.org/fhir/us/qicore/StructureDefinition/qicore-doNotPerformReason",
        "valueCodeableConcept": {
          "coding": [ {
            "system": "http://snomed.info/sct",
            "code": "105480006",
            "display": "Refusal of treatment by patient (situation)"
          } ]
        }
      } ],
      "status": "completed",
      "intent": "order",
      "doNotPerform": true,
      "code": {
        "coding": [ {
          "system": "http://loinc.org",
          "version": "2.71",
          "code": "38265-5",
          "display": "DXA Radius and Ulna [T-score] Bone density",
          "userSelected": true
        } ]
      },
      "subject": {
        "reference": "Patient/c5bfac21-0dbf-4cf5-bc92-d7eff1d0a6c6"
      },
      "authoredOn": "2025-07-25T08:00:00.000+00:00"
    },
    "request": {
      "method": "PUT",
      "url": "ServiceRequest/90d343f0-cbc2-4197-960a-4c7d054f5a27"
    }
  }, {
    "fullUrl": "https://madie.cms.gov/MeasureReport/0f6a7a9f-476b-46c6-9c79-fac1edcff4bc",
    "resource": {
      "resourceType": "MeasureReport",
      "id": "0f6a7a9f-476b-46c6-9c79-fac1edcff4bc",
      "meta": {
        "profile": [ "http://hl7.org/fhir/us/cqfmeasures/StructureDefinition/test-case-cqfm" ]
      },
      "contained": [ {
        "resourceType": "Parameters",
        "id": "81fcdc60-0fe6-4ea8-adc2-cac362a73380-parameters",
        "parameter": [ {
          "name": "subject",
          "valueString": "c5bfac21-0dbf-4cf5-bc92-d7eff1d0a6c6"
        } ]
      } ],
      "extension": [ {
        "url": "http://hl7.org/fhir/us/cqfmeasures/StructureDefinition/cqfm-inputParameters",
        "valueReference": {
          "reference": "#81fcdc60-0fe6-4ea8-adc2-cac362a73380-parameters"
        }
      }, {
        "url": "http://hl7.org/fhir/us/cqfmeasures/StructureDefinition/cqfm-testCaseDescription",
        "valueMarkdown": "Prostate cancer and ADT given.  DEXA ordered but patient refused.  DENEXCEP pass   "
      } ],
      "modifierExtension": [ {
        "url": "http://hl7.org/fhir/us/cqfmeasures/StructureDefinition/cqfm-isTestCase",
        "valueBoolean": true
      } ],
      "status": "complete",
      "type": "individual",
      "measure": "https://madie.cms.gov/Measure/BoneDensityProstateCancerAndrogenDeprivationTherapyFHIR6",
      "period": {
        "start": "2025-01-01",
        "end": "2025-12-31"
      },
      "group": [ {
        "id": "67b61060a0d801640767a597",
        "population": [ {
          "id": "E8F25116-1779-4BA6-B606-34F12AE4F5BA",
          "code": {
            "coding": [ {
              "system": "http://terminology.hl7.org/CodeSystem/measure-population",
              "code": "initial-population",
              "display": "Initial Population"
            } ]
          },
          "count": 1
        }, {
          "id": "1C145A56-9250-4444-A497-86C44F55CFDB",
          "code": {
            "coding": [ {
              "system": "http://terminology.hl7.org/CodeSystem/measure-population",
              "code": "denominator",
              "display": "Denominator"
            } ]
          },
          "count": 1
        }, {
          "id": "B1E0E3D2-D44E-4BFF-92F8-077CF1AE234F",
          "code": {
            "coding": [ {
              "system": "http://terminology.hl7.org/CodeSystem/measure-population",
              "code": "numerator",
              "display": "Numerator"
            } ]
          },
          "count": 0
        }, {
          "id": "A9552F46-139C-4270-835C-224132205362",
          "code": {
            "coding": [ {
              "system": "http://terminology.hl7.org/CodeSystem/measure-population",
              "code": "denominator-exception",
              "display": "Denominator Exception"
            } ]
          },
          "count": 0
        } ],
        "measureScore": {
          "value": 1.0
        }
      } ],
      "evaluatedResource": [ {
        "reference": "Patient/c5bfac21-0dbf-4cf5-bc92-d7eff1d0a6c6"
      }, {
        "reference": "Encounter/adf2ad84-8880-4f7a-b27e-07de8a70d1bd"
      }, {
        "reference": "Condition/c493cb29-e161-4c9f-8d5a-924ee4de8700"
      }, {
        "reference": "ServiceRequest/ad1e51fb-34ff-4e77-9ea2-e86e51e9f870"
      }, {
        "reference": "MedicationRequest/9d334710-26a0-4e13-9147-f07563e82f51"
      }, {
        "reference": "Practitioner/a73b10da-e79e-4e54-8129-d40e5e324252"
      }, {
        "reference": "ServiceRequest/90d343f0-cbc2-4197-960a-4c7d054f5a27"
      } ]
    },
    "request": {
      "method": "PUT",
      "url": "MeasureReport/0f6a7a9f-476b-46c6-9c79-fac1edcff4bc"
    }
  } ]
}