{
  "resourceType": "Bundle",
  "id": "62bb3859e8081f5ef5e199f5",
  "type": "transaction",
  "entry": [ {
    "fullUrl": "https://madie.cms.gov/Patient/f33f170c-53de-44a5-8f8e-d9097bf61854",
    "resource": {
      "resourceType": "Patient",
      "id": "f33f170c-53de-44a5-8f8e-d9097bf61854",
      "meta": {
        "profile": [ "http://hl7.org/fhir/us/qicore/StructureDefinition/qicore-patient" ]
      },
      "extension": [ {
        "url": "http://hl7.org/fhir/us/core/StructureDefinition/us-core-race",
        "extension": [ {
          "url": "ombCategory",
          "valueCoding": {
            "system": "urn:oid:2.16.840.1.113883.6.238",
            "code": "1002-5",
            "display": "American Indian or Alaska Native",
            "userSelected": true
          }
        }, {
          "url": "text",
          "valueString": "American Indian or Alaska Native"
        } ]
      }, {
        "url": "http://hl7.org/fhir/us/core/StructureDefinition/us-core-ethnicity",
        "extension": [ {
          "url": "ombCategory",
          "valueCoding": {
            "system": "urn:oid:2.16.840.1.113883.6.238",
            "code": "2135-2",
            "display": "Hispanic or Latino",
            "userSelected": true
          }
        }, {
          "url": "text",
          "valueString": "Hispanic or Latino"
        } ]
      } ],
      "identifier": [ {
        "type": {
          "coding": [ {
            "system": "http://terminology.hl7.org/CodeSystem/v2-0203",
            "code": "MR"
          } ]
        },
        "system": "https://bonnie-fhir.healthit.gov/",
        "value": "62bb3859e8081f5ef5e199f5"
      } ],
      "name": [ {
        "family": "IPPFail",
        "given": [ "ADTOrderBeforeMP" ]
      } ],
      "gender": "male",
      "birthDate": "1961-07-19"
    },
    "request": {
      "method": "PUT",
      "url": "Patient/f33f170c-53de-44a5-8f8e-d9097bf61854"
    }
  }, {
    "fullUrl": "https://madie.cms.gov/Encounter/352b35da-2341-4b3c-8db6-66af227974dc",
    "resource": {
      "resourceType": "Encounter",
      "id": "352b35da-2341-4b3c-8db6-66af227974dc",
      "meta": {
        "profile": [ "http://hl7.org/fhir/us/qicore/StructureDefinition/qicore-encounter" ]
      },
      "status": "finished",
      "class": {
        "system": "http://terminology.hl7.org/CodeSystem/v3-ActCode",
        "code": "AMB",
        "display": "ambulatory"
      },
      "type": [ {
        "coding": [ {
          "system": "http://snomed.info/sct",
          "version": "2022-09",
          "code": "185463005",
          "display": "Visit out of hours (procedure)",
          "userSelected": true
        } ]
      } ],
      "subject": {
        "reference": "Patient/f33f170c-53de-44a5-8f8e-d9097bf61854"
      },
      "period": {
        "start": "2025-05-03T08:00:00.000+00:00",
        "end": "2025-05-03T08:15:00.000+00:00"
      }
    },
    "request": {
      "method": "PUT",
      "url": "Encounter/352b35da-2341-4b3c-8db6-66af227974dc"
    }
  }, {
    "fullUrl": "https://madie.cms.gov/Condition/95f33958-00d5-4feb-af56-407a90b63020",
    "resource": {
      "resourceType": "Condition",
      "id": "95f33958-00d5-4feb-af56-407a90b63020",
      "meta": {
        "profile": [ "http://hl7.org/fhir/us/qicore/StructureDefinition/qicore-condition-problems-health-concerns" ]
      },
      "clinicalStatus": {
        "coding": [ {
          "system": "http://terminology.hl7.org/CodeSystem/condition-clinical",
          "code": "active",
          "display": "Active",
          "userSelected": true
        } ]
      },
      "verificationStatus": {
        "coding": [ {
          "system": "http://terminology.hl7.org/CodeSystem/condition-ver-status",
          "code": "confirmed",
          "display": "Confirmed",
          "userSelected": true
        } ]
      },
      "category": [ {
        "coding": [ {
          "system": "http://terminology.hl7.org/CodeSystem/condition-category",
          "code": "problem-list-item",
          "display": "Problem List Item"
        } ]
      } ],
      "code": {
        "coding": [ {
          "system": "http://snomed.info/sct",
          "version": "2022-09",
          "code": "254900004",
          "display": "Carcinoma of prostate (disorder)",
          "userSelected": true
        } ]
      },
      "subject": {
        "reference": "Patient/f33f170c-53de-44a5-8f8e-d9097bf61854"
      },
      "onsetPeriod": {
        "start": "2025-01-03T08:00:00.000+00:00"
      }
    },
    "request": {
      "method": "PUT",
      "url": "Condition/95f33958-00d5-4feb-af56-407a90b63020"
    }
  }, {
    "fullUrl": "https://madie.cms.gov/MedicationRequest/667363b4-c982-471e-ba81-3990ce2546dc",
    "resource": {
      "resourceType": "MedicationRequest",
      "id": "667363b4-c982-471e-ba81-3990ce2546dc",
      "meta": {
        "profile": [ "http://hl7.org/fhir/us/qicore/StructureDefinition/qicore-medicationrequest" ]
      },
      "status": "active",
      "intent": "order",
      "medicationCodeableConcept": {
        "coding": [ {
          "system": "http://www.nlm.nih.gov/research/umls/rxnorm",
          "version": "2025-01",
          "code": "752886",
          "display": "0.375 ML leuprolide acetate 120 MG/ML Prefilled Syringe",
          "userSelected": true
        } ]
      },
      "subject": {
        "reference": "Patient/f33f170c-53de-44a5-8f8e-d9097bf61854"
      },
      "authoredOn": "2024-12-31T08:00:00.000+00:00",
      "requester": {
        "reference": "http://myGoodHealthcare.com/fhir/Practitioner/646346"
      },
      "dosageInstruction": [ {
        "timing": {
          "repeat": {
            "boundsPeriod": {
              "start": "2024-12-31T08:00:00.000+00:00"
            }
          }
        }
      } ]
    },
    "request": {
      "method": "PUT",
      "url": "MedicationRequest/667363b4-c982-471e-ba81-3990ce2546dc"
    }
  }, {
    "fullUrl": "https://madie.cms.gov/ServiceRequest/7736a376-b662-44a0-9402-85cf63d43885",
    "resource": {
      "resourceType": "ServiceRequest",
      "id": "7736a376-b662-44a0-9402-85cf63d43885",
      "meta": {
        "profile": [ "http://hl7.org/fhir/us/qicore/StructureDefinition/qicore-servicerequest" ]
      },
      "status": "active",
      "intent": "order",
      "doNotPerform": true,
      "code": {
        "coding": [ {
          "system": "http://snomed.info/sct",
          "code": "456381000124102",
          "display": "Injection of leuprolide acetate for twelve month period (regime/therapy)"
        } ]
      },
      "subject": {
        "reference": "Patient/f33f170c-53de-44a5-8f8e-d9097bf61854"
      },
      "authoredOn": "2024-12-31T08:00:00.000+00:00"
    },
    "request": {
      "method": "PUT",
      "url": "ServiceRequest/7736a376-b662-44a0-9402-85cf63d43885"
    }
  }, {
    "fullUrl": "https://madie.cms.gov/MeasureReport/12c16006-bf18-44ec-8c37-3c99fd12a5a1",
    "resource": {
      "resourceType": "MeasureReport",
      "id": "12c16006-bf18-44ec-8c37-3c99fd12a5a1",
      "meta": {
        "profile": [ "http://hl7.org/fhir/us/cqfmeasures/StructureDefinition/test-case-cqfm" ]
      },
      "contained": [ {
        "resourceType": "Parameters",
        "id": "2fa4d2f1-fcc6-4628-b391-148fa4d40800-parameters",
        "parameter": [ {
          "name": "subject",
          "valueString": "f33f170c-53de-44a5-8f8e-d9097bf61854"
        } ]
      } ],
      "extension": [ {
        "url": "http://hl7.org/fhir/us/cqfmeasures/StructureDefinition/cqfm-inputParameters",
        "valueReference": {
          "reference": "#2fa4d2f1-fcc6-4628-b391-148fa4d40800-parameters"
        }
      }, {
        "url": "http://hl7.org/fhir/us/cqfmeasures/StructureDefinition/cqfm-testCaseDescription",
        "valueMarkdown": "PCa with OV in MP.  Order for ADT before MP and prostate cancer dx."
      } ],
      "modifierExtension": [ {
        "url": "http://hl7.org/fhir/us/cqfmeasures/StructureDefinition/cqfm-isTestCase",
        "valueBoolean": true
      } ],
      "status": "complete",
      "type": "individual",
      "measure": "https://madie.cms.gov/Measure/BoneDensityProstateCancerAndrogenDeprivationTherapyFHIR6",
      "period": {
        "start": "2025-01-01",
        "end": "2025-12-31"
      },
      "group": [ {
        "id": "67b61060a0d801640767a597",
        "population": [ {
          "id": "E8F25116-1779-4BA6-B606-34F12AE4F5BA",
          "code": {
            "coding": [ {
              "system": "http://terminology.hl7.org/CodeSystem/measure-population",
              "code": "initial-population",
              "display": "Initial Population"
            } ]
          },
          "count": 0
        }, {
          "id": "1C145A56-9250-4444-A497-86C44F55CFDB",
          "code": {
            "coding": [ {
              "system": "http://terminology.hl7.org/CodeSystem/measure-population",
              "code": "denominator",
              "display": "Denominator"
            } ]
          },
          "count": 0
        }, {
          "id": "B1E0E3D2-D44E-4BFF-92F8-077CF1AE234F",
          "code": {
            "coding": [ {
              "system": "http://terminology.hl7.org/CodeSystem/measure-population",
              "code": "numerator",
              "display": "Numerator"
            } ]
          },
          "count": 0
        }, {
          "id": "A9552F46-139C-4270-835C-224132205362",
          "code": {
            "coding": [ {
              "system": "http://terminology.hl7.org/CodeSystem/measure-population",
              "code": "denominator-exception",
              "display": "Denominator Exception"
            } ]
          },
          "count": 0
        } ],
        "measureScore": {
          "value": 1.0
        }
      } ],
      "evaluatedResource": [ {
        "reference": "Patient/f33f170c-53de-44a5-8f8e-d9097bf61854"
      }, {
        "reference": "Encounter/352b35da-2341-4b3c-8db6-66af227974dc"
      }, {
        "reference": "Condition/95f33958-00d5-4feb-af56-407a90b63020"
      }, {
        "reference": "MedicationRequest/667363b4-c982-471e-ba81-3990ce2546dc"
      }, {
        "reference": "ServiceRequest/7736a376-b662-44a0-9402-85cf63d43885"
      } ]
    },
    "request": {
      "method": "PUT",
      "url": "MeasureReport/12c16006-bf18-44ec-8c37-3c99fd12a5a1"
    }
  } ]
}