{
  "resourceType": "Bundle",
  "id": "62bb3859e8081f5ef5e199f5",
  "type": "transaction",
  "entry": [ {
    "fullUrl": "https://madie.cms.gov/Patient/f33f170c-53de-44a5-8f8e-d9097bf61854",
    "resource": {
      "resourceType": "Patient",
      "id": "f33f170c-53de-44a5-8f8e-d9097bf61854",
      "meta": {
        "profile": [ "http://hl7.org/fhir/us/qicore/StructureDefinition/qicore-patient" ]
      },
      "extension": [ {
        "url": "http://hl7.org/fhir/us/core/StructureDefinition/us-core-race",
        "extension": [ {
          "url": "ombCategory",
          "valueCoding": {
            "system": "urn:oid:2.16.840.1.113883.6.238",
            "code": "1002-5",
            "display": "American Indian or Alaska Native",
            "userSelected": true
          }
        }, {
          "url": "text",
          "valueString": "American Indian or Alaska Native"
        } ]
      }, {
        "url": "http://hl7.org/fhir/us/core/StructureDefinition/us-core-ethnicity",
        "extension": [ {
          "url": "ombCategory",
          "valueCoding": {
            "system": "urn:oid:2.16.840.1.113883.6.238",
            "code": "2135-2",
            "display": "Hispanic or Latino",
            "userSelected": true
          }
        }, {
          "url": "text",
          "valueString": "Hispanic or Latino"
        } ]
      } ],
      "identifier": [ {
        "type": {
          "coding": [ {
            "system": "http://terminology.hl7.org/CodeSystem/v2-0203",
            "code": "MR"
          } ]
        },
        "system": "https://bonnie-fhir.healthit.gov/",
        "value": "62bb3859e8081f5ef5e199f5"
      } ],
      "name": [ {
        "family": "IPPFail",
        "given": [ "ADTOrderBeforeMP" ]
      } ],
      "gender": "male",
      "birthDate": "1962-07-19"
    },
    "request": {
      "method": "PUT",
      "url": "Patient/f33f170c-53de-44a5-8f8e-d9097bf61854"
    }
  }, {
    "fullUrl": "https://madie.cms.gov/Encounter/22cc35e7-aeb6-4e54-b0be-f9b9151f999f",
    "resource": {
      "resourceType": "Encounter",
      "id": "22cc35e7-aeb6-4e54-b0be-f9b9151f999f",
      "meta": {
        "profile": [ "http://hl7.org/fhir/us/qicore/StructureDefinition/qicore-encounter" ]
      },
      "status": "finished",
      "class": {
        "system": "http://terminology.hl7.org/CodeSystem/v3-ActCode",
        "code": "AMB",
        "display": "ambulatory"
      },
      "type": [ {
        "coding": [ {
          "system": "http://snomed.info/sct",
          "version": "2022-09",
          "code": "185463005",
          "display": "Visit out of hours (procedure)",
          "userSelected": true
        } ]
      } ],
      "subject": {
        "reference": "Patient/f33f170c-53de-44a5-8f8e-d9097bf61854"
      },
      "period": {
        "start": "2026-05-03T08:00:00.000+00:00",
        "end": "2026-05-03T08:15:00.000+00:00"
      }
    },
    "request": {
      "method": "PUT",
      "url": "Encounter/22cc35e7-aeb6-4e54-b0be-f9b9151f999f"
    }
  }, {
    "fullUrl": "https://madie.cms.gov/Condition/b35b00bd-866a-4238-b488-90f14d8a69af",
    "resource": {
      "resourceType": "Condition",
      "id": "b35b00bd-866a-4238-b488-90f14d8a69af",
      "meta": {
        "profile": [ "http://hl7.org/fhir/us/qicore/StructureDefinition/qicore-condition-problems-health-concerns" ]
      },
      "clinicalStatus": {
        "coding": [ {
          "system": "http://terminology.hl7.org/CodeSystem/condition-clinical",
          "code": "active",
          "display": "Active",
          "userSelected": true
        } ]
      },
      "verificationStatus": {
        "coding": [ {
          "system": "http://terminology.hl7.org/CodeSystem/condition-ver-status",
          "code": "confirmed",
          "display": "Confirmed",
          "userSelected": true
        } ]
      },
      "category": [ {
        "coding": [ {
          "system": "http://terminology.hl7.org/CodeSystem/condition-category",
          "code": "problem-list-item",
          "display": "Problem List Item"
        } ]
      } ],
      "code": {
        "coding": [ {
          "system": "http://snomed.info/sct",
          "version": "2022-09",
          "code": "254900004",
          "display": "Carcinoma of prostate (disorder)",
          "userSelected": true
        } ]
      },
      "subject": {
        "reference": "Patient/f33f170c-53de-44a5-8f8e-d9097bf61854"
      },
      "onsetPeriod": {
        "start": "2026-01-03T08:00:00.000+00:00"
      }
    },
    "request": {
      "method": "PUT",
      "url": "Condition/b35b00bd-866a-4238-b488-90f14d8a69af"
    }
  }, {
    "fullUrl": "https://madie.cms.gov/MedicationRequest/dea89a6a-9f34-4901-adac-8ccaf39d9f84",
    "resource": {
      "resourceType": "MedicationRequest",
      "id": "dea89a6a-9f34-4901-adac-8ccaf39d9f84",
      "meta": {
        "profile": [ "http://hl7.org/fhir/us/qicore/StructureDefinition/qicore-medicationrequest" ]
      },
      "status": "active",
      "intent": "order",
      "medicationCodeableConcept": {
        "coding": [ {
          "system": "http://www.nlm.nih.gov/research/umls/rxnorm",
          "version": "2025-01",
          "code": "752886",
          "display": "0.375 ML leuprolide acetate 120 MG/ML Prefilled Syringe",
          "userSelected": true
        } ]
      },
      "subject": {
        "reference": "Patient/f33f170c-53de-44a5-8f8e-d9097bf61854"
      },
      "authoredOn": "2025-12-31T08:00:00.000+00:00",
      "requester": {
        "reference": "http://myGoodHealthcare.com/fhir/Practitioner/646346"
      },
      "dosageInstruction": [ {
        "timing": {
          "repeat": {
            "boundsPeriod": {
              "start": "2025-12-31T08:00:00.000+00:00"
            }
          }
        }
      } ]
    },
    "request": {
      "method": "PUT",
      "url": "MedicationRequest/dea89a6a-9f34-4901-adac-8ccaf39d9f84"
    }
  }, {
    "fullUrl": "https://madie.cms.gov/ServiceRequest/68e25a62-7483-4ad7-9024-f951dcfe13a2",
    "resource": {
      "resourceType": "ServiceRequest",
      "id": "68e25a62-7483-4ad7-9024-f951dcfe13a2",
      "meta": {
        "profile": [ "http://hl7.org/fhir/us/qicore/StructureDefinition/qicore-servicerequest" ]
      },
      "status": "active",
      "intent": "order",
      "doNotPerform": true,
      "code": {
        "coding": [ {
          "system": "http://snomed.info/sct",
          "code": "456381000124102",
          "display": "Injection of leuprolide acetate for twelve month period (regime/therapy)"
        } ]
      },
      "subject": {
        "reference": "Patient/f33f170c-53de-44a5-8f8e-d9097bf61854"
      },
      "authoredOn": "2025-12-31T08:00:00.000+00:00"
    },
    "request": {
      "method": "PUT",
      "url": "ServiceRequest/68e25a62-7483-4ad7-9024-f951dcfe13a2"
    }
  }, {
    "fullUrl": "https://madie.cms.gov/MeasureReport/3d7d0536-6ccb-4b4a-a73a-94d1b00f8689",
    "resource": {
      "resourceType": "MeasureReport",
      "id": "3d7d0536-6ccb-4b4a-a73a-94d1b00f8689",
      "meta": {
        "profile": [ "http://hl7.org/fhir/us/cqfmeasures/StructureDefinition/test-case-cqfm" ]
      },
      "contained": [ {
        "resourceType": "Parameters",
        "id": "e7c7442c-9b37-443c-9200-6cfe0e574864-parameters",
        "parameter": [ {
          "name": "subject",
          "valueString": "f33f170c-53de-44a5-8f8e-d9097bf61854"
        } ]
      } ],
      "extension": [ {
        "url": "http://hl7.org/fhir/StructureDefinition/cqf-inputParameters",
        "valueReference": {
          "reference": "#e7c7442c-9b37-443c-9200-6cfe0e574864-parameters"
        }
      }, {
        "url": "http://hl7.org/fhir/us/cqfmeasures/StructureDefinition/cqfm-testCaseDescription",
        "valueMarkdown": "PCa with OV in MP.  Order for ADT before MP and prostate cancer dx."
      } ],
      "modifierExtension": [ {
        "url": "http://hl7.org/fhir/us/cqfmeasures/StructureDefinition/cqfm-isTestCase",
        "valueBoolean": true
      } ],
      "status": "complete",
      "type": "individual",
      "measure": "https://madie.cms.gov/Measure/BoneDensityProstateCancerAndrogenDeprivationTherapyFHIR6",
      "period": {
        "start": "2026-01-01",
        "end": "2026-12-31"
      },
      "group": [ {
        "id": "Group_1",
        "population": [ {
          "id": "InitialPopulation_1",
          "code": {
            "coding": [ {
              "system": "http://terminology.hl7.org/CodeSystem/measure-population",
              "code": "initial-population",
              "display": "Initial Population"
            } ]
          },
          "count": 0
        }, {
          "id": "Denominator_1",
          "code": {
            "coding": [ {
              "system": "http://terminology.hl7.org/CodeSystem/measure-population",
              "code": "denominator",
              "display": "Denominator"
            } ]
          },
          "count": 0
        }, {
          "id": "Numerator_1",
          "code": {
            "coding": [ {
              "system": "http://terminology.hl7.org/CodeSystem/measure-population",
              "code": "numerator",
              "display": "Numerator"
            } ]
          },
          "count": 0
        }, {
          "id": "DenominatorException_1",
          "code": {
            "coding": [ {
              "system": "http://terminology.hl7.org/CodeSystem/measure-population",
              "code": "denominator-exception",
              "display": "Denominator Exception"
            } ]
          },
          "count": 0
        } ],
        "measureScore": {
          "value": 1.0
        }
      } ],
      "evaluatedResource": [ {
        "reference": "Patient/f33f170c-53de-44a5-8f8e-d9097bf61854"
      }, {
        "reference": "Encounter/22cc35e7-aeb6-4e54-b0be-f9b9151f999f"
      }, {
        "reference": "Condition/b35b00bd-866a-4238-b488-90f14d8a69af"
      }, {
        "reference": "MedicationRequest/dea89a6a-9f34-4901-adac-8ccaf39d9f84"
      }, {
        "reference": "ServiceRequest/68e25a62-7483-4ad7-9024-f951dcfe13a2"
      } ]
    },
    "request": {
      "method": "PUT",
      "url": "MeasureReport/3d7d0536-6ccb-4b4a-a73a-94d1b00f8689"
    }
  } ]
}