{
  "resourceType": "Bundle",
  "id": "612e6a9302c62a011f2ea6da",
  "type": "transaction",
  "entry": [ {
    "fullUrl": "https://madie.cms.gov/Patient/9ec45425-8895-4967-841e-de6f47bdfddf",
    "resource": {
      "resourceType": "Patient",
      "id": "9ec45425-8895-4967-841e-de6f47bdfddf",
      "meta": {
        "profile": [ "http://hl7.org/fhir/us/qicore/StructureDefinition/qicore-patient" ]
      },
      "text": {
        "status": "generated",
        "div": "<div xmlns=\"http://www.w3.org/1999/xhtml\"><div class=\"hapiHeaderText\">MedReason_MO_InjXa_DA_VFP_DayAfAnes <b>NUMERPASS </b></div><table class=\"hapiPropertyTable\"><tbody><tr><td>Identifier</td><td>2e65528d235225a29036bb2a5e6ef1d4</td></tr><tr><td>Date of birth</td><td><span>02 January 1974</span></td></tr></tbody></table></div>"
      },
      "extension": [ {
        "url": "http://hl7.org/fhir/us/core/StructureDefinition/us-core-race",
        "extension": [ {
          "url": "ombCategory",
          "valueCoding": {
            "system": "urn:oid:2.16.840.1.113883.6.238",
            "code": "1002-5",
            "display": "American Indian or Alaska Native",
            "userSelected": true
          }
        }, {
          "url": "text",
          "valueString": "American Indian or Alaska Native"
        } ]
      }, {
        "url": "http://hl7.org/fhir/us/core/StructureDefinition/us-core-ethnicity",
        "extension": [ {
          "url": "ombCategory",
          "valueCoding": {
            "system": "urn:oid:2.16.840.1.113883.6.238",
            "code": "2135-2",
            "display": "Hispanic or Latino",
            "userSelected": true
          }
        }, {
          "url": "text",
          "valueString": "Hispanic or Latino"
        } ]
      } ],
      "identifier": [ {
        "type": {
          "coding": [ {
            "system": "http://terminology.hl7.org/CodeSystem/v2-0203",
            "code": "MR"
          } ]
        },
        "system": "https://bonnie-fhir.healthit.gov/",
        "value": "612e6a9302c62a011f2ea6da"
      } ],
      "active": true,
      "name": [ {
        "use": "usual",
        "family": "NUMERPass",
        "given": [ "MedReason_MA_InjXa_DA_VFP_DayAFAnes" ]
      } ],
      "gender": "male",
      "birthDate": "1974-01-02"
    },
    "request": {
      "method": "PUT",
      "url": "Patient/9ec45425-8895-4967-841e-de6f47bdfddf"
    }
  }, {
    "fullUrl": "https://madie.cms.gov/Encounter/ba4f9a5f-0ec3-4f5d-ad1b-e9df98fab895",
    "resource": {
      "resourceType": "Encounter",
      "id": "ba4f9a5f-0ec3-4f5d-ad1b-e9df98fab895",
      "meta": {
        "profile": [ "http://hl7.org/fhir/us/qicore/StructureDefinition/qicore-encounter" ]
      },
      "status": "finished",
      "class": {
        "system": "http://terminology.hl7.org/CodeSystem/v3-ActCode",
        "code": "IMP",
        "display": "inpatient encounter"
      },
      "type": [ {
        "coding": [ {
          "system": "http://snomed.info/sct",
          "code": "8715000"
        } ]
      } ],
      "subject": {
        "reference": "Patient/9ec45425-8895-4967-841e-de6f47bdfddf"
      },
      "period": {
        "start": "2025-11-01T08:00:00+00:00",
        "end": "2025-11-26T08:15:00+00:00"
      },
      "length": {
        "value": 25.0,
        "unit": "days"
      }
    },
    "request": {
      "method": "PUT",
      "url": "Encounter/ba4f9a5f-0ec3-4f5d-ad1b-e9df98fab895"
    }
  }, {
    "fullUrl": "https://madie.cms.gov/Coverage/af1aae7e-8bbb-447a-ad24-4aabf324d5e8",
    "resource": {
      "resourceType": "Coverage",
      "id": "af1aae7e-8bbb-447a-ad24-4aabf324d5e8",
      "status": "active",
      "beneficiary": {
        "reference": "Patient/9ec45425-8895-4967-841e-de6f47bdfddf"
      },
      "period": {
        "start": "1974-01-02T08:00:00+00:00"
      },
      "payor": [ {
        "reference": "Organization/bce1d2d6-0a0d-4b3f-8689-d7f63f41ef69"
      } ]
    },
    "request": {
      "method": "PUT",
      "url": "Coverage/af1aae7e-8bbb-447a-ad24-4aabf324d5e8"
    }
  }, {
    "fullUrl": "https://madie.cms.gov/Procedure/4287d1d1-d760-4424-aae1-a1e8a61e3ce5",
    "resource": {
      "resourceType": "Procedure",
      "id": "4287d1d1-d760-4424-aae1-a1e8a61e3ce5",
      "meta": {
        "profile": [ "http://hl7.org/fhir/us/qicore/StructureDefinition/qicore-procedurenotdone" ]
      },
      "extension": [ {
        "url": "http://hl7.org/fhir/us/qicore/StructureDefinition/qicore-recorded",
        "valueDateTime": "2025-11-03T07:35:00-04:00"
      } ],
      "status": "not-done",
      "statusReason": {
        "coding": [ {
          "system": "http://snomed.info/sct",
          "code": "183932001",
          "display": "Procedure contraindicated (situation)",
          "userSelected": true
        } ]
      },
      "code": {
        "coding": [ {
          "system": "http://snomed.info/sct",
          "code": "424831005",
          "display": "Application of foot pump (procedure)",
          "userSelected": true
        } ]
      },
      "subject": {
        "reference": "Patient/9ec45425-8895-4967-841e-de6f47bdfddf"
      },
      "_performedDateTime": {
        "extension": [ {
          "url": "http://hl7.org/fhir/StructureDefinition/data-absent-reason",
          "valueCode": "not-performed"
        } ]
      }
    },
    "request": {
      "method": "PUT",
      "url": "Procedure/4287d1d1-d760-4424-aae1-a1e8a61e3ce5"
    }
  }, {
    "fullUrl": "https://madie.cms.gov/MedicationRequest/8f4e3c41-4b6b-44aa-89ba-983e9034aa88",
    "resource": {
      "resourceType": "MedicationRequest",
      "id": "8f4e3c41-4b6b-44aa-89ba-983e9034aa88",
      "meta": {
        "profile": [ "http://hl7.org/fhir/us/qicore/StructureDefinition/qicore-mednotrequested" ]
      },
      "status": "completed",
      "intent": "order",
      "category": [ {
        "coding": [ {
          "system": "http://terminology.hl7.org/CodeSystem/medicationrequest-category",
          "code": "community"
        } ]
      } ],
      "doNotPerform": true,
      "medicationCodeableConcept": {
        "coding": [ {
          "system": "http://www.nlm.nih.gov/research/umls/rxnorm",
          "code": "861363"
        } ]
      },
      "subject": {
        "reference": "Patient/9ec45425-8895-4967-841e-de6f47bdfddf"
      },
      "authoredOn": "2025-11-03T09:00:00+00:00",
      "requester": {
        "reference": "Practitioner/123456"
      },
      "reasonCode": [ {
        "coding": [ {
          "system": "http://snomed.info/sct",
          "code": "183932001",
          "display": "Procedure contraindicated (situation)",
          "userSelected": true
        } ]
      } ],
      "dosageInstruction": [ {
        "timing": {
          "repeat": {
            "boundsPeriod": {
              "start": "2025-11-03T09:00:00+00:00"
            }
          }
        }
      } ]
    },
    "request": {
      "method": "PUT",
      "url": "MedicationRequest/8f4e3c41-4b6b-44aa-89ba-983e9034aa88"
    }
  }, {
    "fullUrl": "https://madie.cms.gov/Procedure/47d511e8-54ae-4615-a24c-aa8684c1f56d",
    "resource": {
      "resourceType": "Procedure",
      "id": "47d511e8-54ae-4615-a24c-aa8684c1f56d",
      "meta": {
        "profile": [ "http://hl7.org/fhir/us/qicore/StructureDefinition/qicore-procedure" ]
      },
      "extension": [ {
        "url": "http://hl7.org/fhir/us/qicore/StructureDefinition/qicore-recorded",
        "valueDateTime": "2012-11-04T09:35:00-04:00"
      } ],
      "status": "completed",
      "code": {
        "coding": [ {
          "system": "http://snomed.info/sct",
          "code": "18946005"
        } ]
      },
      "subject": {
        "reference": "Patient/9ec45425-8895-4967-841e-de6f47bdfddf"
      },
      "performedPeriod": {
        "start": "2025-11-02T09:00:00+00:00",
        "end": "2025-11-02T09:15:00+00:00"
      }
    },
    "request": {
      "method": "PUT",
      "url": "Procedure/47d511e8-54ae-4615-a24c-aa8684c1f56d"
    }
  }, {
    "fullUrl": "https://madie.cms.gov/Organization/bce1d2d6-0a0d-4b3f-8689-d7f63f41ef69",
    "resource": {
      "resourceType": "Organization",
      "id": "bce1d2d6-0a0d-4b3f-8689-d7f63f41ef69",
      "meta": {
        "profile": [ "http://hl7.org/fhir/us/qicore/StructureDefinition/qicore-organization" ]
      },
      "identifier": [ {
        "use": "temp",
        "system": "urn:oid:2.16.840.1.113883.4.4",
        "value": "21-3259825"
      } ],
      "active": true,
      "type": [ {
        "coding": [ {
          "system": "http://terminology.hl7.org/CodeSystem/organization-type",
          "code": "pay",
          "display": "Payer"
        } ]
      } ],
      "name": "Blue Cross Blue Shield of Texas",
      "telecom": [ {
        "system": "phone",
        "value": "(+1) 972-766-6900"
      } ],
      "address": [ {
        "use": "billing",
        "type": "postal",
        "line": [ "P.O. Box 660044" ],
        "city": "Dallas",
        "state": "TX",
        "postalCode": "75266-0044",
        "country": "USA"
      } ]
    },
    "request": {
      "method": "PUT",
      "url": "Organization/bce1d2d6-0a0d-4b3f-8689-d7f63f41ef69"
    }
  }, {
    "fullUrl": "https://madie.cms.gov/Practitioner/63b2cd8d-104a-463e-a0d4-95a423827aa6",
    "resource": {
      "resourceType": "Practitioner",
      "id": "63b2cd8d-104a-463e-a0d4-95a423827aa6",
      "identifier": [ {
        "system": "http://hl7.org/fhir/sid/us-npi",
        "value": "123456"
      } ],
      "name": [ {
        "family": "Evil",
        "prefix": [ "Dr" ]
      } ]
    },
    "request": {
      "method": "PUT",
      "url": "Practitioner/63b2cd8d-104a-463e-a0d4-95a423827aa6"
    }
  }, {
    "fullUrl": "https://madie.cms.gov/MeasureReport/ee393ab6-13ef-4d1c-af50-e59e104a4f3f",
    "resource": {
      "resourceType": "MeasureReport",
      "id": "ee393ab6-13ef-4d1c-af50-e59e104a4f3f",
      "meta": {
        "profile": [ "http://hl7.org/fhir/us/cqfmeasures/StructureDefinition/test-case-cqfm" ]
      },
      "contained": [ {
        "resourceType": "Parameters",
        "id": "b1a21d95-fe2a-4aa1-a691-b11be165470f-parameters",
        "parameter": [ {
          "name": "subject",
          "valueString": "9ec45425-8895-4967-841e-de6f47bdfddf"
        } ]
      } ],
      "extension": [ {
        "url": "http://hl7.org/fhir/us/cqfmeasures/StructureDefinition/cqfm-inputParameters",
        "valueReference": {
          "reference": "#b1a21d95-fe2a-4aa1-a691-b11be165470f-parameters"
        }
      }, {
        "url": "http://hl7.org/fhir/us/cqfmeasures/StructureDefinition/cqfm-testCaseDescription",
        "valueMarkdown": "vfp  not applied and factor Xa inhibitor not administered due to medical reason 1 day after end of anesthesia\n"
      } ],
      "modifierExtension": [ {
        "url": "http://hl7.org/fhir/us/cqfmeasures/StructureDefinition/cqfm-isTestCase",
        "valueBoolean": true
      } ],
      "status": "complete",
      "type": "individual",
      "measure": "https://madie.cms.gov/Measure/VenousThromboembolismProphylaxisFHIR",
      "period": {
        "start": "2025-01-01",
        "end": "2025-12-31"
      },
      "group": [ {
        "population": [ {
          "code": {
            "coding": [ {
              "system": "http://terminology.hl7.org/CodeSystem/measure-population",
              "code": "initial-population",
              "display": "Initial Population"
            } ]
          },
          "count": 1
        }, {
          "code": {
            "coding": [ {
              "system": "http://terminology.hl7.org/CodeSystem/measure-population",
              "code": "denominator",
              "display": "Denominator"
            } ]
          },
          "count": 1
        }, {
          "code": {
            "coding": [ {
              "system": "http://terminology.hl7.org/CodeSystem/measure-population",
              "code": "denominator-exclusion",
              "display": "Denominator Exclusion"
            } ]
          },
          "count": 0
        }, {
          "code": {
            "coding": [ {
              "system": "http://terminology.hl7.org/CodeSystem/measure-population",
              "code": "numerator",
              "display": "Numerator"
            } ]
          },
          "count": 1
        } ]
      } ],
      "evaluatedResource": [ {
        "reference": "Patient/9ec45425-8895-4967-841e-de6f47bdfddf"
      }, {
        "reference": "Encounter/ba4f9a5f-0ec3-4f5d-ad1b-e9df98fab895"
      }, {
        "reference": "Coverage/af1aae7e-8bbb-447a-ad24-4aabf324d5e8"
      }, {
        "reference": "Procedure/4287d1d1-d760-4424-aae1-a1e8a61e3ce5"
      }, {
        "reference": "MedicationRequest/8f4e3c41-4b6b-44aa-89ba-983e9034aa88"
      }, {
        "reference": "Procedure/47d511e8-54ae-4615-a24c-aa8684c1f56d"
      }, {
        "reference": "Organization/bce1d2d6-0a0d-4b3f-8689-d7f63f41ef69"
      }, {
        "reference": "Practitioner/63b2cd8d-104a-463e-a0d4-95a423827aa6"
      } ]
    },
    "request": {
      "method": "PUT",
      "url": "MeasureReport/ee393ab6-13ef-4d1c-af50-e59e104a4f3f"
    }
  } ]
}