{
  "resourceType": "Bundle",
  "id": "612e6b6e02c62a011f2edb45",
  "type": "transaction",
  "entry": [ {
    "fullUrl": "https://madie.cms.gov/Patient/b8633ee2-e47a-4973-89fd-f0ef3fe65c48",
    "resource": {
      "resourceType": "Patient",
      "id": "b8633ee2-e47a-4973-89fd-f0ef3fe65c48",
      "meta": {
        "profile": [ "http://hl7.org/fhir/us/qicore/StructureDefinition/qicore-patient" ]
      },
      "text": {
        "status": "generated",
        "div": "<div xmlns=\"http://www.w3.org/1999/xhtml\"><div class=\"hapiHeaderText\">LOSEQ2Days <b>IPPPASS </b></div><table class=\"hapiPropertyTable\"><tbody><tr><td>Identifier</td><td>90ba11e4ec2a3fbdbf1282d0ae526a75</td></tr><tr><td>Date of birth</td><td><span>02 January 1974</span></td></tr></tbody></table></div>"
      },
      "extension": [ {
        "url": "http://hl7.org/fhir/us/core/StructureDefinition/us-core-race",
        "extension": [ {
          "url": "ombCategory",
          "valueCoding": {
            "system": "urn:oid:2.16.840.1.113883.6.238",
            "code": "1002-5",
            "display": "American Indian or Alaska Native",
            "userSelected": true
          }
        }, {
          "url": "text",
          "valueString": "American Indian or Alaska Native"
        } ]
      }, {
        "url": "http://hl7.org/fhir/us/core/StructureDefinition/us-core-ethnicity",
        "extension": [ {
          "url": "ombCategory",
          "valueCoding": {
            "system": "urn:oid:2.16.840.1.113883.6.238",
            "code": "2135-2",
            "display": "Hispanic or Latino",
            "userSelected": true
          }
        }, {
          "url": "text",
          "valueString": "Hispanic or Latino"
        } ]
      } ],
      "identifier": [ {
        "type": {
          "coding": [ {
            "system": "http://terminology.hl7.org/CodeSystem/v2-0203",
            "code": "MR"
          } ]
        },
        "system": "https://bonnie-fhir.healthit.gov/",
        "value": "612e6b6e02c62a011f2edb45"
      } ],
      "active": true,
      "name": [ {
        "use": "usual",
        "family": "IPPass",
        "given": [ "LOSEQ2Days" ]
      } ],
      "gender": "male",
      "birthDate": "1974-01-02"
    },
    "request": {
      "method": "PUT",
      "url": "Patient/b8633ee2-e47a-4973-89fd-f0ef3fe65c48"
    }
  }, {
    "fullUrl": "https://madie.cms.gov/Encounter/ea1dc9c3-b31e-4c54-aff6-f45b5c997309",
    "resource": {
      "resourceType": "Encounter",
      "id": "ea1dc9c3-b31e-4c54-aff6-f45b5c997309",
      "meta": {
        "profile": [ "http://hl7.org/fhir/us/qicore/StructureDefinition/qicore-encounter" ]
      },
      "status": "finished",
      "class": {
        "system": "http://terminology.hl7.org/CodeSystem/v3-ActCode",
        "code": "IMP",
        "display": "inpatient encounter"
      },
      "type": [ {
        "coding": [ {
          "system": "http://snomed.info/sct",
          "code": "8715000"
        } ]
      } ],
      "subject": {
        "reference": "Patient/b8633ee2-e47a-4973-89fd-f0ef3fe65c48"
      },
      "period": {
        "start": "2025-11-01T00:00:00+00:00",
        "end": "2025-11-03T23:59:00+00:00"
      },
      "length": {
        "value": 2.0,
        "unit": "days"
      }
    },
    "request": {
      "method": "PUT",
      "url": "Encounter/ea1dc9c3-b31e-4c54-aff6-f45b5c997309"
    }
  }, {
    "fullUrl": "https://madie.cms.gov/Coverage/0bfd9a86-49ce-4454-89bb-f7499f23f1fa",
    "resource": {
      "resourceType": "Coverage",
      "id": "0bfd9a86-49ce-4454-89bb-f7499f23f1fa",
      "meta": {
        "profile": [ "http://hl7.org/fhir/us/qicore/StructureDefinition/qicore-coverage" ]
      },
      "status": "active",
      "type": {
        "coding": [ {
          "system": "https://nahdo.org/sopt",
          "code": "1",
          "display": "MEDICARE"
        } ]
      },
      "beneficiary": {
        "reference": "Patient/b8633ee2-e47a-4973-89fd-f0ef3fe65c48"
      },
      "period": {
        "start": "1974-01-02T08:00:00+00:00"
      },
      "payor": [ {
        "reference": "Organization/3e02318a-34ca-4900-aec2-bcd4c9e63679"
      } ]
    },
    "request": {
      "method": "PUT",
      "url": "Coverage/0bfd9a86-49ce-4454-89bb-f7499f23f1fa"
    }
  }, {
    "fullUrl": "https://madie.cms.gov/Organization/3e02318a-34ca-4900-aec2-bcd4c9e63679",
    "resource": {
      "resourceType": "Organization",
      "id": "3e02318a-34ca-4900-aec2-bcd4c9e63679",
      "meta": {
        "profile": [ "http://hl7.org/fhir/us/qicore/StructureDefinition/qicore-organization" ]
      },
      "identifier": [ {
        "use": "temp",
        "system": "urn:oid:2.16.840.1.113883.4.4",
        "value": "21-3259825"
      } ],
      "active": true,
      "type": [ {
        "coding": [ {
          "system": "http://terminology.hl7.org/CodeSystem/organization-type",
          "code": "pay",
          "display": "Payer"
        } ]
      } ],
      "name": "Blue Cross Blue Shield of Texas",
      "telecom": [ {
        "system": "phone",
        "value": "(+1) 972-766-6900"
      } ],
      "address": [ {
        "use": "billing",
        "type": "postal",
        "line": [ "P.O. Box 660044" ],
        "city": "Dallas",
        "state": "TX",
        "postalCode": "75266-0044",
        "country": "USA"
      } ]
    },
    "request": {
      "method": "PUT",
      "url": "Organization/3e02318a-34ca-4900-aec2-bcd4c9e63679"
    }
  }, {
    "fullUrl": "https://madie.cms.gov/MeasureReport/066f0a65-7d50-44f8-880f-94930243c55c",
    "resource": {
      "resourceType": "MeasureReport",
      "id": "066f0a65-7d50-44f8-880f-94930243c55c",
      "meta": {
        "profile": [ "http://hl7.org/fhir/us/cqfmeasures/StructureDefinition/test-case-cqfm" ]
      },
      "contained": [ {
        "resourceType": "Parameters",
        "id": "9e41ff3d-6621-40d3-8584-5145b589db68-parameters",
        "parameter": [ {
          "name": "subject",
          "valueString": "b8633ee2-e47a-4973-89fd-f0ef3fe65c48"
        } ]
      } ],
      "extension": [ {
        "url": "http://hl7.org/fhir/us/cqfmeasures/StructureDefinition/cqfm-inputParameters",
        "valueReference": {
          "reference": "#9e41ff3d-6621-40d3-8584-5145b589db68-parameters"
        }
      }, {
        "url": "http://hl7.org/fhir/us/cqfmeasures/StructureDefinition/cqfm-testCaseDescription",
        "valueMarkdown": "LOS = 2days\n"
      } ],
      "modifierExtension": [ {
        "url": "http://hl7.org/fhir/us/cqfmeasures/StructureDefinition/cqfm-isTestCase",
        "valueBoolean": true
      } ],
      "status": "complete",
      "type": "individual",
      "measure": "https://madie.cms.gov/Measure/VenousThromboembolismProphylaxisFHIR",
      "period": {
        "start": "2025-01-01",
        "end": "2025-12-31"
      },
      "group": [ {
        "population": [ {
          "code": {
            "coding": [ {
              "system": "http://terminology.hl7.org/CodeSystem/measure-population",
              "code": "initial-population",
              "display": "Initial Population"
            } ]
          },
          "count": 1
        }, {
          "code": {
            "coding": [ {
              "system": "http://terminology.hl7.org/CodeSystem/measure-population",
              "code": "denominator",
              "display": "Denominator"
            } ]
          },
          "count": 1
        }, {
          "code": {
            "coding": [ {
              "system": "http://terminology.hl7.org/CodeSystem/measure-population",
              "code": "denominator-exclusion",
              "display": "Denominator Exclusion"
            } ]
          },
          "count": 0
        }, {
          "code": {
            "coding": [ {
              "system": "http://terminology.hl7.org/CodeSystem/measure-population",
              "code": "numerator",
              "display": "Numerator"
            } ]
          },
          "count": 0
        } ]
      } ],
      "evaluatedResource": [ {
        "reference": "Patient/b8633ee2-e47a-4973-89fd-f0ef3fe65c48"
      }, {
        "reference": "Encounter/ea1dc9c3-b31e-4c54-aff6-f45b5c997309"
      }, {
        "reference": "Coverage/0bfd9a86-49ce-4454-89bb-f7499f23f1fa"
      }, {
        "reference": "Organization/3e02318a-34ca-4900-aec2-bcd4c9e63679"
      } ]
    },
    "request": {
      "method": "PUT",
      "url": "MeasureReport/066f0a65-7d50-44f8-880f-94930243c55c"
    }
  } ]
}