{
  "resourceType": "Bundle",
  "id": "612e6b9302c62a011f2ee63c",
  "type": "transaction",
  "entry": [ {
    "fullUrl": "https://madie.cms.gov/Patient/b214015a-766e-41df-97c3-93fd833a0140",
    "resource": {
      "resourceType": "Patient",
      "id": "b214015a-766e-41df-97c3-93fd833a0140",
      "meta": {
        "profile": [ "http://hl7.org/fhir/us/qicore/StructureDefinition/qicore-patient" ]
      },
      "text": {
        "status": "generated",
        "div": "<div xmlns=\"http://www.w3.org/1999/xhtml\"><div class=\"hapiHeaderText\">PtRef_DO_GCS=1DayAFAnes <b>NUMERPASS </b></div><table class=\"hapiPropertyTable\"><tbody><tr><td>Identifier</td><td>24fc1ce85ce14557dd4d9eba17df9f17</td></tr><tr><td>Date of birth</td><td><span>02 January 1974</span></td></tr></tbody></table></div>"
      },
      "extension": [ {
        "url": "http://hl7.org/fhir/us/core/StructureDefinition/us-core-race",
        "extension": [ {
          "url": "ombCategory",
          "valueCoding": {
            "system": "urn:oid:2.16.840.1.113883.6.238",
            "code": "1002-5",
            "display": "American Indian or Alaska Native",
            "userSelected": true
          }
        }, {
          "url": "text",
          "valueString": "American Indian or Alaska Native"
        } ]
      }, {
        "url": "http://hl7.org/fhir/us/core/StructureDefinition/us-core-ethnicity",
        "extension": [ {
          "url": "ombCategory",
          "valueCoding": {
            "system": "urn:oid:2.16.840.1.113883.6.238",
            "code": "2135-2",
            "display": "Hispanic or Latino",
            "userSelected": true
          }
        }, {
          "url": "text",
          "valueString": "Hispanic or Latino"
        } ]
      } ],
      "identifier": [ {
        "type": {
          "coding": [ {
            "system": "http://terminology.hl7.org/CodeSystem/v2-0203",
            "code": "MR"
          } ]
        },
        "system": "https://bonnie-fhir.healthit.gov/",
        "value": "612e6b9302c62a011f2ee63c"
      } ],
      "active": true,
      "name": [ {
        "use": "usual",
        "family": "NUMERPass",
        "given": [ "PtRef_DO_IPC=1DayAFAnes" ]
      } ],
      "gender": "male",
      "birthDate": "1974-01-02"
    },
    "request": {
      "method": "PUT",
      "url": "Patient/b214015a-766e-41df-97c3-93fd833a0140"
    }
  }, {
    "fullUrl": "https://madie.cms.gov/Encounter/c1774658-5634-4b64-b80d-fbc2e949177e",
    "resource": {
      "resourceType": "Encounter",
      "id": "c1774658-5634-4b64-b80d-fbc2e949177e",
      "meta": {
        "profile": [ "http://hl7.org/fhir/us/qicore/StructureDefinition/qicore-encounter" ]
      },
      "status": "finished",
      "class": {
        "system": "http://terminology.hl7.org/CodeSystem/v3-ActCode",
        "code": "IMP",
        "display": "inpatient encounter"
      },
      "type": [ {
        "coding": [ {
          "system": "http://snomed.info/sct",
          "code": "8715000"
        } ]
      } ],
      "subject": {
        "reference": "Patient/b214015a-766e-41df-97c3-93fd833a0140"
      },
      "period": {
        "start": "2025-11-01T08:00:00+00:00",
        "end": "2025-11-26T08:15:00+00:00"
      },
      "length": {
        "value": 25,
        "unit": "days"
      }
    },
    "request": {
      "method": "PUT",
      "url": "Encounter/c1774658-5634-4b64-b80d-fbc2e949177e"
    }
  }, {
    "fullUrl": "https://madie.cms.gov/Coverage/72bddc12-7f9c-4d09-b472-f076cbe045f4",
    "resource": {
      "resourceType": "Coverage",
      "id": "72bddc12-7f9c-4d09-b472-f076cbe045f4",
      "status": "active",
      "beneficiary": {
        "reference": "Patient/b214015a-766e-41df-97c3-93fd833a0140"
      },
      "period": {
        "start": "1974-01-02T08:00:00+00:00"
      },
      "payor": [ {
        "reference": "Organization/4fc1d6f4-f6d8-42bf-9d9c-6dce667b2274"
      } ]
    },
    "request": {
      "method": "PUT",
      "url": "Coverage/72bddc12-7f9c-4d09-b472-f076cbe045f4"
    }
  }, {
    "fullUrl": "https://madie.cms.gov/Procedure/7c3c7aa7-3db8-4a4c-9567-5988f8ec5848",
    "resource": {
      "resourceType": "Procedure",
      "id": "7c3c7aa7-3db8-4a4c-9567-5988f8ec5848",
      "meta": {
        "profile": [ "http://hl7.org/fhir/us/qicore/StructureDefinition/qicore-procedure" ]
      },
      "extension": [ {
        "url": "http://hl7.org/fhir/us/qicore/StructureDefinition/qicore-recorded",
        "valueDateTime": "2012-11-03T09:35:00-04:00"
      } ],
      "status": "completed",
      "code": {
        "coding": [ {
          "system": "http://www.icd10data.com/icd10pcs",
          "code": "3E030FZ"
        }, {
          "system": "http://snomed.info/sct",
          "code": "18946005"
        } ]
      },
      "subject": {
        "reference": "Patient/b214015a-766e-41df-97c3-93fd833a0140"
      },
      "performedPeriod": {
        "start": "2025-11-02T09:00:00+00:00",
        "end": "2025-11-02T09:15:00+00:00"
      }
    },
    "request": {
      "method": "PUT",
      "url": "Procedure/7c3c7aa7-3db8-4a4c-9567-5988f8ec5848"
    }
  }, {
    "fullUrl": "https://madie.cms.gov/ServiceRequest/0fae72fd-4495-42e6-8acb-e83a37a68d16",
    "resource": {
      "resourceType": "ServiceRequest",
      "id": "0fae72fd-4495-42e6-8acb-e83a37a68d16",
      "meta": {
        "profile": [ "http://hl7.org/fhir/us/qicore/StructureDefinition/qicore-servicenotrequested" ]
      },
      "extension": [ {
        "url": "http://hl7.org/fhir/us/qicore/StructureDefinition/qicore-doNotPerformReason",
        "valueCodeableConcept": {
          "coding": [ {
            "system": "http://snomed.info/sct",
            "code": "443390004",
            "display": "Refusal of treatment by patient (situation)"
          } ]
        }
      } ],
      "status": "completed",
      "intent": "order",
      "doNotPerform": true,
      "code": {
        "coding": [ {
          "system": "http://snomed.info/sct",
          "version": "2025-03",
          "code": "428411000124104",
          "display": "Intermittent pneumatic compression boot (physical object)",
          "userSelected": true
        } ]
      },
      "subject": {
        "reference": "Patient/b214015a-766e-41df-97c3-93fd833a0140"
      },
      "authoredOn": "2025-11-02T11:00:00.000+00:00"
    },
    "request": {
      "method": "PUT",
      "url": "ServiceRequest/0fae72fd-4495-42e6-8acb-e83a37a68d16"
    }
  }, {
    "fullUrl": "https://madie.cms.gov/Organization/4fc1d6f4-f6d8-42bf-9d9c-6dce667b2274",
    "resource": {
      "resourceType": "Organization",
      "id": "4fc1d6f4-f6d8-42bf-9d9c-6dce667b2274",
      "meta": {
        "profile": [ "http://hl7.org/fhir/us/qicore/StructureDefinition/qicore-organization" ]
      },
      "identifier": [ {
        "use": "temp",
        "system": "urn:oid:2.16.840.1.113883.4.4",
        "value": "21-3259825"
      } ],
      "active": true,
      "type": [ {
        "coding": [ {
          "system": "http://terminology.hl7.org/CodeSystem/organization-type",
          "code": "pay",
          "display": "Payer"
        } ]
      } ],
      "name": "Blue Cross Blue Shield of Texas",
      "telecom": [ {
        "system": "phone",
        "value": "(+1) 972-766-6900"
      } ],
      "address": [ {
        "use": "billing",
        "type": "postal",
        "line": [ "P.O. Box 660044" ],
        "city": "Dallas",
        "state": "TX",
        "postalCode": "75266-0044",
        "country": "USA"
      } ]
    },
    "request": {
      "method": "PUT",
      "url": "Organization/4fc1d6f4-f6d8-42bf-9d9c-6dce667b2274"
    }
  }, {
    "fullUrl": "https://madie.cms.gov/Practitioner/395e565e-7ba0-41f8-b4a6-765d4bbf1e9c",
    "resource": {
      "resourceType": "Practitioner",
      "id": "395e565e-7ba0-41f8-b4a6-765d4bbf1e9c",
      "identifier": [ {
        "system": "http://hl7.org/fhir/sid/us-npi",
        "value": "123456"
      } ],
      "name": [ {
        "family": "Evil",
        "prefix": [ "Dr" ]
      } ]
    },
    "request": {
      "method": "PUT",
      "url": "Practitioner/395e565e-7ba0-41f8-b4a6-765d4bbf1e9c"
    }
  }, {
    "fullUrl": "https://madie.cms.gov/MeasureReport/e8a973f1-6f99-45e1-9b1f-6881f845ceab",
    "resource": {
      "resourceType": "MeasureReport",
      "id": "e8a973f1-6f99-45e1-9b1f-6881f845ceab",
      "meta": {
        "profile": [ "http://hl7.org/fhir/us/cqfmeasures/StructureDefinition/test-case-cqfm" ]
      },
      "contained": [ {
        "resourceType": "Parameters",
        "id": "057233af-5887-4681-b7f0-63a283ad2dbf-parameters",
        "parameter": [ {
          "name": "subject",
          "valueString": "b214015a-766e-41df-97c3-93fd833a0140"
        } ]
      } ],
      "extension": [ {
        "url": "http://hl7.org/fhir/us/cqfmeasures/StructureDefinition/cqfm-inputParameters",
        "valueReference": {
          "reference": "#057233af-5887-4681-b7f0-63a283ad2dbf-parameters"
        }
      }, {
        "url": "http://hl7.org/fhir/us/cqfmeasures/StructureDefinition/cqfm-testCaseDescription",
        "valueMarkdown": "patient refused IPC order on 1 day after start of IP encounter and same day with Aneth\n"
      } ],
      "modifierExtension": [ {
        "url": "http://hl7.org/fhir/us/cqfmeasures/StructureDefinition/cqfm-isTestCase",
        "valueBoolean": true
      } ],
      "status": "complete",
      "type": "individual",
      "measure": "https://madie.cms.gov/Measure/VenousThromboembolismProphylaxisFHIR",
      "period": {
        "start": "2025-01-01",
        "end": "2025-12-31"
      },
      "group": [ {
        "population": [ {
          "code": {
            "coding": [ {
              "system": "http://terminology.hl7.org/CodeSystem/measure-population",
              "code": "initial-population",
              "display": "Initial Population"
            } ]
          },
          "count": 1
        }, {
          "code": {
            "coding": [ {
              "system": "http://terminology.hl7.org/CodeSystem/measure-population",
              "code": "denominator",
              "display": "Denominator"
            } ]
          },
          "count": 1
        }, {
          "code": {
            "coding": [ {
              "system": "http://terminology.hl7.org/CodeSystem/measure-population",
              "code": "denominator-exclusion",
              "display": "Denominator Exclusion"
            } ]
          },
          "count": 0
        }, {
          "code": {
            "coding": [ {
              "system": "http://terminology.hl7.org/CodeSystem/measure-population",
              "code": "numerator",
              "display": "Numerator"
            } ]
          },
          "count": 1
        } ]
      } ],
      "evaluatedResource": [ {
        "reference": "Patient/b214015a-766e-41df-97c3-93fd833a0140"
      }, {
        "reference": "Encounter/c1774658-5634-4b64-b80d-fbc2e949177e"
      }, {
        "reference": "Coverage/72bddc12-7f9c-4d09-b472-f076cbe045f4"
      }, {
        "reference": "Procedure/7c3c7aa7-3db8-4a4c-9567-5988f8ec5848"
      }, {
        "reference": "ServiceRequest/0fae72fd-4495-42e6-8acb-e83a37a68d16"
      }, {
        "reference": "Organization/4fc1d6f4-f6d8-42bf-9d9c-6dce667b2274"
      }, {
        "reference": "Practitioner/395e565e-7ba0-41f8-b4a6-765d4bbf1e9c"
      } ]
    },
    "request": {
      "method": "PUT",
      "url": "MeasureReport/e8a973f1-6f99-45e1-9b1f-6881f845ceab"
    }
  } ]
}