{
  "resourceType": "Bundle",
  "id": "612e6b4402c62a011f2ed1e1",
  "type": "transaction",
  "entry": [ {
    "fullUrl": "https://madie.cms.gov/Patient/5d1624e3-9b97-4bfa-b78b-20e9b359dd1a",
    "resource": {
      "resourceType": "Patient",
      "id": "5d1624e3-9b97-4bfa-b78b-20e9b359dd1a",
      "meta": {
        "profile": [ "http://hl7.org/fhir/us/qicore/StructureDefinition/qicore-patient" ]
      },
      "text": {
        "status": "generated",
        "div": "<div xmlns=\"http://www.w3.org/1999/xhtml\"><div class=\"hapiHeaderText\">CMPerfGT1DayAfterIPEnc <b>DENEXFAIL </b></div><table class=\"hapiPropertyTable\"><tbody><tr><td>Identifier</td><td>dcec2fd8df342b0e963fde01bb96af93</td></tr><tr><td>Date of birth</td><td><span>02 January 1974</span></td></tr></tbody></table></div>"
      },
      "extension": [ {
        "url": "http://hl7.org/fhir/us/core/StructureDefinition/us-core-race",
        "extension": [ {
          "url": "ombCategory",
          "valueCoding": {
            "system": "urn:oid:2.16.840.1.113883.6.238",
            "code": "1002-5",
            "display": "American Indian or Alaska Native",
            "userSelected": true
          }
        }, {
          "url": "text",
          "valueString": "American Indian or Alaska Native"
        } ]
      }, {
        "url": "http://hl7.org/fhir/us/core/StructureDefinition/us-core-ethnicity",
        "extension": [ {
          "url": "ombCategory",
          "valueCoding": {
            "system": "urn:oid:2.16.840.1.113883.6.238",
            "code": "2135-2",
            "display": "Hispanic or Latino",
            "userSelected": true
          }
        }, {
          "url": "text",
          "valueString": "Hispanic or Latino"
        } ]
      } ],
      "identifier": [ {
        "type": {
          "coding": [ {
            "system": "http://terminology.hl7.org/CodeSystem/v2-0203",
            "code": "MR"
          } ]
        },
        "system": "https://bonnie-fhir.healthit.gov/",
        "value": "612e6b4402c62a011f2ed1e1"
      } ],
      "active": true,
      "name": [ {
        "use": "usual",
        "family": "DENEXFail",
        "given": [ "CMPerfGT1DayAfterIPEnc" ]
      } ],
      "gender": "male",
      "birthDate": "1974-01-02"
    },
    "request": {
      "method": "PUT",
      "url": "Patient/5d1624e3-9b97-4bfa-b78b-20e9b359dd1a"
    }
  }, {
    "fullUrl": "https://madie.cms.gov/Encounter/f1158c29-adf5-4902-ba61-50dac9f3d801",
    "resource": {
      "resourceType": "Encounter",
      "id": "f1158c29-adf5-4902-ba61-50dac9f3d801",
      "meta": {
        "profile": [ "http://hl7.org/fhir/us/qicore/StructureDefinition/qicore-encounter" ]
      },
      "status": "finished",
      "class": {
        "system": "http://terminology.hl7.org/CodeSystem/v3-ActCode",
        "code": "IMP",
        "display": "inpatient encounter"
      },
      "type": [ {
        "coding": [ {
          "system": "http://snomed.info/sct",
          "code": "8715000"
        } ]
      } ],
      "subject": {
        "reference": "Patient/5d1624e3-9b97-4bfa-b78b-20e9b359dd1a"
      },
      "period": {
        "start": "2025-11-01T08:00:00+00:00",
        "end": "2025-11-26T08:15:00+00:00"
      },
      "length": {
        "value": 25.0,
        "unit": "days"
      }
    },
    "request": {
      "method": "PUT",
      "url": "Encounter/f1158c29-adf5-4902-ba61-50dac9f3d801"
    }
  }, {
    "fullUrl": "https://madie.cms.gov/Procedure/98519c9a-f4f1-42d6-8224-d5dab5691e70",
    "resource": {
      "resourceType": "Procedure",
      "id": "98519c9a-f4f1-42d6-8224-d5dab5691e70",
      "meta": {
        "profile": [ "http://hl7.org/fhir/us/qicore/StructureDefinition/qicore-procedure" ]
      },
      "extension": [ {
        "url": "http://hl7.org/fhir/us/qicore/StructureDefinition/qicore-recorded",
        "valueDateTime": "2012-12-04T09:35:00-04:00"
      } ],
      "status": "completed",
      "code": {
        "coding": [ {
          "system": "http://snomed.info/sct",
          "code": "133918004"
        } ]
      },
      "subject": {
        "reference": "Patient/5d1624e3-9b97-4bfa-b78b-20e9b359dd1a"
      },
      "performedPeriod": {
        "start": "2025-11-05T11:00:00+00:00"
      }
    },
    "request": {
      "method": "PUT",
      "url": "Procedure/98519c9a-f4f1-42d6-8224-d5dab5691e70"
    }
  }, {
    "fullUrl": "https://madie.cms.gov/Coverage/e4b73502-2206-44ea-9752-1378a42b671d",
    "resource": {
      "resourceType": "Coverage",
      "id": "e4b73502-2206-44ea-9752-1378a42b671d",
      "status": "active",
      "beneficiary": {
        "reference": "Patient/5d1624e3-9b97-4bfa-b78b-20e9b359dd1a"
      },
      "period": {
        "start": "1974-01-02T08:00:00+00:00"
      },
      "payor": [ {
        "reference": "Organization/76274b08-9b60-46e2-9801-ad825bb171de"
      } ]
    },
    "request": {
      "method": "PUT",
      "url": "Coverage/e4b73502-2206-44ea-9752-1378a42b671d"
    }
  }, {
    "fullUrl": "https://madie.cms.gov/Procedure/b169cedd-c486-4e64-abcf-f31f42f5435c",
    "resource": {
      "resourceType": "Procedure",
      "id": "b169cedd-c486-4e64-abcf-f31f42f5435c",
      "meta": {
        "profile": [ "http://hl7.org/fhir/us/qicore/StructureDefinition/qicore-procedure" ]
      },
      "extension": [ {
        "url": "http://hl7.org/fhir/us/qicore/StructureDefinition/qicore-recorded",
        "valueDateTime": "2012-12-04T09:35:00-04:00"
      } ],
      "status": "completed",
      "code": {
        "coding": [ {
          "system": "http://www.icd10data.com/icd10pcs",
          "code": "3E030FZ"
        }, {
          "system": "http://snomed.info/sct",
          "code": "18946005"
        } ]
      },
      "subject": {
        "reference": "Patient/5d1624e3-9b97-4bfa-b78b-20e9b359dd1a"
      },
      "performedPeriod": {
        "start": "2025-11-01T09:00:00+00:00",
        "end": "2025-12-02T09:15:00+00:00"
      }
    },
    "request": {
      "method": "PUT",
      "url": "Procedure/b169cedd-c486-4e64-abcf-f31f42f5435c"
    }
  }, {
    "fullUrl": "https://madie.cms.gov/Organization/76274b08-9b60-46e2-9801-ad825bb171de",
    "resource": {
      "resourceType": "Organization",
      "id": "76274b08-9b60-46e2-9801-ad825bb171de",
      "meta": {
        "profile": [ "http://hl7.org/fhir/us/qicore/StructureDefinition/qicore-organization" ]
      },
      "identifier": [ {
        "use": "temp",
        "system": "urn:oid:2.16.840.1.113883.4.4",
        "value": "21-3259825"
      } ],
      "active": true,
      "type": [ {
        "coding": [ {
          "system": "http://terminology.hl7.org/CodeSystem/organization-type",
          "code": "pay",
          "display": "Payer"
        } ]
      } ],
      "name": "Blue Cross Blue Shield of Texas",
      "telecom": [ {
        "system": "phone",
        "value": "(+1) 972-766-6900"
      } ],
      "address": [ {
        "use": "billing",
        "type": "postal",
        "line": [ "P.O. Box 660044" ],
        "city": "Dallas",
        "state": "TX",
        "postalCode": "75266-0044",
        "country": "USA"
      } ]
    },
    "request": {
      "method": "PUT",
      "url": "Organization/76274b08-9b60-46e2-9801-ad825bb171de"
    }
  }, {
    "fullUrl": "https://madie.cms.gov/Practitioner/be9ea545-bba2-4fc6-a53a-43cb0203f50b",
    "resource": {
      "resourceType": "Practitioner",
      "id": "be9ea545-bba2-4fc6-a53a-43cb0203f50b",
      "identifier": [ {
        "system": "http://hl7.org/fhir/sid/us-npi",
        "value": "123456"
      } ],
      "name": [ {
        "family": "Evil",
        "prefix": [ "Dr" ]
      } ]
    },
    "request": {
      "method": "PUT",
      "url": "Practitioner/be9ea545-bba2-4fc6-a53a-43cb0203f50b"
    }
  }, {
    "fullUrl": "https://madie.cms.gov/MeasureReport/2f6b6a5e-9e02-4632-8e78-517cd54016b1",
    "resource": {
      "resourceType": "MeasureReport",
      "id": "2f6b6a5e-9e02-4632-8e78-517cd54016b1",
      "meta": {
        "profile": [ "http://hl7.org/fhir/us/cqfmeasures/StructureDefinition/test-case-cqfm" ]
      },
      "contained": [ {
        "resourceType": "Parameters",
        "id": "43394080-e81a-4e9b-9b0c-4ab711148758-parameters",
        "parameter": [ {
          "name": "subject",
          "valueString": "5d1624e3-9b97-4bfa-b78b-20e9b359dd1a"
        } ]
      } ],
      "extension": [ {
        "url": "http://hl7.org/fhir/us/cqfmeasures/StructureDefinition/cqfm-inputParameters",
        "valueReference": {
          "reference": "#43394080-e81a-4e9b-9b0c-4ab711148758-parameters"
        }
      }, {
        "url": "http://hl7.org/fhir/us/cqfmeasures/StructureDefinition/cqfm-testCaseDescription",
        "valueMarkdown": "comfort measures > 1 day after IP encounter starts\n"
      } ],
      "modifierExtension": [ {
        "url": "http://hl7.org/fhir/us/cqfmeasures/StructureDefinition/cqfm-isTestCase",
        "valueBoolean": true
      } ],
      "status": "complete",
      "type": "individual",
      "measure": "https://madie.cms.gov/Measure/VenousThromboembolismProphylaxisFHIR",
      "period": {
        "start": "2025-01-01",
        "end": "2025-12-31"
      },
      "group": [ {
        "population": [ {
          "code": {
            "coding": [ {
              "system": "http://terminology.hl7.org/CodeSystem/measure-population",
              "code": "initial-population",
              "display": "Initial Population"
            } ]
          },
          "count": 1
        }, {
          "code": {
            "coding": [ {
              "system": "http://terminology.hl7.org/CodeSystem/measure-population",
              "code": "denominator",
              "display": "Denominator"
            } ]
          },
          "count": 1
        }, {
          "code": {
            "coding": [ {
              "system": "http://terminology.hl7.org/CodeSystem/measure-population",
              "code": "denominator-exclusion",
              "display": "Denominator Exclusion"
            } ]
          },
          "count": 0
        }, {
          "code": {
            "coding": [ {
              "system": "http://terminology.hl7.org/CodeSystem/measure-population",
              "code": "numerator",
              "display": "Numerator"
            } ]
          },
          "count": 0
        } ]
      } ],
      "evaluatedResource": [ {
        "reference": "Patient/5d1624e3-9b97-4bfa-b78b-20e9b359dd1a"
      }, {
        "reference": "Encounter/f1158c29-adf5-4902-ba61-50dac9f3d801"
      }, {
        "reference": "Procedure/98519c9a-f4f1-42d6-8224-d5dab5691e70"
      }, {
        "reference": "Coverage/e4b73502-2206-44ea-9752-1378a42b671d"
      }, {
        "reference": "Procedure/b169cedd-c486-4e64-abcf-f31f42f5435c"
      }, {
        "reference": "Organization/76274b08-9b60-46e2-9801-ad825bb171de"
      }, {
        "reference": "Practitioner/be9ea545-bba2-4fc6-a53a-43cb0203f50b"
      } ]
    },
    "request": {
      "method": "PUT",
      "url": "MeasureReport/2f6b6a5e-9e02-4632-8e78-517cd54016b1"
    }
  } ]
}