{
  "resourceType": "Bundle",
  "id": "62bb3859e8081f5ef5e199f5",
  "type": "transaction",
  "entry": [ {
    "fullUrl": "https://madie.cms.gov/Patient/980aacce-6052-485f-add6-59bc79c352da",
    "resource": {
      "resourceType": "Patient",
      "id": "980aacce-6052-485f-add6-59bc79c352da",
      "meta": {
        "profile": [ "http://hl7.org/fhir/us/qicore/StructureDefinition/qicore-patient" ]
      },
      "extension": [ {
        "url": "http://hl7.org/fhir/us/core/StructureDefinition/us-core-race",
        "extension": [ {
          "url": "ombCategory",
          "valueCoding": {
            "system": "urn:oid:2.16.840.1.113883.6.238",
            "code": "1002-5",
            "display": "American Indian or Alaska Native",
            "userSelected": true
          }
        }, {
          "url": "text",
          "valueString": "American Indian or Alaska Native"
        } ]
      }, {
        "url": "http://hl7.org/fhir/us/core/StructureDefinition/us-core-ethnicity",
        "extension": [ {
          "url": "ombCategory",
          "valueCoding": {
            "system": "urn:oid:2.16.840.1.113883.6.238",
            "code": "2135-2",
            "display": "Hispanic or Latino",
            "userSelected": true
          }
        }, {
          "url": "text",
          "valueString": "Hispanic or Latino"
        } ]
      } ],
      "identifier": [ {
        "type": {
          "coding": [ {
            "system": "http://terminology.hl7.org/CodeSystem/v2-0203",
            "code": "MR"
          } ]
        },
        "system": "https://bonnie-fhir.healthit.gov/",
        "value": "62bb3859e8081f5ef5e199f5"
      } ],
      "name": [ {
        "family": "IPPFail",
        "given": [ "EncounterBeforeMP" ]
      } ],
      "gender": "male",
      "birthDate": "1961-07-19"
    },
    "request": {
      "method": "PUT",
      "url": "Patient/980aacce-6052-485f-add6-59bc79c352da"
    }
  }, {
    "fullUrl": "https://madie.cms.gov/Encounter/dbee20e3-1101-4cdf-84e3-f1980cfb3636",
    "resource": {
      "resourceType": "Encounter",
      "id": "dbee20e3-1101-4cdf-84e3-f1980cfb3636",
      "meta": {
        "profile": [ "http://hl7.org/fhir/us/qicore/StructureDefinition/qicore-encounter" ]
      },
      "status": "finished",
      "class": {
        "system": "http://terminology.hl7.org/CodeSystem/v3-ActCode",
        "code": "AMB",
        "display": "ambulatory"
      },
      "type": [ {
        "coding": [ {
          "system": "http://snomed.info/sct",
          "version": "http://snomed.info/sct/731000124108/version/20240401",
          "code": "185463005",
          "display": "Visit out of hours (procedure)",
          "userSelected": true
        } ]
      } ],
      "subject": {
        "reference": "Patient/980aacce-6052-485f-add6-59bc79c352da"
      },
      "period": {
        "start": "2024-11-29T08:00:00.000+00:00",
        "end": "2024-11-29T08:15:00.000+00:00"
      }
    },
    "request": {
      "method": "PUT",
      "url": "Encounter/dbee20e3-1101-4cdf-84e3-f1980cfb3636"
    }
  }, {
    "fullUrl": "https://madie.cms.gov/Condition/6f4a1864-9610-4faf-a7cb-60f259154a69",
    "resource": {
      "resourceType": "Condition",
      "id": "6f4a1864-9610-4faf-a7cb-60f259154a69",
      "meta": {
        "profile": [ "http://hl7.org/fhir/us/qicore/StructureDefinition/qicore-condition-problems-health-concerns" ]
      },
      "clinicalStatus": {
        "coding": [ {
          "system": "http://terminology.hl7.org/CodeSystem/condition-clinical",
          "code": "active",
          "display": "Active",
          "userSelected": true
        } ]
      },
      "verificationStatus": {
        "coding": [ {
          "system": "http://terminology.hl7.org/CodeSystem/condition-ver-status",
          "code": "confirmed",
          "display": "Confirmed",
          "userSelected": true
        } ]
      },
      "category": [ {
        "coding": [ {
          "system": "http://terminology.hl7.org/CodeSystem/condition-category",
          "code": "problem-list-item",
          "display": "Problem List Item"
        } ]
      } ],
      "code": {
        "coding": [ {
          "system": "http://snomed.info/sct",
          "version": "http://snomed.info/sct/731000124108/version/20240401",
          "code": "254900004",
          "display": "Carcinoma of prostate (disorder)",
          "userSelected": true
        } ]
      },
      "subject": {
        "reference": "Patient/980aacce-6052-485f-add6-59bc79c352da"
      },
      "onsetPeriod": {
        "start": "2025-01-03T08:00:00.000+00:00"
      }
    },
    "request": {
      "method": "PUT",
      "url": "Condition/6f4a1864-9610-4faf-a7cb-60f259154a69"
    }
  }, {
    "fullUrl": "https://madie.cms.gov/MedicationRequest/ffba507f-c148-4696-844e-305155ea7fe2",
    "resource": {
      "resourceType": "MedicationRequest",
      "id": "ffba507f-c148-4696-844e-305155ea7fe2",
      "meta": {
        "profile": [ "http://hl7.org/fhir/us/qicore/StructureDefinition/qicore-medicationrequest" ]
      },
      "status": "active",
      "intent": "order",
      "medicationCodeableConcept": {
        "coding": [ {
          "system": "http://www.nlm.nih.gov/research/umls/rxnorm",
          "version": "2025-01",
          "code": "752886",
          "display": "0.375 ML leuprolide acetate 120 MG/ML Prefilled Syringe",
          "userSelected": true
        } ]
      },
      "subject": {
        "reference": "Patient/980aacce-6052-485f-add6-59bc79c352da"
      },
      "authoredOn": "2025-01-03T08:00:00.000+00:00",
      "requester": {
        "reference": "http://myGoodHealthcare.com/fhir/Practitioner/646346"
      },
      "dosageInstruction": [ {
        "timing": {
          "repeat": {
            "boundsPeriod": {
              "start": "2025-01-03T08:00:00.000+00:00"
            }
          }
        }
      } ]
    },
    "request": {
      "method": "PUT",
      "url": "MedicationRequest/ffba507f-c148-4696-844e-305155ea7fe2"
    }
  }, {
    "fullUrl": "https://madie.cms.gov/ServiceRequest/99cacb66-7a72-4a0d-be4d-d76d9c644883",
    "resource": {
      "resourceType": "ServiceRequest",
      "id": "99cacb66-7a72-4a0d-be4d-d76d9c644883",
      "meta": {
        "profile": [ "http://hl7.org/fhir/us/qicore/StructureDefinition/qicore-servicerequest" ]
      },
      "status": "active",
      "intent": "order",
      "code": {
        "coding": [ {
          "system": "http://snomed.info/sct",
          "code": "456381000124102",
          "display": "Injection of leuprolide acetate for twelve month period (regime/therapy)",
          "userSelected": true
        } ]
      },
      "subject": {
        "reference": "Patient/980aacce-6052-485f-add6-59bc79c352da"
      },
      "authoredOn": "2025-01-03T08:00:00.000+00:00"
    },
    "request": {
      "method": "PUT",
      "url": "ServiceRequest/99cacb66-7a72-4a0d-be4d-d76d9c644883"
    }
  }, {
    "fullUrl": "https://madie.cms.gov/MeasureReport/8f5fdfbe-a69b-4211-8f5a-56e7b794e5b7",
    "resource": {
      "resourceType": "MeasureReport",
      "id": "8f5fdfbe-a69b-4211-8f5a-56e7b794e5b7",
      "meta": {
        "profile": [ "http://hl7.org/fhir/us/cqfmeasures/StructureDefinition/test-case-cqfm" ]
      },
      "contained": [ {
        "resourceType": "Parameters",
        "id": "0513394e-04a3-4e6a-b74e-ed0007f9f83e-parameters",
        "parameter": [ {
          "name": "subject",
          "valueString": "980aacce-6052-485f-add6-59bc79c352da"
        } ]
      } ],
      "extension": [ {
        "url": "http://hl7.org/fhir/us/cqfmeasures/StructureDefinition/cqfm-inputParameters",
        "valueReference": {
          "reference": "#0513394e-04a3-4e6a-b74e-ed0007f9f83e-parameters"
        }
      }, {
        "url": "http://hl7.org/fhir/us/cqfmeasures/StructureDefinition/cqfm-testCaseDescription",
        "valueMarkdown": "Dx of Prostate Cancer and ADT in measurement period. \n Qualifying encounter before MP.  Fails IPP Criteria"
      } ],
      "modifierExtension": [ {
        "url": "http://hl7.org/fhir/us/cqfmeasures/StructureDefinition/cqfm-isTestCase",
        "valueBoolean": true
      } ],
      "status": "complete",
      "type": "individual",
      "measure": "https://madie.cms.gov/Measure/BoneDensityProstateCancerAndrogenDeprivationTherapyFHIR6",
      "period": {
        "start": "2025-01-01",
        "end": "2025-12-31"
      },
      "group": [ {
        "id": "67b61060a0d801640767a597",
        "population": [ {
          "id": "E8F25116-1779-4BA6-B606-34F12AE4F5BA",
          "code": {
            "coding": [ {
              "system": "http://terminology.hl7.org/CodeSystem/measure-population",
              "code": "initial-population",
              "display": "Initial Population"
            } ]
          },
          "count": 0
        }, {
          "id": "1C145A56-9250-4444-A497-86C44F55CFDB",
          "code": {
            "coding": [ {
              "system": "http://terminology.hl7.org/CodeSystem/measure-population",
              "code": "denominator",
              "display": "Denominator"
            } ]
          },
          "count": 0
        }, {
          "id": "B1E0E3D2-D44E-4BFF-92F8-077CF1AE234F",
          "code": {
            "coding": [ {
              "system": "http://terminology.hl7.org/CodeSystem/measure-population",
              "code": "numerator",
              "display": "Numerator"
            } ]
          },
          "count": 0
        }, {
          "id": "A9552F46-139C-4270-835C-224132205362",
          "code": {
            "coding": [ {
              "system": "http://terminology.hl7.org/CodeSystem/measure-population",
              "code": "denominator-exception",
              "display": "Denominator Exception"
            } ]
          },
          "count": 0
        } ],
        "measureScore": {
          "value": 1.0
        }
      } ],
      "evaluatedResource": [ {
        "reference": "Patient/980aacce-6052-485f-add6-59bc79c352da"
      }, {
        "reference": "Encounter/dbee20e3-1101-4cdf-84e3-f1980cfb3636"
      }, {
        "reference": "Condition/6f4a1864-9610-4faf-a7cb-60f259154a69"
      }, {
        "reference": "MedicationRequest/ffba507f-c148-4696-844e-305155ea7fe2"
      }, {
        "reference": "ServiceRequest/99cacb66-7a72-4a0d-be4d-d76d9c644883"
      } ]
    },
    "request": {
      "method": "PUT",
      "url": "MeasureReport/8f5fdfbe-a69b-4211-8f5a-56e7b794e5b7"
    }
  } ]
}