{
  "resourceType": "Bundle",
  "id": "612e6a4f02c62a011f2e9958",
  "type": "transaction",
  "entry": [ {
    "fullUrl": "https://madie.cms.gov/Patient/cc3b6abf-0c65-43d9-bdaa-e01fdc727c56",
    "resource": {
      "resourceType": "Patient",
      "id": "cc3b6abf-0c65-43d9-bdaa-e01fdc727c56",
      "meta": {
        "profile": [ "http://hl7.org/fhir/us/qicore/StructureDefinition/qicore-patient" ]
      },
      "text": {
        "status": "generated",
        "div": "<div xmlns=\"http://www.w3.org/1999/xhtml\"><div class=\"hapiHeaderText\">EncB4MP <b>IPPFAIL </b></div><table class=\"hapiPropertyTable\"><tbody><tr><td>Identifier</td><td>2d99ac3a4fb95c3e67df4d790ccc8402</td></tr><tr><td>Date of birth</td><td><span>01 January 2009</span></td></tr></tbody></table></div>"
      },
      "extension": [ {
        "url": "http://hl7.org/fhir/us/core/StructureDefinition/us-core-race",
        "extension": [ {
          "url": "ombCategory",
          "valueCoding": {
            "system": "urn:oid:2.16.840.1.113883.6.238",
            "code": "1002-5",
            "display": "American Indian or Alaska Native",
            "userSelected": true
          }
        }, {
          "url": "text",
          "valueString": "American Indian or Alaska Native"
        } ]
      }, {
        "url": "http://hl7.org/fhir/us/core/StructureDefinition/us-core-ethnicity",
        "extension": [ {
          "url": "ombCategory",
          "valueCoding": {
            "system": "urn:oid:2.16.840.1.113883.6.238",
            "code": "2135-2",
            "display": "Hispanic or Latino",
            "userSelected": true
          }
        }, {
          "url": "text",
          "valueString": "Hispanic or Latino"
        } ]
      } ],
      "identifier": [ {
        "type": {
          "coding": [ {
            "system": "http://terminology.hl7.org/CodeSystem/v2-0203",
            "code": "MR"
          } ]
        },
        "system": "https://bonnie-fhir.healthit.gov/",
        "value": "612e6a4f02c62a011f2e9958"
      } ],
      "active": true,
      "name": [ {
        "use": "usual",
        "family": "IPPFail",
        "given": [ "EncB4MP" ]
      } ],
      "gender": "male",
      "birthDate": "2009-01-01"
    },
    "request": {
      "method": "PUT",
      "url": "Patient/cc3b6abf-0c65-43d9-bdaa-e01fdc727c56"
    }
  }, {
    "fullUrl": "https://madie.cms.gov/Encounter/5152edcb-f608-4e9b-9587-8da05caf8d35",
    "resource": {
      "resourceType": "Encounter",
      "id": "5152edcb-f608-4e9b-9587-8da05caf8d35",
      "meta": {
        "profile": [ "http://hl7.org/fhir/us/qicore/StructureDefinition/qicore-encounter" ]
      },
      "status": "finished",
      "class": {
        "system": "http://terminology.hl7.org/CodeSystem/v3-ActCode",
        "code": "IMP",
        "display": "inpatient encounter"
      },
      "type": [ {
        "coding": [ {
          "system": "http://snomed.info/sct",
          "code": "8715000"
        } ]
      } ],
      "subject": {
        "reference": "Patient/cc3b6abf-0c65-43d9-bdaa-e01fdc727c56"
      },
      "period": {
        "start": "2025-11-01T08:00:00.000+00:00",
        "end": "2025-11-26T08:15:00.000+00:00"
      },
      "length": {
        "value": 329.0,
        "unit": "days"
      }
    },
    "request": {
      "method": "PUT",
      "url": "Encounter/5152edcb-f608-4e9b-9587-8da05caf8d35"
    }
  }, {
    "fullUrl": "https://madie.cms.gov/Coverage/b88509c3-0e7d-4040-b853-51c7a959689f",
    "resource": {
      "resourceType": "Coverage",
      "id": "b88509c3-0e7d-4040-b853-51c7a959689f",
      "status": "active",
      "beneficiary": {
        "reference": "Patient/cc3b6abf-0c65-43d9-bdaa-e01fdc727c56"
      },
      "period": {
        "start": "2009-01-01T08:00:00+00:00"
      },
      "payor": [ {
        "reference": "Organization/e8691ffb-1c8c-4d3e-96bf-677819508070"
      } ]
    },
    "request": {
      "method": "PUT",
      "url": "Coverage/b88509c3-0e7d-4040-b853-51c7a959689f"
    }
  }, {
    "fullUrl": "https://madie.cms.gov/MedicationAdministration/165f6e7f-7e33-4f17-bc16-dd71501a6ba8",
    "resource": {
      "resourceType": "MedicationAdministration",
      "id": "165f6e7f-7e33-4f17-bc16-dd71501a6ba8",
      "status": "completed",
      "medicationCodeableConcept": {
        "coding": [ {
          "system": "http://www.nlm.nih.gov/research/umls/rxnorm",
          "code": "854228"
        } ]
      },
      "subject": {
        "reference": "Patient/cc3b6abf-0c65-43d9-bdaa-e01fdc727c56"
      },
      "effectivePeriod": {
        "start": "2020-11-01T08:10:00+00:00",
        "end": "2020-12-26T08:15:00+00:00"
      }
    },
    "request": {
      "method": "PUT",
      "url": "MedicationAdministration/165f6e7f-7e33-4f17-bc16-dd71501a6ba8"
    }
  }, {
    "fullUrl": "https://madie.cms.gov/Organization/e8691ffb-1c8c-4d3e-96bf-677819508070",
    "resource": {
      "resourceType": "Organization",
      "id": "e8691ffb-1c8c-4d3e-96bf-677819508070",
      "meta": {
        "profile": [ "http://hl7.org/fhir/us/qicore/StructureDefinition/qicore-organization" ]
      },
      "identifier": [ {
        "use": "temp",
        "system": "urn:oid:2.16.840.1.113883.4.4",
        "value": "21-3259825"
      } ],
      "active": true,
      "type": [ {
        "coding": [ {
          "system": "http://terminology.hl7.org/CodeSystem/organization-type",
          "code": "pay",
          "display": "Payer"
        } ]
      } ],
      "name": "Blue Cross Blue Shield of Texas",
      "telecom": [ {
        "system": "phone",
        "value": "(+1) 972-766-6900"
      } ],
      "address": [ {
        "use": "billing",
        "type": "postal",
        "line": [ "P.O. Box 660044" ],
        "city": "Dallas",
        "state": "TX",
        "postalCode": "75266-0044",
        "country": "USA"
      } ]
    },
    "request": {
      "method": "PUT",
      "url": "Organization/e8691ffb-1c8c-4d3e-96bf-677819508070"
    }
  }, {
    "fullUrl": "https://madie.cms.gov/Practitioner/42d50ea7-36e9-4493-b3fe-fb396092e18c",
    "resource": {
      "resourceType": "Practitioner",
      "id": "42d50ea7-36e9-4493-b3fe-fb396092e18c",
      "identifier": [ {
        "system": "http://hl7.org/fhir/sid/us-npi",
        "value": "123456"
      } ],
      "name": [ {
        "family": "Evil",
        "prefix": [ "Dr" ]
      } ]
    },
    "request": {
      "method": "PUT",
      "url": "Practitioner/42d50ea7-36e9-4493-b3fe-fb396092e18c"
    }
  }, {
    "fullUrl": "https://madie.cms.gov/MeasureReport/04a3a532-4be1-4042-994b-50bd66232d87",
    "resource": {
      "resourceType": "MeasureReport",
      "id": "04a3a532-4be1-4042-994b-50bd66232d87",
      "meta": {
        "profile": [ "http://hl7.org/fhir/us/cqfmeasures/StructureDefinition/test-case-cqfm" ]
      },
      "contained": [ {
        "resourceType": "Parameters",
        "id": "1a212af1-4423-4ad1-bbae-d130ca00ed9d-parameters",
        "parameter": [ {
          "name": "subject",
          "valueString": "cc3b6abf-0c65-43d9-bdaa-e01fdc727c56"
        } ]
      } ],
      "extension": [ {
        "url": "http://hl7.org/fhir/us/cqfmeasures/StructureDefinition/cqfm-inputParameters",
        "valueReference": {
          "reference": "#1a212af1-4423-4ad1-bbae-d130ca00ed9d-parameters"
        }
      }, {
        "url": "http://hl7.org/fhir/us/cqfmeasures/StructureDefinition/cqfm-testCaseDescription",
        "valueMarkdown": "Age < 18 and encounter before MP\n"
      } ],
      "modifierExtension": [ {
        "url": "http://hl7.org/fhir/us/cqfmeasures/StructureDefinition/cqfm-isTestCase",
        "valueBoolean": true
      } ],
      "status": "complete",
      "type": "individual",
      "measure": "https://madie.cms.gov/Measure/VenousThromboembolismProphylaxisFHIR",
      "period": {
        "start": "2025-01-01",
        "end": "2025-12-31"
      },
      "group": [ {
        "population": [ {
          "code": {
            "coding": [ {
              "system": "http://terminology.hl7.org/CodeSystem/measure-population",
              "code": "initial-population",
              "display": "Initial Population"
            } ]
          },
          "count": 0
        }, {
          "code": {
            "coding": [ {
              "system": "http://terminology.hl7.org/CodeSystem/measure-population",
              "code": "denominator",
              "display": "Denominator"
            } ]
          },
          "count": 0
        }, {
          "code": {
            "coding": [ {
              "system": "http://terminology.hl7.org/CodeSystem/measure-population",
              "code": "denominator-exclusion",
              "display": "Denominator Exclusion"
            } ]
          },
          "count": 0
        }, {
          "code": {
            "coding": [ {
              "system": "http://terminology.hl7.org/CodeSystem/measure-population",
              "code": "numerator",
              "display": "Numerator"
            } ]
          },
          "count": 0
        } ]
      } ],
      "evaluatedResource": [ {
        "reference": "Patient/cc3b6abf-0c65-43d9-bdaa-e01fdc727c56"
      }, {
        "reference": "Encounter/5152edcb-f608-4e9b-9587-8da05caf8d35"
      }, {
        "reference": "Coverage/b88509c3-0e7d-4040-b853-51c7a959689f"
      }, {
        "reference": "MedicationAdministration/165f6e7f-7e33-4f17-bc16-dd71501a6ba8"
      }, {
        "reference": "Organization/e8691ffb-1c8c-4d3e-96bf-677819508070"
      }, {
        "reference": "Practitioner/42d50ea7-36e9-4493-b3fe-fb396092e18c"
      } ]
    },
    "request": {
      "method": "PUT",
      "url": "MeasureReport/04a3a532-4be1-4042-994b-50bd66232d87"
    }
  } ]
}