{
  "resourceType": "Bundle",
  "id": "612e6af202c62a011f2ebdd1",
  "type": "transaction",
  "entry": [ {
    "fullUrl": "https://madie.cms.gov/Patient/e3558875-6099-40ad-9e2a-328fb96301ab",
    "resource": {
      "resourceType": "Patient",
      "id": "e3558875-6099-40ad-9e2a-328fb96301ab",
      "meta": {
        "profile": [ "http://hl7.org/fhir/us/qicore/StructureDefinition/qicore-patient" ]
      },
      "text": {
        "status": "generated",
        "div": "<div xmlns=\"http://www.w3.org/1999/xhtml\"><div class=\"hapiHeaderText\">MAOralXaDayAFEncStartHipSurgDrgEnc <b>NUMERPASS </b></div><table class=\"hapiPropertyTable\"><tbody><tr><td>Date of birth</td><td><span>02 January 1974</span></td></tr></tbody></table></div>"
      },
      "extension": [ {
        "url": "http://hl7.org/fhir/us/core/StructureDefinition/us-core-race",
        "extension": [ {
          "url": "ombCategory",
          "valueCoding": {
            "system": "urn:oid:2.16.840.1.113883.6.238",
            "code": "1002-5",
            "display": "American Indian or Alaska Native",
            "userSelected": true
          }
        }, {
          "url": "text",
          "valueString": "American Indian or Alaska Native"
        } ]
      }, {
        "url": "http://hl7.org/fhir/us/core/StructureDefinition/us-core-ethnicity",
        "extension": [ {
          "url": "ombCategory",
          "valueCoding": {
            "system": "urn:oid:2.16.840.1.113883.6.238",
            "code": "2135-2",
            "display": "Hispanic or Latino",
            "userSelected": true
          }
        }, {
          "url": "text",
          "valueString": "Hispanic or Latino"
        } ]
      } ],
      "identifier": [ {
        "type": {
          "coding": [ {
            "system": "http://terminology.hl7.org/CodeSystem/v2-0203",
            "code": "MR"
          } ]
        },
        "system": "https://bonnie-fhir.healthit.gov/",
        "value": "612e6af202c62a011f2ebdd1"
      } ],
      "active": true,
      "name": [ {
        "use": "usual",
        "family": "NUMERPass",
        "given": [ "MAOralXaDayAFEncStartHipSurgDrgEnc" ]
      } ],
      "gender": "female",
      "birthDate": "1974-01-02"
    },
    "request": {
      "method": "PUT",
      "url": "Patient/e3558875-6099-40ad-9e2a-328fb96301ab"
    }
  }, {
    "fullUrl": "https://madie.cms.gov/Encounter/bc7e717f-fc20-479e-a943-bcfc3a654e9d",
    "resource": {
      "resourceType": "Encounter",
      "id": "bc7e717f-fc20-479e-a943-bcfc3a654e9d",
      "meta": {
        "profile": [ "http://hl7.org/fhir/us/qicore/StructureDefinition/qicore-encounter" ]
      },
      "status": "finished",
      "class": {
        "system": "http://terminology.hl7.org/CodeSystem/v3-ActCode",
        "code": "IMP",
        "display": "inpatient encounter"
      },
      "type": [ {
        "coding": [ {
          "system": "http://snomed.info/sct",
          "code": "183452005"
        } ]
      } ],
      "subject": {
        "reference": "Patient/e3558875-6099-40ad-9e2a-328fb96301ab"
      },
      "period": {
        "start": "2025-11-01T08:00:00+00:00",
        "end": "2025-11-26T08:15:00+00:00"
      },
      "length": {
        "value": 25.0,
        "unit": "day"
      }
    },
    "request": {
      "method": "PUT",
      "url": "Encounter/bc7e717f-fc20-479e-a943-bcfc3a654e9d"
    }
  }, {
    "fullUrl": "https://madie.cms.gov/Coverage/ca802ce2-5d38-4896-9e72-9b594da99f35",
    "resource": {
      "resourceType": "Coverage",
      "id": "ca802ce2-5d38-4896-9e72-9b594da99f35",
      "status": "active",
      "beneficiary": {
        "reference": "Patient/e3558875-6099-40ad-9e2a-328fb96301ab"
      },
      "period": {
        "start": "1974-01-02T08:00:00+00:00"
      },
      "payor": [ {
        "reference": "Organization/2885ac42-4044-4f48-96ac-992331742464"
      } ]
    },
    "request": {
      "method": "PUT",
      "url": "Coverage/ca802ce2-5d38-4896-9e72-9b594da99f35"
    }
  }, {
    "fullUrl": "https://madie.cms.gov/MedicationAdministration/690270d4-5929-4733-91a0-a1ed0ad70451",
    "resource": {
      "resourceType": "MedicationAdministration",
      "id": "690270d4-5929-4733-91a0-a1ed0ad70451",
      "meta": {
        "profile": [ "http://hl7.org/fhir/us/qicore/StructureDefinition/qicore-medicationadministration" ]
      },
      "status": "completed",
      "medicationCodeableConcept": {
        "coding": [ {
          "system": "http://www.nlm.nih.gov/research/umls/rxnorm",
          "code": "1992427"
        } ]
      },
      "subject": {
        "reference": "Patient/e3558875-6099-40ad-9e2a-328fb96301ab"
      },
      "effectivePeriod": {
        "start": "2025-11-02T23:59:00+00:00",
        "end": "2025-11-02T23:59:00+00:00"
      }
    },
    "request": {
      "method": "PUT",
      "url": "MedicationAdministration/690270d4-5929-4733-91a0-a1ed0ad70451"
    }
  }, {
    "fullUrl": "https://madie.cms.gov/Procedure/01142278-e063-4e68-bdfe-97ae01abfb59",
    "resource": {
      "resourceType": "Procedure",
      "id": "01142278-e063-4e68-bdfe-97ae01abfb59",
      "meta": {
        "profile": [ "http://hl7.org/fhir/us/qicore/StructureDefinition/qicore-procedure" ]
      },
      "extension": [ {
        "url": "http://hl7.org/fhir/us/qicore/StructureDefinition/qicore-recorded",
        "valueDateTime": "2012-11-19T09:35:00-04:00"
      } ],
      "status": "completed",
      "code": {
        "coding": [ {
          "system": "http://snomed.info/sct",
          "code": "386649003"
        } ]
      },
      "subject": {
        "reference": "Patient/e3558875-6099-40ad-9e2a-328fb96301ab"
      },
      "performedPeriod": {
        "start": "2025-11-01T09:00:00+00:00"
      }
    },
    "request": {
      "method": "PUT",
      "url": "Procedure/01142278-e063-4e68-bdfe-97ae01abfb59"
    }
  }, {
    "fullUrl": "https://madie.cms.gov/Organization/2885ac42-4044-4f48-96ac-992331742464",
    "resource": {
      "resourceType": "Organization",
      "id": "2885ac42-4044-4f48-96ac-992331742464",
      "meta": {
        "profile": [ "http://hl7.org/fhir/us/qicore/StructureDefinition/qicore-organization" ]
      },
      "identifier": [ {
        "use": "temp",
        "system": "urn:oid:2.16.840.1.113883.4.4",
        "value": "21-3259825"
      } ],
      "active": true,
      "type": [ {
        "coding": [ {
          "system": "http://terminology.hl7.org/CodeSystem/organization-type",
          "code": "pay",
          "display": "Payer"
        } ]
      } ],
      "name": "Blue Cross Blue Shield of Texas",
      "telecom": [ {
        "system": "phone",
        "value": "(+1) 972-766-6900"
      } ],
      "address": [ {
        "use": "billing",
        "type": "postal",
        "line": [ "P.O. Box 660044" ],
        "city": "Dallas",
        "state": "TX",
        "postalCode": "75266-0044",
        "country": "USA"
      } ]
    },
    "request": {
      "method": "PUT",
      "url": "Organization/2885ac42-4044-4f48-96ac-992331742464"
    }
  }, {
    "fullUrl": "https://madie.cms.gov/Practitioner/acb0f7b0-3e84-4eaf-bb0d-d67f3d7deda7",
    "resource": {
      "resourceType": "Practitioner",
      "id": "acb0f7b0-3e84-4eaf-bb0d-d67f3d7deda7",
      "identifier": [ {
        "system": "http://hl7.org/fhir/sid/us-npi",
        "value": "123456"
      } ],
      "name": [ {
        "family": "Evil",
        "prefix": [ "Dr" ]
      } ]
    },
    "request": {
      "method": "PUT",
      "url": "Practitioner/acb0f7b0-3e84-4eaf-bb0d-d67f3d7deda7"
    }
  }, {
    "fullUrl": "https://madie.cms.gov/MeasureReport/c44a58b8-93b7-4cff-a4ca-ce27c0a5c097",
    "resource": {
      "resourceType": "MeasureReport",
      "id": "c44a58b8-93b7-4cff-a4ca-ce27c0a5c097",
      "meta": {
        "profile": [ "http://hl7.org/fhir/us/cqfmeasures/StructureDefinition/test-case-cqfm" ]
      },
      "contained": [ {
        "resourceType": "Parameters",
        "id": "b7d43f41-1e33-4f5c-a919-9300b9984a59-parameters",
        "parameter": [ {
          "name": "subject",
          "valueString": "e3558875-6099-40ad-9e2a-328fb96301ab"
        } ]
      } ],
      "extension": [ {
        "url": "http://hl7.org/fhir/us/cqfmeasures/StructureDefinition/cqfm-inputParameters",
        "valueReference": {
          "reference": "#b7d43f41-1e33-4f5c-a919-9300b9984a59-parameters"
        }
      }, {
        "url": "http://hl7.org/fhir/us/cqfmeasures/StructureDefinition/cqfm-testCaseDescription",
        "valueMarkdown": "\"Oral Xa 11:59PM day after Inp.start\nHip replacement history\"\n"
      } ],
      "modifierExtension": [ {
        "url": "http://hl7.org/fhir/us/cqfmeasures/StructureDefinition/cqfm-isTestCase",
        "valueBoolean": true
      } ],
      "status": "complete",
      "type": "individual",
      "measure": "https://madie.cms.gov/Measure/VenousThromboembolismProphylaxisFHIR",
      "period": {
        "start": "2025-01-01",
        "end": "2025-12-31"
      },
      "group": [ {
        "population": [ {
          "code": {
            "coding": [ {
              "system": "http://terminology.hl7.org/CodeSystem/measure-population",
              "code": "initial-population",
              "display": "Initial Population"
            } ]
          },
          "count": 1
        }, {
          "code": {
            "coding": [ {
              "system": "http://terminology.hl7.org/CodeSystem/measure-population",
              "code": "denominator",
              "display": "Denominator"
            } ]
          },
          "count": 1
        }, {
          "code": {
            "coding": [ {
              "system": "http://terminology.hl7.org/CodeSystem/measure-population",
              "code": "denominator-exclusion",
              "display": "Denominator Exclusion"
            } ]
          },
          "count": 0
        }, {
          "code": {
            "coding": [ {
              "system": "http://terminology.hl7.org/CodeSystem/measure-population",
              "code": "numerator",
              "display": "Numerator"
            } ]
          },
          "count": 1
        } ]
      } ],
      "evaluatedResource": [ {
        "reference": "Patient/e3558875-6099-40ad-9e2a-328fb96301ab"
      }, {
        "reference": "Encounter/bc7e717f-fc20-479e-a943-bcfc3a654e9d"
      }, {
        "reference": "Coverage/ca802ce2-5d38-4896-9e72-9b594da99f35"
      }, {
        "reference": "MedicationAdministration/690270d4-5929-4733-91a0-a1ed0ad70451"
      }, {
        "reference": "Procedure/01142278-e063-4e68-bdfe-97ae01abfb59"
      }, {
        "reference": "Organization/2885ac42-4044-4f48-96ac-992331742464"
      }, {
        "reference": "Practitioner/acb0f7b0-3e84-4eaf-bb0d-d67f3d7deda7"
      } ]
    },
    "request": {
      "method": "PUT",
      "url": "MeasureReport/c44a58b8-93b7-4cff-a4ca-ce27c0a5c097"
    }
  } ]
}