{
  "resourceType": "Bundle",
  "id": "612e6ab302c62a011f2eafaf",
  "type": "transaction",
  "entry": [ {
    "fullUrl": "https://madie.cms.gov/Patient/6d92573e-1551-44f7-bc5e-c37b96c540f4",
    "resource": {
      "resourceType": "Patient",
      "id": "6d92573e-1551-44f7-bc5e-c37b96c540f4",
      "meta": {
        "profile": [ "http://hl7.org/fhir/us/qicore/StructureDefinition/qicore-patient" ]
      },
      "text": {
        "status": "generated",
        "div": "<div xmlns=\"http://www.w3.org/1999/xhtml\"><div class=\"hapiHeaderText\">PtRef_DA_VFP_IPEnc <b>NUMERPASS </b></div><table class=\"hapiPropertyTable\"><tbody><tr><td>Identifier</td><td>5f7ad5e9fc357bf072546722e2c19e60</td></tr><tr><td>Date of birth</td><td><span>02 January 1974</span></td></tr></tbody></table></div>"
      },
      "extension": [ {
        "url": "http://hl7.org/fhir/us/core/StructureDefinition/us-core-race",
        "extension": [ {
          "url": "ombCategory",
          "valueCoding": {
            "system": "urn:oid:2.16.840.1.113883.6.238",
            "code": "1002-5",
            "display": "American Indian or Alaska Native",
            "userSelected": true
          }
        }, {
          "url": "text",
          "valueString": "American Indian or Alaska Native"
        } ]
      }, {
        "url": "http://hl7.org/fhir/us/core/StructureDefinition/us-core-ethnicity",
        "extension": [ {
          "url": "ombCategory",
          "valueCoding": {
            "system": "urn:oid:2.16.840.1.113883.6.238",
            "code": "2135-2",
            "display": "Hispanic or Latino",
            "userSelected": true
          }
        }, {
          "url": "text",
          "valueString": "Hispanic or Latino"
        } ]
      } ],
      "identifier": [ {
        "type": {
          "coding": [ {
            "system": "http://terminology.hl7.org/CodeSystem/v2-0203",
            "code": "MR"
          } ]
        },
        "system": "https://bonnie-fhir.healthit.gov/",
        "value": "612e6ab302c62a011f2eafaf"
      } ],
      "active": true,
      "name": [ {
        "use": "usual",
        "family": "NUMERPass",
        "given": [ "PtRef_DA_VFP_IPEnc" ]
      } ],
      "gender": "male",
      "birthDate": "1974-01-02"
    },
    "request": {
      "method": "PUT",
      "url": "Patient/6d92573e-1551-44f7-bc5e-c37b96c540f4"
    }
  }, {
    "fullUrl": "https://madie.cms.gov/Encounter/ca48b8f9-e9dc-41f9-8d88-74c0f4c0bc16",
    "resource": {
      "resourceType": "Encounter",
      "id": "ca48b8f9-e9dc-41f9-8d88-74c0f4c0bc16",
      "meta": {
        "profile": [ "http://hl7.org/fhir/us/qicore/StructureDefinition/qicore-encounter" ]
      },
      "status": "finished",
      "class": {
        "system": "http://terminology.hl7.org/CodeSystem/v3-ActCode",
        "code": "EMER",
        "display": "emergency"
      },
      "type": [ {
        "coding": [ {
          "system": "http://snomed.info/sct",
          "code": "4525004"
        } ]
      } ],
      "subject": {
        "reference": "Patient/6d92573e-1551-44f7-bc5e-c37b96c540f4"
      },
      "period": {
        "start": "2025-10-31T05:00:00+00:00",
        "end": "2025-11-01T07:15:00+00:00"
      },
      "length": {
        "value": 1,
        "unit": "days"
      }
    },
    "request": {
      "method": "PUT",
      "url": "Encounter/ca48b8f9-e9dc-41f9-8d88-74c0f4c0bc16"
    }
  }, {
    "fullUrl": "https://madie.cms.gov/Encounter/f04a6390-eb65-44e2-908e-448e2e95b6b5",
    "resource": {
      "resourceType": "Encounter",
      "id": "f04a6390-eb65-44e2-908e-448e2e95b6b5",
      "meta": {
        "profile": [ "http://hl7.org/fhir/us/qicore/StructureDefinition/qicore-encounter" ]
      },
      "status": "finished",
      "class": {
        "system": "http://terminology.hl7.org/CodeSystem/v3-ActCode",
        "code": "IMP",
        "display": "inpatient encounter"
      },
      "type": [ {
        "coding": [ {
          "system": "http://snomed.info/sct",
          "code": "8715000"
        } ]
      } ],
      "subject": {
        "reference": "Patient/6d92573e-1551-44f7-bc5e-c37b96c540f4"
      },
      "period": {
        "start": "2025-11-01T08:00:00+00:00",
        "end": "2025-11-26T08:15:00+00:00"
      },
      "length": {
        "value": 25,
        "unit": "days"
      }
    },
    "request": {
      "method": "PUT",
      "url": "Encounter/f04a6390-eb65-44e2-908e-448e2e95b6b5"
    }
  }, {
    "fullUrl": "https://madie.cms.gov/Coverage/68e8580d-59e7-44e8-bb31-562a5091c567",
    "resource": {
      "resourceType": "Coverage",
      "id": "68e8580d-59e7-44e8-bb31-562a5091c567",
      "status": "active",
      "beneficiary": {
        "reference": "Patient/6d92573e-1551-44f7-bc5e-c37b96c540f4"
      },
      "period": {
        "start": "1974-01-02T08:00:00+00:00"
      },
      "payor": [ {
        "reference": "Organization/34442b0e-7b03-4392-b51e-5f85eaa710db"
      } ]
    },
    "request": {
      "method": "PUT",
      "url": "Coverage/68e8580d-59e7-44e8-bb31-562a5091c567"
    }
  }, {
    "fullUrl": "https://madie.cms.gov/Procedure/7b7ba94b-ee77-4f90-ba8a-0ef1b5d0c0fb",
    "resource": {
      "resourceType": "Procedure",
      "id": "7b7ba94b-ee77-4f90-ba8a-0ef1b5d0c0fb",
      "meta": {
        "profile": [ "http://hl7.org/fhir/us/qicore/StructureDefinition/qicore-procedurenotdone" ]
      },
      "extension": [ {
        "url": "http://hl7.org/fhir/us/qicore/StructureDefinition/qicore-recorded",
        "valueDateTime": "2025-11-01T09:35:00-04:00"
      } ],
      "status": "not-done",
      "statusReason": {
        "coding": [ {
          "system": "http://snomed.info/sct",
          "code": "443390004",
          "display": "Refusal of treatment by patient (situation)",
          "userSelected": true
        } ]
      },
      "code": {
        "coding": [ {
          "system": "http://snomed.info/sct",
          "version": "2025-03",
          "code": "442410008",
          "display": "Application of venous foot pump (procedure)",
          "userSelected": true
        } ]
      },
      "subject": {
        "reference": "Patient/6d92573e-1551-44f7-bc5e-c37b96c540f4"
      },
      "_performedDateTime": {
        "extension": [ {
          "url": "http://hl7.org/fhir/StructureDefinition/data-absent-reason",
          "valueCode": "not-performed"
        } ]
      }
    },
    "request": {
      "method": "PUT",
      "url": "Procedure/7b7ba94b-ee77-4f90-ba8a-0ef1b5d0c0fb"
    }
  }, {
    "fullUrl": "https://madie.cms.gov/Organization/34442b0e-7b03-4392-b51e-5f85eaa710db",
    "resource": {
      "resourceType": "Organization",
      "id": "34442b0e-7b03-4392-b51e-5f85eaa710db",
      "meta": {
        "profile": [ "http://hl7.org/fhir/us/qicore/StructureDefinition/qicore-organization" ]
      },
      "identifier": [ {
        "use": "temp",
        "system": "urn:oid:2.16.840.1.113883.4.4",
        "value": "21-3259825"
      } ],
      "active": true,
      "type": [ {
        "coding": [ {
          "system": "http://terminology.hl7.org/CodeSystem/organization-type",
          "code": "pay",
          "display": "Payer"
        } ]
      } ],
      "name": "Blue Cross Blue Shield of Texas",
      "telecom": [ {
        "system": "phone",
        "value": "(+1) 972-766-6900"
      } ],
      "address": [ {
        "use": "billing",
        "type": "postal",
        "line": [ "P.O. Box 660044" ],
        "city": "Dallas",
        "state": "TX",
        "postalCode": "75266-0044",
        "country": "USA"
      } ]
    },
    "request": {
      "method": "PUT",
      "url": "Organization/34442b0e-7b03-4392-b51e-5f85eaa710db"
    }
  }, {
    "fullUrl": "https://madie.cms.gov/Practitioner/6235834c-8045-42d5-a07f-f8793451d086",
    "resource": {
      "resourceType": "Practitioner",
      "id": "6235834c-8045-42d5-a07f-f8793451d086",
      "identifier": [ {
        "system": "http://hl7.org/fhir/sid/us-npi",
        "value": "123456"
      } ],
      "name": [ {
        "family": "Evil",
        "prefix": [ "Dr" ]
      } ]
    },
    "request": {
      "method": "PUT",
      "url": "Practitioner/6235834c-8045-42d5-a07f-f8793451d086"
    }
  }, {
    "fullUrl": "https://madie.cms.gov/MeasureReport/222c6271-f553-44d5-bc0a-dcfe0086b750",
    "resource": {
      "resourceType": "MeasureReport",
      "id": "222c6271-f553-44d5-bc0a-dcfe0086b750",
      "meta": {
        "profile": [ "http://hl7.org/fhir/us/cqfmeasures/StructureDefinition/test-case-cqfm" ]
      },
      "contained": [ {
        "resourceType": "Parameters",
        "id": "2c282fca-52c1-46ea-a8d1-62f2c1e57353-parameters",
        "parameter": [ {
          "name": "subject",
          "valueString": "6d92573e-1551-44f7-bc5e-c37b96c540f4"
        } ]
      } ],
      "extension": [ {
        "url": "http://hl7.org/fhir/us/cqfmeasures/StructureDefinition/cqfm-inputParameters",
        "valueReference": {
          "reference": "#2c282fca-52c1-46ea-a8d1-62f2c1e57353-parameters"
        }
      }, {
        "url": "http://hl7.org/fhir/us/cqfmeasures/StructureDefinition/cqfm-testCaseDescription",
        "valueMarkdown": "VFP refused in day of inpatient encounter\n"
      } ],
      "modifierExtension": [ {
        "url": "http://hl7.org/fhir/us/cqfmeasures/StructureDefinition/cqfm-isTestCase",
        "valueBoolean": true
      } ],
      "status": "complete",
      "type": "individual",
      "measure": "https://madie.cms.gov/Measure/VenousThromboembolismProphylaxisFHIR",
      "period": {
        "start": "2025-01-01",
        "end": "2025-12-31"
      },
      "group": [ {
        "population": [ {
          "code": {
            "coding": [ {
              "system": "http://terminology.hl7.org/CodeSystem/measure-population",
              "code": "initial-population",
              "display": "Initial Population"
            } ]
          },
          "count": 1
        }, {
          "code": {
            "coding": [ {
              "system": "http://terminology.hl7.org/CodeSystem/measure-population",
              "code": "denominator",
              "display": "Denominator"
            } ]
          },
          "count": 1
        }, {
          "code": {
            "coding": [ {
              "system": "http://terminology.hl7.org/CodeSystem/measure-population",
              "code": "denominator-exclusion",
              "display": "Denominator Exclusion"
            } ]
          },
          "count": 0
        }, {
          "code": {
            "coding": [ {
              "system": "http://terminology.hl7.org/CodeSystem/measure-population",
              "code": "numerator",
              "display": "Numerator"
            } ]
          },
          "count": 1
        } ]
      } ],
      "evaluatedResource": [ {
        "reference": "Patient/6d92573e-1551-44f7-bc5e-c37b96c540f4"
      }, {
        "reference": "Encounter/ca48b8f9-e9dc-41f9-8d88-74c0f4c0bc16"
      }, {
        "reference": "Encounter/f04a6390-eb65-44e2-908e-448e2e95b6b5"
      }, {
        "reference": "Coverage/68e8580d-59e7-44e8-bb31-562a5091c567"
      }, {
        "reference": "Procedure/7b7ba94b-ee77-4f90-ba8a-0ef1b5d0c0fb"
      }, {
        "reference": "Organization/34442b0e-7b03-4392-b51e-5f85eaa710db"
      }, {
        "reference": "Practitioner/6235834c-8045-42d5-a07f-f8793451d086"
      } ]
    },
    "request": {
      "method": "PUT",
      "url": "MeasureReport/222c6271-f553-44d5-bc0a-dcfe0086b750"
    }
  } ]
}