{
  "resourceType": "Bundle",
  "id": "612e6b4302c62a011f2ed189",
  "type": "transaction",
  "entry": [ {
    "fullUrl": "https://madie.cms.gov/Patient/19667a1e-62b3-44a9-a0e7-91e26c80e959",
    "resource": {
      "resourceType": "Patient",
      "id": "19667a1e-62b3-44a9-a0e7-91e26c80e959",
      "meta": {
        "profile": [ "http://hl7.org/fhir/us/qicore/StructureDefinition/qicore-patient" ]
      },
      "text": {
        "status": "generated",
        "div": "<div xmlns=\"http://www.w3.org/1999/xhtml\"><div class=\"hapiHeaderText\">CMODrgEDHrsBFAdmDoNotPerformTrue <b>DENEXFail </b></div><table class=\"hapiPropertyTable\"><tbody><tr><td>Identifier</td><td>059b8a3b4412b01787dc1d643429cbf6</td></tr><tr><td>Date of birth</td><td><span>02 January 1974</span></td></tr></tbody></table></div>"
      },
      "extension": [ {
        "url": "http://hl7.org/fhir/us/core/StructureDefinition/us-core-race",
        "extension": [ {
          "url": "ombCategory",
          "valueCoding": {
            "system": "urn:oid:2.16.840.1.113883.6.238",
            "code": "1002-5",
            "display": "American Indian or Alaska Native",
            "userSelected": true
          }
        }, {
          "url": "text",
          "valueString": "American Indian or Alaska Native"
        } ]
      }, {
        "url": "http://hl7.org/fhir/us/core/StructureDefinition/us-core-ethnicity",
        "extension": [ {
          "url": "ombCategory",
          "valueCoding": {
            "system": "urn:oid:2.16.840.1.113883.6.238",
            "code": "2135-2",
            "display": "Hispanic or Latino",
            "userSelected": true
          }
        }, {
          "url": "text",
          "valueString": "Hispanic or Latino"
        } ]
      } ],
      "identifier": [ {
        "type": {
          "coding": [ {
            "system": "http://terminology.hl7.org/CodeSystem/v2-0203",
            "code": "MR"
          } ]
        },
        "system": "https://bonnie-fhir.healthit.gov/",
        "value": "612e6b4302c62a011f2ed189"
      } ],
      "active": true,
      "name": [ {
        "use": "usual",
        "family": "DENEXFail",
        "given": [ "CMODrgEDHrsBFAdmDoNotPerformTrue" ]
      } ],
      "gender": "male",
      "birthDate": "1974-01-02"
    },
    "request": {
      "method": "PUT",
      "url": "Patient/19667a1e-62b3-44a9-a0e7-91e26c80e959"
    }
  }, {
    "fullUrl": "https://madie.cms.gov/Encounter/dff9b373-829c-45fe-a1b7-745d2f3ebdc8",
    "resource": {
      "resourceType": "Encounter",
      "id": "dff9b373-829c-45fe-a1b7-745d2f3ebdc8",
      "meta": {
        "profile": [ "http://hl7.org/fhir/us/qicore/StructureDefinition/qicore-encounter" ]
      },
      "status": "finished",
      "class": {
        "system": "http://terminology.hl7.org/CodeSystem/v3-ActCode",
        "code": "EMER",
        "display": "emergency"
      },
      "type": [ {
        "coding": [ {
          "system": "http://snomed.info/sct",
          "code": "4525004"
        } ]
      } ],
      "subject": {
        "reference": "Patient/104887a9-056e-4fd3-b47a-176eefbd090b"
      },
      "period": {
        "start": "2025-11-01T03:00:00+00:00",
        "end": "2025-11-01T05:15:00+00:00"
      },
      "length": {
        "value": 0,
        "unit": "days"
      }
    },
    "request": {
      "method": "PUT",
      "url": "Encounter/dff9b373-829c-45fe-a1b7-745d2f3ebdc8"
    }
  }, {
    "fullUrl": "https://madie.cms.gov/Encounter/72ab04b1-a085-4004-898c-1574ffb9d265",
    "resource": {
      "resourceType": "Encounter",
      "id": "72ab04b1-a085-4004-898c-1574ffb9d265",
      "meta": {
        "profile": [ "http://hl7.org/fhir/us/qicore/StructureDefinition/qicore-encounter" ]
      },
      "status": "finished",
      "class": {
        "system": "http://terminology.hl7.org/CodeSystem/v3-ActCode",
        "code": "IMP",
        "display": "inpatient encounter"
      },
      "type": [ {
        "coding": [ {
          "system": "http://snomed.info/sct",
          "code": "8715000"
        } ]
      } ],
      "subject": {
        "reference": "Patient/104887a9-056e-4fd3-b47a-176eefbd090b"
      },
      "period": {
        "start": "2025-11-01T08:00:00+00:00",
        "end": "2025-11-26T08:15:00+00:00"
      },
      "length": {
        "value": 25,
        "unit": "days"
      }
    },
    "request": {
      "method": "PUT",
      "url": "Encounter/72ab04b1-a085-4004-898c-1574ffb9d265"
    }
  }, {
    "fullUrl": "https://madie.cms.gov/ServiceRequest/ea9a9b05-0aca-4695-a0c9-a35953a67168",
    "resource": {
      "resourceType": "ServiceRequest",
      "id": "ea9a9b05-0aca-4695-a0c9-a35953a67168",
      "meta": {
        "profile": [ "http://hl7.org/fhir/us/qicore/StructureDefinition/qicore-servicerequest" ]
      },
      "status": "completed",
      "intent": "order",
      "doNotPerform": true,
      "code": {
        "coding": [ {
          "system": "http://snomed.info/sct",
          "code": "133918004"
        } ]
      },
      "subject": {
        "reference": "Patient/104887a9-056e-4fd3-b47a-176eefbd090b"
      },
      "authoredOn": "2025-11-01T05:00:00+00:00"
    },
    "request": {
      "method": "PUT",
      "url": "ServiceRequest/ea9a9b05-0aca-4695-a0c9-a35953a67168"
    }
  }, {
    "fullUrl": "https://madie.cms.gov/Coverage/8d358de7-1a8f-437c-9405-d7f8c9316a4e",
    "resource": {
      "resourceType": "Coverage",
      "id": "8d358de7-1a8f-437c-9405-d7f8c9316a4e",
      "status": "active",
      "beneficiary": {
        "reference": "Patient/104887a9-056e-4fd3-b47a-176eefbd090b"
      },
      "period": {
        "start": "1974-01-02T08:00:00+00:00"
      },
      "payor": [ {
        "reference": "Organization/c5abde04-a47f-4d5a-8873-580855f012c6"
      } ]
    },
    "request": {
      "method": "PUT",
      "url": "Coverage/8d358de7-1a8f-437c-9405-d7f8c9316a4e"
    }
  }, {
    "fullUrl": "https://madie.cms.gov/Organization/c5abde04-a47f-4d5a-8873-580855f012c6",
    "resource": {
      "resourceType": "Organization",
      "id": "c5abde04-a47f-4d5a-8873-580855f012c6",
      "meta": {
        "profile": [ "http://hl7.org/fhir/us/qicore/StructureDefinition/qicore-organization" ]
      },
      "identifier": [ {
        "use": "temp",
        "system": "urn:oid:2.16.840.1.113883.4.4",
        "value": "21-3259825"
      } ],
      "active": true,
      "type": [ {
        "coding": [ {
          "system": "http://terminology.hl7.org/CodeSystem/organization-type",
          "code": "pay",
          "display": "Payer"
        } ]
      } ],
      "name": "Blue Cross Blue Shield of Texas",
      "telecom": [ {
        "system": "phone",
        "value": "(+1) 972-766-6900"
      } ],
      "address": [ {
        "use": "billing",
        "type": "postal",
        "line": [ "P.O. Box 660044" ],
        "city": "Dallas",
        "state": "TX",
        "postalCode": "75266-0044",
        "country": "USA"
      } ]
    },
    "request": {
      "method": "PUT",
      "url": "Organization/c5abde04-a47f-4d5a-8873-580855f012c6"
    }
  }, {
    "fullUrl": "https://madie.cms.gov/Practitioner/07e43ae6-85c9-477f-b9a1-f94a1e496b87",
    "resource": {
      "resourceType": "Practitioner",
      "id": "07e43ae6-85c9-477f-b9a1-f94a1e496b87",
      "identifier": [ {
        "system": "http://hl7.org/fhir/sid/us-npi",
        "value": "123456"
      } ],
      "name": [ {
        "family": "Evil",
        "prefix": [ "Dr" ]
      } ]
    },
    "request": {
      "method": "PUT",
      "url": "Practitioner/07e43ae6-85c9-477f-b9a1-f94a1e496b87"
    }
  }, {
    "fullUrl": "https://madie.cms.gov/MeasureReport/27a4bca8-8b75-4b7c-b687-d99f2b12bf37",
    "resource": {
      "resourceType": "MeasureReport",
      "id": "27a4bca8-8b75-4b7c-b687-d99f2b12bf37",
      "meta": {
        "profile": [ "http://hl7.org/fhir/us/cqfmeasures/StructureDefinition/test-case-cqfm" ]
      },
      "contained": [ {
        "resourceType": "Parameters",
        "id": "5cc91ee9-11ef-4c1e-ad9b-8ca7a4f49189-parameters",
        "parameter": [ {
          "name": "subject",
          "valueString": "19667a1e-62b3-44a9-a0e7-91e26c80e959"
        } ]
      } ],
      "extension": [ {
        "url": "http://hl7.org/fhir/us/cqfmeasures/StructureDefinition/cqfm-inputParameters",
        "valueReference": {
          "reference": "#5cc91ee9-11ef-4c1e-ad9b-8ca7a4f49189-parameters"
        }
      }, {
        "url": "http://hl7.org/fhir/us/cqfmeasures/StructureDefinition/cqfm-testCaseDescription",
        "valueMarkdown": "Test and cover ServiceRequest.doNOtPerform is true. CMO occurs in ED that ED ends > 1 hour before Adm. But this case pass because it is on the same day as adm date"
      } ],
      "modifierExtension": [ {
        "url": "http://hl7.org/fhir/us/cqfmeasures/StructureDefinition/cqfm-isTestCase",
        "valueBoolean": true
      } ],
      "status": "complete",
      "type": "individual",
      "measure": "https://madie.cms.gov/Measure/VenousThromboembolismProphylaxisFHIR",
      "period": {
        "start": "2025-01-01",
        "end": "2025-12-31"
      },
      "group": [ {
        "population": [ {
          "code": {
            "coding": [ {
              "system": "http://terminology.hl7.org/CodeSystem/measure-population",
              "code": "initial-population",
              "display": "Initial Population"
            } ]
          },
          "count": 1
        }, {
          "code": {
            "coding": [ {
              "system": "http://terminology.hl7.org/CodeSystem/measure-population",
              "code": "denominator",
              "display": "Denominator"
            } ]
          },
          "count": 1
        }, {
          "code": {
            "coding": [ {
              "system": "http://terminology.hl7.org/CodeSystem/measure-population",
              "code": "denominator-exclusion",
              "display": "Denominator Exclusion"
            } ]
          },
          "count": 0
        }, {
          "code": {
            "coding": [ {
              "system": "http://terminology.hl7.org/CodeSystem/measure-population",
              "code": "numerator",
              "display": "Numerator"
            } ]
          },
          "count": 0
        } ]
      } ],
      "evaluatedResource": [ {
        "reference": "Patient/19667a1e-62b3-44a9-a0e7-91e26c80e959"
      }, {
        "reference": "Encounter/dff9b373-829c-45fe-a1b7-745d2f3ebdc8"
      }, {
        "reference": "Encounter/72ab04b1-a085-4004-898c-1574ffb9d265"
      }, {
        "reference": "ServiceRequest/ea9a9b05-0aca-4695-a0c9-a35953a67168"
      }, {
        "reference": "Coverage/8d358de7-1a8f-437c-9405-d7f8c9316a4e"
      }, {
        "reference": "Organization/c5abde04-a47f-4d5a-8873-580855f012c6"
      }, {
        "reference": "Practitioner/07e43ae6-85c9-477f-b9a1-f94a1e496b87"
      } ]
    },
    "request": {
      "method": "PUT",
      "url": "MeasureReport/27a4bca8-8b75-4b7c-b687-d99f2b12bf37"
    }
  } ]
}