{
  "resourceType": "Bundle",
  "id": "60abda28bf0a01003e3f76bd",
  "type": "transaction",
  "entry": [ {
    "fullUrl": "https://madie.cms.gov/Patient/e0997418-e22b-4aa9-805b-dde2c398787b",
    "resource": {
      "resourceType": "Patient",
      "id": "e0997418-e22b-4aa9-805b-dde2c398787b",
      "meta": {
        "profile": [ "http://hl7.org/fhir/us/qicore/StructureDefinition/qicore-patient" ]
      },
      "extension": [ {
        "url": "http://hl7.org/fhir/us/core/StructureDefinition/us-core-race",
        "extension": [ {
          "url": "ombCategory",
          "valueCoding": {
            "system": "urn:oid:2.16.840.1.113883.6.238",
            "code": "2054-5",
            "display": "Black or African American"
          }
        }, {
          "url": "text",
          "valueString": "Black or African American"
        } ]
      }, {
        "url": "http://hl7.org/fhir/us/core/StructureDefinition/us-core-ethnicity",
        "extension": [ {
          "url": "ombCategory",
          "valueCoding": {
            "system": "urn:oid:2.16.840.1.113883.6.238",
            "code": "2186-5",
            "display": "Not Hispanic or Latino"
          }
        }, {
          "url": "text",
          "valueString": "Not Hispanic or Latino"
        } ]
      } ],
      "identifier": [ {
        "type": {
          "coding": [ {
            "system": "http://terminology.hl7.org/CodeSystem/v2-0203",
            "code": "MR"
          } ]
        },
        "system": "https://bonnie-fhir.healthit.gov/",
        "value": "463131313187656"
      } ],
      "name": [ {
        "family": "NUMERPass",
        "given": [ "DexaOrderInLast2YearsB4ADTOrder" ]
      } ],
      "gender": "male",
      "birthDate": "1954-06-15"
    },
    "request": {
      "method": "PUT",
      "url": "Patient/e0997418-e22b-4aa9-805b-dde2c398787b"
    }
  }, {
    "fullUrl": "https://madie.cms.gov/Encounter/ed79a4a4-1871-42e9-ac67-e61e2dc9493e",
    "resource": {
      "resourceType": "Encounter",
      "id": "ed79a4a4-1871-42e9-ac67-e61e2dc9493e",
      "meta": {
        "profile": [ "http://hl7.org/fhir/us/qicore/StructureDefinition/qicore-encounter" ]
      },
      "status": "finished",
      "class": {
        "system": "http://terminology.hl7.org/CodeSystem/v3-ActCode",
        "code": "AMB",
        "display": "ambulatory"
      },
      "type": [ {
        "coding": [ {
          "system": "http://snomed.info/sct",
          "version": "http://snomed.info/sct/731000124108/version/20240301",
          "code": "185463005",
          "display": "Visit out of hours (procedure)"
        } ]
      } ],
      "subject": {
        "reference": "Patient/e0997418-e22b-4aa9-805b-dde2c398787b"
      },
      "period": {
        "start": "2026-02-04T08:00:00.000+00:00",
        "end": "2026-02-04T08:15:00.000+00:00"
      }
    },
    "request": {
      "method": "PUT",
      "url": "Encounter/ed79a4a4-1871-42e9-ac67-e61e2dc9493e"
    }
  }, {
    "fullUrl": "https://madie.cms.gov/Condition/6a70c892-98ee-42c3-8ebf-a4522610d079",
    "resource": {
      "resourceType": "Condition",
      "id": "6a70c892-98ee-42c3-8ebf-a4522610d079",
      "meta": {
        "profile": [ "http://hl7.org/fhir/us/qicore/StructureDefinition/qicore-condition-problems-health-concerns" ]
      },
      "clinicalStatus": {
        "coding": [ {
          "system": "http://terminology.hl7.org/CodeSystem/condition-clinical",
          "code": "active",
          "display": "Active",
          "userSelected": true
        } ]
      },
      "verificationStatus": {
        "coding": [ {
          "system": "http://terminology.hl7.org/CodeSystem/condition-ver-status",
          "code": "confirmed"
        } ]
      },
      "category": [ {
        "coding": [ {
          "system": "http://terminology.hl7.org/CodeSystem/condition-category",
          "code": "problem-list-item",
          "display": "Problem List Item"
        } ]
      } ],
      "code": {
        "coding": [ {
          "system": "http://snomed.info/sct",
          "version": "http://snomed.info/sct/731000124108/version/20250301",
          "code": "254900004",
          "display": "Carcinoma of prostate (disorder)"
        } ]
      },
      "subject": {
        "reference": "Patient/e0997418-e22b-4aa9-805b-dde2c398787b"
      },
      "onsetPeriod": {
        "start": "2025-10-04T08:00:00.000+00:00"
      }
    },
    "request": {
      "method": "PUT",
      "url": "Condition/6a70c892-98ee-42c3-8ebf-a4522610d079"
    }
  }, {
    "fullUrl": "https://madie.cms.gov/Condition/2ff120d5-8e09-4a03-b841-4011a4e64073",
    "resource": {
      "resourceType": "Condition",
      "id": "2ff120d5-8e09-4a03-b841-4011a4e64073",
      "meta": {
        "profile": [ "http://hl7.org/fhir/us/qicore/StructureDefinition/qicore-condition-encounter-diagnosis" ]
      },
      "clinicalStatus": {
        "coding": [ {
          "system": "http://terminology.hl7.org/CodeSystem/condition-clinical",
          "code": "active",
          "display": "Active",
          "userSelected": true
        } ]
      },
      "verificationStatus": {
        "coding": [ {
          "system": "http://terminology.hl7.org/CodeSystem/condition-ver-status",
          "code": "confirmed"
        } ]
      },
      "category": [ {
        "coding": [ {
          "system": "http://terminology.hl7.org/CodeSystem/condition-category",
          "code": "encounter-diagnosis",
          "display": "Encounter Diagnosis"
        } ]
      } ],
      "code": {
        "coding": [ {
          "system": "http://snomed.info/sct",
          "version": "http://snomed.info/sct/731000124108/version/20250301",
          "code": "254900004",
          "display": "Carcinoma of prostate (disorder)"
        } ]
      },
      "subject": {
        "reference": "Patient/e0997418-e22b-4aa9-805b-dde2c398787b"
      },
      "onsetPeriod": {
        "start": "2025-10-04T08:00:00.000+00:00"
      }
    },
    "request": {
      "method": "PUT",
      "url": "Condition/2ff120d5-8e09-4a03-b841-4011a4e64073"
    }
  }, {
    "fullUrl": "https://madie.cms.gov/ServiceRequest/1ea4e7e4-85d3-40a8-a6d5-3ae0d2728049",
    "resource": {
      "resourceType": "ServiceRequest",
      "id": "1ea4e7e4-85d3-40a8-a6d5-3ae0d2728049",
      "meta": {
        "profile": [ "http://hl7.org/fhir/us/qicore/StructureDefinition/qicore-servicerequest" ]
      },
      "status": "completed",
      "intent": "order",
      "code": {
        "coding": [ {
          "system": "http://loinc.org",
          "version": "2.76",
          "code": "38265-5",
          "display": "DXA Radius and Ulna [T-score] Bone density"
        } ]
      },
      "subject": {
        "reference": "Patient/e0997418-e22b-4aa9-805b-dde2c398787b"
      },
      "authoredOn": "2025-05-04T10:00:00.000+00:00"
    },
    "request": {
      "method": "PUT",
      "url": "ServiceRequest/1ea4e7e4-85d3-40a8-a6d5-3ae0d2728049"
    }
  }, {
    "fullUrl": "https://madie.cms.gov/Practitioner/c4c3321f-4443-40d0-847b-1a7e0571b66c",
    "resource": {
      "resourceType": "Practitioner",
      "id": "c4c3321f-4443-40d0-847b-1a7e0571b66c",
      "meta": {
        "profile": [ "http://hl7.org/fhir/us/qicore/StructureDefinition/qicore-practitioner" ]
      },
      "identifier": [ {
        "use": "temp",
        "system": "urn:oid:2.16.840.1.113883.4.336",
        "value": "Practitioner-23"
      } ],
      "active": true,
      "name": [ {
        "family": "Careful",
        "given": [ "Adam" ],
        "prefix": [ "Dr" ]
      } ],
      "address": [ {
        "use": "home",
        "line": [ "534 Erewhon St" ],
        "city": "PleasantVille",
        "state": "UT",
        "postalCode": "84414"
      } ],
      "qualification": [ {
        "identifier": [ {
          "system": "http://example.org/UniversityIdentifier",
          "value": "12345"
        } ],
        "code": {
          "coding": [ {
            "system": "http://terminology.hl7.org/CodeSystem/v2-0360|2.7",
            "code": "BS",
            "display": "Bachelor of Science"
          } ],
          "text": "Bachelor of Science"
        },
        "period": {
          "start": "1996"
        },
        "issuer": {
          "display": "Example University"
        }
      } ]
    },
    "request": {
      "method": "PUT",
      "url": "Practitioner/c4c3321f-4443-40d0-847b-1a7e0571b66c"
    }
  }, {
    "fullUrl": "https://madie.cms.gov/MedicationRequest/56a4c524-dbaa-4150-905b-56a196dcc97d",
    "resource": {
      "resourceType": "MedicationRequest",
      "id": "56a4c524-dbaa-4150-905b-56a196dcc97d",
      "meta": {
        "profile": [ "http://hl7.org/fhir/us/qicore/StructureDefinition/qicore-medicationrequest" ]
      },
      "status": "active",
      "intent": "order",
      "medicationCodeableConcept": {
        "coding": [ {
          "system": "http://www.nlm.nih.gov/research/umls/rxnorm",
          "version": "06052023",
          "code": "1115257",
          "display": "1.5 ML leuprolide acetate 30 MG/ML Prefilled Syringe"
        } ]
      },
      "subject": {
        "reference": "Patient/e0997418-e22b-4aa9-805b-dde2c398787b"
      },
      "authoredOn": "2025-12-03T08:00:00.000+00:00",
      "requester": {
        "reference": "http://myGoodHealthcare.com/fhir/Practitioner/c4c3321f-4443-40d0-847b-1a7e0571b66c"
      },
      "dosageInstruction": [ {
        "timing": {
          "repeat": {
            "boundsPeriod": {
              "start": "2025-12-03T08:00:00.000+00:00",
              "end": "2026-03-04T08:00:00.000+00:00"
            }
          }
        }
      } ]
    },
    "request": {
      "method": "PUT",
      "url": "MedicationRequest/56a4c524-dbaa-4150-905b-56a196dcc97d"
    }
  }, {
    "fullUrl": "https://madie.cms.gov/ServiceRequest/7549c71c-96ad-45d1-8608-bbfabd1db9be",
    "resource": {
      "resourceType": "ServiceRequest",
      "id": "7549c71c-96ad-45d1-8608-bbfabd1db9be",
      "meta": {
        "profile": [ "http://hl7.org/fhir/us/qicore/StructureDefinition/qicore-servicerequest" ]
      },
      "status": "active",
      "intent": "order",
      "code": {
        "coding": [ {
          "system": "http://snomed.info/sct",
          "version": "http://snomed.info/sct/731000124108/version/20250301",
          "code": "456381000124102",
          "display": "Injection of leuprolide acetate for twelve month period (regime/therapy)"
        } ]
      },
      "subject": {
        "reference": "Patient/e0997418-e22b-4aa9-805b-dde2c398787b"
      },
      "authoredOn": "2025-12-04T08:00:00.000+00:00"
    },
    "request": {
      "method": "PUT",
      "url": "ServiceRequest/7549c71c-96ad-45d1-8608-bbfabd1db9be"
    }
  }, {
    "fullUrl": "https://madie.cms.gov/MeasureReport/574a9c0b-72a4-44b5-9885-68553046897d",
    "resource": {
      "resourceType": "MeasureReport",
      "id": "574a9c0b-72a4-44b5-9885-68553046897d",
      "meta": {
        "profile": [ "http://hl7.org/fhir/us/cqfmeasures/StructureDefinition/test-case-cqfm" ]
      },
      "contained": [ {
        "resourceType": "Parameters",
        "id": "0f105b75-7e3c-4a63-9440-7e282cac8f15-parameters",
        "parameter": [ {
          "name": "subject",
          "valueString": "e0997418-e22b-4aa9-805b-dde2c398787b"
        } ]
      } ],
      "extension": [ {
        "url": "http://hl7.org/fhir/StructureDefinition/cqf-inputParameters",
        "valueReference": {
          "reference": "#0f105b75-7e3c-4a63-9440-7e282cac8f15-parameters"
        }
      }, {
        "url": "http://hl7.org/fhir/us/cqfmeasures/StructureDefinition/cqfm-testCaseDescription",
        "valueMarkdown": "Dx of Prostate Cancer and qualifying encounters. ADT in December before MP, DEXA within 2 years prior to ADT."
      } ],
      "modifierExtension": [ {
        "url": "http://hl7.org/fhir/us/cqfmeasures/StructureDefinition/cqfm-isTestCase",
        "valueBoolean": true
      } ],
      "status": "complete",
      "type": "individual",
      "measure": "https://madie.cms.gov/Measure/CMS645FHIRBoneDensityPCADTherapy",
      "period": {
        "start": "2026-01-01",
        "end": "2026-12-31"
      },
      "group": [ {
        "id": "Group_1",
        "population": [ {
          "id": "InitialPopulation_1",
          "code": {
            "coding": [ {
              "system": "http://terminology.hl7.org/CodeSystem/measure-population",
              "code": "initial-population",
              "display": "Initial Population"
            } ]
          },
          "count": 1
        }, {
          "id": "Denominator_1",
          "code": {
            "coding": [ {
              "system": "http://terminology.hl7.org/CodeSystem/measure-population",
              "code": "denominator",
              "display": "Denominator"
            } ]
          },
          "count": 1
        }, {
          "id": "Numerator_1",
          "code": {
            "coding": [ {
              "system": "http://terminology.hl7.org/CodeSystem/measure-population",
              "code": "numerator",
              "display": "Numerator"
            } ]
          },
          "count": 1
        }, {
          "id": "DenominatorException_1",
          "code": {
            "coding": [ {
              "system": "http://terminology.hl7.org/CodeSystem/measure-population",
              "code": "denominator-exception",
              "display": "Denominator Exception"
            } ]
          },
          "count": 0
        } ],
        "measureScore": {
          "value": 1.0
        }
      } ],
      "evaluatedResource": [ {
        "reference": "Patient/e0997418-e22b-4aa9-805b-dde2c398787b"
      }, {
        "reference": "Encounter/ed79a4a4-1871-42e9-ac67-e61e2dc9493e"
      }, {
        "reference": "Condition/6a70c892-98ee-42c3-8ebf-a4522610d079"
      }, {
        "reference": "Condition/2ff120d5-8e09-4a03-b841-4011a4e64073"
      }, {
        "reference": "ServiceRequest/1ea4e7e4-85d3-40a8-a6d5-3ae0d2728049"
      }, {
        "reference": "Practitioner/c4c3321f-4443-40d0-847b-1a7e0571b66c"
      }, {
        "reference": "MedicationRequest/56a4c524-dbaa-4150-905b-56a196dcc97d"
      }, {
        "reference": "ServiceRequest/7549c71c-96ad-45d1-8608-bbfabd1db9be"
      } ]
    },
    "request": {
      "method": "PUT",
      "url": "MeasureReport/574a9c0b-72a4-44b5-9885-68553046897d"
    }
  } ]
}