{
  "resourceType": "Bundle",
  "id": "60abda28bf0a01003e3f76bd",
  "type": "transaction",
  "entry": [ {
    "fullUrl": "https://madie.cms.gov/Patient/878aa680-2642-45b8-b103-5ef96188b5ea",
    "resource": {
      "resourceType": "Patient",
      "id": "878aa680-2642-45b8-b103-5ef96188b5ea",
      "meta": {
        "profile": [ "http://hl7.org/fhir/us/qicore/StructureDefinition/qicore-patient" ]
      },
      "extension": [ {
        "url": "http://hl7.org/fhir/us/core/StructureDefinition/us-core-race",
        "extension": [ {
          "url": "ombCategory",
          "valueCoding": {
            "system": "urn:oid:2.16.840.1.113883.6.238",
            "code": "2054-5",
            "display": "Black or African American",
            "userSelected": true
          }
        }, {
          "url": "text",
          "valueString": "Black or African American"
        } ]
      }, {
        "url": "http://hl7.org/fhir/us/core/StructureDefinition/us-core-ethnicity",
        "extension": [ {
          "url": "ombCategory",
          "valueCoding": {
            "system": "urn:oid:2.16.840.1.113883.6.238",
            "code": "2186-5",
            "display": "Not Hispanic or Latino",
            "userSelected": true
          }
        }, {
          "url": "text",
          "valueString": "Not Hispanic or Latino"
        } ]
      } ],
      "identifier": [ {
        "type": {
          "coding": [ {
            "system": "http://terminology.hl7.org/CodeSystem/v2-0203",
            "code": "MR"
          } ]
        },
        "system": "https://bonnie-fhir.healthit.gov/",
        "value": "60abda28bf0a01003e3f76bd"
      } ],
      "name": [ {
        "family": "NUMERPass",
        "given": [ "DEXA3MonthsAfterADTEdge" ]
      } ],
      "gender": "male",
      "birthDate": "1930-06-15"
    },
    "request": {
      "method": "PUT",
      "url": "Patient/878aa680-2642-45b8-b103-5ef96188b5ea"
    }
  }, {
    "fullUrl": "https://madie.cms.gov/Encounter/9e9b6493-31e0-4e0a-b7e9-d8a690d4d60f",
    "resource": {
      "resourceType": "Encounter",
      "id": "9e9b6493-31e0-4e0a-b7e9-d8a690d4d60f",
      "meta": {
        "profile": [ "http://hl7.org/fhir/us/qicore/StructureDefinition/qicore-encounter" ]
      },
      "status": "finished",
      "class": {
        "system": "http://terminology.hl7.org/CodeSystem/v3-ActCode",
        "code": "AMB",
        "display": "ambulatory"
      },
      "type": [ {
        "coding": [ {
          "system": "http://snomed.info/sct",
          "version": "2021-09",
          "code": "185463005",
          "display": "Visit out of hours (procedure)",
          "userSelected": true
        } ]
      } ],
      "subject": {
        "reference": "Patient/878aa680-2642-45b8-b103-5ef96188b5ea"
      },
      "period": {
        "start": "2026-05-01T08:00:00.000+00:00",
        "end": "2026-05-01T08:15:00.000+00:00"
      }
    },
    "request": {
      "method": "PUT",
      "url": "Encounter/9e9b6493-31e0-4e0a-b7e9-d8a690d4d60f"
    }
  }, {
    "fullUrl": "https://madie.cms.gov/Condition/e519615b-694e-4577-ac21-9e254d40d94c",
    "resource": {
      "resourceType": "Condition",
      "id": "e519615b-694e-4577-ac21-9e254d40d94c",
      "meta": {
        "profile": [ "http://hl7.org/fhir/us/qicore/StructureDefinition/qicore-condition-problems-health-concerns" ]
      },
      "clinicalStatus": {
        "coding": [ {
          "system": "http://terminology.hl7.org/CodeSystem/condition-clinical",
          "code": "active",
          "display": "Active",
          "userSelected": true
        } ]
      },
      "verificationStatus": {
        "coding": [ {
          "system": "http://terminology.hl7.org/CodeSystem/condition-ver-status",
          "code": "confirmed"
        } ]
      },
      "category": [ {
        "coding": [ {
          "system": "http://terminology.hl7.org/CodeSystem/condition-category",
          "code": "problem-list-item",
          "display": "Problem List Item"
        } ]
      } ],
      "code": {
        "coding": [ {
          "system": "http://snomed.info/sct",
          "version": "http://snomed.info/sct/731000124108/version/20250301",
          "code": "254900004",
          "display": "Carcinoma of prostate (disorder)",
          "userSelected": true
        } ]
      },
      "subject": {
        "reference": "Patient/878aa680-2642-45b8-b103-5ef96188b5ea"
      },
      "onsetPeriod": {
        "start": "2026-04-04T08:00:00.000+00:00"
      }
    },
    "request": {
      "method": "PUT",
      "url": "Condition/e519615b-694e-4577-ac21-9e254d40d94c"
    }
  }, {
    "fullUrl": "https://madie.cms.gov/Observation/a4af7d49-3de3-454e-bb6c-4be39c233744",
    "resource": {
      "resourceType": "Observation",
      "id": "a4af7d49-3de3-454e-bb6c-4be39c233744",
      "meta": {
        "profile": [ "http://hl7.org/fhir/us/qicore/StructureDefinition/qicore-observation-clinical-result" ]
      },
      "status": "final",
      "category": [ {
        "coding": [ {
          "system": "http://terminology.hl7.org/CodeSystem/observation-category",
          "code": "imaging",
          "display": "Imaging"
        } ]
      }, {
        "coding": [ {
          "system": "http://terminology.hl7.org/CodeSystem/observation-category",
          "code": "survey"
        } ]
      } ],
      "code": {
        "coding": [ {
          "system": "http://loinc.org",
          "version": "2.69",
          "code": "38265-5",
          "display": "DXA Radius and Ulna [T-score] Bone density",
          "userSelected": true
        } ]
      },
      "subject": {
        "reference": "Patient/878aa680-2642-45b8-b103-5ef96188b5ea"
      },
      "effectivePeriod": {
        "start": "2026-08-02T08:00:00.000+00:00"
      },
      "dataAbsentReason": {
        "coding": [ {
          "system": "http://terminology.hl7.org/CodeSystem/data-absent-reason",
          "code": "unknown",
          "display": "Unknown"
        } ]
      }
    },
    "request": {
      "method": "PUT",
      "url": "Observation/a4af7d49-3de3-454e-bb6c-4be39c233744"
    }
  }, {
    "fullUrl": "https://madie.cms.gov/Practitioner/eae28190-45f1-44ec-953c-45532615a9f2",
    "resource": {
      "resourceType": "Practitioner",
      "id": "eae28190-45f1-44ec-953c-45532615a9f2",
      "meta": {
        "profile": [ "http://hl7.org/fhir/us/qicore/StructureDefinition/qicore-practitioner" ]
      },
      "identifier": [ {
        "use": "temp",
        "system": "urn:oid:2.16.840.1.113883.4.336",
        "value": "Practitioner-23"
      } ],
      "active": true,
      "name": [ {
        "family": "Careful",
        "given": [ "Adam" ],
        "prefix": [ "Dr" ]
      } ],
      "address": [ {
        "use": "home",
        "line": [ "534 Erewhon St" ],
        "city": "PleasantVille",
        "state": "UT",
        "postalCode": "84414"
      } ],
      "qualification": [ {
        "identifier": [ {
          "system": "http://example.org/UniversityIdentifier",
          "value": "12345"
        } ],
        "code": {
          "coding": [ {
            "system": "http://terminology.hl7.org/CodeSystem/v2-0360|2.7",
            "code": "BS",
            "display": "Bachelor of Science"
          } ],
          "text": "Bachelor of Science"
        },
        "period": {
          "start": "1996"
        },
        "issuer": {
          "display": "Example University"
        }
      } ]
    },
    "request": {
      "method": "PUT",
      "url": "Practitioner/eae28190-45f1-44ec-953c-45532615a9f2"
    }
  }, {
    "fullUrl": "https://madie.cms.gov/MedicationRequest/6a9f52a8-6009-49c4-a554-b446bce42b65",
    "resource": {
      "resourceType": "MedicationRequest",
      "id": "6a9f52a8-6009-49c4-a554-b446bce42b65",
      "meta": {
        "profile": [ "http://hl7.org/fhir/us/qicore/StructureDefinition/qicore-medicationrequest" ]
      },
      "status": "active",
      "intent": "order",
      "medicationCodeableConcept": {
        "coding": [ {
          "system": "http://www.nlm.nih.gov/research/umls/rxnorm",
          "code": "1115257",
          "display": "1.5 ML leuprolide acetate 30 MG/ML Prefilled Syringe",
          "userSelected": true
        } ]
      },
      "subject": {
        "reference": "Patient/878aa680-2642-45b8-b103-5ef96188b5ea"
      },
      "authoredOn": "2026-05-01T08:00:00.000+00:00",
      "requester": {
        "reference": "http://myGoodHealthcare.com/fhir/Practitioner/eae28190-45f1-44ec-953c-45532615a9f2"
      },
      "dosageInstruction": [ {
        "timing": {
          "repeat": {
            "boundsPeriod": {
              "start": "2026-05-01T08:00:00.000+00:00",
              "end": "2026-06-01T08:00:00.000+00:00"
            }
          }
        }
      } ]
    },
    "request": {
      "method": "PUT",
      "url": "MedicationRequest/6a9f52a8-6009-49c4-a554-b446bce42b65"
    }
  }, {
    "fullUrl": "https://madie.cms.gov/ServiceRequest/f66bbd17-b3c4-4931-8582-db4249be8fe5",
    "resource": {
      "resourceType": "ServiceRequest",
      "id": "f66bbd17-b3c4-4931-8582-db4249be8fe5",
      "meta": {
        "profile": [ "http://hl7.org/fhir/us/qicore/StructureDefinition/qicore-servicerequest" ]
      },
      "status": "active",
      "intent": "order",
      "code": {
        "coding": [ {
          "system": "http://snomed.info/sct",
          "version": "http://snomed.info/sct/731000124108/version/20250301",
          "code": "456381000124102",
          "display": "Injection of leuprolide acetate for twelve month period (regime/therapy)"
        } ]
      },
      "subject": {
        "reference": "Patient/878aa680-2642-45b8-b103-5ef96188b5ea"
      },
      "authoredOn": "2026-05-01T08:00:00.000+00:00"
    },
    "request": {
      "method": "PUT",
      "url": "ServiceRequest/f66bbd17-b3c4-4931-8582-db4249be8fe5"
    }
  }, {
    "fullUrl": "https://madie.cms.gov/MeasureReport/ccc77667-fed1-43f7-bb23-6fa297fb52eb",
    "resource": {
      "resourceType": "MeasureReport",
      "id": "ccc77667-fed1-43f7-bb23-6fa297fb52eb",
      "meta": {
        "profile": [ "http://hl7.org/fhir/us/cqfmeasures/StructureDefinition/test-case-cqfm" ]
      },
      "contained": [ {
        "resourceType": "Parameters",
        "id": "04a99e65-e7a2-4694-9a5b-faee7c34f32a-parameters",
        "parameter": [ {
          "name": "subject",
          "valueString": "878aa680-2642-45b8-b103-5ef96188b5ea"
        } ]
      } ],
      "extension": [ {
        "url": "http://hl7.org/fhir/StructureDefinition/cqf-inputParameters",
        "valueReference": {
          "reference": "#04a99e65-e7a2-4694-9a5b-faee7c34f32a-parameters"
        }
      }, {
        "url": "http://hl7.org/fhir/us/cqfmeasures/StructureDefinition/cqfm-testCaseDescription",
        "valueMarkdown": "Dx of Prostate Cancer, and qualifying encounter(s) in MP, However, DEXA 3 mo and 1 day after ADT.  Fails NUMER Criteria"
      } ],
      "modifierExtension": [ {
        "url": "http://hl7.org/fhir/us/cqfmeasures/StructureDefinition/cqfm-isTestCase",
        "valueBoolean": true
      } ],
      "status": "complete",
      "type": "individual",
      "measure": "https://madie.cms.gov/Measure/CMS645FHIRBoneDensityPCADTherapy",
      "period": {
        "start": "2026-01-01",
        "end": "2026-12-31"
      },
      "group": [ {
        "id": "Group_1",
        "population": [ {
          "id": "InitialPopulation_1",
          "code": {
            "coding": [ {
              "system": "http://terminology.hl7.org/CodeSystem/measure-population",
              "code": "initial-population",
              "display": "Initial Population"
            } ]
          },
          "count": 1
        }, {
          "id": "Denominator_1",
          "code": {
            "coding": [ {
              "system": "http://terminology.hl7.org/CodeSystem/measure-population",
              "code": "denominator",
              "display": "Denominator"
            } ]
          },
          "count": 1
        }, {
          "id": "Numerator_1",
          "code": {
            "coding": [ {
              "system": "http://terminology.hl7.org/CodeSystem/measure-population",
              "code": "numerator",
              "display": "Numerator"
            } ]
          },
          "count": 0
        }, {
          "id": "DenominatorException_1",
          "code": {
            "coding": [ {
              "system": "http://terminology.hl7.org/CodeSystem/measure-population",
              "code": "denominator-exception",
              "display": "Denominator Exception"
            } ]
          },
          "count": 0
        } ],
        "measureScore": {
          "value": 1.0
        }
      } ],
      "evaluatedResource": [ {
        "reference": "Patient/878aa680-2642-45b8-b103-5ef96188b5ea"
      }, {
        "reference": "Encounter/9e9b6493-31e0-4e0a-b7e9-d8a690d4d60f"
      }, {
        "reference": "Condition/e519615b-694e-4577-ac21-9e254d40d94c"
      }, {
        "reference": "Observation/a4af7d49-3de3-454e-bb6c-4be39c233744"
      }, {
        "reference": "Practitioner/eae28190-45f1-44ec-953c-45532615a9f2"
      }, {
        "reference": "MedicationRequest/6a9f52a8-6009-49c4-a554-b446bce42b65"
      }, {
        "reference": "ServiceRequest/f66bbd17-b3c4-4931-8582-db4249be8fe5"
      } ]
    },
    "request": {
      "method": "PUT",
      "url": "MeasureReport/ccc77667-fed1-43f7-bb23-6fa297fb52eb"
    }
  } ]
}