{
  "resourceType": "Bundle",
  "id": "60abda28bf0a01003e3f76bd",
  "type": "transaction",
  "entry": [ {
    "fullUrl": "https://madie.cms.gov/Patient/f3f9227e-50eb-4752-af8a-464072cc60c2",
    "resource": {
      "resourceType": "Patient",
      "id": "f3f9227e-50eb-4752-af8a-464072cc60c2",
      "meta": {
        "profile": [ "http://hl7.org/fhir/us/qicore/StructureDefinition/qicore-patient" ]
      },
      "extension": [ {
        "url": "http://hl7.org/fhir/us/core/StructureDefinition/us-core-race",
        "extension": [ {
          "url": "ombCategory",
          "valueCoding": {
            "system": "urn:oid:2.16.840.1.113883.6.238",
            "code": "2054-5",
            "display": "Black or African American"
          }
        }, {
          "url": "text",
          "valueString": "Black or African American"
        } ]
      }, {
        "url": "http://hl7.org/fhir/us/core/StructureDefinition/us-core-ethnicity",
        "extension": [ {
          "url": "ombCategory",
          "valueCoding": {
            "system": "urn:oid:2.16.840.1.113883.6.238",
            "code": "2186-5",
            "display": "Not Hispanic or Latino"
          }
        }, {
          "url": "text",
          "valueString": "Not Hispanic or Latino"
        } ]
      } ],
      "identifier": [ {
        "type": {
          "coding": [ {
            "system": "http://terminology.hl7.org/CodeSystem/v2-0203",
            "code": "MR"
          } ]
        },
        "system": "https://bonnie-fhir.healthit.gov/",
        "value": "463131313187656"
      } ],
      "name": [ {
        "family": "NUMERPass",
        "given": [ "ADT9MonthsAfterStartofMPEdge" ]
      } ],
      "gender": "male",
      "birthDate": "1930-06-15"
    },
    "request": {
      "method": "PUT",
      "url": "Patient/f3f9227e-50eb-4752-af8a-464072cc60c2"
    }
  }, {
    "fullUrl": "https://madie.cms.gov/Encounter/1705f053-2ee7-4f3e-b800-2873c697154c",
    "resource": {
      "resourceType": "Encounter",
      "id": "1705f053-2ee7-4f3e-b800-2873c697154c",
      "meta": {
        "profile": [ "http://hl7.org/fhir/us/qicore/StructureDefinition/qicore-encounter" ]
      },
      "status": "finished",
      "class": {
        "system": "http://terminology.hl7.org/CodeSystem/v3-ActCode",
        "code": "AMB",
        "display": "ambulatory"
      },
      "type": [ {
        "coding": [ {
          "system": "http://snomed.info/sct",
          "version": "http://snomed.info/sct/731000124108/version/20240301",
          "code": "185463005",
          "display": "Visit out of hours (procedure)"
        } ]
      } ],
      "subject": {
        "reference": "Patient/f3f9227e-50eb-4752-af8a-464072cc60c2"
      },
      "period": {
        "start": "2026-09-01T08:00:00.000+00:00",
        "end": "2026-09-01T08:15:00.000+00:00"
      }
    },
    "request": {
      "method": "PUT",
      "url": "Encounter/1705f053-2ee7-4f3e-b800-2873c697154c"
    }
  }, {
    "fullUrl": "https://madie.cms.gov/Condition/b0b09258-1579-4c4a-9294-3f767805d145",
    "resource": {
      "resourceType": "Condition",
      "id": "b0b09258-1579-4c4a-9294-3f767805d145",
      "meta": {
        "profile": [ "http://hl7.org/fhir/us/qicore/StructureDefinition/qicore-condition-problems-health-concerns" ]
      },
      "clinicalStatus": {
        "coding": [ {
          "system": "http://terminology.hl7.org/CodeSystem/condition-clinical",
          "code": "active",
          "display": "Active",
          "userSelected": true
        } ]
      },
      "verificationStatus": {
        "coding": [ {
          "system": "http://terminology.hl7.org/CodeSystem/condition-ver-status",
          "code": "confirmed"
        } ]
      },
      "category": [ {
        "coding": [ {
          "system": "http://terminology.hl7.org/CodeSystem/condition-category",
          "code": "problem-list-item",
          "display": "Problem List Item"
        } ]
      } ],
      "code": {
        "coding": [ {
          "system": "http://snomed.info/sct",
          "version": "http://snomed.info/sct/731000124108/version/20250301",
          "code": "254900004",
          "display": "Carcinoma of prostate (disorder)"
        } ]
      },
      "subject": {
        "reference": "Patient/f3f9227e-50eb-4752-af8a-464072cc60c2"
      },
      "onsetPeriod": {
        "start": "2026-09-01T08:00:00.000+00:00"
      }
    },
    "request": {
      "method": "PUT",
      "url": "Condition/b0b09258-1579-4c4a-9294-3f767805d145"
    }
  }, {
    "fullUrl": "https://madie.cms.gov/Observation/e4eee4a7-60ef-4333-bf5a-a32c6c4a0950",
    "resource": {
      "resourceType": "Observation",
      "id": "e4eee4a7-60ef-4333-bf5a-a32c6c4a0950",
      "meta": {
        "profile": [ "http://hl7.org/fhir/us/qicore/StructureDefinition/qicore-observation-clinical-result" ]
      },
      "status": "final",
      "category": [ {
        "coding": [ {
          "system": "http://terminology.hl7.org/CodeSystem/observation-category",
          "code": "imaging",
          "display": "Imaging"
        } ]
      }, {
        "coding": [ {
          "system": "http://terminology.hl7.org/CodeSystem/observation-category",
          "code": "survey"
        } ]
      } ],
      "code": {
        "coding": [ {
          "system": "http://loinc.org",
          "version": "2.76",
          "code": "38265-5",
          "display": "DXA Radius and Ulna [T-score] Bone density"
        } ]
      },
      "subject": {
        "reference": "Patient/f3f9227e-50eb-4752-af8a-464072cc60c2"
      },
      "effectivePeriod": {
        "start": "2026-12-30T10:00:00.000+00:00"
      },
      "dataAbsentReason": {
        "coding": [ {
          "system": "http://terminology.hl7.org/CodeSystem/data-absent-reason",
          "code": "unknown",
          "display": "Unknown"
        } ]
      }
    },
    "request": {
      "method": "PUT",
      "url": "Observation/e4eee4a7-60ef-4333-bf5a-a32c6c4a0950"
    }
  }, {
    "fullUrl": "https://madie.cms.gov/Practitioner/1d67dae5-9ef6-4e78-94c4-ad5faaae8a7e",
    "resource": {
      "resourceType": "Practitioner",
      "id": "1d67dae5-9ef6-4e78-94c4-ad5faaae8a7e",
      "meta": {
        "profile": [ "http://hl7.org/fhir/us/qicore/StructureDefinition/qicore-practitioner" ]
      },
      "identifier": [ {
        "use": "temp",
        "system": "urn:oid:2.16.840.1.113883.4.336",
        "value": "Practitioner-23"
      } ],
      "active": true,
      "name": [ {
        "family": "Careful",
        "given": [ "Adam" ],
        "prefix": [ "Dr" ]
      } ],
      "address": [ {
        "use": "home",
        "line": [ "534 Erewhon St" ],
        "city": "PleasantVille",
        "state": "UT",
        "postalCode": "84414"
      } ],
      "qualification": [ {
        "identifier": [ {
          "system": "http://example.org/UniversityIdentifier",
          "value": "12345"
        } ],
        "code": {
          "coding": [ {
            "system": "http://terminology.hl7.org/CodeSystem/v2-0360|2.7",
            "code": "BS",
            "display": "Bachelor of Science"
          } ],
          "text": "Bachelor of Science"
        },
        "period": {
          "start": "1996"
        },
        "issuer": {
          "display": "Example University"
        }
      } ]
    },
    "request": {
      "method": "PUT",
      "url": "Practitioner/1d67dae5-9ef6-4e78-94c4-ad5faaae8a7e"
    }
  }, {
    "fullUrl": "https://madie.cms.gov/MedicationRequest/d59586d3-fcf7-402b-829b-251cb91cc10b",
    "resource": {
      "resourceType": "MedicationRequest",
      "id": "d59586d3-fcf7-402b-829b-251cb91cc10b",
      "meta": {
        "profile": [ "http://hl7.org/fhir/us/qicore/StructureDefinition/qicore-medicationrequest" ]
      },
      "status": "active",
      "intent": "order",
      "medicationCodeableConcept": {
        "coding": [ {
          "system": "http://www.nlm.nih.gov/research/umls/rxnorm",
          "version": "06052023",
          "code": "1115257",
          "display": "1.5 ML leuprolide acetate 30 MG/ML Prefilled Syringe"
        } ]
      },
      "subject": {
        "reference": "Patient/f3f9227e-50eb-4752-af8a-464072cc60c2"
      },
      "authoredOn": "2026-09-29T08:00:00.000+00:00",
      "requester": {
        "reference": "http://myGoodHealthcare.com/fhir/Practitioner/1d67dae5-9ef6-4e78-94c4-ad5faaae8a7e"
      },
      "dosageInstruction": [ {
        "timing": {
          "repeat": {
            "boundsPeriod": {
              "start": "2026-09-30T08:00:00.000+00:00"
            }
          }
        }
      } ]
    },
    "request": {
      "method": "PUT",
      "url": "MedicationRequest/d59586d3-fcf7-402b-829b-251cb91cc10b"
    }
  }, {
    "fullUrl": "https://madie.cms.gov/ServiceRequest/17cb7476-12e8-4394-81ea-59cf95c5264c",
    "resource": {
      "resourceType": "ServiceRequest",
      "id": "17cb7476-12e8-4394-81ea-59cf95c5264c",
      "meta": {
        "profile": [ "http://hl7.org/fhir/us/qicore/StructureDefinition/qicore-servicerequest" ]
      },
      "status": "active",
      "intent": "order",
      "code": {
        "coding": [ {
          "system": "http://snomed.info/sct",
          "version": "http://snomed.info/sct/731000124108/version/20250301",
          "code": "456381000124102",
          "display": "Injection of leuprolide acetate for twelve month period (regime/therapy)"
        } ]
      },
      "subject": {
        "reference": "Patient/f3f9227e-50eb-4752-af8a-464072cc60c2"
      },
      "authoredOn": "2026-09-30T08:00:00.000+00:00"
    },
    "request": {
      "method": "PUT",
      "url": "ServiceRequest/17cb7476-12e8-4394-81ea-59cf95c5264c"
    }
  }, {
    "fullUrl": "https://madie.cms.gov/MeasureReport/5dfcda8a-fc4f-44de-8b2c-50110aebb7dd",
    "resource": {
      "resourceType": "MeasureReport",
      "id": "5dfcda8a-fc4f-44de-8b2c-50110aebb7dd",
      "meta": {
        "profile": [ "http://hl7.org/fhir/us/cqfmeasures/StructureDefinition/test-case-cqfm" ]
      },
      "contained": [ {
        "resourceType": "Parameters",
        "id": "966f2aa8-2a26-4862-a6e7-4adecd7eda67-parameters",
        "parameter": [ {
          "name": "subject",
          "valueString": "f3f9227e-50eb-4752-af8a-464072cc60c2"
        } ]
      } ],
      "extension": [ {
        "url": "http://hl7.org/fhir/StructureDefinition/cqf-inputParameters",
        "valueReference": {
          "reference": "#966f2aa8-2a26-4862-a6e7-4adecd7eda67-parameters"
        }
      }, {
        "url": "http://hl7.org/fhir/us/cqfmeasures/StructureDefinition/cqfm-testCaseDescription",
        "valueMarkdown": "Encounter Office Visit in MP.  Dx Prostate Cancer in MP. ADT on 9/30, DEXA on on 12/30 to test timing.  NUMER Criteria Pass"
      } ],
      "modifierExtension": [ {
        "url": "http://hl7.org/fhir/us/cqfmeasures/StructureDefinition/cqfm-isTestCase",
        "valueBoolean": true
      } ],
      "status": "complete",
      "type": "individual",
      "measure": "https://madie.cms.gov/Measure/CMS645FHIRBoneDensityPCADTherapy",
      "period": {
        "start": "2026-01-01",
        "end": "2026-12-31"
      },
      "group": [ {
        "id": "Group_1",
        "population": [ {
          "id": "InitialPopulation_1",
          "code": {
            "coding": [ {
              "system": "http://terminology.hl7.org/CodeSystem/measure-population",
              "code": "initial-population",
              "display": "Initial Population"
            } ]
          },
          "count": 1
        }, {
          "id": "Denominator_1",
          "code": {
            "coding": [ {
              "system": "http://terminology.hl7.org/CodeSystem/measure-population",
              "code": "denominator",
              "display": "Denominator"
            } ]
          },
          "count": 1
        }, {
          "id": "Numerator_1",
          "code": {
            "coding": [ {
              "system": "http://terminology.hl7.org/CodeSystem/measure-population",
              "code": "numerator",
              "display": "Numerator"
            } ]
          },
          "count": 1
        }, {
          "id": "DenominatorException_1",
          "code": {
            "coding": [ {
              "system": "http://terminology.hl7.org/CodeSystem/measure-population",
              "code": "denominator-exception",
              "display": "Denominator Exception"
            } ]
          },
          "count": 0
        } ],
        "measureScore": {
          "value": 1.0
        }
      } ],
      "evaluatedResource": [ {
        "reference": "Patient/f3f9227e-50eb-4752-af8a-464072cc60c2"
      }, {
        "reference": "Encounter/1705f053-2ee7-4f3e-b800-2873c697154c"
      }, {
        "reference": "Condition/b0b09258-1579-4c4a-9294-3f767805d145"
      }, {
        "reference": "Observation/e4eee4a7-60ef-4333-bf5a-a32c6c4a0950"
      }, {
        "reference": "Practitioner/1d67dae5-9ef6-4e78-94c4-ad5faaae8a7e"
      }, {
        "reference": "MedicationRequest/d59586d3-fcf7-402b-829b-251cb91cc10b"
      }, {
        "reference": "ServiceRequest/17cb7476-12e8-4394-81ea-59cf95c5264c"
      } ]
    },
    "request": {
      "method": "PUT",
      "url": "MeasureReport/5dfcda8a-fc4f-44de-8b2c-50110aebb7dd"
    }
  } ]
}