{
  "resourceType": "Bundle",
  "id": "612e6b6502c62a011f2ed9a4",
  "type": "transaction",
  "entry": [ {
    "fullUrl": "https://madie.cms.gov/Patient/ca882575-6947-4f69-b6d9-929fdea106b5",
    "resource": {
      "resourceType": "Patient",
      "id": "ca882575-6947-4f69-b6d9-929fdea106b5",
      "meta": {
        "profile": [ "http://hl7.org/fhir/us/qicore/StructureDefinition/qicore-patient" ]
      },
      "text": {
        "status": "generated",
        "div": "<div xmlns=\"http://www.w3.org/1999/xhtml\"><div class=\"hapiHeaderText\">Age18DayAfterEncStart <b>IPPFAIL </b></div><table class=\"hapiPropertyTable\"><tbody><tr><td>Identifier</td><td>6b2b5cdc09eff49c605f5750bbfe2765</td></tr><tr><td>Date of birth</td><td><span>03 September 2003</span></td></tr></tbody></table></div>"
      },
      "extension": [ {
        "url": "http://hl7.org/fhir/us/core/StructureDefinition/us-core-race",
        "extension": [ {
          "url": "ombCategory",
          "valueCoding": {
            "system": "urn:oid:2.16.840.1.113883.6.238",
            "code": "1002-5",
            "display": "American Indian or Alaska Native",
            "userSelected": true
          }
        }, {
          "url": "text",
          "valueString": "American Indian or Alaska Native"
        } ]
      }, {
        "url": "http://hl7.org/fhir/us/core/StructureDefinition/us-core-ethnicity",
        "extension": [ {
          "url": "ombCategory",
          "valueCoding": {
            "system": "urn:oid:2.16.840.1.113883.6.238",
            "code": "2135-2",
            "display": "Hispanic or Latino",
            "userSelected": true
          }
        }, {
          "url": "text",
          "valueString": "Hispanic or Latino"
        } ]
      } ],
      "identifier": [ {
        "type": {
          "coding": [ {
            "system": "http://terminology.hl7.org/CodeSystem/v2-0203",
            "code": "MR"
          } ]
        },
        "system": "https://bonnie-fhir.healthit.gov/",
        "value": "612e6b6502c62a011f2ed9a4"
      } ],
      "active": true,
      "name": [ {
        "use": "usual",
        "family": "IPPFail",
        "given": [ "Age18DayAfterEncStart" ]
      } ],
      "gender": "unknown",
      "birthDate": "2007-09-03"
    },
    "request": {
      "method": "PUT",
      "url": "Patient/ca882575-6947-4f69-b6d9-929fdea106b5"
    }
  }, {
    "fullUrl": "https://madie.cms.gov/Encounter/7b3a3ce5-de53-4038-bcb6-4c701bd7dbbb",
    "resource": {
      "resourceType": "Encounter",
      "id": "7b3a3ce5-de53-4038-bcb6-4c701bd7dbbb",
      "meta": {
        "profile": [ "http://hl7.org/fhir/us/qicore/StructureDefinition/qicore-encounter" ]
      },
      "status": "finished",
      "class": {
        "system": "http://terminology.hl7.org/CodeSystem/v3-ActCode",
        "code": "IMP",
        "display": "inpatient encounter"
      },
      "type": [ {
        "coding": [ {
          "system": "http://snomed.info/sct",
          "code": "183452005"
        } ]
      } ],
      "subject": {
        "reference": "Patient/ca882575-6947-4f69-b6d9-929fdea106b5"
      },
      "period": {
        "start": "2025-09-02T12:59:00+00:00",
        "end": "2025-12-31T12:59:00+00:00"
      },
      "length": {
        "value": 120,
        "unit": "days"
      }
    },
    "request": {
      "method": "PUT",
      "url": "Encounter/7b3a3ce5-de53-4038-bcb6-4c701bd7dbbb"
    }
  }, {
    "fullUrl": "https://madie.cms.gov/Coverage/293fa61a-ca6e-495e-a1bb-4e9e37d9a6a4",
    "resource": {
      "resourceType": "Coverage",
      "id": "293fa61a-ca6e-495e-a1bb-4e9e37d9a6a4",
      "status": "active",
      "beneficiary": {
        "reference": "Patient/ca882575-6947-4f69-b6d9-929fdea106b5"
      },
      "period": {
        "start": "2006-09-03T08:00:00+00:00"
      },
      "payor": [ {
        "reference": "Organization/2419e223-f313-4027-922d-ed6d07126db6"
      } ]
    },
    "request": {
      "method": "PUT",
      "url": "Coverage/293fa61a-ca6e-495e-a1bb-4e9e37d9a6a4"
    }
  }, {
    "fullUrl": "https://madie.cms.gov/Organization/2419e223-f313-4027-922d-ed6d07126db6",
    "resource": {
      "resourceType": "Organization",
      "id": "2419e223-f313-4027-922d-ed6d07126db6",
      "meta": {
        "profile": [ "http://hl7.org/fhir/us/qicore/StructureDefinition/qicore-organization" ]
      },
      "identifier": [ {
        "use": "temp",
        "system": "urn:oid:2.16.840.1.113883.4.4",
        "value": "21-3259825"
      } ],
      "active": true,
      "type": [ {
        "coding": [ {
          "system": "http://terminology.hl7.org/CodeSystem/organization-type",
          "code": "pay",
          "display": "Payer"
        } ]
      } ],
      "name": "Blue Cross Blue Shield of Texas",
      "telecom": [ {
        "system": "phone",
        "value": "(+1) 972-766-6900"
      } ],
      "address": [ {
        "use": "billing",
        "type": "postal",
        "line": [ "P.O. Box 660044" ],
        "city": "Dallas",
        "state": "TX",
        "postalCode": "75266-0044",
        "country": "USA"
      } ]
    },
    "request": {
      "method": "PUT",
      "url": "Organization/2419e223-f313-4027-922d-ed6d07126db6"
    }
  }, {
    "fullUrl": "https://madie.cms.gov/Practitioner/2cf3248d-c2ff-4207-babe-38217f20aee0",
    "resource": {
      "resourceType": "Practitioner",
      "id": "2cf3248d-c2ff-4207-babe-38217f20aee0",
      "identifier": [ {
        "system": "http://hl7.org/fhir/sid/us-npi",
        "value": "123456"
      } ],
      "name": [ {
        "family": "Evil",
        "prefix": [ "Dr" ]
      } ]
    },
    "request": {
      "method": "PUT",
      "url": "Practitioner/2cf3248d-c2ff-4207-babe-38217f20aee0"
    }
  }, {
    "fullUrl": "https://madie.cms.gov/MeasureReport/72af81a1-490a-4511-a8aa-6a2e1d68e1db",
    "resource": {
      "resourceType": "MeasureReport",
      "id": "72af81a1-490a-4511-a8aa-6a2e1d68e1db",
      "meta": {
        "profile": [ "http://hl7.org/fhir/us/cqfmeasures/StructureDefinition/test-case-cqfm" ]
      },
      "contained": [ {
        "resourceType": "Parameters",
        "id": "b31dbe8b-f552-472c-a1d4-ffa73a9bf641-parameters",
        "parameter": [ {
          "name": "subject",
          "valueString": "ca882575-6947-4f69-b6d9-929fdea106b5"
        } ]
      } ],
      "extension": [ {
        "url": "http://hl7.org/fhir/us/cqfmeasures/StructureDefinition/cqfm-inputParameters",
        "valueReference": {
          "reference": "#b31dbe8b-f552-472c-a1d4-ffa73a9bf641-parameters"
        }
      }, {
        "url": "http://hl7.org/fhir/us/cqfmeasures/StructureDefinition/cqfm-testCaseDescription",
        "valueMarkdown": "Patient turns 18 day after inpatient admission\n"
      } ],
      "modifierExtension": [ {
        "url": "http://hl7.org/fhir/us/cqfmeasures/StructureDefinition/cqfm-isTestCase",
        "valueBoolean": true
      } ],
      "status": "complete",
      "type": "individual",
      "measure": "https://madie.cms.gov/Measure/VenousThromboembolismProphylaxisFHIR",
      "period": {
        "start": "2025-01-01",
        "end": "2025-12-31"
      },
      "group": [ {
        "population": [ {
          "code": {
            "coding": [ {
              "system": "http://terminology.hl7.org/CodeSystem/measure-population",
              "code": "initial-population",
              "display": "Initial Population"
            } ]
          },
          "count": 0
        }, {
          "code": {
            "coding": [ {
              "system": "http://terminology.hl7.org/CodeSystem/measure-population",
              "code": "denominator",
              "display": "Denominator"
            } ]
          },
          "count": 0
        }, {
          "code": {
            "coding": [ {
              "system": "http://terminology.hl7.org/CodeSystem/measure-population",
              "code": "denominator-exclusion",
              "display": "Denominator Exclusion"
            } ]
          },
          "count": 0
        }, {
          "code": {
            "coding": [ {
              "system": "http://terminology.hl7.org/CodeSystem/measure-population",
              "code": "numerator",
              "display": "Numerator"
            } ]
          },
          "count": 0
        } ]
      } ],
      "evaluatedResource": [ {
        "reference": "Patient/ca882575-6947-4f69-b6d9-929fdea106b5"
      }, {
        "reference": "Encounter/7b3a3ce5-de53-4038-bcb6-4c701bd7dbbb"
      }, {
        "reference": "Coverage/293fa61a-ca6e-495e-a1bb-4e9e37d9a6a4"
      }, {
        "reference": "Organization/2419e223-f313-4027-922d-ed6d07126db6"
      }, {
        "reference": "Practitioner/2cf3248d-c2ff-4207-babe-38217f20aee0"
      } ]
    },
    "request": {
      "method": "PUT",
      "url": "MeasureReport/72af81a1-490a-4511-a8aa-6a2e1d68e1db"
    }
  } ]
}