{
  "resourceType": "Bundle",
  "id": "612e6afc02c62a011f2ec022",
  "type": "transaction",
  "entry": [ {
    "fullUrl": "https://madie.cms.gov/Patient/4388e745-b19e-43f8-8962-f185b23e71e3",
    "resource": {
      "resourceType": "Patient",
      "id": "4388e745-b19e-43f8-8962-f185b23e71e3",
      "meta": {
        "profile": [ "http://hl7.org/fhir/us/qicore/StructureDefinition/qicore-patient" ]
      },
      "text": {
        "status": "generated",
        "div": "<div xmlns=\"http://www.w3.org/1999/xhtml\"><div class=\"hapiHeaderText\">PrincDxHemStroke <b>DENEXPASS </b></div><table class=\"hapiPropertyTable\"><tbody><tr><td>Identifier</td><td>29c9716eb5f48b54d7b337bf497e0e5e</td></tr><tr><td>Date of birth</td><td><span>01 December 2003</span></td></tr></tbody></table></div>"
      },
      "extension": [ {
        "url": "http://hl7.org/fhir/us/core/StructureDefinition/us-core-race",
        "extension": [ {
          "url": "ombCategory",
          "valueCoding": {
            "system": "urn:oid:2.16.840.1.113883.6.238",
            "code": "1002-5",
            "display": "American Indian or Alaska Native",
            "userSelected": true
          }
        }, {
          "url": "text",
          "valueString": "American Indian or Alaska Native"
        } ]
      }, {
        "url": "http://hl7.org/fhir/us/core/StructureDefinition/us-core-ethnicity",
        "extension": [ {
          "url": "ombCategory",
          "valueCoding": {
            "system": "urn:oid:2.16.840.1.113883.6.238",
            "code": "2135-2",
            "display": "Hispanic or Latino",
            "userSelected": true
          }
        }, {
          "url": "text",
          "valueString": "Hispanic or Latino"
        } ]
      } ],
      "identifier": [ {
        "type": {
          "coding": [ {
            "system": "http://terminology.hl7.org/CodeSystem/v2-0203",
            "code": "MR"
          } ]
        },
        "system": "https://bonnie-fhir.healthit.gov/",
        "value": "612e6afc02c62a011f2ec022"
      } ],
      "active": true,
      "name": [ {
        "use": "usual",
        "family": "DENEXPass",
        "given": [ "PrincDxHemStroke" ]
      } ],
      "gender": "female",
      "birthDate": "2001-12-01"
    },
    "request": {
      "method": "PUT",
      "url": "Patient/4388e745-b19e-43f8-8962-f185b23e71e3"
    }
  }, {
    "fullUrl": "https://madie.cms.gov/Encounter/11ad11d0-8f66-4c90-b29d-7c2e6a29d0fa",
    "resource": {
      "resourceType": "Encounter",
      "id": "11ad11d0-8f66-4c90-b29d-7c2e6a29d0fa",
      "meta": {
        "profile": [ "http://hl7.org/fhir/us/qicore/StructureDefinition/qicore-encounter" ]
      },
      "status": "finished",
      "class": {
        "system": "http://terminology.hl7.org/CodeSystem/v3-ActCode",
        "code": "IMP",
        "display": "inpatient encounter"
      },
      "type": [ {
        "coding": [ {
          "system": "http://snomed.info/sct",
          "code": "183452005"
        } ]
      } ],
      "subject": {
        "reference": "Patient/4388e745-b19e-43f8-8962-f185b23e71e3"
      },
      "period": {
        "start": "2025-12-01T00:00:00+00:00",
        "end": "2025-12-31T23:59:00+00:00"
      },
      "length": {
        "value": 30,
        "unit": "days"
      },
      "diagnosis": [ {
        "condition": {
          "reference": "Condition/b2875421-f2ac-4b0d-a093-1e1f04ed9027"
        },
        "use": {
          "coding": [ {
            "system": "http://terminology.hl7.org/CodeSystem/diagnosis-role",
            "code": "billing"
          } ]
        },
        "rank": 1
      } ]
    },
    "request": {
      "method": "PUT",
      "url": "Encounter/11ad11d0-8f66-4c90-b29d-7c2e6a29d0fa"
    }
  }, {
    "fullUrl": "https://madie.cms.gov/Coverage/e126c1d4-1a75-4b93-8369-9a2b045b28ed",
    "resource": {
      "resourceType": "Coverage",
      "id": "e126c1d4-1a75-4b93-8369-9a2b045b28ed",
      "status": "active",
      "beneficiary": {
        "reference": "Patient/4388e745-b19e-43f8-8962-f185b23e71e3"
      },
      "period": {
        "start": "2003-12-01T01:00:00+00:00"
      },
      "payor": [ {
        "reference": "Organization/8c27f713-5a32-4f9d-af8b-e9c45e205765"
      } ]
    },
    "request": {
      "method": "PUT",
      "url": "Coverage/e126c1d4-1a75-4b93-8369-9a2b045b28ed"
    }
  }, {
    "fullUrl": "https://madie.cms.gov/Condition/b2875421-f2ac-4b0d-a093-1e1f04ed9027",
    "resource": {
      "resourceType": "Condition",
      "id": "b2875421-f2ac-4b0d-a093-1e1f04ed9027",
      "meta": {
        "profile": [ "http://hl7.org/fhir/us/qicore/StructureDefinition/qicore-condition" ]
      },
      "category": [ {
        "coding": [ {
          "system": "http://terminology.hl7.org/CodeSystem/condition-category",
          "code": "encounter-diagnosis",
          "display": "Encounter Diagnosis"
        } ]
      } ],
      "code": {
        "coding": [ {
          "system": "http://snomed.info/sct",
          "version": "2025-03",
          "code": "195155004",
          "display": "Subarachnoid hemorrhage from carotid siphon and bifurcation (disorder)",
          "userSelected": true
        } ]
      },
      "subject": {
        "reference": "Patient/4388e745-b19e-43f8-8962-f185b23e71e3"
      },
      "recordedDate": "2025-07-13T08:00:00.000+00:00"
    },
    "request": {
      "method": "PUT",
      "url": "Condition/b2875421-f2ac-4b0d-a093-1e1f04ed9027"
    }
  }, {
    "fullUrl": "https://madie.cms.gov/Organization/8c27f713-5a32-4f9d-af8b-e9c45e205765",
    "resource": {
      "resourceType": "Organization",
      "id": "8c27f713-5a32-4f9d-af8b-e9c45e205765",
      "meta": {
        "profile": [ "http://hl7.org/fhir/us/qicore/StructureDefinition/qicore-organization" ]
      },
      "identifier": [ {
        "use": "temp",
        "system": "urn:oid:2.16.840.1.113883.4.4",
        "value": "21-3259825"
      } ],
      "active": true,
      "type": [ {
        "coding": [ {
          "system": "http://terminology.hl7.org/CodeSystem/organization-type",
          "code": "pay",
          "display": "Payer"
        } ]
      } ],
      "name": "Blue Cross Blue Shield of Texas",
      "telecom": [ {
        "system": "phone",
        "value": "(+1) 972-766-6900"
      } ],
      "address": [ {
        "use": "billing",
        "type": "postal",
        "line": [ "P.O. Box 660044" ],
        "city": "Dallas",
        "state": "TX",
        "postalCode": "75266-0044",
        "country": "USA"
      } ]
    },
    "request": {
      "method": "PUT",
      "url": "Organization/8c27f713-5a32-4f9d-af8b-e9c45e205765"
    }
  }, {
    "fullUrl": "https://madie.cms.gov/Practitioner/14e5c8e8-da24-4e41-b76e-403d93d603d8",
    "resource": {
      "resourceType": "Practitioner",
      "id": "14e5c8e8-da24-4e41-b76e-403d93d603d8",
      "identifier": [ {
        "system": "http://hl7.org/fhir/sid/us-npi",
        "value": "123456"
      } ],
      "name": [ {
        "family": "Evil",
        "prefix": [ "Dr" ]
      } ]
    },
    "request": {
      "method": "PUT",
      "url": "Practitioner/14e5c8e8-da24-4e41-b76e-403d93d603d8"
    }
  }, {
    "fullUrl": "https://madie.cms.gov/MeasureReport/fce6432b-9059-4449-8fc1-16110bc8bedc",
    "resource": {
      "resourceType": "MeasureReport",
      "id": "fce6432b-9059-4449-8fc1-16110bc8bedc",
      "meta": {
        "profile": [ "http://hl7.org/fhir/us/cqfmeasures/StructureDefinition/test-case-cqfm" ]
      },
      "contained": [ {
        "resourceType": "Parameters",
        "id": "4577591c-f682-47e9-9a3e-9325b731d17e-parameters",
        "parameter": [ {
          "name": "subject",
          "valueString": "4388e745-b19e-43f8-8962-f185b23e71e3"
        } ]
      } ],
      "extension": [ {
        "url": "http://hl7.org/fhir/us/cqfmeasures/StructureDefinition/cqfm-inputParameters",
        "valueReference": {
          "reference": "#4577591c-f682-47e9-9a3e-9325b731d17e-parameters"
        }
      }, {
        "url": "http://hl7.org/fhir/us/cqfmeasures/StructureDefinition/cqfm-testCaseDescription",
        "valueMarkdown": "Principal Dx of HemStroke\n"
      } ],
      "modifierExtension": [ {
        "url": "http://hl7.org/fhir/us/cqfmeasures/StructureDefinition/cqfm-isTestCase",
        "valueBoolean": true
      } ],
      "status": "complete",
      "type": "individual",
      "measure": "https://madie.cms.gov/Measure/VenousThromboembolismProphylaxisFHIR",
      "period": {
        "start": "2025-01-01",
        "end": "2025-12-31"
      },
      "group": [ {
        "population": [ {
          "code": {
            "coding": [ {
              "system": "http://terminology.hl7.org/CodeSystem/measure-population",
              "code": "initial-population",
              "display": "Initial Population"
            } ]
          },
          "count": 1
        }, {
          "code": {
            "coding": [ {
              "system": "http://terminology.hl7.org/CodeSystem/measure-population",
              "code": "denominator",
              "display": "Denominator"
            } ]
          },
          "count": 1
        }, {
          "code": {
            "coding": [ {
              "system": "http://terminology.hl7.org/CodeSystem/measure-population",
              "code": "denominator-exclusion",
              "display": "Denominator Exclusion"
            } ]
          },
          "count": 1
        }, {
          "code": {
            "coding": [ {
              "system": "http://terminology.hl7.org/CodeSystem/measure-population",
              "code": "numerator",
              "display": "Numerator"
            } ]
          },
          "count": 0
        } ]
      } ],
      "evaluatedResource": [ {
        "reference": "Patient/4388e745-b19e-43f8-8962-f185b23e71e3"
      }, {
        "reference": "Encounter/11ad11d0-8f66-4c90-b29d-7c2e6a29d0fa"
      }, {
        "reference": "Coverage/e126c1d4-1a75-4b93-8369-9a2b045b28ed"
      }, {
        "reference": "Condition/b2875421-f2ac-4b0d-a093-1e1f04ed9027"
      }, {
        "reference": "Organization/8c27f713-5a32-4f9d-af8b-e9c45e205765"
      }, {
        "reference": "Practitioner/14e5c8e8-da24-4e41-b76e-403d93d603d8"
      } ]
    },
    "request": {
      "method": "PUT",
      "url": "MeasureReport/fce6432b-9059-4449-8fc1-16110bc8bedc"
    }
  } ]
}