{
  "resourceType": "Bundle",
  "id": "612e6b5602c62a011f2ed5d3",
  "type": "transaction",
  "entry": [ {
    "fullUrl": "https://madie.cms.gov/Patient/a83dfdfb-fc3a-4f14-aaf3-95e09ee47ffa",
    "resource": {
      "resourceType": "Patient",
      "id": "a83dfdfb-fc3a-4f14-aaf3-95e09ee47ffa",
      "meta": {
        "profile": [ "http://hl7.org/fhir/us/qicore/StructureDefinition/qicore-patient" ]
      },
      "text": {
        "status": "generated",
        "div": "<div xmlns=\"http://www.w3.org/1999/xhtml\"><div class=\"hapiHeaderText\">MA_OralXa_apixabanWVTEdiagnosisAFProc <b>NUMERFAIL </b></div><table class=\"hapiPropertyTable\"><tbody><tr><td>Identifier</td><td>6c48d9c79b22e4d3ea2146a4520f69cf</td></tr><tr><td>Date of birth</td><td><span>01 December 1966</span></td></tr></tbody></table></div>"
      },
      "extension": [ {
        "url": "http://hl7.org/fhir/us/core/StructureDefinition/us-core-race",
        "extension": [ {
          "url": "ombCategory",
          "valueCoding": {
            "system": "urn:oid:2.16.840.1.113883.6.238",
            "code": "1002-5",
            "display": "American Indian or Alaska Native",
            "userSelected": true
          }
        }, {
          "url": "text",
          "valueString": "American Indian or Alaska Native"
        } ]
      }, {
        "url": "http://hl7.org/fhir/us/core/StructureDefinition/us-core-ethnicity",
        "extension": [ {
          "url": "ombCategory",
          "valueCoding": {
            "system": "urn:oid:2.16.840.1.113883.6.238",
            "code": "2135-2",
            "display": "Hispanic or Latino",
            "userSelected": true
          }
        }, {
          "url": "text",
          "valueString": "Hispanic or Latino"
        } ]
      } ],
      "identifier": [ {
        "type": {
          "coding": [ {
            "system": "http://terminology.hl7.org/CodeSystem/v2-0203",
            "code": "MR"
          } ]
        },
        "system": "https://bonnie-fhir.healthit.gov/",
        "value": "612e6b5602c62a011f2ed5d3"
      } ],
      "active": true,
      "name": [ {
        "use": "usual",
        "family": "NUMERFail",
        "given": [ "MA_OralXa_apixabanWVTEdiagnosisAFProc" ]
      } ],
      "gender": "male",
      "birthDate": "1966-12-01"
    },
    "request": {
      "method": "PUT",
      "url": "Patient/a83dfdfb-fc3a-4f14-aaf3-95e09ee47ffa"
    }
  }, {
    "fullUrl": "https://madie.cms.gov/Encounter/61ca39e1-cc5b-4ed3-ade0-a83df562147e",
    "resource": {
      "resourceType": "Encounter",
      "id": "61ca39e1-cc5b-4ed3-ade0-a83df562147e",
      "meta": {
        "profile": [ "http://hl7.org/fhir/us/qicore/StructureDefinition/qicore-encounter" ]
      },
      "status": "finished",
      "class": {
        "system": "http://terminology.hl7.org/CodeSystem/v3-ActCode",
        "code": "IMP",
        "display": "inpatient encounter"
      },
      "type": [ {
        "coding": [ {
          "system": "http://snomed.info/sct",
          "code": "8715000"
        } ]
      } ],
      "subject": {
        "reference": "Patient/a83dfdfb-fc3a-4f14-aaf3-95e09ee47ffa"
      },
      "period": {
        "start": "2025-11-01T08:00:00+00:00",
        "end": "2025-11-26T08:15:00+00:00"
      },
      "length": {
        "value": 25.0,
        "unit": "days"
      }
    },
    "request": {
      "method": "PUT",
      "url": "Encounter/61ca39e1-cc5b-4ed3-ade0-a83df562147e"
    }
  }, {
    "fullUrl": "https://madie.cms.gov/Coverage/5d3f5f9f-47cf-453e-b866-64b35e0051dd",
    "resource": {
      "resourceType": "Coverage",
      "id": "5d3f5f9f-47cf-453e-b866-64b35e0051dd",
      "status": "active",
      "beneficiary": {
        "reference": "Patient/a83dfdfb-fc3a-4f14-aaf3-95e09ee47ffa"
      },
      "period": {
        "start": "1966-12-01T01:00:00+00:00"
      },
      "payor": [ {
        "reference": "Organization/4854d90e-2bfb-4871-a152-e4f21dc52c68"
      } ]
    },
    "request": {
      "method": "PUT",
      "url": "Coverage/5d3f5f9f-47cf-453e-b866-64b35e0051dd"
    }
  }, {
    "fullUrl": "https://madie.cms.gov/Condition/55830929-05e7-4bfa-8f3e-9c8b0ebbc91d",
    "resource": {
      "resourceType": "Condition",
      "id": "55830929-05e7-4bfa-8f3e-9c8b0ebbc91d",
      "meta": {
        "profile": [ "http://hl7.org/fhir/us/qicore/StructureDefinition/qicore-condition" ]
      },
      "category": [ {
        "coding": [ {
          "system": "http://terminology.hl7.org/CodeSystem/condition-category",
          "code": "problem-list-item",
          "display": "Problem List Item"
        } ]
      } ],
      "code": {
        "coding": [ {
          "system": "http://snomed.info/sct",
          "code": "1001000119102"
        } ]
      },
      "subject": {
        "reference": "Patient/a83dfdfb-fc3a-4f14-aaf3-95e09ee47ffa"
      },
      "onsetPeriod": {
        "start": "2025-11-02T08:00:00+00:00",
        "end": "2025-11-02T08:15:00+00:00"
      }
    },
    "request": {
      "method": "PUT",
      "url": "Condition/55830929-05e7-4bfa-8f3e-9c8b0ebbc91d"
    }
  }, {
    "fullUrl": "https://madie.cms.gov/MedicationAdministration/d6a56b16-22f2-4914-98fa-8403838af6bd",
    "resource": {
      "resourceType": "MedicationAdministration",
      "id": "d6a56b16-22f2-4914-98fa-8403838af6bd",
      "meta": {
        "profile": [ "http://hl7.org/fhir/us/qicore/StructureDefinition/qicore-medicationadministration" ]
      },
      "status": "completed",
      "medicationCodeableConcept": {
        "coding": [ {
          "system": "http://www.nlm.nih.gov/research/umls/rxnorm",
          "code": "1364435"
        } ]
      },
      "subject": {
        "reference": "Patient/a83dfdfb-fc3a-4f14-aaf3-95e09ee47ffa"
      },
      "effectivePeriod": {
        "start": "2025-11-01T11:00:00+00:00"
      }
    },
    "request": {
      "method": "PUT",
      "url": "MedicationAdministration/d6a56b16-22f2-4914-98fa-8403838af6bd"
    }
  }, {
    "fullUrl": "https://madie.cms.gov/Procedure/3167a32a-e427-4bf5-95bf-bfcfa5e713d7",
    "resource": {
      "resourceType": "Procedure",
      "id": "3167a32a-e427-4bf5-95bf-bfcfa5e713d7",
      "meta": {
        "profile": [ "http://hl7.org/fhir/us/qicore/StructureDefinition/qicore-procedure" ]
      },
      "extension": [ {
        "url": "http://hl7.org/fhir/us/qicore/StructureDefinition/qicore-recorded",
        "valueDateTime": "2012-12-04T09:35:00-04:00"
      } ],
      "status": "completed",
      "code": {
        "coding": [ {
          "system": "http://www.icd10data.com/icd10pcs",
          "code": "3E030FZ"
        }, {
          "system": "http://snomed.info/sct",
          "code": "18946005"
        } ]
      },
      "subject": {
        "reference": "Patient/a83dfdfb-fc3a-4f14-aaf3-95e09ee47ffa"
      },
      "performedPeriod": {
        "start": "2025-11-01T09:00:00+00:00",
        "end": "2025-11-01T09:15:00+00:00"
      }
    },
    "request": {
      "method": "PUT",
      "url": "Procedure/3167a32a-e427-4bf5-95bf-bfcfa5e713d7"
    }
  }, {
    "fullUrl": "https://madie.cms.gov/Organization/4854d90e-2bfb-4871-a152-e4f21dc52c68",
    "resource": {
      "resourceType": "Organization",
      "id": "4854d90e-2bfb-4871-a152-e4f21dc52c68",
      "meta": {
        "profile": [ "http://hl7.org/fhir/us/qicore/StructureDefinition/qicore-organization" ]
      },
      "identifier": [ {
        "use": "temp",
        "system": "urn:oid:2.16.840.1.113883.4.4",
        "value": "21-3259825"
      } ],
      "active": true,
      "type": [ {
        "coding": [ {
          "system": "http://terminology.hl7.org/CodeSystem/organization-type",
          "code": "pay",
          "display": "Payer"
        } ]
      } ],
      "name": "Blue Cross Blue Shield of Texas",
      "telecom": [ {
        "system": "phone",
        "value": "(+1) 972-766-6900"
      } ],
      "address": [ {
        "use": "billing",
        "type": "postal",
        "line": [ "P.O. Box 660044" ],
        "city": "Dallas",
        "state": "TX",
        "postalCode": "75266-0044",
        "country": "USA"
      } ]
    },
    "request": {
      "method": "PUT",
      "url": "Organization/4854d90e-2bfb-4871-a152-e4f21dc52c68"
    }
  }, {
    "fullUrl": "https://madie.cms.gov/Practitioner/62d21fef-f1cb-4405-847b-6563105d3aae",
    "resource": {
      "resourceType": "Practitioner",
      "id": "62d21fef-f1cb-4405-847b-6563105d3aae",
      "identifier": [ {
        "system": "http://hl7.org/fhir/sid/us-npi",
        "value": "123456"
      } ],
      "name": [ {
        "family": "Evil",
        "prefix": [ "Dr" ]
      } ]
    },
    "request": {
      "method": "PUT",
      "url": "Practitioner/62d21fef-f1cb-4405-847b-6563105d3aae"
    }
  }, {
    "fullUrl": "https://madie.cms.gov/MeasureReport/920449bf-b930-4dcb-91c0-c3335486121e",
    "resource": {
      "resourceType": "MeasureReport",
      "id": "920449bf-b930-4dcb-91c0-c3335486121e",
      "meta": {
        "profile": [ "http://hl7.org/fhir/us/cqfmeasures/StructureDefinition/test-case-cqfm" ]
      },
      "contained": [ {
        "resourceType": "Parameters",
        "id": "0b672c9d-2e5f-4c25-9090-6a6bf19ffa75-parameters",
        "parameter": [ {
          "name": "subject",
          "valueString": "a83dfdfb-fc3a-4f14-aaf3-95e09ee47ffa"
        } ]
      } ],
      "extension": [ {
        "url": "http://hl7.org/fhir/us/cqfmeasures/StructureDefinition/cqfm-inputParameters",
        "valueReference": {
          "reference": "#0b672c9d-2e5f-4c25-9090-6a6bf19ffa75-parameters"
        }
      }, {
        "url": "http://hl7.org/fhir/us/cqfmeasures/StructureDefinition/cqfm-testCaseDescription",
        "valueMarkdown": ">18, LOS<120 day. Medication, Administered: Oral Factor Xa Inhibitor for VTE Prophylaxis with diagnosis of active VTE starts after end of surgery\n"
      } ],
      "modifierExtension": [ {
        "url": "http://hl7.org/fhir/us/cqfmeasures/StructureDefinition/cqfm-isTestCase",
        "valueBoolean": true
      } ],
      "status": "complete",
      "type": "individual",
      "measure": "https://madie.cms.gov/Measure/VenousThromboembolismProphylaxisFHIR",
      "period": {
        "start": "2025-01-01",
        "end": "2025-12-31"
      },
      "group": [ {
        "population": [ {
          "code": {
            "coding": [ {
              "system": "http://terminology.hl7.org/CodeSystem/measure-population",
              "code": "initial-population",
              "display": "Initial Population"
            } ]
          },
          "count": 1
        }, {
          "code": {
            "coding": [ {
              "system": "http://terminology.hl7.org/CodeSystem/measure-population",
              "code": "denominator",
              "display": "Denominator"
            } ]
          },
          "count": 1
        }, {
          "code": {
            "coding": [ {
              "system": "http://terminology.hl7.org/CodeSystem/measure-population",
              "code": "denominator-exclusion",
              "display": "Denominator Exclusion"
            } ]
          },
          "count": 0
        }, {
          "code": {
            "coding": [ {
              "system": "http://terminology.hl7.org/CodeSystem/measure-population",
              "code": "numerator",
              "display": "Numerator"
            } ]
          },
          "count": 0
        } ]
      } ],
      "evaluatedResource": [ {
        "reference": "Patient/a83dfdfb-fc3a-4f14-aaf3-95e09ee47ffa"
      }, {
        "reference": "Encounter/61ca39e1-cc5b-4ed3-ade0-a83df562147e"
      }, {
        "reference": "Coverage/5d3f5f9f-47cf-453e-b866-64b35e0051dd"
      }, {
        "reference": "Condition/55830929-05e7-4bfa-8f3e-9c8b0ebbc91d"
      }, {
        "reference": "MedicationAdministration/d6a56b16-22f2-4914-98fa-8403838af6bd"
      }, {
        "reference": "Procedure/3167a32a-e427-4bf5-95bf-bfcfa5e713d7"
      }, {
        "reference": "Organization/4854d90e-2bfb-4871-a152-e4f21dc52c68"
      }, {
        "reference": "Practitioner/62d21fef-f1cb-4405-847b-6563105d3aae"
      } ]
    },
    "request": {
      "method": "PUT",
      "url": "MeasureReport/920449bf-b930-4dcb-91c0-c3335486121e"
    }
  } ]
}