{
  "resourceType": "Bundle",
  "id": "612e6ad702c62a011f2eb691",
  "type": "transaction",
  "entry": [ {
    "fullUrl": "https://madie.cms.gov/Patient/4addf384-183f-4afa-bfc6-40e5ab89afe7",
    "resource": {
      "resourceType": "Patient",
      "id": "4addf384-183f-4afa-bfc6-40e5ab89afe7",
      "meta": {
        "profile": [ "http://hl7.org/fhir/us/qicore/StructureDefinition/qicore-patient" ]
      },
      "text": {
        "status": "generated",
        "div": "<div xmlns=\"http://www.w3.org/1999/xhtml\"><div class=\"hapiHeaderText\">INR4_1DayAfterAnes_2DayAFAdm <b>NUMERPASS </b></div><table class=\"hapiPropertyTable\"><tbody><tr><td>Identifier</td><td>d60bf11ee63fd74306a1faa9c3f4d0e1</td></tr><tr><td>Date of birth</td><td><span>02 January 1974</span></td></tr></tbody></table></div>"
      },
      "extension": [ {
        "url": "http://hl7.org/fhir/us/core/StructureDefinition/us-core-race",
        "extension": [ {
          "url": "ombCategory",
          "valueCoding": {
            "system": "urn:oid:2.16.840.1.113883.6.238",
            "code": "1002-5",
            "display": "American Indian or Alaska Native",
            "userSelected": true
          }
        }, {
          "url": "text",
          "valueString": "American Indian or Alaska Native"
        } ]
      }, {
        "url": "http://hl7.org/fhir/us/core/StructureDefinition/us-core-ethnicity",
        "extension": [ {
          "url": "ombCategory",
          "valueCoding": {
            "system": "urn:oid:2.16.840.1.113883.6.238",
            "code": "2135-2",
            "display": "Hispanic or Latino",
            "userSelected": true
          }
        }, {
          "url": "text",
          "valueString": "Hispanic or Latino"
        } ]
      } ],
      "identifier": [ {
        "type": {
          "coding": [ {
            "system": "http://terminology.hl7.org/CodeSystem/v2-0203",
            "code": "MR"
          } ]
        },
        "system": "https://bonnie-fhir.healthit.gov/",
        "value": "612e6ad702c62a011f2eb691"
      } ],
      "active": true,
      "name": [ {
        "use": "usual",
        "family": "NUMERPass",
        "given": [ "INR4_1DayAfterAnes_2DayAFAdm" ]
      } ],
      "gender": "male",
      "birthDate": "1974-01-02"
    },
    "request": {
      "method": "PUT",
      "url": "Patient/4addf384-183f-4afa-bfc6-40e5ab89afe7"
    }
  }, {
    "fullUrl": "https://madie.cms.gov/Encounter/f62c8cbb-e6d8-4a36-8639-7fea94fbca6a",
    "resource": {
      "resourceType": "Encounter",
      "id": "f62c8cbb-e6d8-4a36-8639-7fea94fbca6a",
      "meta": {
        "profile": [ "http://hl7.org/fhir/us/qicore/StructureDefinition/qicore-encounter" ]
      },
      "status": "finished",
      "class": {
        "system": "http://terminology.hl7.org/CodeSystem/v3-ActCode",
        "code": "IMP",
        "display": "inpatient encounter"
      },
      "type": [ {
        "coding": [ {
          "system": "http://snomed.info/sct",
          "code": "8715000"
        } ]
      } ],
      "subject": {
        "reference": "Patient/4addf384-183f-4afa-bfc6-40e5ab89afe7"
      },
      "period": {
        "start": "2025-11-01T08:00:00+00:00",
        "end": "2025-11-26T08:15:00+00:00"
      },
      "length": {
        "value": 25.0,
        "unit": "days"
      }
    },
    "request": {
      "method": "PUT",
      "url": "Encounter/f62c8cbb-e6d8-4a36-8639-7fea94fbca6a"
    }
  }, {
    "fullUrl": "https://madie.cms.gov/Coverage/ab073fc8-a44f-4dd4-91fe-3ba51d53c556",
    "resource": {
      "resourceType": "Coverage",
      "id": "ab073fc8-a44f-4dd4-91fe-3ba51d53c556",
      "status": "active",
      "beneficiary": {
        "reference": "Patient/4addf384-183f-4afa-bfc6-40e5ab89afe7"
      },
      "period": {
        "start": "1974-01-02T08:00:00+00:00"
      },
      "payor": [ {
        "reference": "Organization/c5d30f6c-3011-4133-8a47-9b2e85696296"
      } ]
    },
    "request": {
      "method": "PUT",
      "url": "Coverage/ab073fc8-a44f-4dd4-91fe-3ba51d53c556"
    }
  }, {
    "fullUrl": "https://madie.cms.gov/Observation/80d0a968-a30a-41db-8f63-3cb5f76803d8",
    "resource": {
      "resourceType": "Observation",
      "id": "80d0a968-a30a-41db-8f63-3cb5f76803d8",
      "meta": {
        "profile": [ "http://hl7.org/fhir/us/core/StructureDefinition/us-core-observation-lab" ]
      },
      "status": "final",
      "category": [ {
        "coding": [ {
          "system": "http://terminology.hl7.org/CodeSystem/observation-category",
          "code": "laboratory",
          "display": "Laboratory"
        } ]
      } ],
      "code": {
        "coding": [ {
          "system": "http://loinc.org",
          "code": "34714-6"
        } ]
      },
      "subject": {
        "reference": "Patient/4addf384-183f-4afa-bfc6-40e5ab89afe7"
      },
      "effectiveDateTime": "2025-11-03T09:00:00+00:00",
      "issued": "2025-11-03T09:00:00.000+00:00",
      "valueQuantity": {
        "value": 4.0,
        "unit": "{INR}"
      }
    },
    "request": {
      "method": "PUT",
      "url": "Observation/80d0a968-a30a-41db-8f63-3cb5f76803d8"
    }
  }, {
    "fullUrl": "https://madie.cms.gov/Procedure/1a9f69b7-22af-4549-82e4-42c8235add91",
    "resource": {
      "resourceType": "Procedure",
      "id": "1a9f69b7-22af-4549-82e4-42c8235add91",
      "meta": {
        "profile": [ "http://hl7.org/fhir/us/qicore/StructureDefinition/qicore-procedure" ]
      },
      "extension": [ {
        "url": "http://hl7.org/fhir/us/qicore/StructureDefinition/qicore-recorded",
        "valueDateTime": "2012-11-02T09:35:00-04:00"
      } ],
      "status": "completed",
      "code": {
        "coding": [ {
          "system": "http://www.icd10data.com/icd10pcs",
          "code": "3E030FZ"
        }, {
          "system": "http://snomed.info/sct",
          "code": "18946005"
        } ]
      },
      "subject": {
        "reference": "Patient/4addf384-183f-4afa-bfc6-40e5ab89afe7"
      },
      "performedPeriod": {
        "start": "2025-11-02T09:00:00+00:00",
        "end": "2025-11-02T09:15:00+00:00"
      }
    },
    "request": {
      "method": "PUT",
      "url": "Procedure/1a9f69b7-22af-4549-82e4-42c8235add91"
    }
  }, {
    "fullUrl": "https://madie.cms.gov/Organization/c5d30f6c-3011-4133-8a47-9b2e85696296",
    "resource": {
      "resourceType": "Organization",
      "id": "c5d30f6c-3011-4133-8a47-9b2e85696296",
      "meta": {
        "profile": [ "http://hl7.org/fhir/us/qicore/StructureDefinition/qicore-organization" ]
      },
      "identifier": [ {
        "use": "temp",
        "system": "urn:oid:2.16.840.1.113883.4.4",
        "value": "21-3259825"
      } ],
      "active": true,
      "type": [ {
        "coding": [ {
          "system": "http://terminology.hl7.org/CodeSystem/organization-type",
          "code": "pay",
          "display": "Payer"
        } ]
      } ],
      "name": "Blue Cross Blue Shield of Texas",
      "telecom": [ {
        "system": "phone",
        "value": "(+1) 972-766-6900"
      } ],
      "address": [ {
        "use": "billing",
        "type": "postal",
        "line": [ "P.O. Box 660044" ],
        "city": "Dallas",
        "state": "TX",
        "postalCode": "75266-0044",
        "country": "USA"
      } ]
    },
    "request": {
      "method": "PUT",
      "url": "Organization/c5d30f6c-3011-4133-8a47-9b2e85696296"
    }
  }, {
    "fullUrl": "https://madie.cms.gov/Practitioner/ef63209f-3734-441d-8d54-cf7a951f316e",
    "resource": {
      "resourceType": "Practitioner",
      "id": "ef63209f-3734-441d-8d54-cf7a951f316e",
      "identifier": [ {
        "system": "http://hl7.org/fhir/sid/us-npi",
        "value": "123456"
      } ],
      "name": [ {
        "family": "Evil",
        "prefix": [ "Dr" ]
      } ]
    },
    "request": {
      "method": "PUT",
      "url": "Practitioner/ef63209f-3734-441d-8d54-cf7a951f316e"
    }
  }, {
    "fullUrl": "https://madie.cms.gov/MeasureReport/58b16717-e8d2-4082-baf6-782d9a589df0",
    "resource": {
      "resourceType": "MeasureReport",
      "id": "58b16717-e8d2-4082-baf6-782d9a589df0",
      "meta": {
        "profile": [ "http://hl7.org/fhir/us/cqfmeasures/StructureDefinition/test-case-cqfm" ]
      },
      "contained": [ {
        "resourceType": "Parameters",
        "id": "ad694992-3570-479f-9c66-2eb9b5108495-parameters",
        "parameter": [ {
          "name": "subject",
          "valueString": "4addf384-183f-4afa-bfc6-40e5ab89afe7"
        } ]
      } ],
      "extension": [ {
        "url": "http://hl7.org/fhir/us/cqfmeasures/StructureDefinition/cqfm-inputParameters",
        "valueReference": {
          "reference": "#ad694992-3570-479f-9c66-2eb9b5108495-parameters"
        }
      }, {
        "url": "http://hl7.org/fhir/us/cqfmeasures/StructureDefinition/cqfm-testCaseDescription",
        "valueMarkdown": ">18, dx VTE, LOS<120 day,   LabResult INR>3 no decimal,  Day After surgery end datetime \n"
      } ],
      "modifierExtension": [ {
        "url": "http://hl7.org/fhir/us/cqfmeasures/StructureDefinition/cqfm-isTestCase",
        "valueBoolean": true
      } ],
      "status": "complete",
      "type": "individual",
      "measure": "https://madie.cms.gov/Measure/VenousThromboembolismProphylaxisFHIR",
      "period": {
        "start": "2025-01-01",
        "end": "2025-12-31"
      },
      "group": [ {
        "population": [ {
          "code": {
            "coding": [ {
              "system": "http://terminology.hl7.org/CodeSystem/measure-population",
              "code": "initial-population",
              "display": "Initial Population"
            } ]
          },
          "count": 1
        }, {
          "code": {
            "coding": [ {
              "system": "http://terminology.hl7.org/CodeSystem/measure-population",
              "code": "denominator",
              "display": "Denominator"
            } ]
          },
          "count": 1
        }, {
          "code": {
            "coding": [ {
              "system": "http://terminology.hl7.org/CodeSystem/measure-population",
              "code": "denominator-exclusion",
              "display": "Denominator Exclusion"
            } ]
          },
          "count": 0
        }, {
          "code": {
            "coding": [ {
              "system": "http://terminology.hl7.org/CodeSystem/measure-population",
              "code": "numerator",
              "display": "Numerator"
            } ]
          },
          "count": 1
        } ]
      } ],
      "evaluatedResource": [ {
        "reference": "Patient/4addf384-183f-4afa-bfc6-40e5ab89afe7"
      }, {
        "reference": "Encounter/f62c8cbb-e6d8-4a36-8639-7fea94fbca6a"
      }, {
        "reference": "Coverage/ab073fc8-a44f-4dd4-91fe-3ba51d53c556"
      }, {
        "reference": "Observation/80d0a968-a30a-41db-8f63-3cb5f76803d8"
      }, {
        "reference": "Procedure/1a9f69b7-22af-4549-82e4-42c8235add91"
      }, {
        "reference": "Organization/c5d30f6c-3011-4133-8a47-9b2e85696296"
      }, {
        "reference": "Practitioner/ef63209f-3734-441d-8d54-cf7a951f316e"
      } ]
    },
    "request": {
      "method": "PUT",
      "url": "MeasureReport/58b16717-e8d2-4082-baf6-782d9a589df0"
    }
  } ]
}