{
  "resourceType": "Bundle",
  "id": "612e6a9b02c62a011f2ea8e2",
  "type": "transaction",
  "entry": [ {
    "fullUrl": "https://madie.cms.gov/Patient/21aacec4-eb6f-4821-86dd-eab6c20d68fb",
    "resource": {
      "resourceType": "Patient",
      "id": "21aacec4-eb6f-4821-86dd-eab6c20d68fb",
      "meta": {
        "profile": [ "http://hl7.org/fhir/us/qicore/StructureDefinition/qicore-patient" ]
      },
      "text": {
        "status": "generated",
        "div": "<div xmlns=\"http://www.w3.org/1999/xhtml\"><div class=\"hapiHeaderText\">MA_ThrombDT23HrAfterAnes <b>NUMERPASS </b></div><table class=\"hapiPropertyTable\"><tbody><tr><td>Identifier</td><td>949829b80a2718d749070ce8b95b6a8d</td></tr><tr><td>Date of birth</td><td><span>02 January 1974</span></td></tr></tbody></table></div>"
      },
      "extension": [ {
        "url": "http://hl7.org/fhir/us/core/StructureDefinition/us-core-race",
        "extension": [ {
          "url": "ombCategory",
          "valueCoding": {
            "system": "urn:oid:2.16.840.1.113883.6.238",
            "code": "1002-5",
            "display": "American Indian or Alaska Native",
            "userSelected": true
          }
        }, {
          "url": "text",
          "valueString": "American Indian or Alaska Native"
        } ]
      }, {
        "url": "http://hl7.org/fhir/us/core/StructureDefinition/us-core-ethnicity",
        "extension": [ {
          "url": "ombCategory",
          "valueCoding": {
            "system": "urn:oid:2.16.840.1.113883.6.238",
            "code": "2135-2",
            "display": "Hispanic or Latino",
            "userSelected": true
          }
        }, {
          "url": "text",
          "valueString": "Hispanic or Latino"
        } ]
      } ],
      "identifier": [ {
        "type": {
          "coding": [ {
            "system": "http://terminology.hl7.org/CodeSystem/v2-0203",
            "code": "MR"
          } ]
        },
        "system": "https://bonnie-fhir.healthit.gov/",
        "value": "612e6a9b02c62a011f2ea8e2"
      } ],
      "active": true,
      "name": [ {
        "use": "usual",
        "family": "NUMERPass",
        "given": [ "MA_ThrombDT23HrAfterAnes" ]
      } ],
      "gender": "male",
      "birthDate": "1974-01-02"
    },
    "request": {
      "method": "PUT",
      "url": "Patient/21aacec4-eb6f-4821-86dd-eab6c20d68fb"
    }
  }, {
    "fullUrl": "https://madie.cms.gov/Encounter/b42cc7e5-90b8-475d-a1b8-0f56aaa30fc9",
    "resource": {
      "resourceType": "Encounter",
      "id": "b42cc7e5-90b8-475d-a1b8-0f56aaa30fc9",
      "meta": {
        "profile": [ "http://hl7.org/fhir/us/qicore/StructureDefinition/qicore-encounter" ]
      },
      "status": "finished",
      "class": {
        "system": "http://terminology.hl7.org/CodeSystem/v3-ActCode",
        "code": "IMP",
        "display": "inpatient encounter"
      },
      "type": [ {
        "coding": [ {
          "system": "http://snomed.info/sct",
          "code": "8715000"
        } ]
      } ],
      "subject": {
        "reference": "Patient/21aacec4-eb6f-4821-86dd-eab6c20d68fb"
      },
      "period": {
        "start": "2025-11-01T08:00:00+00:00",
        "end": "2025-11-26T08:15:00+00:00"
      },
      "length": {
        "value": 25.0,
        "unit": "days"
      }
    },
    "request": {
      "method": "PUT",
      "url": "Encounter/b42cc7e5-90b8-475d-a1b8-0f56aaa30fc9"
    }
  }, {
    "fullUrl": "https://madie.cms.gov/Coverage/7cc7d082-14eb-4c45-af29-a220bdf26887",
    "resource": {
      "resourceType": "Coverage",
      "id": "7cc7d082-14eb-4c45-af29-a220bdf26887",
      "status": "active",
      "beneficiary": {
        "reference": "Patient/21aacec4-eb6f-4821-86dd-eab6c20d68fb"
      },
      "period": {
        "start": "1974-01-02T08:00:00+00:00"
      },
      "payor": [ {
        "reference": "Organization/b6f48903-a8ce-4e16-9d0f-f8b2f1e96258"
      } ]
    },
    "request": {
      "method": "PUT",
      "url": "Coverage/7cc7d082-14eb-4c45-af29-a220bdf26887"
    }
  }, {
    "fullUrl": "https://madie.cms.gov/MedicationAdministration/88028f40-8a92-4c4c-ae7e-3309a20bae85",
    "resource": {
      "resourceType": "MedicationAdministration",
      "id": "88028f40-8a92-4c4c-ae7e-3309a20bae85",
      "meta": {
        "profile": [ "http://hl7.org/fhir/us/qicore/StructureDefinition/qicore-medicationadministration" ]
      },
      "status": "completed",
      "medicationCodeableConcept": {
        "coding": [ {
          "system": "http://www.nlm.nih.gov/research/umls/rxnorm",
          "code": "308351"
        } ]
      },
      "subject": {
        "reference": "Patient/21aacec4-eb6f-4821-86dd-eab6c20d68fb"
      },
      "effectiveDateTime": "2025-11-03T09:00:00+00:00"
    },
    "request": {
      "method": "PUT",
      "url": "MedicationAdministration/88028f40-8a92-4c4c-ae7e-3309a20bae85"
    }
  }, {
    "fullUrl": "https://madie.cms.gov/Procedure/4ee2de7e-1f40-486c-953e-3b8f948b8795",
    "resource": {
      "resourceType": "Procedure",
      "id": "4ee2de7e-1f40-486c-953e-3b8f948b8795",
      "meta": {
        "profile": [ "http://hl7.org/fhir/us/qicore/StructureDefinition/qicore-procedure" ]
      },
      "extension": [ {
        "url": "http://hl7.org/fhir/us/qicore/StructureDefinition/qicore-recorded",
        "valueDateTime": "2012-11-03T09:35:00-04:00"
      } ],
      "status": "completed",
      "code": {
        "coding": [ {
          "system": "http://snomed.info/sct",
          "code": "18946005"
        } ]
      },
      "subject": {
        "reference": "Patient/21aacec4-eb6f-4821-86dd-eab6c20d68fb"
      },
      "performedPeriod": {
        "start": "2025-11-02T09:00:00+00:00",
        "end": "2025-11-02T10:15:00+00:00"
      }
    },
    "request": {
      "method": "PUT",
      "url": "Procedure/4ee2de7e-1f40-486c-953e-3b8f948b8795"
    }
  }, {
    "fullUrl": "https://madie.cms.gov/Organization/b6f48903-a8ce-4e16-9d0f-f8b2f1e96258",
    "resource": {
      "resourceType": "Organization",
      "id": "b6f48903-a8ce-4e16-9d0f-f8b2f1e96258",
      "meta": {
        "profile": [ "http://hl7.org/fhir/us/qicore/StructureDefinition/qicore-organization" ]
      },
      "identifier": [ {
        "use": "temp",
        "system": "urn:oid:2.16.840.1.113883.4.4",
        "value": "21-3259825"
      } ],
      "active": true,
      "type": [ {
        "coding": [ {
          "system": "http://terminology.hl7.org/CodeSystem/organization-type",
          "code": "pay",
          "display": "Payer"
        } ]
      } ],
      "name": "Blue Cross Blue Shield of Texas",
      "telecom": [ {
        "system": "phone",
        "value": "(+1) 972-766-6900"
      } ],
      "address": [ {
        "use": "billing",
        "type": "postal",
        "line": [ "P.O. Box 660044" ],
        "city": "Dallas",
        "state": "TX",
        "postalCode": "75266-0044",
        "country": "USA"
      } ]
    },
    "request": {
      "method": "PUT",
      "url": "Organization/b6f48903-a8ce-4e16-9d0f-f8b2f1e96258"
    }
  }, {
    "fullUrl": "https://madie.cms.gov/Practitioner/0ea59015-c0b4-4bc1-86e1-6397c6e9f1ba",
    "resource": {
      "resourceType": "Practitioner",
      "id": "0ea59015-c0b4-4bc1-86e1-6397c6e9f1ba",
      "identifier": [ {
        "system": "http://hl7.org/fhir/sid/us-npi",
        "value": "123456"
      } ],
      "name": [ {
        "family": "Evil",
        "prefix": [ "Dr" ]
      } ]
    },
    "request": {
      "method": "PUT",
      "url": "Practitioner/0ea59015-c0b4-4bc1-86e1-6397c6e9f1ba"
    }
  }, {
    "fullUrl": "https://madie.cms.gov/MeasureReport/e148527c-9319-4696-a1d0-363351817ba1",
    "resource": {
      "resourceType": "MeasureReport",
      "id": "e148527c-9319-4696-a1d0-363351817ba1",
      "meta": {
        "profile": [ "http://hl7.org/fhir/us/cqfmeasures/StructureDefinition/test-case-cqfm" ]
      },
      "contained": [ {
        "resourceType": "Parameters",
        "id": "e11d68be-ab11-4283-af6b-1b874d116eb6-parameters",
        "parameter": [ {
          "name": "subject",
          "valueString": "21aacec4-eb6f-4821-86dd-eab6c20d68fb"
        } ]
      } ],
      "extension": [ {
        "url": "http://hl7.org/fhir/us/cqfmeasures/StructureDefinition/cqfm-inputParameters",
        "valueReference": {
          "reference": "#e11d68be-ab11-4283-af6b-1b874d116eb6-parameters"
        }
      }, {
        "url": "http://hl7.org/fhir/us/cqfmeasures/StructureDefinition/cqfm-testCaseDescription",
        "valueMarkdown": "direct thrombin inhibitor administered = 1 day after end of anesthesia\n"
      } ],
      "modifierExtension": [ {
        "url": "http://hl7.org/fhir/us/cqfmeasures/StructureDefinition/cqfm-isTestCase",
        "valueBoolean": true
      } ],
      "status": "complete",
      "type": "individual",
      "measure": "https://madie.cms.gov/Measure/VenousThromboembolismProphylaxisFHIR",
      "period": {
        "start": "2025-01-01",
        "end": "2025-12-31"
      },
      "group": [ {
        "population": [ {
          "code": {
            "coding": [ {
              "system": "http://terminology.hl7.org/CodeSystem/measure-population",
              "code": "initial-population",
              "display": "Initial Population"
            } ]
          },
          "count": 1
        }, {
          "code": {
            "coding": [ {
              "system": "http://terminology.hl7.org/CodeSystem/measure-population",
              "code": "denominator",
              "display": "Denominator"
            } ]
          },
          "count": 1
        }, {
          "code": {
            "coding": [ {
              "system": "http://terminology.hl7.org/CodeSystem/measure-population",
              "code": "denominator-exclusion",
              "display": "Denominator Exclusion"
            } ]
          },
          "count": 0
        }, {
          "code": {
            "coding": [ {
              "system": "http://terminology.hl7.org/CodeSystem/measure-population",
              "code": "numerator",
              "display": "Numerator"
            } ]
          },
          "count": 1
        } ]
      } ],
      "evaluatedResource": [ {
        "reference": "Patient/21aacec4-eb6f-4821-86dd-eab6c20d68fb"
      }, {
        "reference": "Encounter/b42cc7e5-90b8-475d-a1b8-0f56aaa30fc9"
      }, {
        "reference": "Coverage/7cc7d082-14eb-4c45-af29-a220bdf26887"
      }, {
        "reference": "MedicationAdministration/88028f40-8a92-4c4c-ae7e-3309a20bae85"
      }, {
        "reference": "Procedure/4ee2de7e-1f40-486c-953e-3b8f948b8795"
      }, {
        "reference": "Organization/b6f48903-a8ce-4e16-9d0f-f8b2f1e96258"
      }, {
        "reference": "Practitioner/0ea59015-c0b4-4bc1-86e1-6397c6e9f1ba"
      } ]
    },
    "request": {
      "method": "PUT",
      "url": "MeasureReport/e148527c-9319-4696-a1d0-363351817ba1"
    }
  } ]
}