{
  "resourceType": "Bundle",
  "id": "60abda28bf0a01003e3f76bd",
  "type": "transaction",
  "entry": [ {
    "fullUrl": "https://madie.cms.gov/Patient/b3d69ee8-375d-4039-9b92-c829cf29e154",
    "resource": {
      "resourceType": "Patient",
      "id": "b3d69ee8-375d-4039-9b92-c829cf29e154",
      "meta": {
        "profile": [ "http://hl7.org/fhir/us/qicore/StructureDefinition/qicore-patient" ]
      },
      "extension": [ {
        "url": "http://hl7.org/fhir/us/core/StructureDefinition/us-core-race",
        "extension": [ {
          "url": "ombCategory",
          "valueCoding": {
            "system": "urn:oid:2.16.840.1.113883.6.238",
            "code": "2054-5",
            "display": "Black or African American"
          }
        }, {
          "url": "text",
          "valueString": "Black or African American"
        } ]
      }, {
        "url": "http://hl7.org/fhir/us/core/StructureDefinition/us-core-ethnicity",
        "extension": [ {
          "url": "ombCategory",
          "valueCoding": {
            "system": "urn:oid:2.16.840.1.113883.6.238",
            "code": "2186-5",
            "display": "Not Hispanic or Latino"
          }
        }, {
          "url": "text",
          "valueString": "Not Hispanic or Latino"
        } ]
      } ],
      "identifier": [ {
        "type": {
          "coding": [ {
            "system": "http://terminology.hl7.org/CodeSystem/v2-0203",
            "code": "MR"
          } ]
        },
        "system": "https://bonnie-fhir.healthit.gov/",
        "value": "463131313187656"
      } ],
      "name": [ {
        "family": "NUMERFail",
        "given": [ "DEXA5YearsBeforeADT" ]
      } ],
      "gender": "male",
      "birthDate": "1984-06-15"
    },
    "request": {
      "method": "PUT",
      "url": "Patient/b3d69ee8-375d-4039-9b92-c829cf29e154"
    }
  }, {
    "fullUrl": "https://madie.cms.gov/Encounter/175497bc-c11a-4d2f-8406-9a69d9297872",
    "resource": {
      "resourceType": "Encounter",
      "id": "175497bc-c11a-4d2f-8406-9a69d9297872",
      "meta": {
        "profile": [ "http://hl7.org/fhir/us/qicore/StructureDefinition/qicore-encounter" ]
      },
      "status": "finished",
      "class": {
        "system": "http://terminology.hl7.org/CodeSystem/v3-ActCode",
        "code": "AMB",
        "display": "ambulatory"
      },
      "type": [ {
        "coding": [ {
          "system": "http://snomed.info/sct",
          "version": "http://snomed.info/sct/731000124108/version/20240301",
          "code": "185463005",
          "display": "Visit out of hours (procedure)"
        } ]
      } ],
      "subject": {
        "reference": "Patient/b3d69ee8-375d-4039-9b92-c829cf29e154"
      },
      "period": {
        "start": "2026-05-04T08:00:00.000+00:00",
        "end": "2026-05-04T08:15:00.000+00:00"
      }
    },
    "request": {
      "method": "PUT",
      "url": "Encounter/175497bc-c11a-4d2f-8406-9a69d9297872"
    }
  }, {
    "fullUrl": "https://madie.cms.gov/Condition/572d3a58-c033-49a1-b42c-83e58c52a8cc",
    "resource": {
      "resourceType": "Condition",
      "id": "572d3a58-c033-49a1-b42c-83e58c52a8cc",
      "meta": {
        "profile": [ "http://hl7.org/fhir/us/qicore/StructureDefinition/qicore-condition-problems-health-concerns" ]
      },
      "clinicalStatus": {
        "coding": [ {
          "system": "http://terminology.hl7.org/CodeSystem/condition-clinical",
          "code": "active",
          "display": "Active",
          "userSelected": true
        } ]
      },
      "verificationStatus": {
        "coding": [ {
          "system": "http://terminology.hl7.org/CodeSystem/condition-ver-status",
          "code": "confirmed"
        } ]
      },
      "category": [ {
        "coding": [ {
          "system": "http://terminology.hl7.org/CodeSystem/condition-category",
          "code": "problem-list-item",
          "display": "Problem List Item"
        } ]
      } ],
      "code": {
        "coding": [ {
          "system": "http://snomed.info/sct",
          "version": "http://snomed.info/sct/731000124108/version/20250301",
          "code": "254900004",
          "display": "Carcinoma of prostate (disorder)"
        } ]
      },
      "subject": {
        "reference": "Patient/b3d69ee8-375d-4039-9b92-c829cf29e154"
      },
      "onsetPeriod": {
        "start": "2026-05-04T08:00:00.000+00:00"
      }
    },
    "request": {
      "method": "PUT",
      "url": "Condition/572d3a58-c033-49a1-b42c-83e58c52a8cc"
    }
  }, {
    "fullUrl": "https://madie.cms.gov/Observation/a096fd50-f5f9-4ce3-82b3-f7f255ee953c",
    "resource": {
      "resourceType": "Observation",
      "id": "a096fd50-f5f9-4ce3-82b3-f7f255ee953c",
      "meta": {
        "profile": [ "http://hl7.org/fhir/us/qicore/StructureDefinition/qicore-observation-clinical-result" ]
      },
      "status": "final",
      "category": [ {
        "coding": [ {
          "system": "http://terminology.hl7.org/CodeSystem/observation-category",
          "code": "imaging",
          "display": "Imaging"
        } ]
      }, {
        "coding": [ {
          "system": "http://terminology.hl7.org/CodeSystem/observation-category",
          "code": "survey"
        } ]
      } ],
      "code": {
        "coding": [ {
          "system": "http://loinc.org",
          "version": "2.76",
          "code": "38265-5",
          "display": "DXA Radius and Ulna [T-score] Bone density"
        } ]
      },
      "subject": {
        "reference": "Patient/b3d69ee8-375d-4039-9b92-c829cf29e154"
      },
      "effectivePeriod": {
        "start": "2021-05-01T10:00:00.000+00:00"
      },
      "dataAbsentReason": {
        "coding": [ {
          "system": "http://terminology.hl7.org/CodeSystem/data-absent-reason",
          "code": "unknown",
          "display": "Unknown"
        } ]
      }
    },
    "request": {
      "method": "PUT",
      "url": "Observation/a096fd50-f5f9-4ce3-82b3-f7f255ee953c"
    }
  }, {
    "fullUrl": "https://madie.cms.gov/Practitioner/02d14659-38fc-4401-a574-7cbd92b6733d",
    "resource": {
      "resourceType": "Practitioner",
      "id": "02d14659-38fc-4401-a574-7cbd92b6733d",
      "meta": {
        "profile": [ "http://hl7.org/fhir/us/qicore/StructureDefinition/qicore-practitioner" ]
      },
      "identifier": [ {
        "use": "temp",
        "system": "urn:oid:2.16.840.1.113883.4.336",
        "value": "Practitioner-23"
      } ],
      "active": true,
      "name": [ {
        "family": "Careful",
        "given": [ "Adam" ],
        "prefix": [ "Dr" ]
      } ],
      "address": [ {
        "use": "home",
        "line": [ "534 Erewhon St" ],
        "city": "PleasantVille",
        "state": "UT",
        "postalCode": "84414"
      } ],
      "qualification": [ {
        "identifier": [ {
          "system": "http://example.org/UniversityIdentifier",
          "value": "12345"
        } ],
        "code": {
          "coding": [ {
            "system": "http://terminology.hl7.org/CodeSystem/v2-0360|2.7",
            "code": "BS",
            "display": "Bachelor of Science"
          } ],
          "text": "Bachelor of Science"
        },
        "period": {
          "start": "1996"
        },
        "issuer": {
          "display": "Example University"
        }
      } ]
    },
    "request": {
      "method": "PUT",
      "url": "Practitioner/02d14659-38fc-4401-a574-7cbd92b6733d"
    }
  }, {
    "fullUrl": "https://madie.cms.gov/MedicationRequest/738ad456-76d7-4577-9f68-a1863d0491df",
    "resource": {
      "resourceType": "MedicationRequest",
      "id": "738ad456-76d7-4577-9f68-a1863d0491df",
      "meta": {
        "profile": [ "http://hl7.org/fhir/us/qicore/StructureDefinition/qicore-medicationrequest" ]
      },
      "status": "active",
      "intent": "order",
      "medicationCodeableConcept": {
        "coding": [ {
          "system": "http://www.nlm.nih.gov/research/umls/rxnorm",
          "version": "06052023",
          "code": "1115257",
          "display": "1.5 ML leuprolide acetate 30 MG/ML Prefilled Syringe"
        } ]
      },
      "subject": {
        "reference": "Patient/b3d69ee8-375d-4039-9b92-c829cf29e154"
      },
      "authoredOn": "2026-05-04T08:00:00.000+00:00",
      "requester": {
        "reference": "http://myGoodHealthcare.com/fhir/Practitioner/02d14659-38fc-4401-a574-7cbd92b6733d"
      },
      "dosageInstruction": [ {
        "timing": {
          "repeat": {
            "boundsPeriod": {
              "start": "2026-05-04T08:00:00.000+00:00",
              "end": "2026-06-04T08:00:00.000+00:00"
            }
          }
        }
      } ]
    },
    "request": {
      "method": "PUT",
      "url": "MedicationRequest/738ad456-76d7-4577-9f68-a1863d0491df"
    }
  }, {
    "fullUrl": "https://madie.cms.gov/ServiceRequest/f44db662-adf0-45b1-8c2d-7d1a254f9341",
    "resource": {
      "resourceType": "ServiceRequest",
      "id": "f44db662-adf0-45b1-8c2d-7d1a254f9341",
      "meta": {
        "profile": [ "http://hl7.org/fhir/us/qicore/StructureDefinition/qicore-servicerequest" ]
      },
      "status": "active",
      "intent": "order",
      "code": {
        "coding": [ {
          "system": "http://snomed.info/sct",
          "version": "http://snomed.info/sct/731000124108/version/20250301",
          "code": "456381000124102",
          "display": "Injection of leuprolide acetate for twelve month period (regime/therapy)"
        } ]
      },
      "subject": {
        "reference": "Patient/b3d69ee8-375d-4039-9b92-c829cf29e154"
      },
      "authoredOn": "2026-05-04T08:00:00.000+00:00"
    },
    "request": {
      "method": "PUT",
      "url": "ServiceRequest/f44db662-adf0-45b1-8c2d-7d1a254f9341"
    }
  }, {
    "fullUrl": "https://madie.cms.gov/MeasureReport/45d70fd6-1554-414d-9a0c-8359e729bd2c",
    "resource": {
      "resourceType": "MeasureReport",
      "id": "45d70fd6-1554-414d-9a0c-8359e729bd2c",
      "meta": {
        "profile": [ "http://hl7.org/fhir/us/cqfmeasures/StructureDefinition/test-case-cqfm" ]
      },
      "contained": [ {
        "resourceType": "Parameters",
        "id": "28c38cb6-ca1c-4d92-891d-7bafc78c2024-parameters",
        "parameter": [ {
          "name": "subject",
          "valueString": "b3d69ee8-375d-4039-9b92-c829cf29e154"
        } ]
      } ],
      "extension": [ {
        "url": "http://hl7.org/fhir/StructureDefinition/cqf-inputParameters",
        "valueReference": {
          "reference": "#28c38cb6-ca1c-4d92-891d-7bafc78c2024-parameters"
        }
      }, {
        "url": "http://hl7.org/fhir/us/cqfmeasures/StructureDefinition/cqfm-testCaseDescription",
        "valueMarkdown": "Dx of Prostate Cancer with qualifying encounter(s) in MP Procedure Ordered. DEXA 5 years prior to ADT.   Failed NUMER Criteria"
      } ],
      "modifierExtension": [ {
        "url": "http://hl7.org/fhir/us/cqfmeasures/StructureDefinition/cqfm-isTestCase",
        "valueBoolean": true
      } ],
      "status": "complete",
      "type": "individual",
      "measure": "https://madie.cms.gov/Measure/CMS645FHIRBoneDensityPCADTherapy",
      "period": {
        "start": "2026-01-01",
        "end": "2026-12-31"
      },
      "group": [ {
        "id": "Group_1",
        "population": [ {
          "id": "InitialPopulation_1",
          "code": {
            "coding": [ {
              "system": "http://terminology.hl7.org/CodeSystem/measure-population",
              "code": "initial-population",
              "display": "Initial Population"
            } ]
          },
          "count": 1
        }, {
          "id": "Denominator_1",
          "code": {
            "coding": [ {
              "system": "http://terminology.hl7.org/CodeSystem/measure-population",
              "code": "denominator",
              "display": "Denominator"
            } ]
          },
          "count": 1
        }, {
          "id": "Numerator_1",
          "code": {
            "coding": [ {
              "system": "http://terminology.hl7.org/CodeSystem/measure-population",
              "code": "numerator",
              "display": "Numerator"
            } ]
          },
          "count": 0
        }, {
          "id": "DenominatorException_1",
          "code": {
            "coding": [ {
              "system": "http://terminology.hl7.org/CodeSystem/measure-population",
              "code": "denominator-exception",
              "display": "Denominator Exception"
            } ]
          },
          "count": 0
        } ],
        "measureScore": {
          "value": 1.0
        }
      } ],
      "evaluatedResource": [ {
        "reference": "Patient/b3d69ee8-375d-4039-9b92-c829cf29e154"
      }, {
        "reference": "Encounter/175497bc-c11a-4d2f-8406-9a69d9297872"
      }, {
        "reference": "Condition/572d3a58-c033-49a1-b42c-83e58c52a8cc"
      }, {
        "reference": "Observation/a096fd50-f5f9-4ce3-82b3-f7f255ee953c"
      }, {
        "reference": "Practitioner/02d14659-38fc-4401-a574-7cbd92b6733d"
      }, {
        "reference": "MedicationRequest/738ad456-76d7-4577-9f68-a1863d0491df"
      }, {
        "reference": "ServiceRequest/f44db662-adf0-45b1-8c2d-7d1a254f9341"
      } ]
    },
    "request": {
      "method": "PUT",
      "url": "MeasureReport/45d70fd6-1554-414d-9a0c-8359e729bd2c"
    }
  } ]
}