{
  "resourceType": "Bundle",
  "id": "135f1a32f4135431232d",
  "type": "transaction",
  "entry": [ {
    "fullUrl": "https://madie.cms.gov/Patient/a1b4a442-e924-4565-a942-42ad54d2b14f",
    "resource": {
      "resourceType": "Patient",
      "id": "a1b4a442-e924-4565-a942-42ad54d2b14f",
      "meta": {
        "profile": [ "http://hl7.org/fhir/us/qicore/StructureDefinition/qicore-patient" ]
      },
      "extension": [ {
        "url": "http://hl7.org/fhir/us/core/StructureDefinition/us-core-race",
        "extension": [ {
          "url": "ombCategory",
          "valueCoding": {
            "system": "urn:oid:2.16.840.1.113883.6.238",
            "code": "1002-5",
            "display": "American Indian or Alaska Native",
            "userSelected": true
          }
        }, {
          "url": "text",
          "valueString": "American Indian or Alaska Native"
        } ]
      }, {
        "url": "http://hl7.org/fhir/us/core/StructureDefinition/us-core-ethnicity",
        "extension": [ {
          "url": "ombCategory",
          "valueCoding": {
            "system": "urn:oid:2.16.840.1.113883.6.238",
            "code": "2135-2",
            "display": "Hispanic or Latino",
            "userSelected": true
          }
        }, {
          "url": "text",
          "valueString": "Hispanic or Latino"
        } ]
      } ],
      "identifier": [ {
        "type": {
          "coding": [ {
            "system": "http://terminology.hl7.org/CodeSystem/v2-0203",
            "code": "MR"
          } ]
        },
        "system": "https://bonnie-fhir.healthit.gov",
        "value": "62bc61713e113102f8cedc8b"
      } ],
      "active": true,
      "name": [ {
        "family": "DENOMPass",
        "given": [ "EncounterInMPNoDexa" ]
      } ],
      "gender": "male",
      "birthDate": "1952-10-10"
    },
    "request": {
      "method": "PUT",
      "url": "Patient/a1b4a442-e924-4565-a942-42ad54d2b14f"
    }
  }, {
    "fullUrl": "https://madie.cms.gov/Encounter/1d20fb90-09e9-46eb-8e6a-f2da609263fd",
    "resource": {
      "resourceType": "Encounter",
      "id": "1d20fb90-09e9-46eb-8e6a-f2da609263fd",
      "meta": {
        "profile": [ "http://hl7.org/fhir/us/qicore/StructureDefinition/qicore-encounter" ]
      },
      "status": "finished",
      "class": {
        "system": "http://terminology.hl7.org/CodeSystem/v3-ActCode",
        "code": "AMB",
        "display": "ambulatory"
      },
      "type": [ {
        "coding": [ {
          "system": "http://www.ama-assn.org/go/cpt",
          "code": "99203"
        } ]
      } ],
      "subject": {
        "reference": "Patient/a1b4a442-e924-4565-a942-42ad54d2b14f"
      },
      "period": {
        "start": "2026-02-01T08:00:00+00:00",
        "end": "2026-02-01T08:15:00+00:00"
      }
    },
    "request": {
      "method": "PUT",
      "url": "Encounter/1d20fb90-09e9-46eb-8e6a-f2da609263fd"
    }
  }, {
    "fullUrl": "https://madie.cms.gov/Condition/d6b4bd7f-79f0-40d8-b164-3c50cfc79b30",
    "resource": {
      "resourceType": "Condition",
      "id": "d6b4bd7f-79f0-40d8-b164-3c50cfc79b30",
      "meta": {
        "profile": [ "http://hl7.org/fhir/us/qicore/StructureDefinition/qicore-condition-problems-health-concerns" ]
      },
      "clinicalStatus": {
        "coding": [ {
          "system": "http://terminology.hl7.org/CodeSystem/condition-clinical",
          "code": "active"
        } ]
      },
      "verificationStatus": {
        "coding": [ {
          "system": "http://terminology.hl7.org/CodeSystem/condition-ver-status",
          "code": "confirmed"
        } ]
      },
      "category": [ {
        "coding": [ {
          "system": "http://terminology.hl7.org/CodeSystem/condition-category",
          "code": "problem-list-item",
          "display": "Problem List Item"
        } ]
      } ],
      "code": {
        "coding": [ {
          "system": "http://snomed.info/sct",
          "version": "http://snomed.info/sct/731000124108/version/20240401",
          "code": "254900004",
          "display": "Carcinoma of prostate (disorder)"
        } ]
      },
      "subject": {
        "reference": "Patient/a1b4a442-e924-4565-a942-42ad54d2b14f"
      },
      "onsetPeriod": {
        "start": "2026-03-15T08:00:00.000+00:00"
      }
    },
    "request": {
      "method": "PUT",
      "url": "Condition/d6b4bd7f-79f0-40d8-b164-3c50cfc79b30"
    }
  }, {
    "fullUrl": "https://madie.cms.gov/MedicationRequest/50a9e086-ca47-4e7a-a904-2d9234b2a7d2",
    "resource": {
      "resourceType": "MedicationRequest",
      "id": "50a9e086-ca47-4e7a-a904-2d9234b2a7d2",
      "meta": {
        "profile": [ "http://hl7.org/fhir/us/qicore/StructureDefinition/qicore-medicationrequest" ]
      },
      "status": "active",
      "intent": "order",
      "medicationCodeableConcept": {
        "coding": [ {
          "system": "http://www.nlm.nih.gov/research/umls/rxnorm",
          "code": "1115257",
          "display": "1.5 ML leuprolide acetate 30 MG/ML Prefilled Syringe"
        } ]
      },
      "subject": {
        "reference": "Patient/a1b4a442-e924-4565-a942-42ad54d2b14f"
      },
      "authoredOn": "2026-03-15T08:00:00.000+00:00",
      "requester": {
        "reference": "http://myGoodHealthcare.com/fhir/Practitioner/eafa2255-2740-4e86-8722-48f9f9b1f7dc"
      },
      "dosageInstruction": [ {
        "timing": {
          "repeat": {
            "boundsPeriod": {
              "start": "2026-03-15T08:00:00.000+00:00",
              "end": "2026-04-15T08:15:00.000+00:00"
            }
          }
        }
      } ]
    },
    "request": {
      "method": "PUT",
      "url": "MedicationRequest/50a9e086-ca47-4e7a-a904-2d9234b2a7d2"
    }
  }, {
    "fullUrl": "https://madie.cms.gov/ServiceRequest/e1973c06-93e8-4d1b-b93e-19daa87d9fab",
    "resource": {
      "resourceType": "ServiceRequest",
      "id": "e1973c06-93e8-4d1b-b93e-19daa87d9fab",
      "meta": {
        "profile": [ "http://hl7.org/fhir/us/qicore/StructureDefinition/qicore-servicerequest" ]
      },
      "status": "active",
      "intent": "order",
      "code": {
        "coding": [ {
          "system": "http://snomed.info/sct",
          "code": "456381000124102",
          "display": "Injection of leuprolide acetate for twelve month period (regime/therapy)"
        } ]
      },
      "subject": {
        "reference": "Patient/a1b4a442-e924-4565-a942-42ad54d2b14f"
      },
      "authoredOn": "2026-03-15T08:00:00.000+00:00"
    },
    "request": {
      "method": "PUT",
      "url": "ServiceRequest/e1973c06-93e8-4d1b-b93e-19daa87d9fab"
    }
  }, {
    "fullUrl": "https://madie.cms.gov/Practitioner/eafa2255-2740-4e86-8722-48f9f9b1f7dc",
    "resource": {
      "resourceType": "Practitioner",
      "id": "eafa2255-2740-4e86-8722-48f9f9b1f7dc",
      "meta": {
        "profile": [ "http://hl7.org/fhir/us/qicore/StructureDefinition/qicore-practitioner" ]
      },
      "identifier": [ {
        "use": "temp",
        "system": "urn:oid:2.16.840.1.113883.4.336",
        "value": "Practitioner-23"
      } ],
      "active": true,
      "name": [ {
        "family": "Careful",
        "given": [ "Adam" ],
        "prefix": [ "Dr" ]
      } ],
      "address": [ {
        "use": "home",
        "line": [ "534 Erewhon St" ],
        "city": "PleasantVille",
        "state": "UT",
        "postalCode": "84414"
      } ],
      "qualification": [ {
        "identifier": [ {
          "system": "http://example.org/UniversityIdentifier",
          "value": "12345"
        } ],
        "code": {
          "coding": [ {
            "system": "http://terminology.hl7.org/CodeSystem/v2-0360|2.7",
            "code": "BS",
            "display": "Bachelor of Science"
          } ],
          "text": "Bachelor of Science"
        },
        "period": {
          "start": "1996"
        },
        "issuer": {
          "display": "Example University"
        }
      } ]
    },
    "request": {
      "method": "PUT",
      "url": "Practitioner/eafa2255-2740-4e86-8722-48f9f9b1f7dc"
    }
  }, {
    "fullUrl": "https://madie.cms.gov/MeasureReport/dd9180b0-51a6-4a4b-9786-c5b4771d8d05",
    "resource": {
      "resourceType": "MeasureReport",
      "id": "dd9180b0-51a6-4a4b-9786-c5b4771d8d05",
      "meta": {
        "profile": [ "http://hl7.org/fhir/us/cqfmeasures/StructureDefinition/test-case-cqfm" ]
      },
      "contained": [ {
        "resourceType": "Parameters",
        "id": "2764acb2-4233-4bb0-8092-4f877eb60758-parameters",
        "parameter": [ {
          "name": "subject",
          "valueString": "a1b4a442-e924-4565-a942-42ad54d2b14f"
        } ]
      } ],
      "extension": [ {
        "url": "http://hl7.org/fhir/StructureDefinition/cqf-inputParameters",
        "valueReference": {
          "reference": "#2764acb2-4233-4bb0-8092-4f877eb60758-parameters"
        }
      }, {
        "url": "http://hl7.org/fhir/us/cqfmeasures/StructureDefinition/cqfm-testCaseDescription",
        "valueMarkdown": "Male patient with prostate cancer.  ADT in MP, but no Dexa. Should pass IPP and DENOM. "
      } ],
      "modifierExtension": [ {
        "url": "http://hl7.org/fhir/us/cqfmeasures/StructureDefinition/cqfm-isTestCase",
        "valueBoolean": true
      } ],
      "status": "complete",
      "type": "individual",
      "measure": "https://madie.cms.gov/Measure/BoneDensityProstateCancerAndrogenDeprivationTherapyFHIR6",
      "period": {
        "start": "2026-01-01",
        "end": "2026-12-31"
      },
      "group": [ {
        "id": "Group_1",
        "population": [ {
          "id": "InitialPopulation_1",
          "code": {
            "coding": [ {
              "system": "http://terminology.hl7.org/CodeSystem/measure-population",
              "code": "initial-population",
              "display": "Initial Population"
            } ]
          },
          "count": 1
        }, {
          "id": "Denominator_1",
          "code": {
            "coding": [ {
              "system": "http://terminology.hl7.org/CodeSystem/measure-population",
              "code": "denominator",
              "display": "Denominator"
            } ]
          },
          "count": 1
        }, {
          "id": "Numerator_1",
          "code": {
            "coding": [ {
              "system": "http://terminology.hl7.org/CodeSystem/measure-population",
              "code": "numerator",
              "display": "Numerator"
            } ]
          },
          "count": 0
        }, {
          "id": "DenominatorException_1",
          "code": {
            "coding": [ {
              "system": "http://terminology.hl7.org/CodeSystem/measure-population",
              "code": "denominator-exception",
              "display": "Denominator Exception"
            } ]
          },
          "count": 0
        } ],
        "measureScore": {
          "value": 1.0
        }
      } ],
      "evaluatedResource": [ {
        "reference": "Patient/a1b4a442-e924-4565-a942-42ad54d2b14f"
      }, {
        "reference": "Encounter/1d20fb90-09e9-46eb-8e6a-f2da609263fd"
      }, {
        "reference": "Condition/d6b4bd7f-79f0-40d8-b164-3c50cfc79b30"
      }, {
        "reference": "MedicationRequest/50a9e086-ca47-4e7a-a904-2d9234b2a7d2"
      }, {
        "reference": "ServiceRequest/e1973c06-93e8-4d1b-b93e-19daa87d9fab"
      }, {
        "reference": "Practitioner/eafa2255-2740-4e86-8722-48f9f9b1f7dc"
      } ]
    },
    "request": {
      "method": "PUT",
      "url": "MeasureReport/dd9180b0-51a6-4a4b-9786-c5b4771d8d05"
    }
  } ]
}