{
  "resourceType": "Bundle",
  "id": "135f1a32f4135431232d",
  "type": "transaction",
  "entry": [ {
    "fullUrl": "https://madie.cms.gov/Patient/a1b4a442-e924-4565-a942-42ad54d2b14f",
    "resource": {
      "resourceType": "Patient",
      "id": "a1b4a442-e924-4565-a942-42ad54d2b14f",
      "meta": {
        "profile": [ "http://hl7.org/fhir/us/qicore/StructureDefinition/qicore-patient" ]
      },
      "extension": [ {
        "url": "http://hl7.org/fhir/us/core/StructureDefinition/us-core-race",
        "extension": [ {
          "url": "ombCategory",
          "valueCoding": {
            "system": "urn:oid:2.16.840.1.113883.6.238",
            "code": "1002-5",
            "display": "American Indian or Alaska Native",
            "userSelected": true
          }
        }, {
          "url": "text",
          "valueString": "American Indian or Alaska Native"
        } ]
      }, {
        "url": "http://hl7.org/fhir/us/core/StructureDefinition/us-core-ethnicity",
        "extension": [ {
          "url": "ombCategory",
          "valueCoding": {
            "system": "urn:oid:2.16.840.1.113883.6.238",
            "code": "2135-2",
            "display": "Hispanic or Latino",
            "userSelected": true
          }
        }, {
          "url": "text",
          "valueString": "Hispanic or Latino"
        } ]
      } ],
      "identifier": [ {
        "type": {
          "coding": [ {
            "system": "http://terminology.hl7.org/CodeSystem/v2-0203",
            "code": "MR"
          } ]
        },
        "system": "https://bonnie-fhir.healthit.gov",
        "value": "62bc61713e113102f8cedc8b"
      } ],
      "active": true,
      "name": [ {
        "family": "DENOMPass",
        "given": [ "EncounterInMPNoDexa" ]
      } ],
      "gender": "male",
      "birthDate": "1951-10-10"
    },
    "request": {
      "method": "PUT",
      "url": "Patient/a1b4a442-e924-4565-a942-42ad54d2b14f"
    }
  }, {
    "fullUrl": "https://madie.cms.gov/Encounter/e7d7cdfa-cb0b-4b3b-a0a5-8ad3d4dd8af9",
    "resource": {
      "resourceType": "Encounter",
      "id": "e7d7cdfa-cb0b-4b3b-a0a5-8ad3d4dd8af9",
      "meta": {
        "profile": [ "http://hl7.org/fhir/us/qicore/StructureDefinition/qicore-encounter" ]
      },
      "status": "finished",
      "class": {
        "system": "http://terminology.hl7.org/CodeSystem/v3-ActCode",
        "code": "AMB",
        "display": "ambulatory"
      },
      "type": [ {
        "coding": [ {
          "system": "http://www.ama-assn.org/go/cpt",
          "code": "99203"
        } ]
      } ],
      "subject": {
        "reference": "Patient/a1b4a442-e924-4565-a942-42ad54d2b14f"
      },
      "period": {
        "start": "2025-02-01T08:00:00+00:00",
        "end": "2025-02-01T08:15:00+00:00"
      }
    },
    "request": {
      "method": "PUT",
      "url": "Encounter/e7d7cdfa-cb0b-4b3b-a0a5-8ad3d4dd8af9"
    }
  }, {
    "fullUrl": "https://madie.cms.gov/Condition/d0110374-4a23-4bd1-bac3-7c8e6951ebc3",
    "resource": {
      "resourceType": "Condition",
      "id": "d0110374-4a23-4bd1-bac3-7c8e6951ebc3",
      "meta": {
        "profile": [ "http://hl7.org/fhir/us/qicore/StructureDefinition/qicore-condition-problems-health-concerns" ]
      },
      "clinicalStatus": {
        "coding": [ {
          "system": "http://terminology.hl7.org/CodeSystem/condition-clinical",
          "code": "active"
        } ]
      },
      "verificationStatus": {
        "coding": [ {
          "system": "http://terminology.hl7.org/CodeSystem/condition-ver-status",
          "code": "confirmed"
        } ]
      },
      "category": [ {
        "coding": [ {
          "system": "http://terminology.hl7.org/CodeSystem/condition-category",
          "code": "problem-list-item",
          "display": "Problem List Item"
        } ]
      } ],
      "code": {
        "coding": [ {
          "system": "http://snomed.info/sct",
          "version": "http://snomed.info/sct/731000124108/version/20240401",
          "code": "254900004",
          "display": "Carcinoma of prostate (disorder)"
        } ]
      },
      "subject": {
        "reference": "Patient/a1b4a442-e924-4565-a942-42ad54d2b14f"
      },
      "onsetPeriod": {
        "start": "2025-03-15T08:00:00.000+00:00"
      }
    },
    "request": {
      "method": "PUT",
      "url": "Condition/d0110374-4a23-4bd1-bac3-7c8e6951ebc3"
    }
  }, {
    "fullUrl": "https://madie.cms.gov/MedicationRequest/a1ba4310-d7e8-4306-af03-a7c6047bebc6",
    "resource": {
      "resourceType": "MedicationRequest",
      "id": "a1ba4310-d7e8-4306-af03-a7c6047bebc6",
      "meta": {
        "profile": [ "http://hl7.org/fhir/us/qicore/StructureDefinition/qicore-medicationrequest" ]
      },
      "status": "active",
      "intent": "order",
      "medicationCodeableConcept": {
        "coding": [ {
          "system": "http://www.nlm.nih.gov/research/umls/rxnorm",
          "code": "1115257",
          "display": "1.5 ML leuprolide acetate 30 MG/ML Prefilled Syringe"
        } ]
      },
      "subject": {
        "reference": "Patient/a1b4a442-e924-4565-a942-42ad54d2b14f"
      },
      "authoredOn": "2025-03-15T08:00:00.000+00:00",
      "requester": {
        "reference": "http://myGoodHealthcare.com/fhir/Practitioner/35ebcab3-b7e6-4b0a-b09a-8b857bbf8fb8"
      },
      "dosageInstruction": [ {
        "timing": {
          "repeat": {
            "boundsPeriod": {
              "start": "2025-03-15T08:00:00.000+00:00",
              "end": "2025-04-15T08:15:00.000+00:00"
            }
          }
        }
      } ]
    },
    "request": {
      "method": "PUT",
      "url": "MedicationRequest/a1ba4310-d7e8-4306-af03-a7c6047bebc6"
    }
  }, {
    "fullUrl": "https://madie.cms.gov/ServiceRequest/124ecc60-89ff-4839-9b04-46a02cd38823",
    "resource": {
      "resourceType": "ServiceRequest",
      "id": "124ecc60-89ff-4839-9b04-46a02cd38823",
      "meta": {
        "profile": [ "http://hl7.org/fhir/us/qicore/StructureDefinition/qicore-servicerequest" ]
      },
      "status": "active",
      "intent": "order",
      "code": {
        "coding": [ {
          "system": "http://snomed.info/sct",
          "code": "456381000124102",
          "display": "Injection of leuprolide acetate for twelve month period (regime/therapy)"
        } ]
      },
      "subject": {
        "reference": "Patient/a1b4a442-e924-4565-a942-42ad54d2b14f"
      },
      "authoredOn": "2025-03-15T08:00:00.000+00:00"
    },
    "request": {
      "method": "PUT",
      "url": "ServiceRequest/124ecc60-89ff-4839-9b04-46a02cd38823"
    }
  }, {
    "fullUrl": "https://madie.cms.gov/Practitioner/35ebcab3-b7e6-4b0a-b09a-8b857bbf8fb8",
    "resource": {
      "resourceType": "Practitioner",
      "id": "35ebcab3-b7e6-4b0a-b09a-8b857bbf8fb8",
      "meta": {
        "profile": [ "http://hl7.org/fhir/us/qicore/StructureDefinition/qicore-practitioner" ]
      },
      "identifier": [ {
        "use": "temp",
        "system": "urn:oid:2.16.840.1.113883.4.336",
        "value": "Practitioner-23"
      } ],
      "active": true,
      "name": [ {
        "family": "Careful",
        "given": [ "Adam" ],
        "prefix": [ "Dr" ]
      } ],
      "address": [ {
        "use": "home",
        "line": [ "534 Erewhon St" ],
        "city": "PleasantVille",
        "state": "UT",
        "postalCode": "84414"
      } ],
      "qualification": [ {
        "identifier": [ {
          "system": "http://example.org/UniversityIdentifier",
          "value": "12345"
        } ],
        "code": {
          "coding": [ {
            "system": "http://terminology.hl7.org/CodeSystem/v2-0360|2.7",
            "code": "BS",
            "display": "Bachelor of Science"
          } ],
          "text": "Bachelor of Science"
        },
        "period": {
          "start": "1995"
        },
        "issuer": {
          "display": "Example University"
        }
      } ]
    },
    "request": {
      "method": "PUT",
      "url": "Practitioner/35ebcab3-b7e6-4b0a-b09a-8b857bbf8fb8"
    }
  }, {
    "fullUrl": "https://madie.cms.gov/MeasureReport/83b7addd-23d0-4d39-a945-c28bfa8d2099",
    "resource": {
      "resourceType": "MeasureReport",
      "id": "83b7addd-23d0-4d39-a945-c28bfa8d2099",
      "meta": {
        "profile": [ "http://hl7.org/fhir/us/cqfmeasures/StructureDefinition/test-case-cqfm" ]
      },
      "contained": [ {
        "resourceType": "Parameters",
        "id": "e69582dc-cd85-428d-b8a3-ee1f34b8c3cd-parameters",
        "parameter": [ {
          "name": "subject",
          "valueString": "a1b4a442-e924-4565-a942-42ad54d2b14f"
        } ]
      } ],
      "extension": [ {
        "url": "http://hl7.org/fhir/us/cqfmeasures/StructureDefinition/cqfm-inputParameters",
        "valueReference": {
          "reference": "#e69582dc-cd85-428d-b8a3-ee1f34b8c3cd-parameters"
        }
      }, {
        "url": "http://hl7.org/fhir/us/cqfmeasures/StructureDefinition/cqfm-testCaseDescription",
        "valueMarkdown": "Male patient with prostate cancer.  ADT in MP, but no Dexa. Should pass IPP and DENOM. "
      } ],
      "modifierExtension": [ {
        "url": "http://hl7.org/fhir/us/cqfmeasures/StructureDefinition/cqfm-isTestCase",
        "valueBoolean": true
      } ],
      "status": "complete",
      "type": "individual",
      "measure": "https://madie.cms.gov/Measure/BoneDensityProstateCancerAndrogenDeprivationTherapyFHIR6",
      "period": {
        "start": "2025-01-01",
        "end": "2025-12-31"
      },
      "group": [ {
        "id": "67b61060a0d801640767a597",
        "population": [ {
          "id": "E8F25116-1779-4BA6-B606-34F12AE4F5BA",
          "code": {
            "coding": [ {
              "system": "http://terminology.hl7.org/CodeSystem/measure-population",
              "code": "initial-population",
              "display": "Initial Population"
            } ]
          },
          "count": 1
        }, {
          "id": "1C145A56-9250-4444-A497-86C44F55CFDB",
          "code": {
            "coding": [ {
              "system": "http://terminology.hl7.org/CodeSystem/measure-population",
              "code": "denominator",
              "display": "Denominator"
            } ]
          },
          "count": 1
        }, {
          "id": "B1E0E3D2-D44E-4BFF-92F8-077CF1AE234F",
          "code": {
            "coding": [ {
              "system": "http://terminology.hl7.org/CodeSystem/measure-population",
              "code": "numerator",
              "display": "Numerator"
            } ]
          },
          "count": 0
        }, {
          "id": "A9552F46-139C-4270-835C-224132205362",
          "code": {
            "coding": [ {
              "system": "http://terminology.hl7.org/CodeSystem/measure-population",
              "code": "denominator-exception",
              "display": "Denominator Exception"
            } ]
          },
          "count": 0
        } ],
        "measureScore": {
          "value": 1.0
        }
      } ],
      "evaluatedResource": [ {
        "reference": "Patient/a1b4a442-e924-4565-a942-42ad54d2b14f"
      }, {
        "reference": "Encounter/e7d7cdfa-cb0b-4b3b-a0a5-8ad3d4dd8af9"
      }, {
        "reference": "Condition/d0110374-4a23-4bd1-bac3-7c8e6951ebc3"
      }, {
        "reference": "MedicationRequest/a1ba4310-d7e8-4306-af03-a7c6047bebc6"
      }, {
        "reference": "ServiceRequest/124ecc60-89ff-4839-9b04-46a02cd38823"
      }, {
        "reference": "Practitioner/35ebcab3-b7e6-4b0a-b09a-8b857bbf8fb8"
      } ]
    },
    "request": {
      "method": "PUT",
      "url": "MeasureReport/83b7addd-23d0-4d39-a945-c28bfa8d2099"
    }
  } ]
}