{
  "resourceType": "Bundle",
  "id": "60abda28bf0a01003e3f76bd",
  "type": "transaction",
  "entry": [ {
    "fullUrl": "https://madie.cms.gov/Patient/2a1d8b51-131f-4552-90f7-59ca5a7979ce",
    "resource": {
      "resourceType": "Patient",
      "id": "2a1d8b51-131f-4552-90f7-59ca5a7979ce",
      "meta": {
        "profile": [ "http://hl7.org/fhir/us/qicore/StructureDefinition/qicore-patient" ]
      },
      "extension": [ {
        "url": "http://hl7.org/fhir/us/core/StructureDefinition/us-core-race",
        "extension": [ {
          "url": "ombCategory",
          "valueCoding": {
            "system": "urn:oid:2.16.840.1.113883.6.238",
            "code": "2054-5",
            "display": "Black or African American",
            "userSelected": true
          }
        }, {
          "url": "text",
          "valueString": "Black or African American"
        } ]
      }, {
        "url": "http://hl7.org/fhir/us/core/StructureDefinition/us-core-ethnicity",
        "extension": [ {
          "url": "ombCategory",
          "valueCoding": {
            "system": "urn:oid:2.16.840.1.113883.6.238",
            "code": "2186-5",
            "display": "Not Hispanic or Latino",
            "userSelected": true
          }
        }, {
          "url": "text",
          "valueString": "Not Hispanic or Latino"
        } ]
      } ],
      "identifier": [ {
        "type": {
          "coding": [ {
            "system": "http://terminology.hl7.org/CodeSystem/v2-0203",
            "code": "MR"
          } ]
        },
        "system": "https://bonnie-fhir.healthit.gov/",
        "value": "60abda28bf0a01003e3f76bd"
      } ],
      "name": [ {
        "family": "NUMERPass",
        "given": [ "DEXA2YearsBeforeADT" ]
      } ],
      "gender": "male",
      "birthDate": "1946-07-15"
    },
    "request": {
      "method": "PUT",
      "url": "Patient/2a1d8b51-131f-4552-90f7-59ca5a7979ce"
    }
  }, {
    "fullUrl": "https://madie.cms.gov/Encounter/c2d137bb-c853-4dab-a010-5e42c0522604",
    "resource": {
      "resourceType": "Encounter",
      "id": "c2d137bb-c853-4dab-a010-5e42c0522604",
      "meta": {
        "profile": [ "http://hl7.org/fhir/us/qicore/StructureDefinition/qicore-encounter" ]
      },
      "status": "finished",
      "class": {
        "system": "http://terminology.hl7.org/CodeSystem/v3-ActCode",
        "code": "AMB",
        "display": "ambulatory"
      },
      "type": [ {
        "coding": [ {
          "system": "http://snomed.info/sct",
          "version": "2021-09",
          "code": "185463005",
          "display": "Visit out of hours (procedure)",
          "userSelected": true
        } ]
      } ],
      "subject": {
        "reference": "Patient/2a1d8b51-131f-4552-90f7-59ca5a7979ce"
      },
      "period": {
        "start": "2025-06-05T08:00:00.000+00:00",
        "end": "2025-06-05T08:15:00.000+00:00"
      }
    },
    "request": {
      "method": "PUT",
      "url": "Encounter/c2d137bb-c853-4dab-a010-5e42c0522604"
    }
  }, {
    "fullUrl": "https://madie.cms.gov/Condition/1f9e0e30-872e-404c-a0bf-41bfddbad64e",
    "resource": {
      "resourceType": "Condition",
      "id": "1f9e0e30-872e-404c-a0bf-41bfddbad64e",
      "meta": {
        "profile": [ "http://hl7.org/fhir/us/qicore/StructureDefinition/qicore-condition-problems-health-concerns" ]
      },
      "clinicalStatus": {
        "coding": [ {
          "system": "http://terminology.hl7.org/CodeSystem/condition-clinical",
          "code": "active",
          "display": "Active",
          "userSelected": true
        } ]
      },
      "verificationStatus": {
        "coding": [ {
          "system": "http://terminology.hl7.org/CodeSystem/condition-ver-status",
          "code": "confirmed"
        } ]
      },
      "category": [ {
        "coding": [ {
          "system": "http://terminology.hl7.org/CodeSystem/condition-category",
          "code": "problem-list-item",
          "display": "Problem List Item"
        } ]
      } ],
      "code": {
        "coding": [ {
          "system": "http://snomed.info/sct",
          "version": "2021-09",
          "code": "254900004",
          "display": "Carcinoma of prostate (disorder)",
          "userSelected": true
        } ]
      },
      "subject": {
        "reference": "Patient/2a1d8b51-131f-4552-90f7-59ca5a7979ce"
      },
      "onsetPeriod": {
        "start": "2025-05-30T08:00:00.000+00:00"
      }
    },
    "request": {
      "method": "PUT",
      "url": "Condition/1f9e0e30-872e-404c-a0bf-41bfddbad64e"
    }
  }, {
    "fullUrl": "https://madie.cms.gov/Observation/0c01e377-8581-44ba-8d1f-ae435394ece6",
    "resource": {
      "resourceType": "Observation",
      "id": "0c01e377-8581-44ba-8d1f-ae435394ece6",
      "meta": {
        "profile": [ "http://hl7.org/fhir/us/qicore/StructureDefinition/qicore-observation-lab" ]
      },
      "status": "final",
      "category": [ {
        "coding": [ {
          "system": "http://terminology.hl7.org/CodeSystem/observation-category",
          "code": "imaging",
          "display": "Imaging"
        } ]
      } ],
      "code": {
        "coding": [ {
          "system": "http://loinc.org",
          "version": "2.69",
          "code": "38265-5",
          "display": "DXA Radius and Ulna [T-score] Bone density",
          "userSelected": true
        } ]
      },
      "subject": {
        "reference": "Patient/2a1d8b51-131f-4552-90f7-59ca5a7979ce"
      },
      "effectiveDateTime": "2023-06-05T10:00:00.000+00:00"
    },
    "request": {
      "method": "PUT",
      "url": "Observation/0c01e377-8581-44ba-8d1f-ae435394ece6"
    }
  }, {
    "fullUrl": "https://madie.cms.gov/Practitioner/e8f03c16-f35a-4e5e-aef8-0e3fce18cc39",
    "resource": {
      "resourceType": "Practitioner",
      "id": "e8f03c16-f35a-4e5e-aef8-0e3fce18cc39",
      "meta": {
        "profile": [ "http://hl7.org/fhir/us/qicore/StructureDefinition/qicore-practitioner" ]
      },
      "identifier": [ {
        "use": "temp",
        "system": "urn:oid:2.16.840.1.113883.4.336",
        "value": "Practitioner-23"
      } ],
      "active": true,
      "name": [ {
        "family": "Careful",
        "given": [ "Adam" ],
        "prefix": [ "Dr" ]
      } ],
      "address": [ {
        "use": "home",
        "line": [ "534 Erewhon St" ],
        "city": "PleasantVille",
        "state": "UT",
        "postalCode": "84414"
      } ],
      "qualification": [ {
        "identifier": [ {
          "system": "http://example.org/UniversityIdentifier",
          "value": "12345"
        } ],
        "code": {
          "coding": [ {
            "system": "http://terminology.hl7.org/CodeSystem/v2-0360|2.7",
            "code": "BS",
            "display": "Bachelor of Science"
          } ],
          "text": "Bachelor of Science"
        },
        "period": {
          "start": "1995"
        },
        "issuer": {
          "display": "Example University"
        }
      } ]
    },
    "request": {
      "method": "PUT",
      "url": "Practitioner/e8f03c16-f35a-4e5e-aef8-0e3fce18cc39"
    }
  }, {
    "fullUrl": "https://madie.cms.gov/MedicationRequest/9dc7455a-a20b-4a7b-a3cb-ee744cc30258",
    "resource": {
      "resourceType": "MedicationRequest",
      "id": "9dc7455a-a20b-4a7b-a3cb-ee744cc30258",
      "meta": {
        "profile": [ "http://hl7.org/fhir/us/qicore/StructureDefinition/qicore-medicationrequest" ]
      },
      "status": "active",
      "intent": "order",
      "medicationCodeableConcept": {
        "coding": [ {
          "system": "http://www.nlm.nih.gov/research/umls/rxnorm",
          "code": "1115257",
          "display": "1.5 ML leuprolide acetate 30 MG/ML Prefilled Syringe",
          "userSelected": true
        } ]
      },
      "subject": {
        "reference": "Patient/2a1d8b51-131f-4552-90f7-59ca5a7979ce"
      },
      "authoredOn": "2025-06-05T08:00:00.000+00:00",
      "requester": {
        "reference": "http://myGoodHealthcare.com/fhir/Practitioner/e8f03c16-f35a-4e5e-aef8-0e3fce18cc39"
      },
      "dosageInstruction": [ {
        "timing": {
          "repeat": {
            "boundsPeriod": {
              "start": "2025-06-05T08:00:00.000+00:00",
              "end": "2025-07-05T08:00:00.000+00:00"
            }
          }
        }
      } ]
    },
    "request": {
      "method": "PUT",
      "url": "MedicationRequest/9dc7455a-a20b-4a7b-a3cb-ee744cc30258"
    }
  }, {
    "fullUrl": "https://madie.cms.gov/ServiceRequest/1bc82ded-a77e-4140-90fd-e7f81d29b451",
    "resource": {
      "resourceType": "ServiceRequest",
      "id": "1bc82ded-a77e-4140-90fd-e7f81d29b451",
      "meta": {
        "profile": [ "http://hl7.org/fhir/us/qicore/StructureDefinition/qicore-servicerequest" ]
      },
      "status": "active",
      "intent": "order",
      "code": {
        "coding": [ {
          "system": "http://snomed.info/sct",
          "code": "456381000124102",
          "display": "Injection of leuprolide acetate for twelve month period (regime/therapy)",
          "userSelected": true
        } ]
      },
      "subject": {
        "reference": "Patient/2a1d8b51-131f-4552-90f7-59ca5a7979ce"
      },
      "authoredOn": "2025-06-05T08:00:00.000+00:00"
    },
    "request": {
      "method": "PUT",
      "url": "ServiceRequest/1bc82ded-a77e-4140-90fd-e7f81d29b451"
    }
  }, {
    "fullUrl": "https://madie.cms.gov/MeasureReport/a5aba55f-2d58-460b-a034-1a62f769b438",
    "resource": {
      "resourceType": "MeasureReport",
      "id": "a5aba55f-2d58-460b-a034-1a62f769b438",
      "meta": {
        "profile": [ "http://hl7.org/fhir/us/cqfmeasures/StructureDefinition/test-case-cqfm" ]
      },
      "contained": [ {
        "resourceType": "Parameters",
        "id": "9dddb780-dc72-4b10-8191-90f47ea64832-parameters",
        "parameter": [ {
          "name": "subject",
          "valueString": "2a1d8b51-131f-4552-90f7-59ca5a7979ce"
        } ]
      } ],
      "extension": [ {
        "url": "http://hl7.org/fhir/us/cqfmeasures/StructureDefinition/cqfm-inputParameters",
        "valueReference": {
          "reference": "#9dddb780-dc72-4b10-8191-90f47ea64832-parameters"
        }
      }, {
        "url": "http://hl7.org/fhir/us/cqfmeasures/StructureDefinition/cqfm-testCaseDescription",
        "valueMarkdown": "Encounter Office Visit in MP.  Dx Prostate Cancer in MP. Procedure \nOrdered. DEXA 2 years before start of ADR. Edge. NUMER Criteria Pass"
      } ],
      "modifierExtension": [ {
        "url": "http://hl7.org/fhir/us/cqfmeasures/StructureDefinition/cqfm-isTestCase",
        "valueBoolean": true
      } ],
      "status": "complete",
      "type": "individual",
      "measure": "https://madie.cms.gov/Measure/BoneDensityProstateCancerAndrogenDeprivationTherapyFHIR6",
      "period": {
        "start": "2025-01-01",
        "end": "2025-12-31"
      },
      "group": [ {
        "id": "67b61060a0d801640767a597",
        "population": [ {
          "id": "E8F25116-1779-4BA6-B606-34F12AE4F5BA",
          "code": {
            "coding": [ {
              "system": "http://terminology.hl7.org/CodeSystem/measure-population",
              "code": "initial-population",
              "display": "Initial Population"
            } ]
          },
          "count": 1
        }, {
          "id": "1C145A56-9250-4444-A497-86C44F55CFDB",
          "code": {
            "coding": [ {
              "system": "http://terminology.hl7.org/CodeSystem/measure-population",
              "code": "denominator",
              "display": "Denominator"
            } ]
          },
          "count": 1
        }, {
          "id": "B1E0E3D2-D44E-4BFF-92F8-077CF1AE234F",
          "code": {
            "coding": [ {
              "system": "http://terminology.hl7.org/CodeSystem/measure-population",
              "code": "numerator",
              "display": "Numerator"
            } ]
          },
          "count": 1
        }, {
          "id": "A9552F46-139C-4270-835C-224132205362",
          "code": {
            "coding": [ {
              "system": "http://terminology.hl7.org/CodeSystem/measure-population",
              "code": "denominator-exception",
              "display": "Denominator Exception"
            } ]
          },
          "count": 0
        } ],
        "measureScore": {
          "value": 1.0
        }
      } ],
      "evaluatedResource": [ {
        "reference": "Patient/2a1d8b51-131f-4552-90f7-59ca5a7979ce"
      }, {
        "reference": "Encounter/c2d137bb-c853-4dab-a010-5e42c0522604"
      }, {
        "reference": "Condition/1f9e0e30-872e-404c-a0bf-41bfddbad64e"
      }, {
        "reference": "Observation/0c01e377-8581-44ba-8d1f-ae435394ece6"
      }, {
        "reference": "Practitioner/e8f03c16-f35a-4e5e-aef8-0e3fce18cc39"
      }, {
        "reference": "MedicationRequest/9dc7455a-a20b-4a7b-a3cb-ee744cc30258"
      }, {
        "reference": "ServiceRequest/1bc82ded-a77e-4140-90fd-e7f81d29b451"
      } ]
    },
    "request": {
      "method": "PUT",
      "url": "MeasureReport/a5aba55f-2d58-460b-a034-1a62f769b438"
    }
  } ]
}