{
  "resourceType": "Bundle",
  "id": "135f1a32f4135431232d",
  "type": "transaction",
  "entry": [ {
    "fullUrl": "https://madie.cms.gov/Patient/a5307581-654f-415f-912f-cec5e9dc00dc",
    "resource": {
      "resourceType": "Patient",
      "id": "a5307581-654f-415f-912f-cec5e9dc00dc",
      "meta": {
        "profile": [ "http://hl7.org/fhir/us/qicore/StructureDefinition/qicore-patient" ]
      },
      "extension": [ {
        "url": "http://hl7.org/fhir/us/core/StructureDefinition/us-core-race",
        "extension": [ {
          "url": "ombCategory",
          "valueCoding": {
            "system": "urn:oid:2.16.840.1.113883.6.238",
            "code": "1002-5",
            "display": "American Indian or Alaska Native",
            "userSelected": true
          }
        }, {
          "url": "text",
          "valueString": "American Indian or Alaska Native"
        } ]
      }, {
        "url": "http://hl7.org/fhir/us/core/StructureDefinition/us-core-ethnicity",
        "extension": [ {
          "url": "ombCategory",
          "valueCoding": {
            "system": "urn:oid:2.16.840.1.113883.6.238",
            "code": "2135-2",
            "display": "Hispanic or Latino",
            "userSelected": true
          }
        }, {
          "url": "text",
          "valueString": "Hispanic or Latino"
        } ]
      } ],
      "identifier": [ {
        "type": {
          "coding": [ {
            "system": "http://terminology.hl7.org/CodeSystem/v2-0203",
            "code": "MR"
          } ]
        },
        "system": "https://bonnie-fhir.healthit.gov",
        "value": "62bc61713e113102f8cedc8b"
      } ],
      "active": true,
      "name": [ {
        "family": "DENOMPass",
        "given": [ "MedReqBoundsEndofMP" ]
      } ],
      "gender": "male",
      "birthDate": "1952-10-10"
    },
    "request": {
      "method": "PUT",
      "url": "Patient/a5307581-654f-415f-912f-cec5e9dc00dc"
    }
  }, {
    "fullUrl": "https://madie.cms.gov/Encounter/08bf0558-0cb9-4cb1-998c-40c879d82e4c",
    "resource": {
      "resourceType": "Encounter",
      "id": "08bf0558-0cb9-4cb1-998c-40c879d82e4c",
      "meta": {
        "profile": [ "http://hl7.org/fhir/us/qicore/StructureDefinition/qicore-encounter" ]
      },
      "status": "finished",
      "class": {
        "system": "http://terminology.hl7.org/CodeSystem/v3-ActCode",
        "code": "AMB",
        "display": "ambulatory"
      },
      "type": [ {
        "coding": [ {
          "system": "http://www.ama-assn.org/go/cpt",
          "code": "99203"
        } ]
      } ],
      "subject": {
        "reference": "Patient/a5307581-654f-415f-912f-cec5e9dc00dc"
      },
      "period": {
        "start": "2026-08-01T08:00:00.000+00:00",
        "end": "2026-08-01T08:15:00.000+00:00"
      }
    },
    "request": {
      "method": "PUT",
      "url": "Encounter/08bf0558-0cb9-4cb1-998c-40c879d82e4c"
    }
  }, {
    "fullUrl": "https://madie.cms.gov/Condition/0e95c13b-8fdd-4d36-a518-d09c826c18a5",
    "resource": {
      "resourceType": "Condition",
      "id": "0e95c13b-8fdd-4d36-a518-d09c826c18a5",
      "meta": {
        "profile": [ "http://hl7.org/fhir/us/qicore/StructureDefinition/qicore-condition-problems-health-concerns" ]
      },
      "clinicalStatus": {
        "coding": [ {
          "system": "http://terminology.hl7.org/CodeSystem/condition-clinical",
          "code": "active"
        } ]
      },
      "verificationStatus": {
        "coding": [ {
          "system": "http://terminology.hl7.org/CodeSystem/condition-ver-status",
          "code": "confirmed"
        } ]
      },
      "category": [ {
        "coding": [ {
          "system": "http://terminology.hl7.org/CodeSystem/condition-category",
          "code": "problem-list-item",
          "display": "Problem List Item"
        } ]
      } ],
      "code": {
        "coding": [ {
          "system": "http://snomed.info/sct",
          "version": "http://snomed.info/sct/731000124108/version/20240401",
          "code": "254900004",
          "display": "Carcinoma of prostate (disorder)"
        } ]
      },
      "subject": {
        "reference": "Patient/a5307581-654f-415f-912f-cec5e9dc00dc"
      },
      "onsetPeriod": {
        "start": "2026-03-15T08:00:00.000+00:00"
      }
    },
    "request": {
      "method": "PUT",
      "url": "Condition/0e95c13b-8fdd-4d36-a518-d09c826c18a5"
    }
  }, {
    "fullUrl": "https://madie.cms.gov/MedicationRequest/792595ba-0e28-414a-898a-c0cc9baaa3b9",
    "resource": {
      "resourceType": "MedicationRequest",
      "id": "792595ba-0e28-414a-898a-c0cc9baaa3b9",
      "meta": {
        "profile": [ "http://hl7.org/fhir/us/qicore/StructureDefinition/qicore-medicationrequest" ]
      },
      "status": "active",
      "intent": "order",
      "medicationCodeableConcept": {
        "coding": [ {
          "system": "http://www.nlm.nih.gov/research/umls/rxnorm",
          "code": "1115257",
          "display": "1.5 ML leuprolide acetate 30 MG/ML Prefilled Syringe"
        } ]
      },
      "subject": {
        "reference": "Patient/a5307581-654f-415f-912f-cec5e9dc00dc"
      },
      "authoredOn": "2026-09-10T08:00:00.000+00:00",
      "requester": {
        "reference": "http://myGoodHealthcare.com/fhir/Practitioner/25be105e-f4f7-473c-9157-e079f8b7e5e4"
      },
      "dosageInstruction": [ {
        "timing": {
          "repeat": {
            "boundsPeriod": {
              "start": "2026-09-30T08:00:00.000+00:00",
              "end": "2026-09-30T08:15:00.000+00:00"
            }
          }
        }
      } ]
    },
    "request": {
      "method": "PUT",
      "url": "MedicationRequest/792595ba-0e28-414a-898a-c0cc9baaa3b9"
    }
  }, {
    "fullUrl": "https://madie.cms.gov/ServiceRequest/ebb36256-9c9f-4e87-899c-080cd38eae9a",
    "resource": {
      "resourceType": "ServiceRequest",
      "id": "ebb36256-9c9f-4e87-899c-080cd38eae9a",
      "meta": {
        "profile": [ "http://hl7.org/fhir/us/qicore/StructureDefinition/qicore-servicerequest" ]
      },
      "status": "active",
      "intent": "order",
      "code": {
        "coding": [ {
          "system": "http://snomed.info/sct",
          "code": "456381000124102",
          "display": "Injection of leuprolide acetate for twelve month period (regime/therapy)"
        } ]
      },
      "subject": {
        "reference": "Patient/a5307581-654f-415f-912f-cec5e9dc00dc"
      },
      "authoredOn": "2026-09-30T08:00:00.000+00:00"
    },
    "request": {
      "method": "PUT",
      "url": "ServiceRequest/ebb36256-9c9f-4e87-899c-080cd38eae9a"
    }
  }, {
    "fullUrl": "https://madie.cms.gov/Practitioner/25be105e-f4f7-473c-9157-e079f8b7e5e4",
    "resource": {
      "resourceType": "Practitioner",
      "id": "25be105e-f4f7-473c-9157-e079f8b7e5e4",
      "meta": {
        "profile": [ "http://hl7.org/fhir/us/qicore/StructureDefinition/qicore-practitioner" ]
      },
      "identifier": [ {
        "use": "temp",
        "system": "urn:oid:2.16.840.1.113883.4.336",
        "value": "Practitioner-23"
      } ],
      "active": true,
      "name": [ {
        "family": "Careful",
        "given": [ "Adam" ],
        "prefix": [ "Dr" ]
      } ],
      "address": [ {
        "use": "home",
        "line": [ "534 Erewhon St" ],
        "city": "PleasantVille",
        "state": "UT",
        "postalCode": "84414"
      } ],
      "qualification": [ {
        "identifier": [ {
          "system": "http://example.org/UniversityIdentifier",
          "value": "12345"
        } ],
        "code": {
          "coding": [ {
            "system": "http://terminology.hl7.org/CodeSystem/v2-0360|2.7",
            "code": "BS",
            "display": "Bachelor of Science"
          } ],
          "text": "Bachelor of Science"
        },
        "period": {
          "start": "1996"
        },
        "issuer": {
          "display": "Example University"
        }
      } ]
    },
    "request": {
      "method": "PUT",
      "url": "Practitioner/25be105e-f4f7-473c-9157-e079f8b7e5e4"
    }
  }, {
    "fullUrl": "https://madie.cms.gov/MeasureReport/94b4e7e6-a10e-4d32-bf09-7b203612bbae",
    "resource": {
      "resourceType": "MeasureReport",
      "id": "94b4e7e6-a10e-4d32-bf09-7b203612bbae",
      "meta": {
        "profile": [ "http://hl7.org/fhir/us/cqfmeasures/StructureDefinition/test-case-cqfm" ]
      },
      "contained": [ {
        "resourceType": "Parameters",
        "id": "575d23da-e82f-4837-a75f-e8d1e2e01acb-parameters",
        "parameter": [ {
          "name": "subject",
          "valueString": "a5307581-654f-415f-912f-cec5e9dc00dc"
        } ]
      } ],
      "extension": [ {
        "url": "http://hl7.org/fhir/StructureDefinition/cqf-inputParameters",
        "valueReference": {
          "reference": "#575d23da-e82f-4837-a75f-e8d1e2e01acb-parameters"
        }
      }, {
        "url": "http://hl7.org/fhir/us/cqfmeasures/StructureDefinition/cqfm-testCaseDescription",
        "valueMarkdown": "Test of FirstADT definition procedure order with order at end of measurement period and PCa with no end date. Performs as expected - passes IPP and DENOM"
      } ],
      "modifierExtension": [ {
        "url": "http://hl7.org/fhir/us/cqfmeasures/StructureDefinition/cqfm-isTestCase",
        "valueBoolean": true
      } ],
      "status": "complete",
      "type": "individual",
      "measure": "https://madie.cms.gov/Measure/CMS645FHIRBoneDensityProstateCancerAndrogenDeprivationTherapy",
      "period": {
        "start": "2026-01-01",
        "end": "2026-12-31"
      },
      "group": [ {
        "id": "Group_1",
        "population": [ {
          "id": "InitialPopulation_1",
          "code": {
            "coding": [ {
              "system": "http://terminology.hl7.org/CodeSystem/measure-population",
              "code": "initial-population",
              "display": "Initial Population"
            } ]
          },
          "count": 1
        }, {
          "id": "Denominator_1",
          "code": {
            "coding": [ {
              "system": "http://terminology.hl7.org/CodeSystem/measure-population",
              "code": "denominator",
              "display": "Denominator"
            } ]
          },
          "count": 1
        }, {
          "id": "Numerator_1",
          "code": {
            "coding": [ {
              "system": "http://terminology.hl7.org/CodeSystem/measure-population",
              "code": "numerator",
              "display": "Numerator"
            } ]
          },
          "count": 0
        }, {
          "id": "DenominatorException_1",
          "code": {
            "coding": [ {
              "system": "http://terminology.hl7.org/CodeSystem/measure-population",
              "code": "denominator-exception",
              "display": "Denominator Exception"
            } ]
          },
          "count": 0
        } ],
        "measureScore": {
          "value": 1.0
        }
      } ],
      "evaluatedResource": [ {
        "reference": "Patient/a5307581-654f-415f-912f-cec5e9dc00dc"
      }, {
        "reference": "Encounter/08bf0558-0cb9-4cb1-998c-40c879d82e4c"
      }, {
        "reference": "Condition/0e95c13b-8fdd-4d36-a518-d09c826c18a5"
      }, {
        "reference": "MedicationRequest/792595ba-0e28-414a-898a-c0cc9baaa3b9"
      }, {
        "reference": "ServiceRequest/ebb36256-9c9f-4e87-899c-080cd38eae9a"
      }, {
        "reference": "Practitioner/25be105e-f4f7-473c-9157-e079f8b7e5e4"
      } ]
    },
    "request": {
      "method": "PUT",
      "url": "MeasureReport/94b4e7e6-a10e-4d32-bf09-7b203612bbae"
    }
  } ]
}