{
  "resourceType": "Bundle",
  "id": "62bb3859e8081f5ef5e199f5",
  "type": "transaction",
  "entry": [ {
    "fullUrl": "https://madie.cms.gov/Patient/a8091d75-0448-41e4-b666-56873228def3",
    "resource": {
      "resourceType": "Patient",
      "id": "a8091d75-0448-41e4-b666-56873228def3",
      "meta": {
        "profile": [ "http://hl7.org/fhir/us/qicore/StructureDefinition/qicore-patient" ]
      },
      "extension": [ {
        "url": "http://hl7.org/fhir/us/core/StructureDefinition/us-core-race",
        "extension": [ {
          "url": "ombCategory",
          "valueCoding": {
            "system": "urn:oid:2.16.840.1.113883.6.238",
            "code": "1002-5",
            "display": "American Indian or Alaska Native",
            "userSelected": true
          }
        }, {
          "url": "text",
          "valueString": "American Indian or Alaska Native"
        } ]
      }, {
        "url": "http://hl7.org/fhir/us/core/StructureDefinition/us-core-ethnicity",
        "extension": [ {
          "url": "ombCategory",
          "valueCoding": {
            "system": "urn:oid:2.16.840.1.113883.6.238",
            "code": "2135-2",
            "display": "Hispanic or Latino",
            "userSelected": true
          }
        }, {
          "url": "text",
          "valueString": "Hispanic or Latino"
        } ]
      } ],
      "identifier": [ {
        "type": {
          "coding": [ {
            "system": "http://terminology.hl7.org/CodeSystem/v2-0203",
            "code": "MR"
          } ]
        },
        "system": "https://bonnie-fhir.healthit.gov/",
        "value": "62bb3859e8081f5ef5e199f5"
      } ],
      "name": [ {
        "family": "DENOMFail",
        "given": [ "ADTMoreThan9MonthsAfterMP" ]
      } ],
      "gender": "male",
      "birthDate": "1969-09-19"
    },
    "request": {
      "method": "PUT",
      "url": "Patient/a8091d75-0448-41e4-b666-56873228def3"
    }
  }, {
    "fullUrl": "https://madie.cms.gov/Encounter/24b5138f-c18e-4d7c-820f-1726e3d88dfb",
    "resource": {
      "resourceType": "Encounter",
      "id": "24b5138f-c18e-4d7c-820f-1726e3d88dfb",
      "meta": {
        "profile": [ "http://hl7.org/fhir/us/qicore/StructureDefinition/qicore-encounter" ]
      },
      "status": "finished",
      "class": {
        "system": "http://terminology.hl7.org/CodeSystem/v3-ActCode",
        "code": "AMB",
        "display": "ambulatory"
      },
      "type": [ {
        "coding": [ {
          "system": "http://snomed.info/sct",
          "version": "http://snomed.info/sct/731000124108/version/20240401",
          "code": "185463005",
          "display": "Visit out of hours (procedure)",
          "userSelected": true
        } ]
      } ],
      "subject": {
        "reference": "Patient/a8091d75-0448-41e4-b666-56873228def3"
      },
      "period": {
        "start": "2025-03-03T08:00:00.000+00:00",
        "end": "2025-03-03T08:15:00.000+00:00"
      }
    },
    "request": {
      "method": "PUT",
      "url": "Encounter/24b5138f-c18e-4d7c-820f-1726e3d88dfb"
    }
  }, {
    "fullUrl": "https://madie.cms.gov/Condition/99fbc34e-3874-4692-be10-c669fab51dbc",
    "resource": {
      "resourceType": "Condition",
      "id": "99fbc34e-3874-4692-be10-c669fab51dbc",
      "meta": {
        "profile": [ "http://hl7.org/fhir/us/qicore/StructureDefinition/qicore-condition-problems-health-concerns" ]
      },
      "clinicalStatus": {
        "coding": [ {
          "system": "http://terminology.hl7.org/CodeSystem/condition-clinical",
          "code": "active",
          "display": "Active",
          "userSelected": true
        } ]
      },
      "verificationStatus": {
        "coding": [ {
          "system": "http://terminology.hl7.org/CodeSystem/condition-ver-status",
          "code": "confirmed",
          "display": "Confirmed",
          "userSelected": true
        } ]
      },
      "category": [ {
        "coding": [ {
          "system": "http://terminology.hl7.org/CodeSystem/condition-category",
          "code": "problem-list-item",
          "display": "Problem List Item"
        } ]
      } ],
      "code": {
        "coding": [ {
          "system": "http://snomed.info/sct",
          "version": "http://snomed.info/sct/731000124108/version/20240401",
          "code": "254900004",
          "display": "Carcinoma of prostate (disorder)",
          "userSelected": true
        } ]
      },
      "subject": {
        "reference": "Patient/a8091d75-0448-41e4-b666-56873228def3"
      },
      "onsetPeriod": {
        "start": "2025-03-03T08:00:00.000+00:00"
      }
    },
    "request": {
      "method": "PUT",
      "url": "Condition/99fbc34e-3874-4692-be10-c669fab51dbc"
    }
  }, {
    "fullUrl": "https://madie.cms.gov/MedicationRequest/fd64c2e2-51c5-4790-8c0b-139f28441687",
    "resource": {
      "resourceType": "MedicationRequest",
      "id": "fd64c2e2-51c5-4790-8c0b-139f28441687",
      "meta": {
        "profile": [ "http://hl7.org/fhir/us/qicore/StructureDefinition/qicore-medicationrequest" ]
      },
      "status": "active",
      "intent": "order",
      "medicationCodeableConcept": {
        "coding": [ {
          "system": "http://www.nlm.nih.gov/research/umls/rxnorm",
          "version": "2025-01",
          "code": "752884",
          "display": "0.375 ML leuprolide acetate 120 MG/ML Prefilled Syringe",
          "userSelected": true
        } ]
      },
      "subject": {
        "reference": "Patient/a8091d75-0448-41e4-b666-56873228def3"
      },
      "authoredOn": "2025-10-02T08:00:00.000+00:00",
      "requester": {
        "reference": "http://myGoodHealthcare.com/fhir/Practitioner/646346"
      },
      "dosageInstruction": [ {
        "timing": {
          "repeat": {
            "boundsPeriod": {
              "start": "2025-10-02T08:00:00.000+00:00"
            }
          }
        }
      } ]
    },
    "request": {
      "method": "PUT",
      "url": "MedicationRequest/fd64c2e2-51c5-4790-8c0b-139f28441687"
    }
  }, {
    "fullUrl": "https://madie.cms.gov/ServiceRequest/ec605531-9537-4dda-a632-438af30464f6",
    "resource": {
      "resourceType": "ServiceRequest",
      "id": "ec605531-9537-4dda-a632-438af30464f6",
      "meta": {
        "profile": [ "http://hl7.org/fhir/us/qicore/StructureDefinition/qicore-servicerequest" ]
      },
      "status": "active",
      "intent": "order",
      "code": {
        "coding": [ {
          "system": "http://snomed.info/sct",
          "code": "456381000124102",
          "display": "Injection of leuprolide acetate for twelve month period (regime/therapy)",
          "userSelected": true
        } ]
      },
      "subject": {
        "reference": "Patient/a8091d75-0448-41e4-b666-56873228def3"
      },
      "authoredOn": "2025-10-02T08:00:00.000+00:00"
    },
    "request": {
      "method": "PUT",
      "url": "ServiceRequest/ec605531-9537-4dda-a632-438af30464f6"
    }
  }, {
    "fullUrl": "https://madie.cms.gov/MeasureReport/3fd69c3d-207f-44bc-b633-97dbe5012ae4",
    "resource": {
      "resourceType": "MeasureReport",
      "id": "3fd69c3d-207f-44bc-b633-97dbe5012ae4",
      "meta": {
        "profile": [ "http://hl7.org/fhir/us/cqfmeasures/StructureDefinition/test-case-cqfm" ]
      },
      "contained": [ {
        "resourceType": "Parameters",
        "id": "020fbe9f-fe24-4e81-a92c-d6084124c53f-parameters",
        "parameter": [ {
          "name": "subject",
          "valueString": "a8091d75-0448-41e4-b666-56873228def3"
        } ]
      } ],
      "extension": [ {
        "url": "http://hl7.org/fhir/us/cqfmeasures/StructureDefinition/cqfm-inputParameters",
        "valueReference": {
          "reference": "#020fbe9f-fe24-4e81-a92c-d6084124c53f-parameters"
        }
      }, {
        "url": "http://hl7.org/fhir/us/cqfmeasures/StructureDefinition/cqfm-testCaseDescription",
        "valueMarkdown": "Dx of Prostate Cancer with qualifying encounter(s) in MP, but ADT greater than 9 months after start of MP. "
      } ],
      "modifierExtension": [ {
        "url": "http://hl7.org/fhir/us/cqfmeasures/StructureDefinition/cqfm-isTestCase",
        "valueBoolean": true
      } ],
      "status": "complete",
      "type": "individual",
      "measure": "https://madie.cms.gov/Measure/BoneDensityProstateCancerAndrogenDeprivationTherapyFHIR6",
      "period": {
        "start": "2025-01-01",
        "end": "2025-12-31"
      },
      "group": [ {
        "id": "67b61060a0d801640767a597",
        "population": [ {
          "id": "E8F25116-1779-4BA6-B606-34F12AE4F5BA",
          "code": {
            "coding": [ {
              "system": "http://terminology.hl7.org/CodeSystem/measure-population",
              "code": "initial-population",
              "display": "Initial Population"
            } ]
          },
          "count": 0
        }, {
          "id": "1C145A56-9250-4444-A497-86C44F55CFDB",
          "code": {
            "coding": [ {
              "system": "http://terminology.hl7.org/CodeSystem/measure-population",
              "code": "denominator",
              "display": "Denominator"
            } ]
          },
          "count": 0
        }, {
          "id": "B1E0E3D2-D44E-4BFF-92F8-077CF1AE234F",
          "code": {
            "coding": [ {
              "system": "http://terminology.hl7.org/CodeSystem/measure-population",
              "code": "numerator",
              "display": "Numerator"
            } ]
          },
          "count": 0
        }, {
          "id": "A9552F46-139C-4270-835C-224132205362",
          "code": {
            "coding": [ {
              "system": "http://terminology.hl7.org/CodeSystem/measure-population",
              "code": "denominator-exception",
              "display": "Denominator Exception"
            } ]
          },
          "count": 0
        } ],
        "measureScore": {
          "value": 1.0
        }
      } ],
      "evaluatedResource": [ {
        "reference": "Patient/a8091d75-0448-41e4-b666-56873228def3"
      }, {
        "reference": "Encounter/24b5138f-c18e-4d7c-820f-1726e3d88dfb"
      }, {
        "reference": "Condition/99fbc34e-3874-4692-be10-c669fab51dbc"
      }, {
        "reference": "MedicationRequest/fd64c2e2-51c5-4790-8c0b-139f28441687"
      }, {
        "reference": "ServiceRequest/ec605531-9537-4dda-a632-438af30464f6"
      } ]
    },
    "request": {
      "method": "PUT",
      "url": "MeasureReport/3fd69c3d-207f-44bc-b633-97dbe5012ae4"
    }
  } ]
}