{
  "resourceType": "Bundle",
  "id": "612e6b5702c62a011f2ed65b",
  "type": "transaction",
  "entry": [ {
    "fullUrl": "https://madie.cms.gov/Patient/a8ca1ee1-aacc-4641-a310-5396f50873c0",
    "resource": {
      "resourceType": "Patient",
      "id": "a8ca1ee1-aacc-4641-a310-5396f50873c0",
      "meta": {
        "profile": [ "http://hl7.org/fhir/us/qicore/StructureDefinition/qicore-patient" ]
      },
      "text": {
        "status": "generated",
        "div": "<div xmlns=\"http://www.w3.org/1999/xhtml\"><div class=\"hapiHeaderText\">DxVTEB4EncStartWMA_OralXa <b>NUMERPASS </b></div><table class=\"hapiPropertyTable\"><tbody><tr><td>Identifier</td><td>53ba7bfa81859444ffcb221a690f5daf</td></tr><tr><td>Date of birth</td><td><span>02 January 1974</span></td></tr></tbody></table></div>"
      },
      "extension": [ {
        "url": "http://hl7.org/fhir/us/core/StructureDefinition/us-core-race",
        "extension": [ {
          "url": "ombCategory",
          "valueCoding": {
            "system": "urn:oid:2.16.840.1.113883.6.238",
            "code": "1002-5",
            "display": "American Indian or Alaska Native",
            "userSelected": true
          }
        }, {
          "url": "text",
          "valueString": "American Indian or Alaska Native"
        } ]
      }, {
        "url": "http://hl7.org/fhir/us/core/StructureDefinition/us-core-ethnicity",
        "extension": [ {
          "url": "ombCategory",
          "valueCoding": {
            "system": "urn:oid:2.16.840.1.113883.6.238",
            "code": "2135-2",
            "display": "Hispanic or Latino",
            "userSelected": true
          }
        }, {
          "url": "text",
          "valueString": "Hispanic or Latino"
        } ]
      } ],
      "identifier": [ {
        "type": {
          "coding": [ {
            "system": "http://terminology.hl7.org/CodeSystem/v2-0203",
            "code": "MR"
          } ]
        },
        "system": "https://bonnie-fhir.healthit.gov/",
        "value": "612e6b5702c62a011f2ed65b"
      } ],
      "active": true,
      "name": [ {
        "use": "usual",
        "family": "NUMERPass",
        "given": [ "DxVTEB4EncStartWMA_OralXa" ]
      } ],
      "gender": "male",
      "birthDate": "1974-01-02"
    },
    "request": {
      "method": "PUT",
      "url": "Patient/a8ca1ee1-aacc-4641-a310-5396f50873c0"
    }
  }, {
    "fullUrl": "https://madie.cms.gov/Encounter/f52c10dd-abed-4111-9350-982c02f8f692",
    "resource": {
      "resourceType": "Encounter",
      "id": "f52c10dd-abed-4111-9350-982c02f8f692",
      "meta": {
        "profile": [ "http://hl7.org/fhir/us/qicore/StructureDefinition/qicore-encounter" ]
      },
      "status": "finished",
      "class": {
        "system": "http://terminology.hl7.org/CodeSystem/v3-ActCode",
        "code": "IMP",
        "display": "inpatient encounter"
      },
      "type": [ {
        "coding": [ {
          "system": "http://snomed.info/sct",
          "code": "8715000"
        } ]
      } ],
      "subject": {
        "reference": "Patient/a8ca1ee1-aacc-4641-a310-5396f50873c0"
      },
      "period": {
        "start": "2025-11-01T08:00:00+00:00",
        "end": "2025-11-26T08:15:00+00:00"
      },
      "length": {
        "value": 25.0,
        "unit": "days"
      }
    },
    "request": {
      "method": "PUT",
      "url": "Encounter/f52c10dd-abed-4111-9350-982c02f8f692"
    }
  }, {
    "fullUrl": "https://madie.cms.gov/Coverage/a5d89f66-2c3c-4c5c-b89f-2e101be0f887",
    "resource": {
      "resourceType": "Coverage",
      "id": "a5d89f66-2c3c-4c5c-b89f-2e101be0f887",
      "status": "active",
      "beneficiary": {
        "reference": "Patient/a8ca1ee1-aacc-4641-a310-5396f50873c0"
      },
      "period": {
        "start": "1974-01-02T08:00:00+00:00"
      },
      "payor": [ {
        "reference": "Organization/66585b75-1570-4730-894b-cb4af31cf1e5"
      } ]
    },
    "request": {
      "method": "PUT",
      "url": "Coverage/a5d89f66-2c3c-4c5c-b89f-2e101be0f887"
    }
  }, {
    "fullUrl": "https://madie.cms.gov/Condition/ba0648e2-7cc5-4c39-a4c0-50d03212937e",
    "resource": {
      "resourceType": "Condition",
      "id": "ba0648e2-7cc5-4c39-a4c0-50d03212937e",
      "meta": {
        "profile": [ "http://hl7.org/fhir/us/qicore/StructureDefinition/qicore-condition" ]
      },
      "clinicalStatus": {
        "coding": [ {
          "system": "http://terminology.hl7.org/CodeSystem/condition-clinical",
          "code": "inactive",
          "display": "inactive",
          "userSelected": true
        } ]
      },
      "verificationStatus": {
        "coding": [ {
          "system": "http://terminology.hl7.org/CodeSystem/condition-ver-status",
          "code": "confirmed",
          "display": "confirmed",
          "userSelected": true
        } ]
      },
      "category": [ {
        "coding": [ {
          "system": "http://terminology.hl7.org/CodeSystem/condition-category",
          "code": "problem-list-item",
          "display": "Problem List Item"
        } ]
      } ],
      "code": {
        "coding": [ {
          "system": "http://snomed.info/sct",
          "code": "1001000119102",
          "display": "Pulmonary embolism with pulmonary"
        } ]
      },
      "subject": {
        "reference": "Patient/a8ca1ee1-aacc-4641-a310-5396f50873c0"
      },
      "onsetPeriod": {
        "start": "2025-10-09T08:00:00+00:00",
        "end": "2025-10-09T08:15:00+00:00"
      }
    },
    "request": {
      "method": "PUT",
      "url": "Condition/ba0648e2-7cc5-4c39-a4c0-50d03212937e"
    }
  }, {
    "fullUrl": "https://madie.cms.gov/MedicationAdministration/13e6ee40-059d-48c7-b419-8632f913f1f6",
    "resource": {
      "resourceType": "MedicationAdministration",
      "id": "13e6ee40-059d-48c7-b419-8632f913f1f6",
      "meta": {
        "profile": [ "http://hl7.org/fhir/us/qicore/StructureDefinition/qicore-medicationadministration" ]
      },
      "status": "completed",
      "medicationCodeableConcept": {
        "coding": [ {
          "system": "http://www.nlm.nih.gov/research/umls/rxnorm",
          "code": "1599543",
          "display": "edoxaban 15 MG Oral Tablet"
        } ]
      },
      "subject": {
        "reference": "Patient/a8ca1ee1-aacc-4641-a310-5396f50873c0"
      },
      "effectivePeriod": {
        "start": "2025-11-01T11:00:00+00:00",
        "end": "2025-11-01T11:05:00+00:00"
      }
    },
    "request": {
      "method": "PUT",
      "url": "MedicationAdministration/13e6ee40-059d-48c7-b419-8632f913f1f6"
    }
  }, {
    "fullUrl": "https://madie.cms.gov/Organization/66585b75-1570-4730-894b-cb4af31cf1e5",
    "resource": {
      "resourceType": "Organization",
      "id": "66585b75-1570-4730-894b-cb4af31cf1e5",
      "meta": {
        "profile": [ "http://hl7.org/fhir/us/qicore/StructureDefinition/qicore-organization" ]
      },
      "identifier": [ {
        "use": "temp",
        "system": "urn:oid:2.16.840.1.113883.4.4",
        "value": "21-3259825"
      } ],
      "active": true,
      "type": [ {
        "coding": [ {
          "system": "http://terminology.hl7.org/CodeSystem/organization-type",
          "code": "pay",
          "display": "Payer"
        } ]
      } ],
      "name": "Blue Cross Blue Shield of Texas",
      "telecom": [ {
        "system": "phone",
        "value": "(+1) 972-766-6900"
      } ],
      "address": [ {
        "use": "billing",
        "type": "postal",
        "line": [ "P.O. Box 660044" ],
        "city": "Dallas",
        "state": "TX",
        "postalCode": "75266-0044",
        "country": "USA"
      } ]
    },
    "request": {
      "method": "PUT",
      "url": "Organization/66585b75-1570-4730-894b-cb4af31cf1e5"
    }
  }, {
    "fullUrl": "https://madie.cms.gov/MeasureReport/f57cda9c-2d23-4179-8fbf-684611b7a8b1",
    "resource": {
      "resourceType": "MeasureReport",
      "id": "f57cda9c-2d23-4179-8fbf-684611b7a8b1",
      "meta": {
        "profile": [ "http://hl7.org/fhir/us/cqfmeasures/StructureDefinition/test-case-cqfm" ]
      },
      "contained": [ {
        "resourceType": "Parameters",
        "id": "89d2f707-d8b9-4fc0-b6a0-0893e8eb6993-parameters",
        "parameter": [ {
          "name": "subject",
          "valueString": "a8ca1ee1-aacc-4641-a310-5396f50873c0"
        } ]
      } ],
      "extension": [ {
        "url": "http://hl7.org/fhir/us/cqfmeasures/StructureDefinition/cqfm-inputParameters",
        "valueReference": {
          "reference": "#89d2f707-d8b9-4fc0-b6a0-0893e8eb6993-parameters"
        }
      }, {
        "url": "http://hl7.org/fhir/us/cqfmeasures/StructureDefinition/cqfm-testCaseDescription",
        "valueMarkdown": ">18, LOS<120 day. Medication, Administered: Oral Factor Xa Inhibitor for VTE Prophylaxis with diagnosis of  VTE starts before the encounter.\n"
      } ],
      "modifierExtension": [ {
        "url": "http://hl7.org/fhir/us/cqfmeasures/StructureDefinition/cqfm-isTestCase",
        "valueBoolean": true
      } ],
      "status": "complete",
      "type": "individual",
      "measure": "https://madie.cms.gov/Measure/VenousThromboembolismProphylaxisFHIR",
      "period": {
        "start": "2025-01-01",
        "end": "2025-12-31"
      },
      "group": [ {
        "population": [ {
          "code": {
            "coding": [ {
              "system": "http://terminology.hl7.org/CodeSystem/measure-population",
              "code": "initial-population",
              "display": "Initial Population"
            } ]
          },
          "count": 1
        }, {
          "code": {
            "coding": [ {
              "system": "http://terminology.hl7.org/CodeSystem/measure-population",
              "code": "denominator",
              "display": "Denominator"
            } ]
          },
          "count": 1
        }, {
          "code": {
            "coding": [ {
              "system": "http://terminology.hl7.org/CodeSystem/measure-population",
              "code": "denominator-exclusion",
              "display": "Denominator Exclusion"
            } ]
          },
          "count": 0
        }, {
          "code": {
            "coding": [ {
              "system": "http://terminology.hl7.org/CodeSystem/measure-population",
              "code": "numerator",
              "display": "Numerator"
            } ]
          },
          "count": 1
        } ]
      } ],
      "evaluatedResource": [ {
        "reference": "Patient/a8ca1ee1-aacc-4641-a310-5396f50873c0"
      }, {
        "reference": "Encounter/f52c10dd-abed-4111-9350-982c02f8f692"
      }, {
        "reference": "Coverage/a5d89f66-2c3c-4c5c-b89f-2e101be0f887"
      }, {
        "reference": "Condition/ba0648e2-7cc5-4c39-a4c0-50d03212937e"
      }, {
        "reference": "MedicationAdministration/13e6ee40-059d-48c7-b419-8632f913f1f6"
      }, {
        "reference": "Organization/66585b75-1570-4730-894b-cb4af31cf1e5"
      } ]
    },
    "request": {
      "method": "PUT",
      "url": "MeasureReport/f57cda9c-2d23-4179-8fbf-684611b7a8b1"
    }
  } ]
}