{
  "resourceType": "Bundle",
  "id": "612e6b5402c62a011f2ed56f",
  "type": "transaction",
  "entry": [ {
    "fullUrl": "https://madie.cms.gov/Patient/afb6e336-3b64-4452-97b4-b81a964224e5",
    "resource": {
      "resourceType": "Patient",
      "id": "afb6e336-3b64-4452-97b4-b81a964224e5",
      "meta": {
        "profile": [ "http://hl7.org/fhir/us/qicore/StructureDefinition/qicore-patient" ]
      },
      "text": {
        "status": "generated",
        "div": "<div xmlns=\"http://www.w3.org/1999/xhtml\"><div class=\"hapiHeaderText\">MAOralXaApixabanNoSurg<b>NUMERFAIL </b></div><table class=\"hapiPropertyTable\"><tbody><tr><td>Identifier</td><td>b81b91feb2f1861f7a98223048a9e521</td></tr><tr><td>Date of birth</td><td><span>02 January 1974</span></td></tr></tbody></table></div>"
      },
      "extension": [ {
        "url": "http://hl7.org/fhir/us/core/StructureDefinition/us-core-race",
        "extension": [ {
          "url": "ombCategory",
          "valueCoding": {
            "system": "urn:oid:2.16.840.1.113883.6.238",
            "code": "1002-5",
            "display": "American Indian or Alaska Native",
            "userSelected": true
          }
        }, {
          "url": "text",
          "valueString": "American Indian or Alaska Native"
        } ]
      }, {
        "url": "http://hl7.org/fhir/us/core/StructureDefinition/us-core-ethnicity",
        "extension": [ {
          "url": "ombCategory",
          "valueCoding": {
            "system": "urn:oid:2.16.840.1.113883.6.238",
            "code": "2135-2",
            "display": "Hispanic or Latino",
            "userSelected": true
          }
        }, {
          "url": "text",
          "valueString": "Hispanic or Latino"
        } ]
      } ],
      "identifier": [ {
        "type": {
          "coding": [ {
            "system": "http://terminology.hl7.org/CodeSystem/v2-0203",
            "code": "MR"
          } ]
        },
        "system": "https://bonnie-fhir.healthit.gov/",
        "value": "612e6b5402c62a011f2ed56f"
      } ],
      "active": true,
      "name": [ {
        "use": "usual",
        "family": "NUMERFail",
        "given": [ "MAOralXaApixabanNoSurg" ]
      } ],
      "gender": "male",
      "birthDate": "1974-01-02"
    },
    "request": {
      "method": "PUT",
      "url": "Patient/afb6e336-3b64-4452-97b4-b81a964224e5"
    }
  }, {
    "fullUrl": "https://madie.cms.gov/Encounter/ec51153b-db47-489d-8917-c1de372a533d",
    "resource": {
      "resourceType": "Encounter",
      "id": "ec51153b-db47-489d-8917-c1de372a533d",
      "meta": {
        "profile": [ "http://hl7.org/fhir/us/qicore/StructureDefinition/qicore-encounter" ]
      },
      "status": "finished",
      "class": {
        "system": "http://terminology.hl7.org/CodeSystem/v3-ActCode",
        "code": "IMP",
        "display": "inpatient encounter"
      },
      "type": [ {
        "coding": [ {
          "system": "http://snomed.info/sct",
          "code": "8715000"
        } ]
      } ],
      "subject": {
        "reference": "Patient/afb6e336-3b64-4452-97b4-b81a964224e5"
      },
      "period": {
        "start": "2025-11-01T08:00:00+00:00",
        "end": "2025-11-26T08:15:00+00:00"
      },
      "length": {
        "value": 25.0,
        "unit": "days"
      }
    },
    "request": {
      "method": "PUT",
      "url": "Encounter/ec51153b-db47-489d-8917-c1de372a533d"
    }
  }, {
    "fullUrl": "https://madie.cms.gov/Coverage/74c4e830-6979-4ce0-a73e-ed6c15990f52",
    "resource": {
      "resourceType": "Coverage",
      "id": "74c4e830-6979-4ce0-a73e-ed6c15990f52",
      "status": "active",
      "beneficiary": {
        "reference": "Patient/afb6e336-3b64-4452-97b4-b81a964224e5"
      },
      "period": {
        "start": "1974-01-02T08:00:00+00:00"
      },
      "payor": [ {
        "reference": "Organization/d841af56-6866-469a-99cb-9bb0d025aaa1"
      } ]
    },
    "request": {
      "method": "PUT",
      "url": "Coverage/74c4e830-6979-4ce0-a73e-ed6c15990f52"
    }
  }, {
    "fullUrl": "https://madie.cms.gov/MedicationAdministration/77f42d0c-628f-42e9-a193-786c756f90b1",
    "resource": {
      "resourceType": "MedicationAdministration",
      "id": "77f42d0c-628f-42e9-a193-786c756f90b1",
      "meta": {
        "profile": [ "http://hl7.org/fhir/us/qicore/StructureDefinition/qicore-medicationadministration" ]
      },
      "status": "completed",
      "medicationCodeableConcept": {
        "coding": [ {
          "system": "http://www.nlm.nih.gov/research/umls/rxnorm",
          "code": "1364435"
        } ]
      },
      "subject": {
        "reference": "Patient/afb6e336-3b64-4452-97b4-b81a964224e5"
      },
      "effectivePeriod": {
        "start": "2025-11-01T09:00:00+00:00"
      }
    },
    "request": {
      "method": "PUT",
      "url": "MedicationAdministration/77f42d0c-628f-42e9-a193-786c756f90b1"
    }
  }, {
    "fullUrl": "https://madie.cms.gov/Organization/d841af56-6866-469a-99cb-9bb0d025aaa1",
    "resource": {
      "resourceType": "Organization",
      "id": "d841af56-6866-469a-99cb-9bb0d025aaa1",
      "meta": {
        "profile": [ "http://hl7.org/fhir/us/qicore/StructureDefinition/qicore-organization" ]
      },
      "identifier": [ {
        "use": "temp",
        "system": "urn:oid:2.16.840.1.113883.4.4",
        "value": "21-3259825"
      } ],
      "active": true,
      "type": [ {
        "coding": [ {
          "system": "http://terminology.hl7.org/CodeSystem/organization-type",
          "code": "pay",
          "display": "Payer"
        } ]
      } ],
      "name": "Blue Cross Blue Shield of Texas",
      "telecom": [ {
        "system": "phone",
        "value": "(+1) 972-766-6900"
      } ],
      "address": [ {
        "use": "billing",
        "type": "postal",
        "line": [ "P.O. Box 660044" ],
        "city": "Dallas",
        "state": "TX",
        "postalCode": "75266-0044",
        "country": "USA"
      } ]
    },
    "request": {
      "method": "PUT",
      "url": "Organization/d841af56-6866-469a-99cb-9bb0d025aaa1"
    }
  }, {
    "fullUrl": "https://madie.cms.gov/Practitioner/ee7e65d6-7df1-4fec-96df-7615031efc3b",
    "resource": {
      "resourceType": "Practitioner",
      "id": "ee7e65d6-7df1-4fec-96df-7615031efc3b",
      "identifier": [ {
        "system": "http://hl7.org/fhir/sid/us-npi",
        "value": "123456"
      } ],
      "name": [ {
        "family": "Evil",
        "prefix": [ "Dr" ]
      } ]
    },
    "request": {
      "method": "PUT",
      "url": "Practitioner/ee7e65d6-7df1-4fec-96df-7615031efc3b"
    }
  }, {
    "fullUrl": "https://madie.cms.gov/MeasureReport/0be14a9b-159c-4feb-ae9f-62f738d54a80",
    "resource": {
      "resourceType": "MeasureReport",
      "id": "0be14a9b-159c-4feb-ae9f-62f738d54a80",
      "meta": {
        "profile": [ "http://hl7.org/fhir/us/cqfmeasures/StructureDefinition/test-case-cqfm" ]
      },
      "contained": [ {
        "resourceType": "Parameters",
        "id": "953b11d7-49a4-4510-a690-e07353ec163d-parameters",
        "parameter": [ {
          "name": "subject",
          "valueString": "afb6e336-3b64-4452-97b4-b81a964224e5"
        } ]
      } ],
      "extension": [ {
        "url": "http://hl7.org/fhir/us/cqfmeasures/StructureDefinition/cqfm-inputParameters",
        "valueReference": {
          "reference": "#953b11d7-49a4-4510-a690-e07353ec163d-parameters"
        }
      }, {
        "url": "http://hl7.org/fhir/us/cqfmeasures/StructureDefinition/cqfm-testCaseDescription",
        "valueMarkdown": ">18, LOS<120 day. received Oral FactorXa (apixaban)but does not have a paired diagnosis or procedure required to meet the numerator logic\n"
      } ],
      "modifierExtension": [ {
        "url": "http://hl7.org/fhir/us/cqfmeasures/StructureDefinition/cqfm-isTestCase",
        "valueBoolean": true
      } ],
      "status": "complete",
      "type": "individual",
      "measure": "https://madie.cms.gov/Measure/VenousThromboembolismProphylaxisFHIR",
      "period": {
        "start": "2025-01-01",
        "end": "2025-12-31"
      },
      "group": [ {
        "population": [ {
          "code": {
            "coding": [ {
              "system": "http://terminology.hl7.org/CodeSystem/measure-population",
              "code": "initial-population",
              "display": "Initial Population"
            } ]
          },
          "count": 1
        }, {
          "code": {
            "coding": [ {
              "system": "http://terminology.hl7.org/CodeSystem/measure-population",
              "code": "denominator",
              "display": "Denominator"
            } ]
          },
          "count": 1
        }, {
          "code": {
            "coding": [ {
              "system": "http://terminology.hl7.org/CodeSystem/measure-population",
              "code": "denominator-exclusion",
              "display": "Denominator Exclusion"
            } ]
          },
          "count": 0
        }, {
          "code": {
            "coding": [ {
              "system": "http://terminology.hl7.org/CodeSystem/measure-population",
              "code": "numerator",
              "display": "Numerator"
            } ]
          },
          "count": 0
        } ]
      } ],
      "evaluatedResource": [ {
        "reference": "Patient/afb6e336-3b64-4452-97b4-b81a964224e5"
      }, {
        "reference": "Encounter/ec51153b-db47-489d-8917-c1de372a533d"
      }, {
        "reference": "Coverage/74c4e830-6979-4ce0-a73e-ed6c15990f52"
      }, {
        "reference": "MedicationAdministration/77f42d0c-628f-42e9-a193-786c756f90b1"
      }, {
        "reference": "Organization/d841af56-6866-469a-99cb-9bb0d025aaa1"
      }, {
        "reference": "Practitioner/ee7e65d6-7df1-4fec-96df-7615031efc3b"
      } ]
    },
    "request": {
      "method": "PUT",
      "url": "MeasureReport/0be14a9b-159c-4feb-ae9f-62f738d54a80"
    }
  } ]
}