{
  "resourceType": "Bundle",
  "id": "60abda28bf0a01003e3f76bd",
  "type": "transaction",
  "entry": [ {
    "fullUrl": "https://madie.cms.gov/Patient/9eb59f31-41dc-401b-9057-b8c8361f116c",
    "resource": {
      "resourceType": "Patient",
      "id": "9eb59f31-41dc-401b-9057-b8c8361f116c",
      "meta": {
        "profile": [ "http://hl7.org/fhir/us/qicore/StructureDefinition/qicore-patient" ]
      },
      "extension": [ {
        "url": "http://hl7.org/fhir/us/core/StructureDefinition/us-core-race",
        "extension": [ {
          "url": "ombCategory",
          "valueCoding": {
            "system": "urn:oid:2.16.840.1.113883.6.238",
            "code": "2054-5",
            "display": "Black or African American"
          }
        }, {
          "url": "text",
          "valueString": "Black or African American"
        } ]
      }, {
        "url": "http://hl7.org/fhir/us/core/StructureDefinition/us-core-ethnicity",
        "extension": [ {
          "url": "ombCategory",
          "valueCoding": {
            "system": "urn:oid:2.16.840.1.113883.6.238",
            "code": "2186-5",
            "display": "Not Hispanic or Latino"
          }
        }, {
          "url": "text",
          "valueString": "Not Hispanic or Latino"
        } ]
      } ],
      "identifier": [ {
        "type": {
          "coding": [ {
            "system": "http://terminology.hl7.org/CodeSystem/v2-0203",
            "code": "MR"
          } ]
        },
        "system": "https://bonnie-fhir.healthit.gov/",
        "value": "463131313187656"
      } ],
      "name": [ {
        "family": "NUMERPass",
        "given": [ "DEXA89DaysAfterADTEdge" ]
      } ],
      "gender": "male",
      "birthDate": "1954-06-15"
    },
    "request": {
      "method": "PUT",
      "url": "Patient/9eb59f31-41dc-401b-9057-b8c8361f116c"
    }
  }, {
    "fullUrl": "https://madie.cms.gov/Encounter/7aee8747-d5de-4815-ab99-06b6cb902854",
    "resource": {
      "resourceType": "Encounter",
      "id": "7aee8747-d5de-4815-ab99-06b6cb902854",
      "meta": {
        "profile": [ "http://hl7.org/fhir/us/qicore/StructureDefinition/qicore-encounter" ]
      },
      "status": "finished",
      "class": {
        "system": "http://terminology.hl7.org/CodeSystem/v3-ActCode",
        "code": "AMB",
        "display": "ambulatory"
      },
      "type": [ {
        "coding": [ {
          "system": "http://snomed.info/sct",
          "version": "http://snomed.info/sct/731000124108/version/20240301",
          "code": "185463005",
          "display": "Visit out of hours (procedure)"
        } ]
      } ],
      "subject": {
        "reference": "Patient/9eb59f31-41dc-401b-9057-b8c8361f116c"
      },
      "period": {
        "start": "2026-02-04T08:00:00.000+00:00",
        "end": "2026-02-04T08:15:00.000+00:00"
      }
    },
    "request": {
      "method": "PUT",
      "url": "Encounter/7aee8747-d5de-4815-ab99-06b6cb902854"
    }
  }, {
    "fullUrl": "https://madie.cms.gov/Condition/dbdb39f6-f8b0-4b2a-ad81-55c77a90fccf",
    "resource": {
      "resourceType": "Condition",
      "id": "dbdb39f6-f8b0-4b2a-ad81-55c77a90fccf",
      "meta": {
        "profile": [ "http://hl7.org/fhir/us/qicore/StructureDefinition/qicore-condition-problems-health-concerns" ]
      },
      "clinicalStatus": {
        "coding": [ {
          "system": "http://terminology.hl7.org/CodeSystem/condition-clinical",
          "code": "active",
          "display": "Active",
          "userSelected": true
        } ]
      },
      "verificationStatus": {
        "coding": [ {
          "system": "http://terminology.hl7.org/CodeSystem/condition-ver-status",
          "code": "confirmed"
        } ]
      },
      "category": [ {
        "coding": [ {
          "system": "http://terminology.hl7.org/CodeSystem/condition-category",
          "code": "problem-list-item",
          "display": "Problem List Item"
        } ]
      } ],
      "code": {
        "coding": [ {
          "system": "http://snomed.info/sct",
          "version": "http://snomed.info/sct/731000124108/version/20250301",
          "code": "254900004",
          "display": "Carcinoma of prostate (disorder)"
        } ]
      },
      "subject": {
        "reference": "Patient/9eb59f31-41dc-401b-9057-b8c8361f116c"
      },
      "onsetPeriod": {
        "start": "2026-02-04T08:00:00.000+00:00"
      }
    },
    "request": {
      "method": "PUT",
      "url": "Condition/dbdb39f6-f8b0-4b2a-ad81-55c77a90fccf"
    }
  }, {
    "fullUrl": "https://madie.cms.gov/Observation/ba0c60e5-65da-405b-bf77-f1e82ff992dc",
    "resource": {
      "resourceType": "Observation",
      "id": "ba0c60e5-65da-405b-bf77-f1e82ff992dc",
      "meta": {
        "profile": [ "http://hl7.org/fhir/us/qicore/StructureDefinition/qicore-observation-clinical-result" ]
      },
      "status": "final",
      "category": [ {
        "coding": [ {
          "system": "http://terminology.hl7.org/CodeSystem/observation-category",
          "code": "imaging",
          "display": "Imaging"
        } ]
      }, {
        "coding": [ {
          "system": "http://terminology.hl7.org/CodeSystem/observation-category",
          "code": "survey"
        } ]
      } ],
      "code": {
        "coding": [ {
          "system": "http://loinc.org",
          "version": "2.76",
          "code": "38265-5",
          "display": "DXA Radius and Ulna [T-score] Bone density"
        } ]
      },
      "subject": {
        "reference": "Patient/9eb59f31-41dc-401b-9057-b8c8361f116c"
      },
      "effectivePeriod": {
        "start": "2026-05-04T10:00:00.000+00:00"
      },
      "dataAbsentReason": {
        "coding": [ {
          "system": "http://terminology.hl7.org/CodeSystem/data-absent-reason",
          "code": "unknown",
          "display": "Unknown"
        } ]
      }
    },
    "request": {
      "method": "PUT",
      "url": "Observation/ba0c60e5-65da-405b-bf77-f1e82ff992dc"
    }
  }, {
    "fullUrl": "https://madie.cms.gov/Practitioner/99f48d89-60e8-4103-bc04-e723bf4b0303",
    "resource": {
      "resourceType": "Practitioner",
      "id": "99f48d89-60e8-4103-bc04-e723bf4b0303",
      "meta": {
        "profile": [ "http://hl7.org/fhir/us/qicore/StructureDefinition/qicore-practitioner" ]
      },
      "identifier": [ {
        "use": "temp",
        "system": "urn:oid:2.16.840.1.113883.4.336",
        "value": "Practitioner-23"
      } ],
      "active": true,
      "name": [ {
        "family": "Careful",
        "given": [ "Adam" ],
        "prefix": [ "Dr" ]
      } ],
      "address": [ {
        "use": "home",
        "line": [ "534 Erewhon St" ],
        "city": "PleasantVille",
        "state": "UT",
        "postalCode": "84414"
      } ],
      "qualification": [ {
        "identifier": [ {
          "system": "http://example.org/UniversityIdentifier",
          "value": "12345"
        } ],
        "code": {
          "coding": [ {
            "system": "http://terminology.hl7.org/CodeSystem/v2-0360|2.7",
            "code": "BS",
            "display": "Bachelor of Science"
          } ],
          "text": "Bachelor of Science"
        },
        "period": {
          "start": "1996"
        },
        "issuer": {
          "display": "Example University"
        }
      } ]
    },
    "request": {
      "method": "PUT",
      "url": "Practitioner/99f48d89-60e8-4103-bc04-e723bf4b0303"
    }
  }, {
    "fullUrl": "https://madie.cms.gov/MedicationRequest/becc7874-b9dc-49b6-a338-838b61853b95",
    "resource": {
      "resourceType": "MedicationRequest",
      "id": "becc7874-b9dc-49b6-a338-838b61853b95",
      "meta": {
        "profile": [ "http://hl7.org/fhir/us/qicore/StructureDefinition/qicore-medicationrequest" ]
      },
      "status": "active",
      "intent": "order",
      "medicationCodeableConcept": {
        "coding": [ {
          "system": "http://www.nlm.nih.gov/research/umls/rxnorm",
          "version": "06052023",
          "code": "1115257",
          "display": "1.5 ML leuprolide acetate 30 MG/ML Prefilled Syringe"
        } ]
      },
      "subject": {
        "reference": "Patient/9eb59f31-41dc-401b-9057-b8c8361f116c"
      },
      "authoredOn": "2026-02-04T08:00:00.000+00:00",
      "requester": {
        "reference": "http://myGoodHealthcare.com/fhir/Practitioner/99f48d89-60e8-4103-bc04-e723bf4b0303"
      },
      "dosageInstruction": [ {
        "timing": {
          "repeat": {
            "boundsPeriod": {
              "start": "2026-02-04T08:00:00.000+00:00",
              "end": "2026-03-04T08:00:00.000+00:00"
            }
          }
        }
      } ]
    },
    "request": {
      "method": "PUT",
      "url": "MedicationRequest/becc7874-b9dc-49b6-a338-838b61853b95"
    }
  }, {
    "fullUrl": "https://madie.cms.gov/ServiceRequest/fe429f15-2c1a-4ff8-95bd-1a9f02aeabbf",
    "resource": {
      "resourceType": "ServiceRequest",
      "id": "fe429f15-2c1a-4ff8-95bd-1a9f02aeabbf",
      "meta": {
        "profile": [ "http://hl7.org/fhir/us/qicore/StructureDefinition/qicore-servicerequest" ]
      },
      "status": "active",
      "intent": "order",
      "code": {
        "coding": [ {
          "system": "http://snomed.info/sct",
          "version": "http://snomed.info/sct/731000124108/version/20250301",
          "code": "456381000124102",
          "display": "Injection of leuprolide acetate for twelve month period (regime/therapy)"
        } ]
      },
      "subject": {
        "reference": "Patient/9eb59f31-41dc-401b-9057-b8c8361f116c"
      },
      "authoredOn": "2026-02-04T08:00:00.000+00:00"
    },
    "request": {
      "method": "PUT",
      "url": "ServiceRequest/fe429f15-2c1a-4ff8-95bd-1a9f02aeabbf"
    }
  }, {
    "fullUrl": "https://madie.cms.gov/MeasureReport/70c582e7-d417-45b3-be56-679c3cb64979",
    "resource": {
      "resourceType": "MeasureReport",
      "id": "70c582e7-d417-45b3-be56-679c3cb64979",
      "meta": {
        "profile": [ "http://hl7.org/fhir/us/cqfmeasures/StructureDefinition/test-case-cqfm" ]
      },
      "contained": [ {
        "resourceType": "Parameters",
        "id": "80de2e06-b80e-458a-b1ed-073dd45b951c-parameters",
        "parameter": [ {
          "name": "subject",
          "valueString": "9eb59f31-41dc-401b-9057-b8c8361f116c"
        } ]
      } ],
      "extension": [ {
        "url": "http://hl7.org/fhir/StructureDefinition/cqf-inputParameters",
        "valueReference": {
          "reference": "#80de2e06-b80e-458a-b1ed-073dd45b951c-parameters"
        }
      }, {
        "url": "http://hl7.org/fhir/us/cqfmeasures/StructureDefinition/cqfm-testCaseDescription",
        "valueMarkdown": "Dx of Prostate Cancer with qualifying encounter(s) in MP.  DEXA 89 days after ADT started to test timing.  Passes NUMER criteria.  "
      } ],
      "modifierExtension": [ {
        "url": "http://hl7.org/fhir/us/cqfmeasures/StructureDefinition/cqfm-isTestCase",
        "valueBoolean": true
      } ],
      "status": "complete",
      "type": "individual",
      "measure": "https://madie.cms.gov/Measure/CMS645FHIRBoneDensityPCADTherapy",
      "period": {
        "start": "2026-01-01",
        "end": "2026-12-31"
      },
      "group": [ {
        "id": "Group_1",
        "population": [ {
          "id": "InitialPopulation_1",
          "code": {
            "coding": [ {
              "system": "http://terminology.hl7.org/CodeSystem/measure-population",
              "code": "initial-population",
              "display": "Initial Population"
            } ]
          },
          "count": 1
        }, {
          "id": "Denominator_1",
          "code": {
            "coding": [ {
              "system": "http://terminology.hl7.org/CodeSystem/measure-population",
              "code": "denominator",
              "display": "Denominator"
            } ]
          },
          "count": 1
        }, {
          "id": "Numerator_1",
          "code": {
            "coding": [ {
              "system": "http://terminology.hl7.org/CodeSystem/measure-population",
              "code": "numerator",
              "display": "Numerator"
            } ]
          },
          "count": 1
        }, {
          "id": "DenominatorException_1",
          "code": {
            "coding": [ {
              "system": "http://terminology.hl7.org/CodeSystem/measure-population",
              "code": "denominator-exception",
              "display": "Denominator Exception"
            } ]
          },
          "count": 0
        } ],
        "measureScore": {
          "value": 1.0
        }
      } ],
      "evaluatedResource": [ {
        "reference": "Patient/9eb59f31-41dc-401b-9057-b8c8361f116c"
      }, {
        "reference": "Encounter/7aee8747-d5de-4815-ab99-06b6cb902854"
      }, {
        "reference": "Condition/dbdb39f6-f8b0-4b2a-ad81-55c77a90fccf"
      }, {
        "reference": "Observation/ba0c60e5-65da-405b-bf77-f1e82ff992dc"
      }, {
        "reference": "Practitioner/99f48d89-60e8-4103-bc04-e723bf4b0303"
      }, {
        "reference": "MedicationRequest/becc7874-b9dc-49b6-a338-838b61853b95"
      }, {
        "reference": "ServiceRequest/fe429f15-2c1a-4ff8-95bd-1a9f02aeabbf"
      } ]
    },
    "request": {
      "method": "PUT",
      "url": "MeasureReport/70c582e7-d417-45b3-be56-679c3cb64979"
    }
  } ]
}