{
  "resourceType": "Bundle",
  "id": "612e6ae802c62a011f2ebb43",
  "type": "transaction",
  "entry": [ {
    "fullUrl": "https://madie.cms.gov/Patient/ecd61685-d175-40bf-b47b-076267051ee2",
    "resource": {
      "resourceType": "Patient",
      "id": "ecd61685-d175-40bf-b47b-076267051ee2",
      "meta": {
        "profile": [ "http://hl7.org/fhir/us/qicore/StructureDefinition/qicore-patient" ]
      },
      "text": {
        "status": "generated",
        "div": "<div xmlns=\"http://www.w3.org/1999/xhtml\"><div class=\"hapiHeaderText\">CMPerfDrgObsGT1HrBFAdmCMODayBFAdm <b>DENEXFAIL </b></div><table class=\"hapiPropertyTable\"><tbody><tr><td>Identifier</td><td>d874f5a6c52d811bf5e5d1093e0795b3dc8691e8a7d30647cbc3be67b679e144</td></tr><tr><td>Date of birth</td><td><span>02 January 1974</span></td></tr></tbody></table></div>"
      },
      "extension": [ {
        "url": "http://hl7.org/fhir/us/core/StructureDefinition/us-core-race",
        "extension": [ {
          "url": "ombCategory",
          "valueCoding": {
            "system": "urn:oid:2.16.840.1.113883.6.238",
            "code": "1002-5",
            "display": "American Indian or Alaska Native",
            "userSelected": true
          }
        }, {
          "url": "text",
          "valueString": "American Indian or Alaska Native"
        } ]
      }, {
        "url": "http://hl7.org/fhir/us/core/StructureDefinition/us-core-ethnicity",
        "extension": [ {
          "url": "ombCategory",
          "valueCoding": {
            "system": "urn:oid:2.16.840.1.113883.6.238",
            "code": "2135-2",
            "display": "Hispanic or Latino",
            "userSelected": true
          }
        }, {
          "url": "text",
          "valueString": "Hispanic or Latino"
        } ]
      } ],
      "identifier": [ {
        "type": {
          "coding": [ {
            "system": "http://terminology.hl7.org/CodeSystem/v2-0203",
            "code": "MR"
          } ]
        },
        "system": "https://bonnie-fhir.healthit.gov/",
        "value": "612e6ae802c62a011f2ebb43"
      } ],
      "active": true,
      "name": [ {
        "use": "usual",
        "family": "DENEXFail",
        "given": [ "CMPerfDrgObsGT1HrBFAdmCMODayBFAdm" ]
      } ],
      "gender": "male",
      "birthDate": "1974-01-02"
    },
    "request": {
      "method": "PUT",
      "url": "Patient/ecd61685-d175-40bf-b47b-076267051ee2"
    }
  }, {
    "fullUrl": "https://madie.cms.gov/Encounter/93d397a2-0d68-4bf3-a99a-eac3407902bd",
    "resource": {
      "resourceType": "Encounter",
      "id": "93d397a2-0d68-4bf3-a99a-eac3407902bd",
      "meta": {
        "profile": [ "http://hl7.org/fhir/us/qicore/StructureDefinition/qicore-encounter" ]
      },
      "status": "finished",
      "class": {
        "system": "http://terminology.hl7.org/CodeSystem/v3-ActCode",
        "code": "EMER",
        "display": "emergency"
      },
      "type": [ {
        "coding": [ {
          "system": "http://snomed.info/sct",
          "code": "4525004"
        } ]
      } ],
      "subject": {
        "reference": "Patient/ecd61685-d175-40bf-b47b-076267051ee2"
      },
      "period": {
        "start": "2025-10-31T04:00:00+00:00",
        "end": "2025-11-01T05:15:00+00:00"
      },
      "length": {
        "value": 1.0,
        "unit": "days"
      }
    },
    "request": {
      "method": "PUT",
      "url": "Encounter/93d397a2-0d68-4bf3-a99a-eac3407902bd"
    }
  }, {
    "fullUrl": "https://madie.cms.gov/Encounter/e3bb7d2f-a4e9-488d-8c1e-7b485dc3774f",
    "resource": {
      "resourceType": "Encounter",
      "id": "e3bb7d2f-a4e9-488d-8c1e-7b485dc3774f",
      "meta": {
        "profile": [ "http://hl7.org/fhir/us/qicore/StructureDefinition/qicore-encounter" ]
      },
      "status": "finished",
      "class": {
        "system": "http://terminology.hl7.org/CodeSystem/v3-ActCode",
        "code": "IMP",
        "display": "inpatient encounter"
      },
      "type": [ {
        "coding": [ {
          "system": "http://snomed.info/sct",
          "code": "8715000"
        } ]
      } ],
      "subject": {
        "reference": "Patient/ecd61685-d175-40bf-b47b-076267051ee2"
      },
      "period": {
        "start": "2025-11-01T08:00:00+00:00",
        "end": "2025-11-26T08:15:00+00:00"
      },
      "length": {
        "value": 25.0,
        "unit": "days"
      }
    },
    "request": {
      "method": "PUT",
      "url": "Encounter/e3bb7d2f-a4e9-488d-8c1e-7b485dc3774f"
    }
  }, {
    "fullUrl": "https://madie.cms.gov/Encounter/6ba01828-8416-4200-b11e-e166a7ec4d22",
    "resource": {
      "resourceType": "Encounter",
      "id": "6ba01828-8416-4200-b11e-e166a7ec4d22",
      "meta": {
        "profile": [ "http://hl7.org/fhir/us/qicore/StructureDefinition/qicore-encounter" ]
      },
      "status": "finished",
      "class": {
        "system": "http://terminology.hl7.org/CodeSystem/v3-ActCode",
        "code": "OBSENC",
        "display": "observation encounter"
      },
      "type": [ {
        "coding": [ {
          "system": "http://snomed.info/sct",
          "code": "448951000124107"
        } ]
      } ],
      "subject": {
        "reference": "Patient/ecd61685-d175-40bf-b47b-076267051ee2"
      },
      "period": {
        "start": "2025-11-01T05:20:00+00:00",
        "end": "2025-11-01T06:30:00+00:00"
      }
    },
    "request": {
      "method": "PUT",
      "url": "Encounter/6ba01828-8416-4200-b11e-e166a7ec4d22"
    }
  }, {
    "fullUrl": "https://madie.cms.gov/Procedure/34d5c6cc-2fe2-4f62-86a2-c63f51d4374d",
    "resource": {
      "resourceType": "Procedure",
      "id": "34d5c6cc-2fe2-4f62-86a2-c63f51d4374d",
      "meta": {
        "profile": [ "http://hl7.org/fhir/us/qicore/StructureDefinition/qicore-procedure" ]
      },
      "extension": [ {
        "url": "http://hl7.org/fhir/us/qicore/StructureDefinition/qicore-recorded",
        "valueDateTime": "2012-12-04T09:35:00-04:00"
      } ],
      "status": "in-progress",
      "code": {
        "coding": [ {
          "system": "http://snomed.info/sct",
          "code": "133918004"
        } ]
      },
      "subject": {
        "reference": "Patient/ecd61685-d175-40bf-b47b-076267051ee2"
      },
      "performedPeriod": {
        "start": "2025-10-31T06:00:00+00:00"
      }
    },
    "request": {
      "method": "PUT",
      "url": "Procedure/34d5c6cc-2fe2-4f62-86a2-c63f51d4374d"
    }
  }, {
    "fullUrl": "https://madie.cms.gov/Coverage/6a4e211f-4340-48bf-9bbe-203602d67ca1",
    "resource": {
      "resourceType": "Coverage",
      "id": "6a4e211f-4340-48bf-9bbe-203602d67ca1",
      "status": "active",
      "beneficiary": {
        "reference": "Patient/ecd61685-d175-40bf-b47b-076267051ee2"
      },
      "period": {
        "start": "1974-01-02T08:00:00+00:00"
      },
      "payor": [ {
        "reference": "Organization/3069ae97-e8d0-47fd-8fd2-df3d99e3142d"
      } ]
    },
    "request": {
      "method": "PUT",
      "url": "Coverage/6a4e211f-4340-48bf-9bbe-203602d67ca1"
    }
  }, {
    "fullUrl": "https://madie.cms.gov/Organization/3069ae97-e8d0-47fd-8fd2-df3d99e3142d",
    "resource": {
      "resourceType": "Organization",
      "id": "3069ae97-e8d0-47fd-8fd2-df3d99e3142d",
      "meta": {
        "profile": [ "http://hl7.org/fhir/us/qicore/StructureDefinition/qicore-organization" ]
      },
      "identifier": [ {
        "use": "temp",
        "system": "urn:oid:2.16.840.1.113883.4.4",
        "value": "21-3259825"
      } ],
      "active": true,
      "type": [ {
        "coding": [ {
          "system": "http://terminology.hl7.org/CodeSystem/organization-type",
          "code": "pay",
          "display": "Payer"
        } ]
      } ],
      "name": "Blue Cross Blue Shield of Texas",
      "telecom": [ {
        "system": "phone",
        "value": "(+1) 972-766-6900"
      } ],
      "address": [ {
        "use": "billing",
        "type": "postal",
        "line": [ "P.O. Box 660044" ],
        "city": "Dallas",
        "state": "TX",
        "postalCode": "75266-0044",
        "country": "USA"
      } ]
    },
    "request": {
      "method": "PUT",
      "url": "Organization/3069ae97-e8d0-47fd-8fd2-df3d99e3142d"
    }
  }, {
    "fullUrl": "https://madie.cms.gov/Practitioner/7c69aa7d-ab38-45ce-a345-e521760d059e",
    "resource": {
      "resourceType": "Practitioner",
      "id": "7c69aa7d-ab38-45ce-a345-e521760d059e",
      "identifier": [ {
        "system": "http://hl7.org/fhir/sid/us-npi",
        "value": "123456"
      } ],
      "name": [ {
        "family": "Evil",
        "prefix": [ "Dr" ]
      } ]
    },
    "request": {
      "method": "PUT",
      "url": "Practitioner/7c69aa7d-ab38-45ce-a345-e521760d059e"
    }
  }, {
    "fullUrl": "https://madie.cms.gov/MeasureReport/cf5dbeb7-99fe-4795-8c4f-9a82765b6b9b",
    "resource": {
      "resourceType": "MeasureReport",
      "id": "cf5dbeb7-99fe-4795-8c4f-9a82765b6b9b",
      "meta": {
        "profile": [ "http://hl7.org/fhir/us/cqfmeasures/StructureDefinition/test-case-cqfm" ]
      },
      "contained": [ {
        "resourceType": "Parameters",
        "id": "4ceef15e-2e0f-4fae-a9f8-9f0addf7c157-parameters",
        "parameter": [ {
          "name": "subject",
          "valueString": "ecd61685-d175-40bf-b47b-076267051ee2"
        } ]
      } ],
      "extension": [ {
        "url": "http://hl7.org/fhir/us/cqfmeasures/StructureDefinition/cqfm-inputParameters",
        "valueReference": {
          "reference": "#4ceef15e-2e0f-4fae-a9f8-9f0addf7c157-parameters"
        }
      }, {
        "url": "http://hl7.org/fhir/us/cqfmeasures/StructureDefinition/cqfm-testCaseDescription",
        "valueMarkdown": "comfort measures performed in Observation, and Obs > 1hr prior to Adm. This case fails because CMO is 1 day before Adm.\n"
      } ],
      "modifierExtension": [ {
        "url": "http://hl7.org/fhir/us/cqfmeasures/StructureDefinition/cqfm-isTestCase",
        "valueBoolean": true
      } ],
      "status": "complete",
      "type": "individual",
      "measure": "https://madie.cms.gov/Measure/VenousThromboembolismProphylaxisFHIR",
      "period": {
        "start": "2025-01-01",
        "end": "2025-12-31"
      },
      "group": [ {
        "population": [ {
          "code": {
            "coding": [ {
              "system": "http://terminology.hl7.org/CodeSystem/measure-population",
              "code": "initial-population",
              "display": "Initial Population"
            } ]
          },
          "count": 1
        }, {
          "code": {
            "coding": [ {
              "system": "http://terminology.hl7.org/CodeSystem/measure-population",
              "code": "denominator",
              "display": "Denominator"
            } ]
          },
          "count": 1
        }, {
          "code": {
            "coding": [ {
              "system": "http://terminology.hl7.org/CodeSystem/measure-population",
              "code": "denominator-exclusion",
              "display": "Denominator Exclusion"
            } ]
          },
          "count": 0
        }, {
          "code": {
            "coding": [ {
              "system": "http://terminology.hl7.org/CodeSystem/measure-population",
              "code": "numerator",
              "display": "Numerator"
            } ]
          },
          "count": 0
        } ]
      } ],
      "evaluatedResource": [ {
        "reference": "Patient/ecd61685-d175-40bf-b47b-076267051ee2"
      }, {
        "reference": "Encounter/93d397a2-0d68-4bf3-a99a-eac3407902bd"
      }, {
        "reference": "Encounter/e3bb7d2f-a4e9-488d-8c1e-7b485dc3774f"
      }, {
        "reference": "Encounter/6ba01828-8416-4200-b11e-e166a7ec4d22"
      }, {
        "reference": "Procedure/34d5c6cc-2fe2-4f62-86a2-c63f51d4374d"
      }, {
        "reference": "Coverage/6a4e211f-4340-48bf-9bbe-203602d67ca1"
      }, {
        "reference": "Organization/3069ae97-e8d0-47fd-8fd2-df3d99e3142d"
      }, {
        "reference": "Practitioner/7c69aa7d-ab38-45ce-a345-e521760d059e"
      } ]
    },
    "request": {
      "method": "PUT",
      "url": "MeasureReport/cf5dbeb7-99fe-4795-8c4f-9a82765b6b9b"
    }
  } ]
}