{
  "resourceType": "Bundle",
  "id": "60abda28bf0a01003e3f76bd",
  "type": "transaction",
  "entry": [ {
    "fullUrl": "https://madie.cms.gov/Patient/7dada0a7-61dd-4375-9863-38d08bd6d676",
    "resource": {
      "resourceType": "Patient",
      "id": "7dada0a7-61dd-4375-9863-38d08bd6d676",
      "meta": {
        "profile": [ "http://hl7.org/fhir/us/qicore/StructureDefinition/qicore-patient" ]
      },
      "extension": [ {
        "url": "http://hl7.org/fhir/us/core/StructureDefinition/us-core-race",
        "extension": [ {
          "url": "ombCategory",
          "valueCoding": {
            "system": "urn:oid:2.16.840.1.113883.6.238",
            "code": "2054-5",
            "display": "Black or African American"
          }
        }, {
          "url": "text",
          "valueString": "Black or African American"
        } ]
      }, {
        "url": "http://hl7.org/fhir/us/core/StructureDefinition/us-core-ethnicity",
        "extension": [ {
          "url": "ombCategory",
          "valueCoding": {
            "system": "urn:oid:2.16.840.1.113883.6.238",
            "code": "2186-5",
            "display": "Not Hispanic or Latino"
          }
        }, {
          "url": "text",
          "valueString": "Not Hispanic or Latino"
        } ]
      } ],
      "identifier": [ {
        "type": {
          "coding": [ {
            "system": "http://terminology.hl7.org/CodeSystem/v2-0203",
            "code": "MR"
          } ]
        },
        "system": "https://bonnie-fhir.healthit.gov/",
        "value": "463131313187656"
      } ],
      "name": [ {
        "family": "NUMERFail",
        "given": [ "DEXAOrdered5YearsAfterADT" ]
      } ],
      "gender": "male",
      "birthDate": "1967-06-15"
    },
    "request": {
      "method": "PUT",
      "url": "Patient/7dada0a7-61dd-4375-9863-38d08bd6d676"
    }
  }, {
    "fullUrl": "https://madie.cms.gov/Encounter/cf1a730c-6fc5-4dae-b929-f522813791bb",
    "resource": {
      "resourceType": "Encounter",
      "id": "cf1a730c-6fc5-4dae-b929-f522813791bb",
      "meta": {
        "profile": [ "http://hl7.org/fhir/us/qicore/StructureDefinition/qicore-encounter" ]
      },
      "status": "finished",
      "class": {
        "system": "http://terminology.hl7.org/CodeSystem/v3-ActCode",
        "code": "AMB",
        "display": "ambulatory"
      },
      "type": [ {
        "coding": [ {
          "system": "http://snomed.info/sct",
          "version": "http://snomed.info/sct/731000124108/version/20240301",
          "code": "185463005",
          "display": "Visit out of hours (procedure)"
        } ]
      } ],
      "subject": {
        "reference": "Patient/7dada0a7-61dd-4375-9863-38d08bd6d676"
      },
      "period": {
        "start": "2026-02-04T08:00:00.000+00:00",
        "end": "2026-02-04T08:15:00.000+00:00"
      }
    },
    "request": {
      "method": "PUT",
      "url": "Encounter/cf1a730c-6fc5-4dae-b929-f522813791bb"
    }
  }, {
    "fullUrl": "https://madie.cms.gov/Condition/90f49e2a-daba-4df9-97b4-78c756d38126",
    "resource": {
      "resourceType": "Condition",
      "id": "90f49e2a-daba-4df9-97b4-78c756d38126",
      "meta": {
        "profile": [ "http://hl7.org/fhir/us/qicore/StructureDefinition/qicore-condition-problems-health-concerns" ]
      },
      "clinicalStatus": {
        "coding": [ {
          "system": "http://terminology.hl7.org/CodeSystem/condition-clinical",
          "code": "active",
          "display": "Active",
          "userSelected": true
        } ]
      },
      "verificationStatus": {
        "coding": [ {
          "system": "http://terminology.hl7.org/CodeSystem/condition-ver-status",
          "code": "confirmed"
        } ]
      },
      "category": [ {
        "coding": [ {
          "system": "http://terminology.hl7.org/CodeSystem/condition-category",
          "code": "problem-list-item",
          "display": "Problem List Item"
        } ]
      } ],
      "code": {
        "coding": [ {
          "system": "http://snomed.info/sct",
          "version": "http://snomed.info/sct/731000124108/version/20240301",
          "code": "254900004",
          "display": "Carcinoma of prostate (disorder)"
        } ]
      },
      "subject": {
        "reference": "Patient/7dada0a7-61dd-4375-9863-38d08bd6d676"
      },
      "onsetPeriod": {
        "start": "2026-02-04T08:00:00.000+00:00"
      }
    },
    "request": {
      "method": "PUT",
      "url": "Condition/90f49e2a-daba-4df9-97b4-78c756d38126"
    }
  }, {
    "fullUrl": "https://madie.cms.gov/Observation/cabf7e19-f49c-4afe-beb1-1b5433906e3b",
    "resource": {
      "resourceType": "Observation",
      "id": "cabf7e19-f49c-4afe-beb1-1b5433906e3b",
      "meta": {
        "profile": [ "http://hl7.org/fhir/us/qicore/StructureDefinition/qicore-observation-lab" ]
      },
      "status": "final",
      "category": [ {
        "coding": [ {
          "system": "http://terminology.hl7.org/CodeSystem/observation-category",
          "code": "imaging",
          "display": "Imaging"
        } ]
      } ],
      "code": {
        "coding": [ {
          "system": "http://loinc.org",
          "version": "2.76",
          "code": "38265-5",
          "display": "DXA Radius and Ulna [T-score] Bone density"
        } ]
      },
      "subject": {
        "reference": "Patient/7dada0a7-61dd-4375-9863-38d08bd6d676"
      },
      "effectivePeriod": {
        "start": "2030-05-01T10:00:00.000+00:00"
      }
    },
    "request": {
      "method": "PUT",
      "url": "Observation/cabf7e19-f49c-4afe-beb1-1b5433906e3b"
    }
  }, {
    "fullUrl": "https://madie.cms.gov/Practitioner/a95217e6-a2ee-4947-94a0-9100eda7f4dd",
    "resource": {
      "resourceType": "Practitioner",
      "id": "a95217e6-a2ee-4947-94a0-9100eda7f4dd",
      "meta": {
        "profile": [ "http://hl7.org/fhir/us/qicore/StructureDefinition/qicore-practitioner" ]
      },
      "identifier": [ {
        "use": "temp",
        "system": "urn:oid:2.16.840.1.113883.4.336",
        "value": "Practitioner-23"
      } ],
      "active": true,
      "name": [ {
        "family": "Careful",
        "given": [ "Adam" ],
        "prefix": [ "Dr" ]
      } ],
      "address": [ {
        "use": "home",
        "line": [ "534 Erewhon St" ],
        "city": "PleasantVille",
        "state": "UT",
        "postalCode": "84414"
      } ],
      "qualification": [ {
        "identifier": [ {
          "system": "http://example.org/UniversityIdentifier",
          "value": "12345"
        } ],
        "code": {
          "coding": [ {
            "system": "http://terminology.hl7.org/CodeSystem/v2-0360|2.7",
            "code": "BS",
            "display": "Bachelor of Science"
          } ],
          "text": "Bachelor of Science"
        },
        "period": {
          "start": "1996"
        },
        "issuer": {
          "display": "Example University"
        }
      } ]
    },
    "request": {
      "method": "PUT",
      "url": "Practitioner/a95217e6-a2ee-4947-94a0-9100eda7f4dd"
    }
  }, {
    "fullUrl": "https://madie.cms.gov/MedicationRequest/c3051b35-b99e-45d4-affc-22db20d151fa",
    "resource": {
      "resourceType": "MedicationRequest",
      "id": "c3051b35-b99e-45d4-affc-22db20d151fa",
      "meta": {
        "profile": [ "http://hl7.org/fhir/us/qicore/StructureDefinition/qicore-medicationrequest" ]
      },
      "status": "active",
      "intent": "order",
      "medicationCodeableConcept": {
        "coding": [ {
          "system": "http://www.nlm.nih.gov/research/umls/rxnorm",
          "version": "04012024",
          "code": "1115257",
          "display": "1.5 ML leuprolide acetate 30 MG/ML Prefilled Syringe"
        } ]
      },
      "subject": {
        "reference": "Patient/7dada0a7-61dd-4375-9863-38d08bd6d676"
      },
      "authoredOn": "2026-02-04T08:00:00.000+00:00",
      "requester": {
        "reference": "http://myGoodHealthcare.com/fhir/Practitioner/a95217e6-a2ee-4947-94a0-9100eda7f4dd"
      },
      "dosageInstruction": [ {
        "timing": {
          "repeat": {
            "boundsPeriod": {
              "start": "2026-02-04T08:00:00.000+00:00",
              "end": "2026-03-04T08:00:00.000+00:00"
            }
          }
        }
      } ]
    },
    "request": {
      "method": "PUT",
      "url": "MedicationRequest/c3051b35-b99e-45d4-affc-22db20d151fa"
    }
  }, {
    "fullUrl": "https://madie.cms.gov/ServiceRequest/5e319b34-1ec5-446a-b6b4-26a0fcb43bfc",
    "resource": {
      "resourceType": "ServiceRequest",
      "id": "5e319b34-1ec5-446a-b6b4-26a0fcb43bfc",
      "meta": {
        "profile": [ "http://hl7.org/fhir/us/qicore/StructureDefinition/qicore-servicerequest" ]
      },
      "status": "active",
      "intent": "order",
      "code": {
        "coding": [ {
          "system": "http://snomed.info/sct",
          "version": "http://snomed.info/sct/731000124108/version/20240301",
          "code": "456381000124102",
          "display": "Injection of leuprolide acetate for twelve month period (regime/therapy)"
        } ]
      },
      "subject": {
        "reference": "Patient/7dada0a7-61dd-4375-9863-38d08bd6d676"
      },
      "authoredOn": "2026-02-04T08:00:00.000+00:00"
    },
    "request": {
      "method": "PUT",
      "url": "ServiceRequest/5e319b34-1ec5-446a-b6b4-26a0fcb43bfc"
    }
  }, {
    "fullUrl": "https://madie.cms.gov/MeasureReport/dade0b11-8508-4b10-b92e-88da3a392e7a",
    "resource": {
      "resourceType": "MeasureReport",
      "id": "dade0b11-8508-4b10-b92e-88da3a392e7a",
      "meta": {
        "profile": [ "http://hl7.org/fhir/us/cqfmeasures/StructureDefinition/test-case-cqfm" ]
      },
      "contained": [ {
        "resourceType": "Parameters",
        "id": "48a988bd-0ea1-4b04-b05c-cdf7719228be-parameters",
        "parameter": [ {
          "name": "subject",
          "valueString": "7dada0a7-61dd-4375-9863-38d08bd6d676"
        } ]
      } ],
      "extension": [ {
        "url": "http://hl7.org/fhir/StructureDefinition/cqf-inputParameters",
        "valueReference": {
          "reference": "#48a988bd-0ea1-4b04-b05c-cdf7719228be-parameters"
        }
      }, {
        "url": "http://hl7.org/fhir/us/cqfmeasures/StructureDefinition/cqfm-testCaseDescription",
        "valueMarkdown": "Male with PCA.  ADT with 12 month order.DEXA ordered 5 years after ADT. Failed NUMER criteria"
      } ],
      "modifierExtension": [ {
        "url": "http://hl7.org/fhir/us/cqfmeasures/StructureDefinition/cqfm-isTestCase",
        "valueBoolean": true
      } ],
      "status": "complete",
      "type": "individual",
      "measure": "https://madie.cms.gov/Measure/CMS645FHIRBoneDensityProstateCancerAndrogenDeprivationTherapy",
      "period": {
        "start": "2026-01-01",
        "end": "2026-12-31"
      },
      "group": [ {
        "id": "Group_1",
        "population": [ {
          "id": "InitialPopulation_1",
          "code": {
            "coding": [ {
              "system": "http://terminology.hl7.org/CodeSystem/measure-population",
              "code": "initial-population",
              "display": "Initial Population"
            } ]
          },
          "count": 1
        }, {
          "id": "Denominator_1",
          "code": {
            "coding": [ {
              "system": "http://terminology.hl7.org/CodeSystem/measure-population",
              "code": "denominator",
              "display": "Denominator"
            } ]
          },
          "count": 1
        }, {
          "id": "Numerator_1",
          "code": {
            "coding": [ {
              "system": "http://terminology.hl7.org/CodeSystem/measure-population",
              "code": "numerator",
              "display": "Numerator"
            } ]
          },
          "count": 0
        }, {
          "id": "DenominatorException_1",
          "code": {
            "coding": [ {
              "system": "http://terminology.hl7.org/CodeSystem/measure-population",
              "code": "denominator-exception",
              "display": "Denominator Exception"
            } ]
          },
          "count": 0
        } ],
        "measureScore": {
          "value": 1.0
        }
      } ],
      "evaluatedResource": [ {
        "reference": "Patient/7dada0a7-61dd-4375-9863-38d08bd6d676"
      }, {
        "reference": "Encounter/cf1a730c-6fc5-4dae-b929-f522813791bb"
      }, {
        "reference": "Condition/90f49e2a-daba-4df9-97b4-78c756d38126"
      }, {
        "reference": "Observation/cabf7e19-f49c-4afe-beb1-1b5433906e3b"
      }, {
        "reference": "Practitioner/a95217e6-a2ee-4947-94a0-9100eda7f4dd"
      }, {
        "reference": "MedicationRequest/c3051b35-b99e-45d4-affc-22db20d151fa"
      }, {
        "reference": "ServiceRequest/5e319b34-1ec5-446a-b6b4-26a0fcb43bfc"
      } ]
    },
    "request": {
      "method": "PUT",
      "url": "MeasureReport/dade0b11-8508-4b10-b92e-88da3a392e7a"
    }
  } ]
}