{
  "resourceType": "Bundle",
  "id": "612e6af902c62a011f2ebf85",
  "type": "transaction",
  "entry": [ {
    "fullUrl": "https://madie.cms.gov/Patient/3fa37487-1f03-4a1d-a3f7-67675ef7b80e",
    "resource": {
      "resourceType": "Patient",
      "id": "3fa37487-1f03-4a1d-a3f7-67675ef7b80e",
      "meta": {
        "profile": [ "http://hl7.org/fhir/us/qicore/StructureDefinition/qicore-patient" ]
      },
      "text": {
        "status": "generated",
        "div": "<div xmlns=\"http://www.w3.org/1999/xhtml\"><div class=\"hapiHeaderText\">MA_OralXaHipOnEncStartTime <b>NUMERPASS </b></div><table class=\"hapiPropertyTable\"><tbody><tr><td>Date of birth</td><td><span>02 January 1974</span></td></tr></tbody></table></div>"
      },
      "extension": [ {
        "url": "http://hl7.org/fhir/us/core/StructureDefinition/us-core-race",
        "extension": [ {
          "url": "ombCategory",
          "valueCoding": {
            "system": "urn:oid:2.16.840.1.113883.6.238",
            "code": "1002-5",
            "display": "American Indian or Alaska Native",
            "userSelected": true
          }
        }, {
          "url": "text",
          "valueString": "American Indian or Alaska Native"
        } ]
      }, {
        "url": "http://hl7.org/fhir/us/core/StructureDefinition/us-core-ethnicity",
        "extension": [ {
          "url": "ombCategory",
          "valueCoding": {
            "system": "urn:oid:2.16.840.1.113883.6.238",
            "code": "2135-2",
            "display": "Hispanic or Latino",
            "userSelected": true
          }
        }, {
          "url": "text",
          "valueString": "Hispanic or Latino"
        } ]
      } ],
      "identifier": [ {
        "type": {
          "coding": [ {
            "system": "http://terminology.hl7.org/CodeSystem/v2-0203",
            "code": "MR"
          } ]
        },
        "system": "https://bonnie-fhir.healthit.gov/",
        "value": "612e6af902c62a011f2ebf85"
      } ],
      "active": true,
      "name": [ {
        "use": "usual",
        "family": "NUMERPass",
        "given": [ "MA_OralXaHipOnEncStartTime" ]
      } ],
      "gender": "female",
      "birthDate": "1974-01-02"
    },
    "request": {
      "method": "PUT",
      "url": "Patient/3fa37487-1f03-4a1d-a3f7-67675ef7b80e"
    }
  }, {
    "fullUrl": "https://madie.cms.gov/Encounter/6044d20f-338a-457a-a294-a010c8b45b00",
    "resource": {
      "resourceType": "Encounter",
      "id": "6044d20f-338a-457a-a294-a010c8b45b00",
      "meta": {
        "profile": [ "http://hl7.org/fhir/us/qicore/StructureDefinition/qicore-encounter" ]
      },
      "status": "finished",
      "class": {
        "system": "http://terminology.hl7.org/CodeSystem/v3-ActCode",
        "code": "IMP",
        "display": "inpatient encounter"
      },
      "type": [ {
        "coding": [ {
          "system": "http://snomed.info/sct",
          "code": "183452005"
        } ]
      } ],
      "subject": {
        "reference": "Patient/3fa37487-1f03-4a1d-a3f7-67675ef7b80e"
      },
      "period": {
        "start": "2025-11-01T08:00:00+00:00",
        "end": "2025-11-26T08:15:00+00:00"
      },
      "length": {
        "value": 25.0,
        "unit": "day"
      }
    },
    "request": {
      "method": "PUT",
      "url": "Encounter/6044d20f-338a-457a-a294-a010c8b45b00"
    }
  }, {
    "fullUrl": "https://madie.cms.gov/Coverage/aa153f92-adee-447e-8d6a-783669e20d73",
    "resource": {
      "resourceType": "Coverage",
      "id": "aa153f92-adee-447e-8d6a-783669e20d73",
      "status": "active",
      "beneficiary": {
        "reference": "Patient/3fa37487-1f03-4a1d-a3f7-67675ef7b80e"
      },
      "period": {
        "start": "1974-01-02T08:00:00+00:00"
      },
      "payor": [ {
        "reference": "Organization/fe58fb54-2325-47ca-8906-348379ac2a6f"
      } ]
    },
    "request": {
      "method": "PUT",
      "url": "Coverage/aa153f92-adee-447e-8d6a-783669e20d73"
    }
  }, {
    "fullUrl": "https://madie.cms.gov/MedicationAdministration/3db04106-6ba3-4936-8528-3c4c9bafef65",
    "resource": {
      "resourceType": "MedicationAdministration",
      "id": "3db04106-6ba3-4936-8528-3c4c9bafef65",
      "meta": {
        "profile": [ "http://hl7.org/fhir/us/qicore/StructureDefinition/qicore-medicationadministration" ]
      },
      "status": "completed",
      "medicationCodeableConcept": {
        "coding": [ {
          "system": "http://www.nlm.nih.gov/research/umls/rxnorm",
          "code": "1599543"
        } ]
      },
      "subject": {
        "reference": "Patient/3fa37487-1f03-4a1d-a3f7-67675ef7b80e"
      },
      "effectivePeriod": {
        "start": "2025-11-01T08:00:00+00:00"
      }
    },
    "request": {
      "method": "PUT",
      "url": "MedicationAdministration/3db04106-6ba3-4936-8528-3c4c9bafef65"
    }
  }, {
    "fullUrl": "https://madie.cms.gov/Procedure/fe0386f3-1ff9-4952-9686-f3546331fbab",
    "resource": {
      "resourceType": "Procedure",
      "id": "fe0386f3-1ff9-4952-9686-f3546331fbab",
      "meta": {
        "profile": [ "http://hl7.org/fhir/us/qicore/StructureDefinition/qicore-procedure" ]
      },
      "extension": [ {
        "url": "http://hl7.org/fhir/us/qicore/StructureDefinition/qicore-recorded",
        "valueDateTime": "2012-11-01T09:35:00-04:00"
      } ],
      "status": "completed",
      "code": {
        "coding": [ {
          "system": "http://snomed.info/sct",
          "code": "68491008"
        } ]
      },
      "subject": {
        "reference": "Patient/3fa37487-1f03-4a1d-a3f7-67675ef7b80e"
      },
      "performedPeriod": {
        "start": "2025-11-01T08:00:00+00:00",
        "end": "2025-11-01T10:15:00+00:00"
      }
    },
    "request": {
      "method": "PUT",
      "url": "Procedure/fe0386f3-1ff9-4952-9686-f3546331fbab"
    }
  }, {
    "fullUrl": "https://madie.cms.gov/Organization/fe58fb54-2325-47ca-8906-348379ac2a6f",
    "resource": {
      "resourceType": "Organization",
      "id": "fe58fb54-2325-47ca-8906-348379ac2a6f",
      "meta": {
        "profile": [ "http://hl7.org/fhir/us/qicore/StructureDefinition/qicore-organization" ]
      },
      "identifier": [ {
        "use": "temp",
        "system": "urn:oid:2.16.840.1.113883.4.4",
        "value": "21-3259825"
      } ],
      "active": true,
      "type": [ {
        "coding": [ {
          "system": "http://terminology.hl7.org/CodeSystem/organization-type",
          "code": "pay",
          "display": "Payer"
        } ]
      } ],
      "name": "Blue Cross Blue Shield of Texas",
      "telecom": [ {
        "system": "phone",
        "value": "(+1) 972-766-6900"
      } ],
      "address": [ {
        "use": "billing",
        "type": "postal",
        "line": [ "P.O. Box 660044" ],
        "city": "Dallas",
        "state": "TX",
        "postalCode": "75266-0044",
        "country": "USA"
      } ]
    },
    "request": {
      "method": "PUT",
      "url": "Organization/fe58fb54-2325-47ca-8906-348379ac2a6f"
    }
  }, {
    "fullUrl": "https://madie.cms.gov/Practitioner/46489bba-3da2-4710-a238-17bc14ce51d7",
    "resource": {
      "resourceType": "Practitioner",
      "id": "46489bba-3da2-4710-a238-17bc14ce51d7",
      "identifier": [ {
        "system": "http://hl7.org/fhir/sid/us-npi",
        "value": "123456"
      } ],
      "name": [ {
        "family": "Evil",
        "prefix": [ "Dr" ]
      } ]
    },
    "request": {
      "method": "PUT",
      "url": "Practitioner/46489bba-3da2-4710-a238-17bc14ce51d7"
    }
  }, {
    "fullUrl": "https://madie.cms.gov/MeasureReport/f3676401-05ea-4c33-9d57-f8a72ce34265",
    "resource": {
      "resourceType": "MeasureReport",
      "id": "f3676401-05ea-4c33-9d57-f8a72ce34265",
      "meta": {
        "profile": [ "http://hl7.org/fhir/us/cqfmeasures/StructureDefinition/test-case-cqfm" ]
      },
      "contained": [ {
        "resourceType": "Parameters",
        "id": "2ff0d4a3-a960-4243-bcdf-8aba66df6966-parameters",
        "parameter": [ {
          "name": "subject",
          "valueString": "3fa37487-1f03-4a1d-a3f7-67675ef7b80e"
        } ]
      } ],
      "extension": [ {
        "url": "http://hl7.org/fhir/us/cqfmeasures/StructureDefinition/cqfm-inputParameters",
        "valueReference": {
          "reference": "#2ff0d4a3-a960-4243-bcdf-8aba66df6966-parameters"
        }
      }, {
        "url": "http://hl7.org/fhir/us/cqfmeasures/StructureDefinition/cqfm-testCaseDescription",
        "valueMarkdown": "oral factor Xa administered concurrent with start of IP encounter, Hip replacement concurrent with Start of IP encounter\n"
      } ],
      "modifierExtension": [ {
        "url": "http://hl7.org/fhir/us/cqfmeasures/StructureDefinition/cqfm-isTestCase",
        "valueBoolean": true
      } ],
      "status": "complete",
      "type": "individual",
      "measure": "https://madie.cms.gov/Measure/VenousThromboembolismProphylaxisFHIR",
      "period": {
        "start": "2025-01-01",
        "end": "2025-12-31"
      },
      "group": [ {
        "population": [ {
          "code": {
            "coding": [ {
              "system": "http://terminology.hl7.org/CodeSystem/measure-population",
              "code": "initial-population",
              "display": "Initial Population"
            } ]
          },
          "count": 1
        }, {
          "code": {
            "coding": [ {
              "system": "http://terminology.hl7.org/CodeSystem/measure-population",
              "code": "denominator",
              "display": "Denominator"
            } ]
          },
          "count": 1
        }, {
          "code": {
            "coding": [ {
              "system": "http://terminology.hl7.org/CodeSystem/measure-population",
              "code": "denominator-exclusion",
              "display": "Denominator Exclusion"
            } ]
          },
          "count": 0
        }, {
          "code": {
            "coding": [ {
              "system": "http://terminology.hl7.org/CodeSystem/measure-population",
              "code": "numerator",
              "display": "Numerator"
            } ]
          },
          "count": 1
        } ]
      } ],
      "evaluatedResource": [ {
        "reference": "Patient/3fa37487-1f03-4a1d-a3f7-67675ef7b80e"
      }, {
        "reference": "Encounter/6044d20f-338a-457a-a294-a010c8b45b00"
      }, {
        "reference": "Coverage/aa153f92-adee-447e-8d6a-783669e20d73"
      }, {
        "reference": "MedicationAdministration/3db04106-6ba3-4936-8528-3c4c9bafef65"
      }, {
        "reference": "Procedure/fe0386f3-1ff9-4952-9686-f3546331fbab"
      }, {
        "reference": "Organization/fe58fb54-2325-47ca-8906-348379ac2a6f"
      }, {
        "reference": "Practitioner/46489bba-3da2-4710-a238-17bc14ce51d7"
      } ]
    },
    "request": {
      "method": "PUT",
      "url": "MeasureReport/f3676401-05ea-4c33-9d57-f8a72ce34265"
    }
  } ]
}