{
  "resourceType": "Bundle",
  "id": "612e6a9402c62a011f2ea747",
  "type": "transaction",
  "entry": [ {
    "fullUrl": "https://madie.cms.gov/Patient/34a3b547-4365-466b-b067-0367eeb1c5ae",
    "resource": {
      "resourceType": "Patient",
      "id": "34a3b547-4365-466b-b067-0367eeb1c5ae",
      "meta": {
        "profile": [ "http://hl7.org/fhir/us/qicore/StructureDefinition/qicore-patient" ]
      },
      "text": {
        "status": "generated",
        "div": "<div xmlns=\"http://www.w3.org/1999/xhtml\"><div class=\"hapiHeaderText\">MedReason_MA_Warf_DO_IPC_DayOfAnes <b>NUMERPASS </b></div><table class=\"hapiPropertyTable\"><tbody><tr><td>Identifier</td><td>7b1692125190d12df658f3578aa84ca8</td></tr><tr><td>Date of birth</td><td><span>02 January 1974</span></td></tr></tbody></table></div>"
      },
      "extension": [ {
        "url": "http://hl7.org/fhir/us/core/StructureDefinition/us-core-race",
        "extension": [ {
          "url": "ombCategory",
          "valueCoding": {
            "system": "urn:oid:2.16.840.1.113883.6.238",
            "code": "1002-5",
            "display": "American Indian or Alaska Native",
            "userSelected": true
          }
        }, {
          "url": "text",
          "valueString": "American Indian or Alaska Native"
        } ]
      }, {
        "url": "http://hl7.org/fhir/us/core/StructureDefinition/us-core-ethnicity",
        "extension": [ {
          "url": "ombCategory",
          "valueCoding": {
            "system": "urn:oid:2.16.840.1.113883.6.238",
            "code": "2135-2",
            "display": "Hispanic or Latino",
            "userSelected": true
          }
        }, {
          "url": "text",
          "valueString": "Hispanic or Latino"
        } ]
      } ],
      "identifier": [ {
        "type": {
          "coding": [ {
            "system": "http://terminology.hl7.org/CodeSystem/v2-0203",
            "code": "MR"
          } ]
        },
        "system": "https://bonnie-fhir.healthit.gov/",
        "value": "612e6a9402c62a011f2ea747"
      } ],
      "active": true,
      "name": [ {
        "use": "usual",
        "family": "NUMERPass",
        "given": [ "MedReason_MA_Warf_DO_IPC_DayOfAnes" ]
      } ],
      "gender": "male",
      "birthDate": "1974-01-02"
    },
    "request": {
      "method": "PUT",
      "url": "Patient/34a3b547-4365-466b-b067-0367eeb1c5ae"
    }
  }, {
    "fullUrl": "https://madie.cms.gov/Encounter/74091ea6-dfda-4651-95f6-491e6cbe9838",
    "resource": {
      "resourceType": "Encounter",
      "id": "74091ea6-dfda-4651-95f6-491e6cbe9838",
      "meta": {
        "profile": [ "http://hl7.org/fhir/us/qicore/StructureDefinition/qicore-encounter" ]
      },
      "status": "finished",
      "class": {
        "system": "http://terminology.hl7.org/CodeSystem/v3-ActCode",
        "code": "IMP",
        "display": "inpatient encounter"
      },
      "type": [ {
        "coding": [ {
          "system": "http://snomed.info/sct",
          "code": "8715000"
        } ]
      } ],
      "subject": {
        "reference": "Patient/34a3b547-4365-466b-b067-0367eeb1c5ae"
      },
      "period": {
        "start": "2025-11-01T08:00:00+00:00",
        "end": "2025-11-26T08:15:00+00:00"
      },
      "length": {
        "value": 25.0,
        "unit": "days"
      }
    },
    "request": {
      "method": "PUT",
      "url": "Encounter/74091ea6-dfda-4651-95f6-491e6cbe9838"
    }
  }, {
    "fullUrl": "https://madie.cms.gov/Coverage/952dad2e-68fb-4155-9b10-7a4dcc4b6a72",
    "resource": {
      "resourceType": "Coverage",
      "id": "952dad2e-68fb-4155-9b10-7a4dcc4b6a72",
      "status": "active",
      "beneficiary": {
        "reference": "Patient/34a3b547-4365-466b-b067-0367eeb1c5ae"
      },
      "period": {
        "start": "1974-01-02T08:00:00+00:00"
      },
      "payor": [ {
        "reference": "Organization/7b018d67-c729-4fc5-96d4-53fabdc14650"
      } ]
    },
    "request": {
      "method": "PUT",
      "url": "Coverage/952dad2e-68fb-4155-9b10-7a4dcc4b6a72"
    }
  }, {
    "fullUrl": "https://madie.cms.gov/MedicationAdministration/0016b3cd-59b9-45cd-8990-930fb9688a17",
    "resource": {
      "resourceType": "MedicationAdministration",
      "id": "0016b3cd-59b9-45cd-8990-930fb9688a17",
      "meta": {
        "profile": [ "http://hl7.org/fhir/us/qicore/StructureDefinition/qicore-mednotadministered" ]
      },
      "extension": [ {
        "url": "http://hl7.org/fhir/us/qicore/StructureDefinition/qicore-recorded",
        "valueDateTime": "2025-11-02T11:00:00+00:00"
      } ],
      "status": "not-done",
      "statusReason": [ {
        "coding": [ {
          "system": "http://snomed.info/sct",
          "code": "183932001"
        } ]
      } ],
      "medicationCodeableConcept": {
        "coding": [ {
          "system": "http://www.nlm.nih.gov/research/umls/rxnorm",
          "code": "855288"
        } ]
      },
      "subject": {
        "reference": "Patient/34a3b547-4365-466b-b067-0367eeb1c5ae"
      },
      "effectivePeriod": {
        "start": "2025-11-02T11:00:00+00:00"
      }
    },
    "request": {
      "method": "PUT",
      "url": "MedicationAdministration/0016b3cd-59b9-45cd-8990-930fb9688a17"
    }
  }, {
    "fullUrl": "https://madie.cms.gov/Procedure/1d26fc4f-4d28-4532-970b-fb04ee74db07",
    "resource": {
      "resourceType": "Procedure",
      "id": "1d26fc4f-4d28-4532-970b-fb04ee74db07",
      "meta": {
        "profile": [ "http://hl7.org/fhir/us/qicore/StructureDefinition/qicore-procedure" ]
      },
      "extension": [ {
        "url": "http://hl7.org/fhir/us/qicore/StructureDefinition/qicore-recorded",
        "valueDateTime": "2012-11-02T09:35:00-04:00"
      } ],
      "status": "completed",
      "code": {
        "coding": [ {
          "system": "http://snomed.info/sct",
          "code": "18946005"
        } ]
      },
      "subject": {
        "reference": "Patient/34a3b547-4365-466b-b067-0367eeb1c5ae"
      },
      "performedPeriod": {
        "start": "2025-11-02T09:00:00+00:00",
        "end": "2025-11-02T09:15:00+00:00"
      }
    },
    "request": {
      "method": "PUT",
      "url": "Procedure/1d26fc4f-4d28-4532-970b-fb04ee74db07"
    }
  }, {
    "fullUrl": "https://madie.cms.gov/ServiceRequest/90b95412-9527-4f25-98cb-d27dd60f25df",
    "resource": {
      "resourceType": "ServiceRequest",
      "id": "90b95412-9527-4f25-98cb-d27dd60f25df",
      "meta": {
        "profile": [ "http://hl7.org/fhir/us/qicore/StructureDefinition/qicore-servicenotrequested" ]
      },
      "extension": [ {
        "url": "http://hl7.org/fhir/us/qicore/StructureDefinition/qicore-doNotPerformReason",
        "valueCodeableConcept": {
          "coding": [ {
            "system": "http://snomed.info/sct",
            "code": "183932001",
            "display": "Procedure contraindicated (situation)"
          } ]
        }
      } ],
      "status": "completed",
      "intent": "order",
      "doNotPerform": true,
      "code": {
        "coding": [ {
          "system": "http://snomed.info/sct",
          "version": "2025-03",
          "code": "428411000124104",
          "display": "Intermittent pneumatic compression boot (physical object)",
          "userSelected": true
        } ]
      },
      "subject": {
        "reference": "Patient/34a3b547-4365-466b-b067-0367eeb1c5ae"
      },
      "authoredOn": "2025-11-02T10:00:00.000+00:00"
    },
    "request": {
      "method": "PUT",
      "url": "ServiceRequest/90b95412-9527-4f25-98cb-d27dd60f25df"
    }
  }, {
    "fullUrl": "https://madie.cms.gov/Organization/7b018d67-c729-4fc5-96d4-53fabdc14650",
    "resource": {
      "resourceType": "Organization",
      "id": "7b018d67-c729-4fc5-96d4-53fabdc14650",
      "meta": {
        "profile": [ "http://hl7.org/fhir/us/qicore/StructureDefinition/qicore-organization" ]
      },
      "identifier": [ {
        "use": "temp",
        "system": "urn:oid:2.16.840.1.113883.4.4",
        "value": "21-3259825"
      } ],
      "active": true,
      "type": [ {
        "coding": [ {
          "system": "http://terminology.hl7.org/CodeSystem/organization-type",
          "code": "pay",
          "display": "Payer"
        } ]
      } ],
      "name": "Blue Cross Blue Shield of Texas",
      "telecom": [ {
        "system": "phone",
        "value": "(+1) 972-766-6900"
      } ],
      "address": [ {
        "use": "billing",
        "type": "postal",
        "line": [ "P.O. Box 660044" ],
        "city": "Dallas",
        "state": "TX",
        "postalCode": "75266-0044",
        "country": "USA"
      } ]
    },
    "request": {
      "method": "PUT",
      "url": "Organization/7b018d67-c729-4fc5-96d4-53fabdc14650"
    }
  }, {
    "fullUrl": "https://madie.cms.gov/Practitioner/b1d99503-d017-4da9-80e5-55806b6264d2",
    "resource": {
      "resourceType": "Practitioner",
      "id": "b1d99503-d017-4da9-80e5-55806b6264d2",
      "identifier": [ {
        "system": "http://hl7.org/fhir/sid/us-npi",
        "value": "123456"
      } ],
      "name": [ {
        "family": "Evil",
        "prefix": [ "Dr" ]
      } ]
    },
    "request": {
      "method": "PUT",
      "url": "Practitioner/b1d99503-d017-4da9-80e5-55806b6264d2"
    }
  }, {
    "fullUrl": "https://madie.cms.gov/MeasureReport/8369953a-722b-448a-8256-719bc4f23f72",
    "resource": {
      "resourceType": "MeasureReport",
      "id": "8369953a-722b-448a-8256-719bc4f23f72",
      "meta": {
        "profile": [ "http://hl7.org/fhir/us/cqfmeasures/StructureDefinition/test-case-cqfm" ]
      },
      "contained": [ {
        "resourceType": "Parameters",
        "id": "606a1441-88d3-4074-b9fa-edc3c61d315a-parameters",
        "parameter": [ {
          "name": "subject",
          "valueString": "34a3b547-4365-466b-b067-0367eeb1c5ae"
        } ]
      } ],
      "extension": [ {
        "url": "http://hl7.org/fhir/us/cqfmeasures/StructureDefinition/cqfm-inputParameters",
        "valueReference": {
          "reference": "#606a1441-88d3-4074-b9fa-edc3c61d315a-parameters"
        }
      }, {
        "url": "http://hl7.org/fhir/us/cqfmeasures/StructureDefinition/cqfm-testCaseDescription",
        "valueMarkdown": "IPC not ordered and warfarin not administered due to medical reason <= 1 day after end of anesthesia\n"
      } ],
      "modifierExtension": [ {
        "url": "http://hl7.org/fhir/us/cqfmeasures/StructureDefinition/cqfm-isTestCase",
        "valueBoolean": true
      } ],
      "status": "complete",
      "type": "individual",
      "measure": "https://madie.cms.gov/Measure/VenousThromboembolismProphylaxisFHIR",
      "period": {
        "start": "2025-01-01",
        "end": "2025-12-31"
      },
      "group": [ {
        "population": [ {
          "code": {
            "coding": [ {
              "system": "http://terminology.hl7.org/CodeSystem/measure-population",
              "code": "initial-population",
              "display": "Initial Population"
            } ]
          },
          "count": 1
        }, {
          "code": {
            "coding": [ {
              "system": "http://terminology.hl7.org/CodeSystem/measure-population",
              "code": "denominator",
              "display": "Denominator"
            } ]
          },
          "count": 1
        }, {
          "code": {
            "coding": [ {
              "system": "http://terminology.hl7.org/CodeSystem/measure-population",
              "code": "denominator-exclusion",
              "display": "Denominator Exclusion"
            } ]
          },
          "count": 0
        }, {
          "code": {
            "coding": [ {
              "system": "http://terminology.hl7.org/CodeSystem/measure-population",
              "code": "numerator",
              "display": "Numerator"
            } ]
          },
          "count": 1
        } ]
      } ],
      "evaluatedResource": [ {
        "reference": "Patient/34a3b547-4365-466b-b067-0367eeb1c5ae"
      }, {
        "reference": "Encounter/74091ea6-dfda-4651-95f6-491e6cbe9838"
      }, {
        "reference": "Coverage/952dad2e-68fb-4155-9b10-7a4dcc4b6a72"
      }, {
        "reference": "MedicationAdministration/0016b3cd-59b9-45cd-8990-930fb9688a17"
      }, {
        "reference": "Procedure/1d26fc4f-4d28-4532-970b-fb04ee74db07"
      }, {
        "reference": "ServiceRequest/90b95412-9527-4f25-98cb-d27dd60f25df"
      }, {
        "reference": "Organization/7b018d67-c729-4fc5-96d4-53fabdc14650"
      }, {
        "reference": "Practitioner/b1d99503-d017-4da9-80e5-55806b6264d2"
      } ]
    },
    "request": {
      "method": "PUT",
      "url": "MeasureReport/8369953a-722b-448a-8256-719bc4f23f72"
    }
  } ]
}