{
  "resourceType": "Bundle",
  "id": "612e6b2c02c62a011f2ecb94",
  "type": "transaction",
  "entry": [ {
    "fullUrl": "https://madie.cms.gov/Patient/212fe68c-be34-4361-aeb7-b43b64959d11",
    "resource": {
      "resourceType": "Patient",
      "id": "212fe68c-be34-4361-aeb7-b43b64959d11",
      "meta": {
        "profile": [ "http://hl7.org/fhir/us/qicore/StructureDefinition/qicore-patient" ]
      },
      "text": {
        "status": "generated",
        "div": "<div xmlns=\"http://www.w3.org/1999/xhtml\"><div class=\"hapiHeaderText\">VTE_RiskAssess_DayAfAnes_ProcRvltDT <b>NUMERPASS </b></div><table class=\"hapiPropertyTable\"><tbody><tr><td>Identifier</td><td>c54dbc364ce913dfe300bd0f00b65409</td></tr><tr><td>Date of birth</td><td><span>02 January 1974</span></td></tr></tbody></table></div>"
      },
      "extension": [ {
        "url": "http://hl7.org/fhir/us/core/StructureDefinition/us-core-race",
        "extension": [ {
          "url": "ombCategory",
          "valueCoding": {
            "system": "urn:oid:2.16.840.1.113883.6.238",
            "code": "1002-5",
            "display": "American Indian or Alaska Native",
            "userSelected": true
          }
        }, {
          "url": "text",
          "valueString": "American Indian or Alaska Native"
        } ]
      }, {
        "url": "http://hl7.org/fhir/us/core/StructureDefinition/us-core-ethnicity",
        "extension": [ {
          "url": "ombCategory",
          "valueCoding": {
            "system": "urn:oid:2.16.840.1.113883.6.238",
            "code": "2135-2",
            "display": "Hispanic or Latino",
            "userSelected": true
          }
        }, {
          "url": "text",
          "valueString": "Hispanic or Latino"
        } ]
      } ],
      "identifier": [ {
        "type": {
          "coding": [ {
            "system": "http://terminology.hl7.org/CodeSystem/v2-0203",
            "code": "MR"
          } ]
        },
        "system": "https://bonnie-fhir.healthit.gov/",
        "value": "612e6b2c02c62a011f2ecb94"
      } ],
      "active": true,
      "name": [ {
        "use": "usual",
        "family": "NUMERPass",
        "given": [ "VTE_RiskAssess_DayAfAnes_ProcRvltDT" ]
      } ],
      "gender": "male",
      "birthDate": "1974-01-02"
    },
    "request": {
      "method": "PUT",
      "url": "Patient/212fe68c-be34-4361-aeb7-b43b64959d11"
    }
  }, {
    "fullUrl": "https://madie.cms.gov/Encounter/0089e153-7f66-4636-a909-d8bcfaed52b8",
    "resource": {
      "resourceType": "Encounter",
      "id": "0089e153-7f66-4636-a909-d8bcfaed52b8",
      "meta": {
        "profile": [ "http://hl7.org/fhir/us/qicore/StructureDefinition/qicore-encounter" ]
      },
      "status": "finished",
      "class": {
        "system": "http://terminology.hl7.org/CodeSystem/v3-ActCode",
        "code": "IMP",
        "display": "inpatient encounter"
      },
      "type": [ {
        "coding": [ {
          "system": "http://snomed.info/sct",
          "code": "8715000"
        } ]
      } ],
      "subject": {
        "reference": "Patient/212fe68c-be34-4361-aeb7-b43b64959d11"
      },
      "period": {
        "start": "2025-11-01T08:00:00+00:00",
        "end": "2025-11-26T08:15:00+00:00"
      },
      "length": {
        "value": 25.0,
        "unit": "days"
      }
    },
    "request": {
      "method": "PUT",
      "url": "Encounter/0089e153-7f66-4636-a909-d8bcfaed52b8"
    }
  }, {
    "fullUrl": "https://madie.cms.gov/Observation/a1242651-2eaa-4ec4-b94e-4be0d3942c68",
    "resource": {
      "resourceType": "Observation",
      "id": "a1242651-2eaa-4ec4-b94e-4be0d3942c68",
      "meta": {
        "profile": [ "http://hl7.org/fhir/us/qicore/StructureDefinition/qicore-observation" ]
      },
      "status": "amended",
      "category": [ {
        "coding": [ {
          "system": "http://terminology.hl7.org/CodeSystem/observation-category",
          "code": "exam",
          "display": "exam"
        } ]
      } ],
      "code": {
        "coding": [ {
          "system": "http://loinc.org",
          "code": "72136-5"
        } ]
      },
      "subject": {
        "reference": "Patient/212fe68c-be34-4361-aeb7-b43b64959d11"
      },
      "effectiveDateTime": "2025-11-03T11:00:00+00:00",
      "valueCodeableConcept": {
        "coding": [ {
          "system": "http://snomed.info/sct",
          "code": "260362008",
          "display": "Low Risk"
        } ]
      }
    },
    "request": {
      "method": "PUT",
      "url": "Observation/a1242651-2eaa-4ec4-b94e-4be0d3942c68"
    }
  }, {
    "fullUrl": "https://madie.cms.gov/Coverage/21bc3338-b69f-4147-b6d9-4793236f6071",
    "resource": {
      "resourceType": "Coverage",
      "id": "21bc3338-b69f-4147-b6d9-4793236f6071",
      "status": "active",
      "beneficiary": {
        "reference": "Patient/212fe68c-be34-4361-aeb7-b43b64959d11"
      },
      "period": {
        "start": "1974-01-02T08:00:00+00:00"
      },
      "payor": [ {
        "reference": "Organization/76bc5bd7-92bd-418f-81ba-b71762082206"
      } ]
    },
    "request": {
      "method": "PUT",
      "url": "Coverage/21bc3338-b69f-4147-b6d9-4793236f6071"
    }
  }, {
    "fullUrl": "https://madie.cms.gov/Procedure/80cac371-b787-4ca8-802d-60caf5b46076",
    "resource": {
      "resourceType": "Procedure",
      "id": "80cac371-b787-4ca8-802d-60caf5b46076",
      "meta": {
        "profile": [ "http://hl7.org/fhir/us/qicore/StructureDefinition/qicore-procedure" ]
      },
      "extension": [ {
        "url": "http://hl7.org/fhir/us/qicore/StructureDefinition/qicore-recorded",
        "valueDateTime": "2025-11-03T09:35:00-04:00"
      } ],
      "status": "completed",
      "code": {
        "coding": [ {
          "system": "http://snomed.info/sct",
          "code": "18946005"
        } ]
      },
      "subject": {
        "reference": "Patient/212fe68c-be34-4361-aeb7-b43b64959d11"
      },
      "performedPeriod": {
        "end": "2025-11-02T09:15:00+00:00"
      }
    },
    "request": {
      "method": "PUT",
      "url": "Procedure/80cac371-b787-4ca8-802d-60caf5b46076"
    }
  }, {
    "fullUrl": "https://madie.cms.gov/Organization/76bc5bd7-92bd-418f-81ba-b71762082206",
    "resource": {
      "resourceType": "Organization",
      "id": "76bc5bd7-92bd-418f-81ba-b71762082206",
      "meta": {
        "profile": [ "http://hl7.org/fhir/us/qicore/StructureDefinition/qicore-organization" ]
      },
      "identifier": [ {
        "use": "temp",
        "system": "urn:oid:2.16.840.1.113883.4.4",
        "value": "21-3259825"
      } ],
      "active": true,
      "type": [ {
        "coding": [ {
          "system": "http://terminology.hl7.org/CodeSystem/organization-type",
          "code": "pay",
          "display": "Payer"
        } ]
      } ],
      "name": "Blue Cross Blue Shield of Texas",
      "telecom": [ {
        "system": "phone",
        "value": "(+1) 972-766-6900"
      } ],
      "address": [ {
        "use": "billing",
        "type": "postal",
        "line": [ "P.O. Box 660044" ],
        "city": "Dallas",
        "state": "TX",
        "postalCode": "75266-0044",
        "country": "USA"
      } ]
    },
    "request": {
      "method": "PUT",
      "url": "Organization/76bc5bd7-92bd-418f-81ba-b71762082206"
    }
  }, {
    "fullUrl": "https://madie.cms.gov/Practitioner/d6c71d0c-4483-40c4-88c1-c9b2180fdb44",
    "resource": {
      "resourceType": "Practitioner",
      "id": "d6c71d0c-4483-40c4-88c1-c9b2180fdb44",
      "identifier": [ {
        "system": "http://hl7.org/fhir/sid/us-npi",
        "value": "123456"
      } ],
      "name": [ {
        "family": "Evil",
        "prefix": [ "Dr" ]
      } ]
    },
    "request": {
      "method": "PUT",
      "url": "Practitioner/d6c71d0c-4483-40c4-88c1-c9b2180fdb44"
    }
  }, {
    "fullUrl": "https://madie.cms.gov/MeasureReport/894da49c-6857-4c2d-85e0-21c80e87177e",
    "resource": {
      "resourceType": "MeasureReport",
      "id": "894da49c-6857-4c2d-85e0-21c80e87177e",
      "meta": {
        "profile": [ "http://hl7.org/fhir/us/cqfmeasures/StructureDefinition/test-case-cqfm" ]
      },
      "contained": [ {
        "resourceType": "Parameters",
        "id": "dded1d03-b4f8-425c-835d-3bf9b37da062-parameters",
        "parameter": [ {
          "name": "subject",
          "valueString": "212fe68c-be34-4361-aeb7-b43b64959d11"
        } ]
      } ],
      "extension": [ {
        "url": "http://hl7.org/fhir/us/cqfmeasures/StructureDefinition/cqfm-inputParameters",
        "valueReference": {
          "reference": "#dded1d03-b4f8-425c-835d-3bf9b37da062-parameters"
        }
      }, {
        "url": "http://hl7.org/fhir/us/cqfmeasures/StructureDefinition/cqfm-testCaseDescription",
        "valueMarkdown": "risk assessment done  1 day after the end of anesthesia as RevelantDateime, result is low risk\n"
      } ],
      "modifierExtension": [ {
        "url": "http://hl7.org/fhir/us/cqfmeasures/StructureDefinition/cqfm-isTestCase",
        "valueBoolean": true
      } ],
      "status": "complete",
      "type": "individual",
      "measure": "https://madie.cms.gov/Measure/VenousThromboembolismProphylaxisFHIR",
      "period": {
        "start": "2025-01-01",
        "end": "2025-12-31"
      },
      "group": [ {
        "population": [ {
          "code": {
            "coding": [ {
              "system": "http://terminology.hl7.org/CodeSystem/measure-population",
              "code": "initial-population",
              "display": "Initial Population"
            } ]
          },
          "count": 1
        }, {
          "code": {
            "coding": [ {
              "system": "http://terminology.hl7.org/CodeSystem/measure-population",
              "code": "denominator",
              "display": "Denominator"
            } ]
          },
          "count": 1
        }, {
          "code": {
            "coding": [ {
              "system": "http://terminology.hl7.org/CodeSystem/measure-population",
              "code": "denominator-exclusion",
              "display": "Denominator Exclusion"
            } ]
          },
          "count": 0
        }, {
          "code": {
            "coding": [ {
              "system": "http://terminology.hl7.org/CodeSystem/measure-population",
              "code": "numerator",
              "display": "Numerator"
            } ]
          },
          "count": 1
        } ]
      } ],
      "evaluatedResource": [ {
        "reference": "Patient/212fe68c-be34-4361-aeb7-b43b64959d11"
      }, {
        "reference": "Encounter/0089e153-7f66-4636-a909-d8bcfaed52b8"
      }, {
        "reference": "Observation/a1242651-2eaa-4ec4-b94e-4be0d3942c68"
      }, {
        "reference": "Coverage/21bc3338-b69f-4147-b6d9-4793236f6071"
      }, {
        "reference": "Procedure/80cac371-b787-4ca8-802d-60caf5b46076"
      }, {
        "reference": "Organization/76bc5bd7-92bd-418f-81ba-b71762082206"
      }, {
        "reference": "Practitioner/d6c71d0c-4483-40c4-88c1-c9b2180fdb44"
      } ]
    },
    "request": {
      "method": "PUT",
      "url": "MeasureReport/894da49c-6857-4c2d-85e0-21c80e87177e"
    }
  } ]
}