{
  "resourceType": "Bundle",
  "id": "60abda28bf0a01003e3f76bd",
  "type": "transaction",
  "entry": [ {
    "fullUrl": "https://madie.cms.gov/Patient/2585c4a2-7b38-48e4-9317-19ddbbcfa107",
    "resource": {
      "resourceType": "Patient",
      "id": "2585c4a2-7b38-48e4-9317-19ddbbcfa107",
      "meta": {
        "profile": [ "http://hl7.org/fhir/us/qicore/StructureDefinition/qicore-patient" ]
      },
      "extension": [ {
        "url": "http://hl7.org/fhir/us/core/StructureDefinition/us-core-race",
        "extension": [ {
          "url": "ombCategory",
          "valueCoding": {
            "system": "urn:oid:2.16.840.1.113883.6.238",
            "code": "2054-5",
            "display": "Black or African American"
          }
        }, {
          "url": "text",
          "valueString": "Black or African American"
        } ]
      }, {
        "url": "http://hl7.org/fhir/us/core/StructureDefinition/us-core-ethnicity",
        "extension": [ {
          "url": "ombCategory",
          "valueCoding": {
            "system": "urn:oid:2.16.840.1.113883.6.238",
            "code": "2186-5",
            "display": "Not Hispanic or Latino"
          }
        }, {
          "url": "text",
          "valueString": "Not Hispanic or Latino"
        } ]
      } ],
      "identifier": [ {
        "type": {
          "coding": [ {
            "system": "http://terminology.hl7.org/CodeSystem/v2-0203",
            "code": "MR"
          } ]
        },
        "system": "https://bonnie-fhir.healthit.gov/",
        "value": "463131313187656"
      } ],
      "name": [ {
        "family": "NUMERPass",
        "given": [ "ADTandDEXA9MonthsAfterStartofMPEdge" ]
      } ],
      "gender": "male",
      "birthDate": "1950-06-15"
    },
    "request": {
      "method": "PUT",
      "url": "Patient/2585c4a2-7b38-48e4-9317-19ddbbcfa107"
    }
  }, {
    "fullUrl": "https://madie.cms.gov/Encounter/c3ee7e56-ee3c-45f2-a568-3e190341e9d8",
    "resource": {
      "resourceType": "Encounter",
      "id": "c3ee7e56-ee3c-45f2-a568-3e190341e9d8",
      "meta": {
        "profile": [ "http://hl7.org/fhir/us/qicore/StructureDefinition/qicore-encounter" ]
      },
      "status": "finished",
      "class": {
        "system": "http://terminology.hl7.org/CodeSystem/v3-ActCode",
        "code": "AMB",
        "display": "ambulatory"
      },
      "type": [ {
        "coding": [ {
          "system": "http://snomed.info/sct",
          "version": "http://snomed.info/sct/731000124108/version/20240301",
          "code": "185463005",
          "display": "Visit out of hours (procedure)"
        } ]
      } ],
      "subject": {
        "reference": "Patient/2585c4a2-7b38-48e4-9317-19ddbbcfa107"
      },
      "period": {
        "start": "2026-09-01T08:00:00.000+00:00",
        "end": "2026-09-01T08:15:00.000+00:00"
      }
    },
    "request": {
      "method": "PUT",
      "url": "Encounter/c3ee7e56-ee3c-45f2-a568-3e190341e9d8"
    }
  }, {
    "fullUrl": "https://madie.cms.gov/Condition/6baa6e60-0ee5-4d94-ad7f-187c7cbef30d",
    "resource": {
      "resourceType": "Condition",
      "id": "6baa6e60-0ee5-4d94-ad7f-187c7cbef30d",
      "meta": {
        "profile": [ "http://hl7.org/fhir/us/qicore/StructureDefinition/qicore-condition-problems-health-concerns" ]
      },
      "clinicalStatus": {
        "coding": [ {
          "system": "http://terminology.hl7.org/CodeSystem/condition-clinical",
          "code": "active",
          "display": "Active",
          "userSelected": true
        } ]
      },
      "verificationStatus": {
        "coding": [ {
          "system": "http://terminology.hl7.org/CodeSystem/condition-ver-status",
          "code": "confirmed"
        } ]
      },
      "category": [ {
        "coding": [ {
          "system": "http://terminology.hl7.org/CodeSystem/condition-category",
          "code": "problem-list-item",
          "display": "Problem List Item"
        } ]
      } ],
      "code": {
        "coding": [ {
          "system": "http://snomed.info/sct",
          "version": "http://snomed.info/sct/731000124108/version/20250301",
          "code": "254900004",
          "display": "Carcinoma of prostate (disorder)"
        } ]
      },
      "subject": {
        "reference": "Patient/2585c4a2-7b38-48e4-9317-19ddbbcfa107"
      },
      "onsetPeriod": {
        "start": "2026-09-01T08:00:00.000+00:00"
      }
    },
    "request": {
      "method": "PUT",
      "url": "Condition/6baa6e60-0ee5-4d94-ad7f-187c7cbef30d"
    }
  }, {
    "fullUrl": "https://madie.cms.gov/Observation/375d1633-e034-4da6-b5c4-ec97d58162fe",
    "resource": {
      "resourceType": "Observation",
      "id": "375d1633-e034-4da6-b5c4-ec97d58162fe",
      "meta": {
        "profile": [ "http://hl7.org/fhir/us/qicore/StructureDefinition/qicore-observation-clinical-result" ]
      },
      "status": "final",
      "category": [ {
        "coding": [ {
          "system": "http://terminology.hl7.org/CodeSystem/observation-category",
          "code": "imaging",
          "display": "Imaging"
        } ]
      }, {
        "coding": [ {
          "system": "http://terminology.hl7.org/CodeSystem/observation-category",
          "code": "survey"
        } ]
      } ],
      "code": {
        "coding": [ {
          "system": "http://loinc.org",
          "version": "2.76",
          "code": "38265-5",
          "display": "DXA Radius and Ulna [T-score] Bone density"
        } ]
      },
      "subject": {
        "reference": "Patient/2585c4a2-7b38-48e4-9317-19ddbbcfa107"
      },
      "effectivePeriod": {
        "start": "2026-09-01T10:00:00.000+00:00"
      },
      "dataAbsentReason": {
        "coding": [ {
          "system": "http://terminology.hl7.org/CodeSystem/data-absent-reason",
          "code": "unknown",
          "display": "Unknown"
        } ]
      }
    },
    "request": {
      "method": "PUT",
      "url": "Observation/375d1633-e034-4da6-b5c4-ec97d58162fe"
    }
  }, {
    "fullUrl": "https://madie.cms.gov/Practitioner/91dba064-4b7f-4f0e-9d99-af3a72869c87",
    "resource": {
      "resourceType": "Practitioner",
      "id": "91dba064-4b7f-4f0e-9d99-af3a72869c87",
      "meta": {
        "profile": [ "http://hl7.org/fhir/us/qicore/StructureDefinition/qicore-practitioner" ]
      },
      "identifier": [ {
        "use": "temp",
        "system": "urn:oid:2.16.840.1.113883.4.336",
        "value": "Practitioner-23"
      } ],
      "active": true,
      "name": [ {
        "family": "Careful",
        "given": [ "Adam" ],
        "prefix": [ "Dr" ]
      } ],
      "address": [ {
        "use": "home",
        "line": [ "534 Erewhon St" ],
        "city": "PleasantVille",
        "state": "UT",
        "postalCode": "84414"
      } ],
      "qualification": [ {
        "identifier": [ {
          "system": "http://example.org/UniversityIdentifier",
          "value": "12345"
        } ],
        "code": {
          "coding": [ {
            "system": "http://terminology.hl7.org/CodeSystem/v2-0360|2.7",
            "code": "BS",
            "display": "Bachelor of Science"
          } ],
          "text": "Bachelor of Science"
        },
        "period": {
          "start": "1996"
        },
        "issuer": {
          "display": "Example University"
        }
      } ]
    },
    "request": {
      "method": "PUT",
      "url": "Practitioner/91dba064-4b7f-4f0e-9d99-af3a72869c87"
    }
  }, {
    "fullUrl": "https://madie.cms.gov/MedicationRequest/01e4c668-524d-4846-96a8-840128d4edf9",
    "resource": {
      "resourceType": "MedicationRequest",
      "id": "01e4c668-524d-4846-96a8-840128d4edf9",
      "meta": {
        "profile": [ "http://hl7.org/fhir/us/qicore/StructureDefinition/qicore-medicationrequest" ]
      },
      "status": "active",
      "intent": "order",
      "medicationCodeableConcept": {
        "coding": [ {
          "system": "http://www.nlm.nih.gov/research/umls/rxnorm",
          "version": "06052023",
          "code": "1115257",
          "display": "1.5 ML leuprolide acetate 30 MG/ML Prefilled Syringe"
        } ]
      },
      "subject": {
        "reference": "Patient/2585c4a2-7b38-48e4-9317-19ddbbcfa107"
      },
      "authoredOn": "2026-09-01T08:00:00.000+00:00",
      "requester": {
        "reference": "http://myGoodHealthcare.com/fhir/Practitioner/91dba064-4b7f-4f0e-9d99-af3a72869c87"
      },
      "dosageInstruction": [ {
        "timing": {
          "repeat": {
            "boundsPeriod": {
              "start": "2026-09-01T08:00:00.000+00:00",
              "end": "2026-10-01T08:00:00.000+00:00"
            }
          }
        }
      } ]
    },
    "request": {
      "method": "PUT",
      "url": "MedicationRequest/01e4c668-524d-4846-96a8-840128d4edf9"
    }
  }, {
    "fullUrl": "https://madie.cms.gov/ServiceRequest/6387c4c9-088a-4ce0-8924-8381fac94c9e",
    "resource": {
      "resourceType": "ServiceRequest",
      "id": "6387c4c9-088a-4ce0-8924-8381fac94c9e",
      "meta": {
        "profile": [ "http://hl7.org/fhir/us/qicore/StructureDefinition/qicore-servicerequest" ]
      },
      "status": "active",
      "intent": "order",
      "code": {
        "coding": [ {
          "system": "http://snomed.info/sct",
          "version": "http://snomed.info/sct/731000124108/version/20250301",
          "code": "456381000124102",
          "display": "Injection of leuprolide acetate for twelve month period (regime/therapy)"
        } ]
      },
      "subject": {
        "reference": "Patient/2585c4a2-7b38-48e4-9317-19ddbbcfa107"
      },
      "authoredOn": "2026-09-01T08:00:00.000+00:00"
    },
    "request": {
      "method": "PUT",
      "url": "ServiceRequest/6387c4c9-088a-4ce0-8924-8381fac94c9e"
    }
  }, {
    "fullUrl": "https://madie.cms.gov/MeasureReport/17e8e2ed-a660-4806-9d94-cca975139d49",
    "resource": {
      "resourceType": "MeasureReport",
      "id": "17e8e2ed-a660-4806-9d94-cca975139d49",
      "meta": {
        "profile": [ "http://hl7.org/fhir/us/cqfmeasures/StructureDefinition/test-case-cqfm" ]
      },
      "contained": [ {
        "resourceType": "Parameters",
        "id": "8d66ba5c-671e-444e-bf26-ad10fa4db72a-parameters",
        "parameter": [ {
          "name": "subject",
          "valueString": "2585c4a2-7b38-48e4-9317-19ddbbcfa107"
        } ]
      } ],
      "extension": [ {
        "url": "http://hl7.org/fhir/StructureDefinition/cqf-inputParameters",
        "valueReference": {
          "reference": "#8d66ba5c-671e-444e-bf26-ad10fa4db72a-parameters"
        }
      }, {
        "url": "http://hl7.org/fhir/us/cqfmeasures/StructureDefinition/cqfm-testCaseDescription",
        "valueMarkdown": "Dx of Prostate Cancer with qualifying encounter. ADT and DEXA 9months after start of measurement period.  Passes NUMER criteria."
      } ],
      "modifierExtension": [ {
        "url": "http://hl7.org/fhir/us/cqfmeasures/StructureDefinition/cqfm-isTestCase",
        "valueBoolean": true
      } ],
      "status": "complete",
      "type": "individual",
      "measure": "https://madie.cms.gov/Measure/CMS645FHIRBoneDensityPCADTherapy",
      "period": {
        "start": "2026-01-01",
        "end": "2026-12-31"
      },
      "group": [ {
        "id": "Group_1",
        "population": [ {
          "id": "InitialPopulation_1",
          "code": {
            "coding": [ {
              "system": "http://terminology.hl7.org/CodeSystem/measure-population",
              "code": "initial-population",
              "display": "Initial Population"
            } ]
          },
          "count": 1
        }, {
          "id": "Denominator_1",
          "code": {
            "coding": [ {
              "system": "http://terminology.hl7.org/CodeSystem/measure-population",
              "code": "denominator",
              "display": "Denominator"
            } ]
          },
          "count": 1
        }, {
          "id": "Numerator_1",
          "code": {
            "coding": [ {
              "system": "http://terminology.hl7.org/CodeSystem/measure-population",
              "code": "numerator",
              "display": "Numerator"
            } ]
          },
          "count": 1
        }, {
          "id": "DenominatorException_1",
          "code": {
            "coding": [ {
              "system": "http://terminology.hl7.org/CodeSystem/measure-population",
              "code": "denominator-exception",
              "display": "Denominator Exception"
            } ]
          },
          "count": 0
        } ],
        "measureScore": {
          "value": 1.0
        }
      } ],
      "evaluatedResource": [ {
        "reference": "Patient/2585c4a2-7b38-48e4-9317-19ddbbcfa107"
      }, {
        "reference": "Encounter/c3ee7e56-ee3c-45f2-a568-3e190341e9d8"
      }, {
        "reference": "Condition/6baa6e60-0ee5-4d94-ad7f-187c7cbef30d"
      }, {
        "reference": "Observation/375d1633-e034-4da6-b5c4-ec97d58162fe"
      }, {
        "reference": "Practitioner/91dba064-4b7f-4f0e-9d99-af3a72869c87"
      }, {
        "reference": "MedicationRequest/01e4c668-524d-4846-96a8-840128d4edf9"
      }, {
        "reference": "ServiceRequest/6387c4c9-088a-4ce0-8924-8381fac94c9e"
      } ]
    },
    "request": {
      "method": "PUT",
      "url": "MeasureReport/17e8e2ed-a660-4806-9d94-cca975139d49"
    }
  } ]
}