{
  "resourceType": "Bundle",
  "id": "62bb3859e8081f5ef5e199f5",
  "type": "transaction",
  "entry": [ {
    "fullUrl": "https://madie.cms.gov/Patient/3bbbeb07-97d4-4f25-936f-a0c1e81303e0",
    "resource": {
      "resourceType": "Patient",
      "id": "3bbbeb07-97d4-4f25-936f-a0c1e81303e0",
      "meta": {
        "profile": [ "http://hl7.org/fhir/us/qicore/StructureDefinition/qicore-patient" ]
      },
      "extension": [ {
        "url": "http://hl7.org/fhir/us/core/StructureDefinition/us-core-race",
        "extension": [ {
          "url": "ombCategory",
          "valueCoding": {
            "system": "urn:oid:2.16.840.1.113883.6.238",
            "code": "1002-5",
            "display": "American Indian or Alaska Native",
            "userSelected": true
          }
        }, {
          "url": "detailed",
          "valueCoding": {
            "system": "urn:oid:2.16.840.1.113883.6.238",
            "code": "1004-1",
            "display": "American Indian",
            "userSelected": true
          }
        }, {
          "url": "text",
          "valueString": "American Indian"
        } ]
      }, {
        "url": "http://hl7.org/fhir/us/core/StructureDefinition/us-core-ethnicity",
        "extension": [ {
          "url": "ombCategory",
          "valueCoding": {
            "system": "urn:oid:2.16.840.1.113883.6.238",
            "code": "2135-2",
            "display": "Hispanic or Latino",
            "userSelected": true
          }
        }, {
          "url": "detailed",
          "valueCoding": {
            "system": "urn:oid:2.16.840.1.113883.6.238",
            "code": "2153-5",
            "display": "Mexican American Indian",
            "userSelected": true
          }
        }, {
          "url": "text",
          "valueString": "Hispanic or Latino: Mexican American Indian"
        } ]
      } ],
      "identifier": [ {
        "type": {
          "coding": [ {
            "system": "http://terminology.hl7.org/CodeSystem/v2-0203",
            "code": "MR"
          } ]
        },
        "system": "https://bonnie-fhir.healthit.gov/",
        "value": "62bb3859e8081f5ef5e199f5"
      } ],
      "name": [ {
        "family": "DENOMPass",
        "given": [ "MedReqBoundsADTDate" ]
      } ],
      "gender": "male",
      "birthDate": "1961-07-19"
    },
    "request": {
      "method": "PUT",
      "url": "Patient/3bbbeb07-97d4-4f25-936f-a0c1e81303e0"
    }
  }, {
    "fullUrl": "https://madie.cms.gov/Encounter/c8092193-c473-487b-80b5-bea1b3485955",
    "resource": {
      "resourceType": "Encounter",
      "id": "c8092193-c473-487b-80b5-bea1b3485955",
      "meta": {
        "profile": [ "http://hl7.org/fhir/us/qicore/StructureDefinition/qicore-encounter" ]
      },
      "status": "finished",
      "class": {
        "system": "http://terminology.hl7.org/CodeSystem/v3-ActCode",
        "code": "AMB",
        "display": "ambulatory"
      },
      "type": [ {
        "coding": [ {
          "system": "http://snomed.info/sct",
          "version": "http://snomed.info/sct/731000124108/version/20240401",
          "code": "185463005",
          "display": "Visit out of hours (procedure)",
          "userSelected": true
        } ]
      } ],
      "subject": {
        "reference": "Patient/3bbbeb07-97d4-4f25-936f-a0c1e81303e0"
      },
      "period": {
        "start": "2025-03-03T08:00:00.000+00:00",
        "end": "2025-03-03T08:15:00.000+00:00"
      }
    },
    "request": {
      "method": "PUT",
      "url": "Encounter/c8092193-c473-487b-80b5-bea1b3485955"
    }
  }, {
    "fullUrl": "https://madie.cms.gov/Condition/6588445d-2da0-4c9a-935c-ea21de04b3d2",
    "resource": {
      "resourceType": "Condition",
      "id": "6588445d-2da0-4c9a-935c-ea21de04b3d2",
      "meta": {
        "profile": [ "http://hl7.org/fhir/us/qicore/StructureDefinition/qicore-condition-problems-health-concerns" ]
      },
      "clinicalStatus": {
        "coding": [ {
          "system": "http://terminology.hl7.org/CodeSystem/condition-clinical",
          "code": "active",
          "display": "Active",
          "userSelected": true
        } ]
      },
      "verificationStatus": {
        "coding": [ {
          "system": "http://terminology.hl7.org/CodeSystem/condition-ver-status",
          "code": "confirmed",
          "display": "Confirmed",
          "userSelected": true
        } ]
      },
      "category": [ {
        "coding": [ {
          "system": "http://terminology.hl7.org/CodeSystem/condition-category",
          "code": "problem-list-item",
          "display": "Problem List Item"
        } ]
      } ],
      "code": {
        "coding": [ {
          "system": "http://snomed.info/sct",
          "version": "http://snomed.info/sct/731000124108/version/20240401",
          "code": "254900004",
          "display": "Carcinoma of prostate (disorder)",
          "userSelected": true
        } ]
      },
      "subject": {
        "reference": "Patient/3bbbeb07-97d4-4f25-936f-a0c1e81303e0"
      },
      "onsetPeriod": {
        "start": "2025-03-03T08:00:00.000+00:00"
      }
    },
    "request": {
      "method": "PUT",
      "url": "Condition/6588445d-2da0-4c9a-935c-ea21de04b3d2"
    }
  }, {
    "fullUrl": "https://madie.cms.gov/MedicationRequest/c3216f3e-99c7-40a1-9dfe-dd231673357d",
    "resource": {
      "resourceType": "MedicationRequest",
      "id": "c3216f3e-99c7-40a1-9dfe-dd231673357d",
      "meta": {
        "profile": [ "http://hl7.org/fhir/us/qicore/StructureDefinition/qicore-medicationrequest" ]
      },
      "status": "active",
      "intent": "order",
      "medicationCodeableConcept": {
        "coding": [ {
          "system": "http://www.nlm.nih.gov/research/umls/rxnorm",
          "version": "2025-01",
          "code": "752884",
          "display": "0.375 ML leuprolide acetate 120 MG/ML Prefilled Syringe",
          "userSelected": true
        } ]
      },
      "subject": {
        "reference": "Patient/3bbbeb07-97d4-4f25-936f-a0c1e81303e0"
      },
      "authoredOn": "2025-03-03T08:00:00.000+00:00",
      "requester": {
        "reference": "http://myGoodHealthcare.com/fhir/Practitioner/646346"
      },
      "dosageInstruction": [ {
        "timing": {
          "repeat": {
            "boundsPeriod": {
              "start": "2025-03-03T08:00:00.000+00:00",
              "end": "2025-04-03T08:00:00.000+00:00"
            }
          }
        }
      } ]
    },
    "request": {
      "method": "PUT",
      "url": "MedicationRequest/c3216f3e-99c7-40a1-9dfe-dd231673357d"
    }
  }, {
    "fullUrl": "https://madie.cms.gov/ServiceRequest/b31a59d5-1a63-472d-8bd8-ec807b201628",
    "resource": {
      "resourceType": "ServiceRequest",
      "id": "b31a59d5-1a63-472d-8bd8-ec807b201628",
      "meta": {
        "profile": [ "http://hl7.org/fhir/us/qicore/StructureDefinition/qicore-servicerequest" ]
      },
      "status": "active",
      "intent": "order",
      "code": {
        "coding": [ {
          "system": "http://snomed.info/sct",
          "code": "456381000124102",
          "display": "Injection of leuprolide acetate for twelve month period (regime/therapy)",
          "userSelected": true
        } ]
      },
      "subject": {
        "reference": "Patient/3bbbeb07-97d4-4f25-936f-a0c1e81303e0"
      },
      "authoredOn": "2025-03-03T08:00:00.000+00:00"
    },
    "request": {
      "method": "PUT",
      "url": "ServiceRequest/b31a59d5-1a63-472d-8bd8-ec807b201628"
    }
  }, {
    "fullUrl": "https://madie.cms.gov/Coverage/cb6ea6b6-984f-40a1-8312-b29b56a7ed94",
    "resource": {
      "resourceType": "Coverage",
      "id": "cb6ea6b6-984f-40a1-8312-b29b56a7ed94",
      "meta": {
        "profile": [ "http://hl7.org/fhir/us/qicore/StructureDefinition/qicore-coverage" ]
      },
      "identifier": [ {
        "system": "http://benefitsinc.com/certificate",
        "value": "12345"
      } ],
      "status": "active",
      "type": {
        "coding": [ {
          "system": "https://nahdo.org/sopt",
          "version": "9.2",
          "code": "6",
          "display": "BLUE CROSS/BLUE SHIELD"
        } ]
      },
      "beneficiary": {
        "reference": "Patient/3bbbeb07-97d4-4f25-936f-a0c1e81303e0"
      },
      "period": {
        "start": "2011-05-23"
      },
      "payor": [ {
        "reference": "Organization/25a424c4-83be-474c-9fda-1b0ba604aed6"
      } ]
    },
    "request": {
      "method": "PUT",
      "url": "Coverage/cb6ea6b6-984f-40a1-8312-b29b56a7ed94"
    }
  }, {
    "fullUrl": "https://madie.cms.gov/Organization/25a424c4-83be-474c-9fda-1b0ba604aed6",
    "resource": {
      "resourceType": "Organization",
      "id": "25a424c4-83be-474c-9fda-1b0ba604aed6",
      "meta": {
        "profile": [ "http://hl7.org/fhir/us/qicore/StructureDefinition/qicore-organization" ]
      },
      "identifier": [ {
        "use": "temp",
        "system": "http://hl7.org/fhir/sid/us-npi",
        "value": "BCBST-NPI"
      } ],
      "active": true,
      "name": "Blue Cross Blue Shield Tennessee",
      "telecom": [ {
        "system": "phone",
        "value": "(+1) 800-468-9698"
      } ],
      "address": [ {
        "line": [ "1 Cameron Hill Circle, Suite 0002" ],
        "city": "Chattanooga",
        "state": "TN",
        "postalCode": "37402-0002",
        "country": "USA"
      } ]
    },
    "request": {
      "method": "PUT",
      "url": "Organization/25a424c4-83be-474c-9fda-1b0ba604aed6"
    }
  }, {
    "fullUrl": "https://madie.cms.gov/MeasureReport/13968933-8bf6-4988-9490-707747d950b5",
    "resource": {
      "resourceType": "MeasureReport",
      "id": "13968933-8bf6-4988-9490-707747d950b5",
      "meta": {
        "profile": [ "http://hl7.org/fhir/us/cqfmeasures/StructureDefinition/test-case-cqfm" ]
      },
      "contained": [ {
        "resourceType": "Parameters",
        "id": "e8ca4da0-bb95-4d95-8d27-db8bef3519aa-parameters",
        "parameter": [ {
          "name": "subject",
          "valueString": "3bbbeb07-97d4-4f25-936f-a0c1e81303e0"
        } ]
      } ],
      "extension": [ {
        "url": "http://hl7.org/fhir/us/cqfmeasures/StructureDefinition/cqfm-inputParameters",
        "valueReference": {
          "reference": "#e8ca4da0-bb95-4d95-8d27-db8bef3519aa-parameters"
        }
      }, {
        "url": "http://hl7.org/fhir/us/cqfmeasures/StructureDefinition/cqfm-testCaseDescription",
        "valueMarkdown": "Testing for Medication Request which is intent to continue ADT therapy for 12 months or greater.  Passes IPP criteria"
      } ],
      "modifierExtension": [ {
        "url": "http://hl7.org/fhir/us/cqfmeasures/StructureDefinition/cqfm-isTestCase",
        "valueBoolean": true
      } ],
      "status": "complete",
      "type": "individual",
      "measure": "https://madie.cms.gov/Measure/BoneDensityProstateCancerAndrogenDeprivationTherapyFHIR6",
      "period": {
        "start": "2025-01-01",
        "end": "2025-12-31"
      },
      "group": [ {
        "id": "67b61060a0d801640767a597",
        "population": [ {
          "id": "E8F25116-1779-4BA6-B606-34F12AE4F5BA",
          "code": {
            "coding": [ {
              "system": "http://terminology.hl7.org/CodeSystem/measure-population",
              "code": "initial-population",
              "display": "Initial Population"
            } ]
          },
          "count": 1
        }, {
          "id": "1C145A56-9250-4444-A497-86C44F55CFDB",
          "code": {
            "coding": [ {
              "system": "http://terminology.hl7.org/CodeSystem/measure-population",
              "code": "denominator",
              "display": "Denominator"
            } ]
          },
          "count": 1
        }, {
          "id": "B1E0E3D2-D44E-4BFF-92F8-077CF1AE234F",
          "code": {
            "coding": [ {
              "system": "http://terminology.hl7.org/CodeSystem/measure-population",
              "code": "numerator",
              "display": "Numerator"
            } ]
          },
          "count": 0
        }, {
          "id": "A9552F46-139C-4270-835C-224132205362",
          "code": {
            "coding": [ {
              "system": "http://terminology.hl7.org/CodeSystem/measure-population",
              "code": "denominator-exception",
              "display": "Denominator Exception"
            } ]
          },
          "count": 0
        } ],
        "measureScore": {
          "value": 1.0
        }
      } ],
      "evaluatedResource": [ {
        "reference": "Patient/3bbbeb07-97d4-4f25-936f-a0c1e81303e0"
      }, {
        "reference": "Encounter/c8092193-c473-487b-80b5-bea1b3485955"
      }, {
        "reference": "Condition/6588445d-2da0-4c9a-935c-ea21de04b3d2"
      }, {
        "reference": "MedicationRequest/c3216f3e-99c7-40a1-9dfe-dd231673357d"
      }, {
        "reference": "ServiceRequest/b31a59d5-1a63-472d-8bd8-ec807b201628"
      }, {
        "reference": "Coverage/cb6ea6b6-984f-40a1-8312-b29b56a7ed94"
      }, {
        "reference": "Organization/25a424c4-83be-474c-9fda-1b0ba604aed6"
      } ]
    },
    "request": {
      "method": "PUT",
      "url": "MeasureReport/13968933-8bf6-4988-9490-707747d950b5"
    }
  } ]
}