{
  "resourceType": "Bundle",
  "id": "62bb3859e8081f5ef5e199f5",
  "type": "transaction",
  "entry": [ {
    "fullUrl": "https://madie.cms.gov/Patient/3bbbeb07-97d4-4f25-936f-a0c1e81303e0",
    "resource": {
      "resourceType": "Patient",
      "id": "3bbbeb07-97d4-4f25-936f-a0c1e81303e0",
      "meta": {
        "profile": [ "http://hl7.org/fhir/us/qicore/StructureDefinition/qicore-patient" ]
      },
      "extension": [ {
        "url": "http://hl7.org/fhir/us/core/StructureDefinition/us-core-race",
        "extension": [ {
          "url": "ombCategory",
          "valueCoding": {
            "system": "urn:oid:2.16.840.1.113883.6.238",
            "code": "1002-5",
            "display": "American Indian or Alaska Native",
            "userSelected": true
          }
        }, {
          "url": "detailed",
          "valueCoding": {
            "system": "urn:oid:2.16.840.1.113883.6.238",
            "code": "1004-1",
            "display": "American Indian",
            "userSelected": true
          }
        }, {
          "url": "text",
          "valueString": "American Indian"
        } ]
      }, {
        "url": "http://hl7.org/fhir/us/core/StructureDefinition/us-core-ethnicity",
        "extension": [ {
          "url": "ombCategory",
          "valueCoding": {
            "system": "urn:oid:2.16.840.1.113883.6.238",
            "code": "2135-2",
            "display": "Hispanic or Latino",
            "userSelected": true
          }
        }, {
          "url": "detailed",
          "valueCoding": {
            "system": "urn:oid:2.16.840.1.113883.6.238",
            "code": "2153-5",
            "display": "Mexican American Indian",
            "userSelected": true
          }
        }, {
          "url": "text",
          "valueString": "Hispanic or Latino: Mexican American Indian"
        } ]
      } ],
      "identifier": [ {
        "type": {
          "coding": [ {
            "system": "http://terminology.hl7.org/CodeSystem/v2-0203",
            "code": "MR"
          } ]
        },
        "system": "https://bonnie-fhir.healthit.gov/",
        "value": "62bb3859e8081f5ef5e199f5"
      } ],
      "name": [ {
        "family": "DENOMPass",
        "given": [ "MedReqBoundsADTDate" ]
      } ],
      "gender": "male",
      "birthDate": "1962-07-19"
    },
    "request": {
      "method": "PUT",
      "url": "Patient/3bbbeb07-97d4-4f25-936f-a0c1e81303e0"
    }
  }, {
    "fullUrl": "https://madie.cms.gov/Encounter/4f703642-eac1-495c-b561-bc8a1cc08989",
    "resource": {
      "resourceType": "Encounter",
      "id": "4f703642-eac1-495c-b561-bc8a1cc08989",
      "meta": {
        "profile": [ "http://hl7.org/fhir/us/qicore/StructureDefinition/qicore-encounter" ]
      },
      "status": "finished",
      "class": {
        "system": "http://terminology.hl7.org/CodeSystem/v3-ActCode",
        "code": "AMB",
        "display": "ambulatory"
      },
      "type": [ {
        "coding": [ {
          "system": "http://snomed.info/sct",
          "version": "http://snomed.info/sct/731000124108/version/20240401",
          "code": "185463005",
          "display": "Visit out of hours (procedure)",
          "userSelected": true
        } ]
      } ],
      "subject": {
        "reference": "Patient/3bbbeb07-97d4-4f25-936f-a0c1e81303e0"
      },
      "period": {
        "start": "2026-03-03T08:00:00.000+00:00",
        "end": "2026-03-03T08:15:00.000+00:00"
      }
    },
    "request": {
      "method": "PUT",
      "url": "Encounter/4f703642-eac1-495c-b561-bc8a1cc08989"
    }
  }, {
    "fullUrl": "https://madie.cms.gov/Condition/6b47ac33-1d9b-44aa-99b6-19087d9ad628",
    "resource": {
      "resourceType": "Condition",
      "id": "6b47ac33-1d9b-44aa-99b6-19087d9ad628",
      "meta": {
        "profile": [ "http://hl7.org/fhir/us/qicore/StructureDefinition/qicore-condition-problems-health-concerns" ]
      },
      "clinicalStatus": {
        "coding": [ {
          "system": "http://terminology.hl7.org/CodeSystem/condition-clinical",
          "code": "active",
          "display": "Active",
          "userSelected": true
        } ]
      },
      "verificationStatus": {
        "coding": [ {
          "system": "http://terminology.hl7.org/CodeSystem/condition-ver-status",
          "code": "confirmed",
          "display": "Confirmed",
          "userSelected": true
        } ]
      },
      "category": [ {
        "coding": [ {
          "system": "http://terminology.hl7.org/CodeSystem/condition-category",
          "code": "problem-list-item",
          "display": "Problem List Item"
        } ]
      } ],
      "code": {
        "coding": [ {
          "system": "http://snomed.info/sct",
          "version": "http://snomed.info/sct/731000124108/version/20240401",
          "code": "254900004",
          "display": "Carcinoma of prostate (disorder)",
          "userSelected": true
        } ]
      },
      "subject": {
        "reference": "Patient/3bbbeb07-97d4-4f25-936f-a0c1e81303e0"
      },
      "onsetPeriod": {
        "start": "2026-03-03T08:00:00.000+00:00"
      }
    },
    "request": {
      "method": "PUT",
      "url": "Condition/6b47ac33-1d9b-44aa-99b6-19087d9ad628"
    }
  }, {
    "fullUrl": "https://madie.cms.gov/MedicationRequest/bcf22ffb-571f-405a-83f1-a8d7ff512243",
    "resource": {
      "resourceType": "MedicationRequest",
      "id": "bcf22ffb-571f-405a-83f1-a8d7ff512243",
      "meta": {
        "profile": [ "http://hl7.org/fhir/us/qicore/StructureDefinition/qicore-medicationrequest" ]
      },
      "status": "active",
      "intent": "order",
      "medicationCodeableConcept": {
        "coding": [ {
          "system": "http://www.nlm.nih.gov/research/umls/rxnorm",
          "version": "2025-01",
          "code": "752884",
          "display": "0.375 ML leuprolide acetate 120 MG/ML Prefilled Syringe",
          "userSelected": true
        } ]
      },
      "subject": {
        "reference": "Patient/3bbbeb07-97d4-4f25-936f-a0c1e81303e0"
      },
      "authoredOn": "2026-03-03T08:00:00.000+00:00",
      "requester": {
        "reference": "http://myGoodHealthcare.com/fhir/Practitioner/646346"
      },
      "dosageInstruction": [ {
        "timing": {
          "repeat": {
            "boundsPeriod": {
              "start": "2026-03-03T08:00:00.000+00:00",
              "end": "2026-04-03T08:00:00.000+00:00"
            }
          }
        }
      } ]
    },
    "request": {
      "method": "PUT",
      "url": "MedicationRequest/bcf22ffb-571f-405a-83f1-a8d7ff512243"
    }
  }, {
    "fullUrl": "https://madie.cms.gov/ServiceRequest/cc6075b5-b1ee-496a-a093-dda3eb6349db",
    "resource": {
      "resourceType": "ServiceRequest",
      "id": "cc6075b5-b1ee-496a-a093-dda3eb6349db",
      "meta": {
        "profile": [ "http://hl7.org/fhir/us/qicore/StructureDefinition/qicore-servicerequest" ]
      },
      "status": "active",
      "intent": "order",
      "code": {
        "coding": [ {
          "system": "http://snomed.info/sct",
          "code": "456381000124102",
          "display": "Injection of leuprolide acetate for twelve month period (regime/therapy)",
          "userSelected": true
        } ]
      },
      "subject": {
        "reference": "Patient/3bbbeb07-97d4-4f25-936f-a0c1e81303e0"
      },
      "authoredOn": "2026-03-03T08:00:00.000+00:00"
    },
    "request": {
      "method": "PUT",
      "url": "ServiceRequest/cc6075b5-b1ee-496a-a093-dda3eb6349db"
    }
  }, {
    "fullUrl": "https://madie.cms.gov/Coverage/8497332b-92fd-473e-984f-e6f5f5007433",
    "resource": {
      "resourceType": "Coverage",
      "id": "8497332b-92fd-473e-984f-e6f5f5007433",
      "meta": {
        "profile": [ "http://hl7.org/fhir/us/qicore/StructureDefinition/qicore-coverage" ]
      },
      "identifier": [ {
        "system": "http://benefitsinc.com/certificate",
        "value": "12345"
      } ],
      "status": "active",
      "type": {
        "coding": [ {
          "system": "https://nahdo.org/sopt",
          "version": "9.2",
          "code": "6",
          "display": "BLUE CROSS/BLUE SHIELD"
        } ]
      },
      "beneficiary": {
        "reference": "Patient/3bbbeb07-97d4-4f25-936f-a0c1e81303e0"
      },
      "period": {
        "start": "2012-05-23"
      },
      "payor": [ {
        "reference": "Organization/2d2412a0-68c8-413c-bb2b-9c14d8243dd4"
      } ]
    },
    "request": {
      "method": "PUT",
      "url": "Coverage/8497332b-92fd-473e-984f-e6f5f5007433"
    }
  }, {
    "fullUrl": "https://madie.cms.gov/Organization/2d2412a0-68c8-413c-bb2b-9c14d8243dd4",
    "resource": {
      "resourceType": "Organization",
      "id": "2d2412a0-68c8-413c-bb2b-9c14d8243dd4",
      "meta": {
        "profile": [ "http://hl7.org/fhir/us/qicore/StructureDefinition/qicore-organization" ]
      },
      "identifier": [ {
        "use": "temp",
        "system": "http://hl7.org/fhir/sid/us-npi",
        "value": "BCBST-NPI"
      } ],
      "active": true,
      "name": "Blue Cross Blue Shield Tennessee",
      "telecom": [ {
        "system": "phone",
        "value": "(+1) 800-468-9698"
      } ],
      "address": [ {
        "line": [ "1 Cameron Hill Circle, Suite 0002" ],
        "city": "Chattanooga",
        "state": "TN",
        "postalCode": "37402-0002",
        "country": "USA"
      } ]
    },
    "request": {
      "method": "PUT",
      "url": "Organization/2d2412a0-68c8-413c-bb2b-9c14d8243dd4"
    }
  }, {
    "fullUrl": "https://madie.cms.gov/MeasureReport/32d4d109-dddd-42eb-87de-d8809c3bcfe6",
    "resource": {
      "resourceType": "MeasureReport",
      "id": "32d4d109-dddd-42eb-87de-d8809c3bcfe6",
      "meta": {
        "profile": [ "http://hl7.org/fhir/us/cqfmeasures/StructureDefinition/test-case-cqfm" ]
      },
      "contained": [ {
        "resourceType": "Parameters",
        "id": "f39c8dba-8c74-4828-9bb7-f53650210284-parameters",
        "parameter": [ {
          "name": "subject",
          "valueString": "3bbbeb07-97d4-4f25-936f-a0c1e81303e0"
        } ]
      } ],
      "extension": [ {
        "url": "http://hl7.org/fhir/StructureDefinition/cqf-inputParameters",
        "valueReference": {
          "reference": "#f39c8dba-8c74-4828-9bb7-f53650210284-parameters"
        }
      }, {
        "url": "http://hl7.org/fhir/us/cqfmeasures/StructureDefinition/cqfm-testCaseDescription",
        "valueMarkdown": "Testing for Medication Request which is intent to continue ADT therapy for 12 months or greater.  Passes IPP criteria"
      } ],
      "modifierExtension": [ {
        "url": "http://hl7.org/fhir/us/cqfmeasures/StructureDefinition/cqfm-isTestCase",
        "valueBoolean": true
      } ],
      "status": "complete",
      "type": "individual",
      "measure": "https://madie.cms.gov/Measure/BoneDensityProstateCancerAndrogenDeprivationTherapyFHIR6",
      "period": {
        "start": "2026-01-01",
        "end": "2026-12-31"
      },
      "group": [ {
        "id": "Group_1",
        "population": [ {
          "id": "InitialPopulation_1",
          "code": {
            "coding": [ {
              "system": "http://terminology.hl7.org/CodeSystem/measure-population",
              "code": "initial-population",
              "display": "Initial Population"
            } ]
          },
          "count": 1
        }, {
          "id": "Denominator_1",
          "code": {
            "coding": [ {
              "system": "http://terminology.hl7.org/CodeSystem/measure-population",
              "code": "denominator",
              "display": "Denominator"
            } ]
          },
          "count": 1
        }, {
          "id": "Numerator_1",
          "code": {
            "coding": [ {
              "system": "http://terminology.hl7.org/CodeSystem/measure-population",
              "code": "numerator",
              "display": "Numerator"
            } ]
          },
          "count": 0
        }, {
          "id": "DenominatorException_1",
          "code": {
            "coding": [ {
              "system": "http://terminology.hl7.org/CodeSystem/measure-population",
              "code": "denominator-exception",
              "display": "Denominator Exception"
            } ]
          },
          "count": 0
        } ],
        "measureScore": {
          "value": 1.0
        }
      } ],
      "evaluatedResource": [ {
        "reference": "Patient/3bbbeb07-97d4-4f25-936f-a0c1e81303e0"
      }, {
        "reference": "Encounter/4f703642-eac1-495c-b561-bc8a1cc08989"
      }, {
        "reference": "Condition/6b47ac33-1d9b-44aa-99b6-19087d9ad628"
      }, {
        "reference": "MedicationRequest/bcf22ffb-571f-405a-83f1-a8d7ff512243"
      }, {
        "reference": "ServiceRequest/cc6075b5-b1ee-496a-a093-dda3eb6349db"
      }, {
        "reference": "Coverage/8497332b-92fd-473e-984f-e6f5f5007433"
      }, {
        "reference": "Organization/2d2412a0-68c8-413c-bb2b-9c14d8243dd4"
      } ]
    },
    "request": {
      "method": "PUT",
      "url": "MeasureReport/32d4d109-dddd-42eb-87de-d8809c3bcfe6"
    }
  } ]
}