{
  "resourceType": "Bundle",
  "id": "612e6a8b02c62a011f2ea4e5",
  "type": "transaction",
  "entry": [ {
    "fullUrl": "https://madie.cms.gov/Patient/c315da58-303a-40e8-bbb2-b36e388fc7f9",
    "resource": {
      "resourceType": "Patient",
      "id": "c315da58-303a-40e8-bbb2-b36e388fc7f9",
      "meta": {
        "profile": [ "http://hl7.org/fhir/us/qicore/StructureDefinition/qicore-patient" ]
      },
      "text": {
        "status": "generated",
        "div": "<div xmlns=\"http://www.w3.org/1999/xhtml\"><div class=\"hapiHeaderText\">MA_LDUHep_DayOfAdm <b>NUMERPASS </b></div><table class=\"hapiPropertyTable\"><tbody><tr><td>Identifier</td><td>8a33d2769a6bdab7ccc20de0552fc909</td></tr><tr><td>Date of birth</td><td><span>02 January 1974</span></td></tr></tbody></table></div>"
      },
      "extension": [ {
        "url": "http://hl7.org/fhir/us/core/StructureDefinition/us-core-race",
        "extension": [ {
          "url": "ombCategory",
          "valueCoding": {
            "system": "urn:oid:2.16.840.1.113883.6.238",
            "code": "1002-5",
            "display": "American Indian or Alaska Native",
            "userSelected": true
          }
        }, {
          "url": "text",
          "valueString": "American Indian or Alaska Native"
        } ]
      }, {
        "url": "http://hl7.org/fhir/us/core/StructureDefinition/us-core-ethnicity",
        "extension": [ {
          "url": "ombCategory",
          "valueCoding": {
            "system": "urn:oid:2.16.840.1.113883.6.238",
            "code": "2135-2",
            "display": "Hispanic or Latino",
            "userSelected": true
          }
        }, {
          "url": "text",
          "valueString": "Hispanic or Latino"
        } ]
      } ],
      "identifier": [ {
        "type": {
          "coding": [ {
            "system": "http://terminology.hl7.org/CodeSystem/v2-0203",
            "code": "MR"
          } ]
        },
        "system": "https://bonnie-fhir.healthit.gov/",
        "value": "612e6a8b02c62a011f2ea4e5"
      } ],
      "active": true,
      "name": [ {
        "use": "usual",
        "family": "NUMERPass",
        "given": [ "MA_LDUHep_DayOfAdm" ]
      } ],
      "gender": "male",
      "birthDate": "1974-01-02"
    },
    "request": {
      "method": "PUT",
      "url": "Patient/c315da58-303a-40e8-bbb2-b36e388fc7f9"
    }
  }, {
    "fullUrl": "https://madie.cms.gov/Encounter/ed9d8f73-867d-419b-ad30-fe9117087e99",
    "resource": {
      "resourceType": "Encounter",
      "id": "ed9d8f73-867d-419b-ad30-fe9117087e99",
      "meta": {
        "profile": [ "http://hl7.org/fhir/us/qicore/StructureDefinition/qicore-encounter" ]
      },
      "status": "finished",
      "class": {
        "system": "http://terminology.hl7.org/CodeSystem/v3-ActCode",
        "code": "IMP",
        "display": "inpatient encounter"
      },
      "type": [ {
        "coding": [ {
          "system": "http://snomed.info/sct",
          "code": "8715000"
        } ]
      } ],
      "subject": {
        "reference": "Patient/c315da58-303a-40e8-bbb2-b36e388fc7f9"
      },
      "period": {
        "start": "2025-11-01T08:00:00+00:00",
        "end": "2025-11-26T08:15:00+00:00"
      },
      "length": {
        "value": 25.0,
        "unit": "days"
      }
    },
    "request": {
      "method": "PUT",
      "url": "Encounter/ed9d8f73-867d-419b-ad30-fe9117087e99"
    }
  }, {
    "fullUrl": "https://madie.cms.gov/Coverage/5ce91388-5da8-4c12-833e-4900a2acd7d8",
    "resource": {
      "resourceType": "Coverage",
      "id": "5ce91388-5da8-4c12-833e-4900a2acd7d8",
      "status": "active",
      "beneficiary": {
        "reference": "Patient/c315da58-303a-40e8-bbb2-b36e388fc7f9"
      },
      "period": {
        "start": "1974-01-02T08:00:00+00:00"
      },
      "payor": [ {
        "reference": "Organization/6dcaf52a-68b9-44da-9cab-0b246bc51983"
      } ]
    },
    "request": {
      "method": "PUT",
      "url": "Coverage/5ce91388-5da8-4c12-833e-4900a2acd7d8"
    }
  }, {
    "fullUrl": "https://madie.cms.gov/MedicationAdministration/37f32d1a-8b11-40fe-9495-b8374af973f1",
    "resource": {
      "resourceType": "MedicationAdministration",
      "id": "37f32d1a-8b11-40fe-9495-b8374af973f1",
      "meta": {
        "profile": [ "http://hl7.org/fhir/us/qicore/StructureDefinition/qicore-medicationadministration" ]
      },
      "status": "completed",
      "medicationCodeableConcept": {
        "coding": [ {
          "system": "http://www.nlm.nih.gov/research/umls/rxnorm",
          "code": "1361574"
        } ]
      },
      "subject": {
        "reference": "Patient/c315da58-303a-40e8-bbb2-b36e388fc7f9"
      },
      "effectivePeriod": {
        "start": "2025-11-01T10:00:00+00:00",
        "end": "2025-11-01T10:15:00+00:00"
      },
      "dosage": {
        "route": {
          "coding": [ {
            "system": "http://snomed.info/sct",
            "code": "34206005",
            "display": "Subcutaneous route"
          } ]
        },
        "dose": {
          "value": 20000,
          "unit": "UNT/ML",
          "system": "http://unitsofmeasure.org",
          "code": "UNT/ML"
        }
      }
    },
    "request": {
      "method": "PUT",
      "url": "MedicationAdministration/37f32d1a-8b11-40fe-9495-b8374af973f1"
    }
  }, {
    "fullUrl": "https://madie.cms.gov/Procedure/696f0ce7-7e0d-408d-9473-3bcb1ca853b2",
    "resource": {
      "resourceType": "Procedure",
      "id": "696f0ce7-7e0d-408d-9473-3bcb1ca853b2",
      "meta": {
        "profile": [ "http://hl7.org/fhir/us/qicore/StructureDefinition/qicore-procedure" ]
      },
      "extension": [ {
        "url": "http://hl7.org/fhir/us/qicore/StructureDefinition/qicore-recorded",
        "valueDateTime": "2012-11-02T09:35:00-04:00"
      } ],
      "status": "completed",
      "code": {
        "coding": [ {
          "system": "http://www.icd10data.com/icd10pcs",
          "code": "3E030FZ"
        }, {
          "system": "http://snomed.info/sct",
          "code": "18946005"
        } ]
      },
      "subject": {
        "reference": "Patient/c315da58-303a-40e8-bbb2-b36e388fc7f9"
      },
      "performedPeriod": {
        "start": "2025-11-02T09:00:00+00:00",
        "end": "2025-11-02T09:15:00+00:00"
      }
    },
    "request": {
      "method": "PUT",
      "url": "Procedure/696f0ce7-7e0d-408d-9473-3bcb1ca853b2"
    }
  }, {
    "fullUrl": "https://madie.cms.gov/Organization/6dcaf52a-68b9-44da-9cab-0b246bc51983",
    "resource": {
      "resourceType": "Organization",
      "id": "6dcaf52a-68b9-44da-9cab-0b246bc51983",
      "meta": {
        "profile": [ "http://hl7.org/fhir/us/qicore/StructureDefinition/qicore-organization" ]
      },
      "identifier": [ {
        "use": "temp",
        "system": "urn:oid:2.16.840.1.113883.4.4",
        "value": "21-3259825"
      } ],
      "active": true,
      "type": [ {
        "coding": [ {
          "system": "http://terminology.hl7.org/CodeSystem/organization-type",
          "code": "pay",
          "display": "Payer"
        } ]
      } ],
      "name": "Blue Cross Blue Shield of Texas",
      "telecom": [ {
        "system": "phone",
        "value": "(+1) 972-766-6900"
      } ],
      "address": [ {
        "use": "billing",
        "type": "postal",
        "line": [ "P.O. Box 660044" ],
        "city": "Dallas",
        "state": "TX",
        "postalCode": "75266-0044",
        "country": "USA"
      } ]
    },
    "request": {
      "method": "PUT",
      "url": "Organization/6dcaf52a-68b9-44da-9cab-0b246bc51983"
    }
  }, {
    "fullUrl": "https://madie.cms.gov/Practitioner/a7ea17d0-917d-44a2-99f1-0de073907684",
    "resource": {
      "resourceType": "Practitioner",
      "id": "a7ea17d0-917d-44a2-99f1-0de073907684",
      "identifier": [ {
        "system": "http://hl7.org/fhir/sid/us-npi",
        "value": "123456"
      } ],
      "name": [ {
        "family": "Evil",
        "prefix": [ "Dr" ]
      } ]
    },
    "request": {
      "method": "PUT",
      "url": "Practitioner/a7ea17d0-917d-44a2-99f1-0de073907684"
    }
  }, {
    "fullUrl": "https://madie.cms.gov/MeasureReport/6a1c1c39-1469-4022-af93-0a5a0ec945d5",
    "resource": {
      "resourceType": "MeasureReport",
      "id": "6a1c1c39-1469-4022-af93-0a5a0ec945d5",
      "meta": {
        "profile": [ "http://hl7.org/fhir/us/cqfmeasures/StructureDefinition/test-case-cqfm" ]
      },
      "contained": [ {
        "resourceType": "Parameters",
        "id": "5549869e-9fa9-4957-ac62-36901be686b3-parameters",
        "parameter": [ {
          "name": "subject",
          "valueString": "c315da58-303a-40e8-bbb2-b36e388fc7f9"
        } ]
      } ],
      "extension": [ {
        "url": "http://hl7.org/fhir/us/cqfmeasures/StructureDefinition/cqfm-inputParameters",
        "valueReference": {
          "reference": "#5549869e-9fa9-4957-ac62-36901be686b3-parameters"
        }
      }, {
        "url": "http://hl7.org/fhir/us/cqfmeasures/StructureDefinition/cqfm-testCaseDescription",
        "valueMarkdown": "low dose unfractionated heparin administered on the day of adm\n"
      } ],
      "modifierExtension": [ {
        "url": "http://hl7.org/fhir/us/cqfmeasures/StructureDefinition/cqfm-isTestCase",
        "valueBoolean": true
      } ],
      "status": "complete",
      "type": "individual",
      "measure": "https://madie.cms.gov/Measure/VenousThromboembolismProphylaxisFHIR",
      "period": {
        "start": "2025-01-01",
        "end": "2025-12-31"
      },
      "group": [ {
        "population": [ {
          "code": {
            "coding": [ {
              "system": "http://terminology.hl7.org/CodeSystem/measure-population",
              "code": "initial-population",
              "display": "Initial Population"
            } ]
          },
          "count": 1
        }, {
          "code": {
            "coding": [ {
              "system": "http://terminology.hl7.org/CodeSystem/measure-population",
              "code": "denominator",
              "display": "Denominator"
            } ]
          },
          "count": 1
        }, {
          "code": {
            "coding": [ {
              "system": "http://terminology.hl7.org/CodeSystem/measure-population",
              "code": "denominator-exclusion",
              "display": "Denominator Exclusion"
            } ]
          },
          "count": 0
        }, {
          "code": {
            "coding": [ {
              "system": "http://terminology.hl7.org/CodeSystem/measure-population",
              "code": "numerator",
              "display": "Numerator"
            } ]
          },
          "count": 1
        } ]
      } ],
      "evaluatedResource": [ {
        "reference": "Patient/c315da58-303a-40e8-bbb2-b36e388fc7f9"
      }, {
        "reference": "Encounter/ed9d8f73-867d-419b-ad30-fe9117087e99"
      }, {
        "reference": "Coverage/5ce91388-5da8-4c12-833e-4900a2acd7d8"
      }, {
        "reference": "MedicationAdministration/37f32d1a-8b11-40fe-9495-b8374af973f1"
      }, {
        "reference": "Procedure/696f0ce7-7e0d-408d-9473-3bcb1ca853b2"
      }, {
        "reference": "Organization/6dcaf52a-68b9-44da-9cab-0b246bc51983"
      }, {
        "reference": "Practitioner/a7ea17d0-917d-44a2-99f1-0de073907684"
      } ]
    },
    "request": {
      "method": "PUT",
      "url": "MeasureReport/6a1c1c39-1469-4022-af93-0a5a0ec945d5"
    }
  } ]
}