{
  "resourceType": "Bundle",
  "id": "60abda28bf0a01003e3f76bd",
  "type": "transaction",
  "entry": [ {
    "fullUrl": "https://madie.cms.gov/Patient/e0997418-e22b-4aa9-805b-dde2c398787b",
    "resource": {
      "resourceType": "Patient",
      "id": "e0997418-e22b-4aa9-805b-dde2c398787b",
      "meta": {
        "profile": [ "http://hl7.org/fhir/us/qicore/StructureDefinition/qicore-patient" ]
      },
      "extension": [ {
        "url": "http://hl7.org/fhir/us/core/StructureDefinition/us-core-race",
        "extension": [ {
          "url": "ombCategory",
          "valueCoding": {
            "system": "urn:oid:2.16.840.1.113883.6.238",
            "code": "2054-5",
            "display": "Black or African American"
          }
        }, {
          "url": "text",
          "valueString": "Black or African American"
        } ]
      }, {
        "url": "http://hl7.org/fhir/us/core/StructureDefinition/us-core-ethnicity",
        "extension": [ {
          "url": "ombCategory",
          "valueCoding": {
            "system": "urn:oid:2.16.840.1.113883.6.238",
            "code": "2186-5",
            "display": "Not Hispanic or Latino"
          }
        }, {
          "url": "text",
          "valueString": "Not Hispanic or Latino"
        } ]
      } ],
      "identifier": [ {
        "type": {
          "coding": [ {
            "system": "http://terminology.hl7.org/CodeSystem/v2-0203",
            "code": "MR"
          } ]
        },
        "system": "https://bonnie-fhir.healthit.gov/",
        "value": "463131313187656"
      } ],
      "name": [ {
        "family": "NUMERPass",
        "given": [ "DexaOrderInLast2YearsB4ADTOrder" ]
      } ],
      "gender": "male",
      "birthDate": "1953-06-15"
    },
    "request": {
      "method": "PUT",
      "url": "Patient/e0997418-e22b-4aa9-805b-dde2c398787b"
    }
  }, {
    "fullUrl": "https://madie.cms.gov/Encounter/60b2b95f-3f5a-4d94-a12d-95f396c41b35",
    "resource": {
      "resourceType": "Encounter",
      "id": "60b2b95f-3f5a-4d94-a12d-95f396c41b35",
      "meta": {
        "profile": [ "http://hl7.org/fhir/us/qicore/StructureDefinition/qicore-encounter" ]
      },
      "status": "finished",
      "class": {
        "system": "http://terminology.hl7.org/CodeSystem/v3-ActCode",
        "code": "AMB",
        "display": "ambulatory"
      },
      "type": [ {
        "coding": [ {
          "system": "http://snomed.info/sct",
          "version": "http://snomed.info/sct/731000124108/version/20240301",
          "code": "185463005",
          "display": "Visit out of hours (procedure)"
        } ]
      } ],
      "subject": {
        "reference": "Patient/e0997418-e22b-4aa9-805b-dde2c398787b"
      },
      "period": {
        "start": "2025-02-04T08:00:00.000+00:00",
        "end": "2025-02-04T08:15:00.000+00:00"
      }
    },
    "request": {
      "method": "PUT",
      "url": "Encounter/60b2b95f-3f5a-4d94-a12d-95f396c41b35"
    }
  }, {
    "fullUrl": "https://madie.cms.gov/Condition/32dbb5de-7bdc-42a5-82a9-71cc8d97084a",
    "resource": {
      "resourceType": "Condition",
      "id": "32dbb5de-7bdc-42a5-82a9-71cc8d97084a",
      "meta": {
        "profile": [ "http://hl7.org/fhir/us/qicore/StructureDefinition/qicore-condition-problems-health-concerns" ]
      },
      "clinicalStatus": {
        "coding": [ {
          "system": "http://terminology.hl7.org/CodeSystem/condition-clinical",
          "code": "active",
          "display": "Active",
          "userSelected": true
        } ]
      },
      "verificationStatus": {
        "coding": [ {
          "system": "http://terminology.hl7.org/CodeSystem/condition-ver-status",
          "code": "confirmed"
        } ]
      },
      "category": [ {
        "coding": [ {
          "system": "http://terminology.hl7.org/CodeSystem/condition-category",
          "code": "problem-list-item",
          "display": "Problem List Item"
        } ]
      } ],
      "code": {
        "coding": [ {
          "system": "http://snomed.info/sct",
          "version": "http://snomed.info/sct/731000124108/version/20240301",
          "code": "254900004",
          "display": "Carcinoma of prostate (disorder)"
        } ]
      },
      "subject": {
        "reference": "Patient/e0997418-e22b-4aa9-805b-dde2c398787b"
      },
      "onsetPeriod": {
        "start": "2024-10-04T08:00:00.000+00:00"
      }
    },
    "request": {
      "method": "PUT",
      "url": "Condition/32dbb5de-7bdc-42a5-82a9-71cc8d97084a"
    }
  }, {
    "fullUrl": "https://madie.cms.gov/ServiceRequest/8fce11de-e865-4583-911f-d4b72f30cb02",
    "resource": {
      "resourceType": "ServiceRequest",
      "id": "8fce11de-e865-4583-911f-d4b72f30cb02",
      "meta": {
        "profile": [ "http://hl7.org/fhir/us/qicore/StructureDefinition/qicore-servicerequest" ]
      },
      "status": "completed",
      "intent": "order",
      "code": {
        "coding": [ {
          "system": "http://loinc.org",
          "version": "2.76",
          "code": "38265-5",
          "display": "DXA Radius and Ulna [T-score] Bone density"
        } ]
      },
      "subject": {
        "reference": "Patient/e0997418-e22b-4aa9-805b-dde2c398787b"
      },
      "authoredOn": "2024-05-04T10:00:00.000+00:00"
    },
    "request": {
      "method": "PUT",
      "url": "ServiceRequest/8fce11de-e865-4583-911f-d4b72f30cb02"
    }
  }, {
    "fullUrl": "https://madie.cms.gov/Practitioner/9faf9cbd-c02e-42b0-a34d-dc06a35e3673",
    "resource": {
      "resourceType": "Practitioner",
      "id": "9faf9cbd-c02e-42b0-a34d-dc06a35e3673",
      "meta": {
        "profile": [ "http://hl7.org/fhir/us/qicore/StructureDefinition/qicore-practitioner" ]
      },
      "identifier": [ {
        "use": "temp",
        "system": "urn:oid:2.16.840.1.113883.4.336",
        "value": "Practitioner-23"
      } ],
      "active": true,
      "name": [ {
        "family": "Careful",
        "given": [ "Adam" ],
        "prefix": [ "Dr" ]
      } ],
      "address": [ {
        "use": "home",
        "line": [ "534 Erewhon St" ],
        "city": "PleasantVille",
        "state": "UT",
        "postalCode": "84414"
      } ],
      "qualification": [ {
        "identifier": [ {
          "system": "http://example.org/UniversityIdentifier",
          "value": "12345"
        } ],
        "code": {
          "coding": [ {
            "system": "http://terminology.hl7.org/CodeSystem/v2-0360|2.7",
            "code": "BS",
            "display": "Bachelor of Science"
          } ],
          "text": "Bachelor of Science"
        },
        "period": {
          "start": "1995"
        },
        "issuer": {
          "display": "Example University"
        }
      } ]
    },
    "request": {
      "method": "PUT",
      "url": "Practitioner/9faf9cbd-c02e-42b0-a34d-dc06a35e3673"
    }
  }, {
    "fullUrl": "https://madie.cms.gov/MedicationRequest/c59239c7-f3af-4a37-bbaf-ebac6bceae3f",
    "resource": {
      "resourceType": "MedicationRequest",
      "id": "c59239c7-f3af-4a37-bbaf-ebac6bceae3f",
      "meta": {
        "profile": [ "http://hl7.org/fhir/us/qicore/StructureDefinition/qicore-medicationrequest" ]
      },
      "status": "active",
      "intent": "order",
      "medicationCodeableConcept": {
        "coding": [ {
          "system": "http://www.nlm.nih.gov/research/umls/rxnorm",
          "version": "04012024",
          "code": "1115257",
          "display": "1.5 ML leuprolide acetate 30 MG/ML Prefilled Syringe"
        } ]
      },
      "subject": {
        "reference": "Patient/e0997418-e22b-4aa9-805b-dde2c398787b"
      },
      "authoredOn": "2024-12-03T08:00:00.000+00:00",
      "requester": {
        "reference": "http://myGoodHealthcare.com/fhir/Practitioner/9faf9cbd-c02e-42b0-a34d-dc06a35e3673"
      },
      "dosageInstruction": [ {
        "timing": {
          "repeat": {
            "boundsPeriod": {
              "start": "2024-12-03T08:00:00.000+00:00",
              "end": "2025-03-04T08:00:00.000+00:00"
            }
          }
        }
      } ]
    },
    "request": {
      "method": "PUT",
      "url": "MedicationRequest/c59239c7-f3af-4a37-bbaf-ebac6bceae3f"
    }
  }, {
    "fullUrl": "https://madie.cms.gov/ServiceRequest/547d4f4f-a8bd-405c-b33e-4f98db77998c",
    "resource": {
      "resourceType": "ServiceRequest",
      "id": "547d4f4f-a8bd-405c-b33e-4f98db77998c",
      "meta": {
        "profile": [ "http://hl7.org/fhir/us/qicore/StructureDefinition/qicore-servicerequest" ]
      },
      "status": "active",
      "intent": "order",
      "code": {
        "coding": [ {
          "system": "http://snomed.info/sct",
          "version": "http://snomed.info/sct/731000124108/version/20240301",
          "code": "456381000124102",
          "display": "Injection of leuprolide acetate for twelve month period (regime/therapy)"
        } ]
      },
      "subject": {
        "reference": "Patient/e0997418-e22b-4aa9-805b-dde2c398787b"
      },
      "authoredOn": "2024-12-04T08:00:00.000+00:00"
    },
    "request": {
      "method": "PUT",
      "url": "ServiceRequest/547d4f4f-a8bd-405c-b33e-4f98db77998c"
    }
  }, {
    "fullUrl": "https://madie.cms.gov/MeasureReport/caf78df0-94d0-41bb-876a-eba6133eb5cb",
    "resource": {
      "resourceType": "MeasureReport",
      "id": "caf78df0-94d0-41bb-876a-eba6133eb5cb",
      "meta": {
        "profile": [ "http://hl7.org/fhir/us/cqfmeasures/StructureDefinition/test-case-cqfm" ]
      },
      "contained": [ {
        "resourceType": "Parameters",
        "id": "24261772-9b62-4ad6-b929-6590d42ebaab-parameters",
        "parameter": [ {
          "name": "subject",
          "valueString": "e0997418-e22b-4aa9-805b-dde2c398787b"
        } ]
      } ],
      "extension": [ {
        "url": "http://hl7.org/fhir/us/cqfmeasures/StructureDefinition/cqfm-inputParameters",
        "valueReference": {
          "reference": "#24261772-9b62-4ad6-b929-6590d42ebaab-parameters"
        }
      }, {
        "url": "http://hl7.org/fhir/us/cqfmeasures/StructureDefinition/cqfm-testCaseDescription",
        "valueMarkdown": "Dx of Prostate Cancer and qualifying encounters. ADT in December before MP, DEXA within 2 years prior to ADT."
      } ],
      "modifierExtension": [ {
        "url": "http://hl7.org/fhir/us/cqfmeasures/StructureDefinition/cqfm-isTestCase",
        "valueBoolean": true
      } ],
      "status": "complete",
      "type": "individual",
      "measure": "https://madie.cms.gov/Measure/BoneDensityProstateCancerAndrogenDeprivationTherapyFHIR6",
      "period": {
        "start": "2025-01-01",
        "end": "2025-12-31"
      },
      "group": [ {
        "id": "67b61060a0d801640767a597",
        "population": [ {
          "id": "E8F25116-1779-4BA6-B606-34F12AE4F5BA",
          "code": {
            "coding": [ {
              "system": "http://terminology.hl7.org/CodeSystem/measure-population",
              "code": "initial-population",
              "display": "Initial Population"
            } ]
          },
          "count": 1
        }, {
          "id": "1C145A56-9250-4444-A497-86C44F55CFDB",
          "code": {
            "coding": [ {
              "system": "http://terminology.hl7.org/CodeSystem/measure-population",
              "code": "denominator",
              "display": "Denominator"
            } ]
          },
          "count": 1
        }, {
          "id": "B1E0E3D2-D44E-4BFF-92F8-077CF1AE234F",
          "code": {
            "coding": [ {
              "system": "http://terminology.hl7.org/CodeSystem/measure-population",
              "code": "numerator",
              "display": "Numerator"
            } ]
          },
          "count": 1
        }, {
          "id": "A9552F46-139C-4270-835C-224132205362",
          "code": {
            "coding": [ {
              "system": "http://terminology.hl7.org/CodeSystem/measure-population",
              "code": "denominator-exception",
              "display": "Denominator Exception"
            } ]
          },
          "count": 0
        } ],
        "measureScore": {
          "value": 1.0
        }
      } ],
      "evaluatedResource": [ {
        "reference": "Patient/e0997418-e22b-4aa9-805b-dde2c398787b"
      }, {
        "reference": "Encounter/60b2b95f-3f5a-4d94-a12d-95f396c41b35"
      }, {
        "reference": "Condition/32dbb5de-7bdc-42a5-82a9-71cc8d97084a"
      }, {
        "reference": "ServiceRequest/8fce11de-e865-4583-911f-d4b72f30cb02"
      }, {
        "reference": "Practitioner/9faf9cbd-c02e-42b0-a34d-dc06a35e3673"
      }, {
        "reference": "MedicationRequest/c59239c7-f3af-4a37-bbaf-ebac6bceae3f"
      }, {
        "reference": "ServiceRequest/547d4f4f-a8bd-405c-b33e-4f98db77998c"
      } ]
    },
    "request": {
      "method": "PUT",
      "url": "MeasureReport/caf78df0-94d0-41bb-876a-eba6133eb5cb"
    }
  } ]
}