{
  "resourceType": "Bundle",
  "id": "612e6a5102c62a011f2e99b8",
  "type": "transaction",
  "entry": [ {
    "fullUrl": "https://madie.cms.gov/Patient/7031ef74-b965-478b-86b0-f11e4665b2a6",
    "resource": {
      "resourceType": "Patient",
      "id": "7031ef74-b965-478b-86b0-f11e4665b2a6",
      "meta": {
        "profile": [ "http://hl7.org/fhir/us/qicore/StructureDefinition/qicore-patient" ]
      },
      "text": {
        "status": "generated",
        "div": "<div xmlns=\"http://www.w3.org/1999/xhtml\"><div class=\"hapiHeaderText\">MA_LDUHep_2DaysAfterAnesth <b>NUMERFAIL </b></div><table class=\"hapiPropertyTable\"><tbody><tr><td>Identifier</td><td>5f49439a0368777e213ee1936c981e56</td></tr><tr><td>Date of birth</td><td><span>02 January 1974</span></td></tr></tbody></table></div>"
      },
      "extension": [ {
        "url": "http://hl7.org/fhir/us/core/StructureDefinition/us-core-race",
        "extension": [ {
          "url": "ombCategory",
          "valueCoding": {
            "system": "urn:oid:2.16.840.1.113883.6.238",
            "code": "1002-5",
            "display": "American Indian or Alaska Native",
            "userSelected": true
          }
        }, {
          "url": "text",
          "valueString": "American Indian or Alaska Native"
        } ]
      }, {
        "url": "http://hl7.org/fhir/us/core/StructureDefinition/us-core-ethnicity",
        "extension": [ {
          "url": "ombCategory",
          "valueCoding": {
            "system": "urn:oid:2.16.840.1.113883.6.238",
            "code": "2135-2",
            "display": "Hispanic or Latino",
            "userSelected": true
          }
        }, {
          "url": "text",
          "valueString": "Hispanic or Latino"
        } ]
      } ],
      "identifier": [ {
        "type": {
          "coding": [ {
            "system": "http://terminology.hl7.org/CodeSystem/v2-0203",
            "code": "MR"
          } ]
        },
        "system": "https://bonnie-fhir.healthit.gov/",
        "value": "612e6a5102c62a011f2e99b8"
      } ],
      "active": true,
      "name": [ {
        "use": "usual",
        "family": "NUMERFail",
        "given": [ "MA_LDUHep_2DaysAfterAnesth" ]
      } ],
      "gender": "male",
      "birthDate": "1974-01-02"
    },
    "request": {
      "method": "PUT",
      "url": "Patient/7031ef74-b965-478b-86b0-f11e4665b2a6"
    }
  }, {
    "fullUrl": "https://madie.cms.gov/Encounter/0f0c0120-0b82-4ec5-86f7-08aaefb977ea",
    "resource": {
      "resourceType": "Encounter",
      "id": "0f0c0120-0b82-4ec5-86f7-08aaefb977ea",
      "meta": {
        "profile": [ "http://hl7.org/fhir/us/qicore/StructureDefinition/qicore-encounter" ]
      },
      "status": "finished",
      "class": {
        "system": "http://terminology.hl7.org/CodeSystem/v3-ActCode",
        "code": "IMP",
        "display": "inpatient encounter"
      },
      "type": [ {
        "coding": [ {
          "system": "http://snomed.info/sct",
          "code": "8715000"
        } ]
      } ],
      "subject": {
        "reference": "Patient/7031ef74-b965-478b-86b0-f11e4665b2a6"
      },
      "period": {
        "start": "2025-11-01T08:00:00+00:00",
        "end": "2025-11-26T08:15:00+00:00"
      },
      "length": {
        "value": 25.0,
        "unit": "days"
      }
    },
    "request": {
      "method": "PUT",
      "url": "Encounter/0f0c0120-0b82-4ec5-86f7-08aaefb977ea"
    }
  }, {
    "fullUrl": "https://madie.cms.gov/Coverage/1d64f4bb-9f48-4e8f-b02b-b718b05e1a55",
    "resource": {
      "resourceType": "Coverage",
      "id": "1d64f4bb-9f48-4e8f-b02b-b718b05e1a55",
      "status": "active",
      "beneficiary": {
        "reference": "Patient/7031ef74-b965-478b-86b0-f11e4665b2a6"
      },
      "period": {
        "start": "1974-01-02T08:00:00+00:00"
      },
      "payor": [ {
        "reference": "Organization/2bc4c28e-0e41-4411-b43a-bf22fa362be6"
      } ]
    },
    "request": {
      "method": "PUT",
      "url": "Coverage/1d64f4bb-9f48-4e8f-b02b-b718b05e1a55"
    }
  }, {
    "fullUrl": "https://madie.cms.gov/MedicationAdministration/6036d6c4-064e-49f7-a568-5d46fee6a300",
    "resource": {
      "resourceType": "MedicationAdministration",
      "id": "6036d6c4-064e-49f7-a568-5d46fee6a300",
      "meta": {
        "profile": [ "http://hl7.org/fhir/us/qicore/StructureDefinition/qicore-medicationadministration" ]
      },
      "status": "completed",
      "medicationCodeableConcept": {
        "coding": [ {
          "system": "http://www.nlm.nih.gov/research/umls/rxnorm",
          "code": "1361574"
        } ]
      },
      "subject": {
        "reference": "Patient/7031ef74-b965-478b-86b0-f11e4665b2a6"
      },
      "effectivePeriod": {
        "start": "2025-11-03T09:00:00+00:00",
        "end": "2025-11-03T09:15:00+00:00"
      },
      "dosage": {
        "route": {
          "coding": [ {
            "system": "http://snomed.info/sct",
            "code": "34206005",
            "display": "Subcutaneous route"
          } ]
        },
        "dose": {
          "value": 20000,
          "unit": "UNT/ML",
          "system": "http://unitsofmeasure.org",
          "code": "UNT/ML"
        }
      }
    },
    "request": {
      "method": "PUT",
      "url": "MedicationAdministration/6036d6c4-064e-49f7-a568-5d46fee6a300"
    }
  }, {
    "fullUrl": "https://madie.cms.gov/Procedure/cb44d411-4de4-44a2-81ae-96d7ced01fa9",
    "resource": {
      "resourceType": "Procedure",
      "id": "cb44d411-4de4-44a2-81ae-96d7ced01fa9",
      "meta": {
        "profile": [ "http://hl7.org/fhir/us/qicore/StructureDefinition/qicore-procedure" ]
      },
      "extension": [ {
        "url": "http://hl7.org/fhir/us/qicore/StructureDefinition/qicore-recorded",
        "valueDateTime": "2012-12-04T09:35:00-04:00"
      } ],
      "status": "completed",
      "code": {
        "coding": [ {
          "system": "http://www.icd10data.com/icd10pcs",
          "code": "3E030FZ"
        }, {
          "system": "http://snomed.info/sct",
          "code": "18946005"
        } ]
      },
      "subject": {
        "reference": "Patient/7031ef74-b965-478b-86b0-f11e4665b2a6"
      },
      "performedPeriod": {
        "start": "2025-11-01T09:00:00+00:00",
        "end": "2025-11-01T09:15:00+00:00"
      }
    },
    "request": {
      "method": "PUT",
      "url": "Procedure/cb44d411-4de4-44a2-81ae-96d7ced01fa9"
    }
  }, {
    "fullUrl": "https://madie.cms.gov/Organization/2bc4c28e-0e41-4411-b43a-bf22fa362be6",
    "resource": {
      "resourceType": "Organization",
      "id": "2bc4c28e-0e41-4411-b43a-bf22fa362be6",
      "meta": {
        "profile": [ "http://hl7.org/fhir/us/qicore/StructureDefinition/qicore-organization" ]
      },
      "identifier": [ {
        "use": "temp",
        "system": "urn:oid:2.16.840.1.113883.4.4",
        "value": "21-3259825"
      } ],
      "active": true,
      "type": [ {
        "coding": [ {
          "system": "http://terminology.hl7.org/CodeSystem/organization-type",
          "code": "pay",
          "display": "Payer"
        } ]
      } ],
      "name": "Blue Cross Blue Shield of Texas",
      "telecom": [ {
        "system": "phone",
        "value": "(+1) 972-766-6900"
      } ],
      "address": [ {
        "use": "billing",
        "type": "postal",
        "line": [ "P.O. Box 660044" ],
        "city": "Dallas",
        "state": "TX",
        "postalCode": "75266-0044",
        "country": "USA"
      } ]
    },
    "request": {
      "method": "PUT",
      "url": "Organization/2bc4c28e-0e41-4411-b43a-bf22fa362be6"
    }
  }, {
    "fullUrl": "https://madie.cms.gov/Practitioner/98faf817-b3da-47fe-9ad9-43ba0de37bbf",
    "resource": {
      "resourceType": "Practitioner",
      "id": "98faf817-b3da-47fe-9ad9-43ba0de37bbf",
      "identifier": [ {
        "system": "http://hl7.org/fhir/sid/us-npi",
        "value": "123456"
      } ],
      "name": [ {
        "family": "Evil",
        "prefix": [ "Dr" ]
      } ]
    },
    "request": {
      "method": "PUT",
      "url": "Practitioner/98faf817-b3da-47fe-9ad9-43ba0de37bbf"
    }
  }, {
    "fullUrl": "https://madie.cms.gov/MeasureReport/89276ce8-3219-4d10-9739-433d19426c98",
    "resource": {
      "resourceType": "MeasureReport",
      "id": "89276ce8-3219-4d10-9739-433d19426c98",
      "meta": {
        "profile": [ "http://hl7.org/fhir/us/cqfmeasures/StructureDefinition/test-case-cqfm" ]
      },
      "contained": [ {
        "resourceType": "Parameters",
        "id": "7a23f038-ecfc-4ac6-962a-dfeefd4daf84-parameters",
        "parameter": [ {
          "name": "subject",
          "valueString": "7031ef74-b965-478b-86b0-f11e4665b2a6"
        } ]
      } ],
      "extension": [ {
        "url": "http://hl7.org/fhir/us/cqfmeasures/StructureDefinition/cqfm-inputParameters",
        "valueReference": {
          "reference": "#7a23f038-ecfc-4ac6-962a-dfeefd4daf84-parameters"
        }
      }, {
        "url": "http://hl7.org/fhir/us/cqfmeasures/StructureDefinition/cqfm-testCaseDescription",
        "valueMarkdown": "Low Dose Unfractionated Heparin for VTE Prophylaxis administered > 1 day after anesthesia\n"
      } ],
      "modifierExtension": [ {
        "url": "http://hl7.org/fhir/us/cqfmeasures/StructureDefinition/cqfm-isTestCase",
        "valueBoolean": true
      } ],
      "status": "complete",
      "type": "individual",
      "measure": "https://madie.cms.gov/Measure/VenousThromboembolismProphylaxisFHIR",
      "period": {
        "start": "2025-01-01",
        "end": "2025-12-31"
      },
      "group": [ {
        "population": [ {
          "code": {
            "coding": [ {
              "system": "http://terminology.hl7.org/CodeSystem/measure-population",
              "code": "initial-population",
              "display": "Initial Population"
            } ]
          },
          "count": 1
        }, {
          "code": {
            "coding": [ {
              "system": "http://terminology.hl7.org/CodeSystem/measure-population",
              "code": "denominator",
              "display": "Denominator"
            } ]
          },
          "count": 1
        }, {
          "code": {
            "coding": [ {
              "system": "http://terminology.hl7.org/CodeSystem/measure-population",
              "code": "denominator-exclusion",
              "display": "Denominator Exclusion"
            } ]
          },
          "count": 0
        }, {
          "code": {
            "coding": [ {
              "system": "http://terminology.hl7.org/CodeSystem/measure-population",
              "code": "numerator",
              "display": "Numerator"
            } ]
          },
          "count": 0
        } ]
      } ],
      "evaluatedResource": [ {
        "reference": "Patient/7031ef74-b965-478b-86b0-f11e4665b2a6"
      }, {
        "reference": "Encounter/0f0c0120-0b82-4ec5-86f7-08aaefb977ea"
      }, {
        "reference": "Coverage/1d64f4bb-9f48-4e8f-b02b-b718b05e1a55"
      }, {
        "reference": "MedicationAdministration/6036d6c4-064e-49f7-a568-5d46fee6a300"
      }, {
        "reference": "Procedure/cb44d411-4de4-44a2-81ae-96d7ced01fa9"
      }, {
        "reference": "Organization/2bc4c28e-0e41-4411-b43a-bf22fa362be6"
      }, {
        "reference": "Practitioner/98faf817-b3da-47fe-9ad9-43ba0de37bbf"
      } ]
    },
    "request": {
      "method": "PUT",
      "url": "MeasureReport/89276ce8-3219-4d10-9739-433d19426c98"
    }
  } ]
}