{
  "resourceType": "Bundle",
  "id": "612e6b2402c62a011f2ec9ed",
  "type": "transaction",
  "entry": [ {
    "fullUrl": "https://madie.cms.gov/Patient/b9780de5-ccd3-470a-9944-e8a4a9e02724",
    "resource": {
      "resourceType": "Patient",
      "id": "b9780de5-ccd3-470a-9944-e8a4a9e02724",
      "meta": {
        "profile": [ "http://hl7.org/fhir/us/qicore/StructureDefinition/qicore-patient" ]
      },
      "text": {
        "status": "generated",
        "div": "<div xmlns=\"http://www.w3.org/1999/xhtml\"><div class=\"hapiHeaderText\">SCIP_GenSurgRank2_ProcStartNull <b>DENEXFAIL </b></div><table class=\"hapiPropertyTable\"><tbody><tr><td>Identifier</td><td>66c70c125db369967b4b164e75338304</td></tr><tr><td>Date of birth</td><td><span>01 September 2000</span></td></tr></tbody></table></div>"
      },
      "extension": [ {
        "url": "http://hl7.org/fhir/us/core/StructureDefinition/us-core-race",
        "extension": [ {
          "url": "ombCategory",
          "valueCoding": {
            "system": "urn:oid:2.16.840.1.113883.6.238",
            "code": "1002-5",
            "display": "American Indian or Alaska Native",
            "userSelected": true
          }
        }, {
          "url": "text",
          "valueString": "American Indian or Alaska Native"
        } ]
      }, {
        "url": "http://hl7.org/fhir/us/core/StructureDefinition/us-core-ethnicity",
        "extension": [ {
          "url": "ombCategory",
          "valueCoding": {
            "system": "urn:oid:2.16.840.1.113883.6.238",
            "code": "2135-2",
            "display": "Hispanic or Latino",
            "userSelected": true
          }
        }, {
          "url": "text",
          "valueString": "Hispanic or Latino"
        } ]
      } ],
      "identifier": [ {
        "type": {
          "coding": [ {
            "system": "http://terminology.hl7.org/CodeSystem/v2-0203",
            "code": "MR"
          } ]
        },
        "system": "https://bonnie-fhir.healthit.gov/",
        "value": "612e6b2402c62a011f2ec9ed"
      } ],
      "active": true,
      "name": [ {
        "use": "usual",
        "family": "DENEXFail",
        "given": [ "SCIP_GenSurgRank2_ProcStartNull" ]
      } ],
      "gender": "male",
      "birthDate": "2000-09-01"
    },
    "request": {
      "method": "PUT",
      "url": "Patient/b9780de5-ccd3-470a-9944-e8a4a9e02724"
    }
  }, {
    "fullUrl": "https://madie.cms.gov/Encounter/c48b3cf2-e95a-46ee-afcb-cb8d35fa4dd8",
    "resource": {
      "resourceType": "Encounter",
      "id": "c48b3cf2-e95a-46ee-afcb-cb8d35fa4dd8",
      "meta": {
        "profile": [ "http://hl7.org/fhir/us/qicore/StructureDefinition/qicore-encounter" ]
      },
      "extension": [ {
        "url": "http://hl7.org/fhir/us/qicore/StructureDefinition/qicore-encounter-procedure",
        "extension": [ {
          "url": "type",
          "valueCodeableConcept": {
            "coding": [ {
              "system": "http://www.cms.gov/Medicare/Coding/ICD10",
              "code": "008Q0ZZ"
            } ]
          }
        }, {
          "url": "rank",
          "valuePositiveInt": 2
        }, {
          "url": "procedure",
          "valueReference": {
            "reference": "Procedure/ac13230d-a942-4acc-8c7c-5b9ce4ea8dd1"
          }
        } ]
      } ],
      "status": "finished",
      "class": {
        "system": "http://terminology.hl7.org/CodeSystem/v3-ActCode",
        "code": "IMP",
        "display": "inpatient encounter"
      },
      "type": [ {
        "coding": [ {
          "system": "http://snomed.info/sct",
          "code": "183452005"
        } ]
      } ],
      "subject": {
        "reference": "Patient/b9780de5-ccd3-470a-9944-e8a4a9e02724"
      },
      "period": {
        "start": "2025-09-02T06:00:00+00:00",
        "end": "2025-12-31T12:59:00+00:00"
      },
      "length": {
        "value": 120.0,
        "unit": "days"
      }
    },
    "request": {
      "method": "PUT",
      "url": "Encounter/c48b3cf2-e95a-46ee-afcb-cb8d35fa4dd8"
    }
  }, {
    "fullUrl": "https://madie.cms.gov/Coverage/f4ea8b51-bcf3-4146-8612-1cf2d9ef8b07",
    "resource": {
      "resourceType": "Coverage",
      "id": "f4ea8b51-bcf3-4146-8612-1cf2d9ef8b07",
      "status": "active",
      "beneficiary": {
        "reference": "Patient/b9780de5-ccd3-470a-9944-e8a4a9e02724"
      },
      "period": {
        "start": "2000-09-01T08:00:00+00:00"
      },
      "payor": [ {
        "reference": "Organization/22c79774-35e8-4cc0-a7a3-05a19b7e6056"
      } ]
    },
    "request": {
      "method": "PUT",
      "url": "Coverage/f4ea8b51-bcf3-4146-8612-1cf2d9ef8b07"
    }
  }, {
    "fullUrl": "https://madie.cms.gov/Procedure/ac13230d-a942-4acc-8c7c-5b9ce4ea8dd1",
    "resource": {
      "resourceType": "Procedure",
      "id": "ac13230d-a942-4acc-8c7c-5b9ce4ea8dd1",
      "meta": {
        "profile": [ "http://hl7.org/fhir/us/qicore/StructureDefinition/qicore-procedure" ]
      },
      "extension": [ {
        "url": "http://hl7.org/fhir/us/qicore/StructureDefinition/qicore-recorded",
        "valueDateTime": "2012-12-04T09:35:00-04:00"
      } ],
      "status": "completed",
      "code": {
        "coding": [ {
          "system": "http://www.cms.gov/Medicare/Coding/ICD10",
          "code": "008Q0ZZ"
        } ]
      },
      "subject": {
        "reference": "Patient/b9780de5-ccd3-470a-9944-e8a4a9e02724"
      },
      "performedPeriod": {
        "end": "2025-11-30T08:15:00+00:00"
      }
    },
    "request": {
      "method": "PUT",
      "url": "Procedure/ac13230d-a942-4acc-8c7c-5b9ce4ea8dd1"
    }
  }, {
    "fullUrl": "https://madie.cms.gov/Organization/22c79774-35e8-4cc0-a7a3-05a19b7e6056",
    "resource": {
      "resourceType": "Organization",
      "id": "22c79774-35e8-4cc0-a7a3-05a19b7e6056",
      "meta": {
        "profile": [ "http://hl7.org/fhir/us/qicore/StructureDefinition/qicore-organization" ]
      },
      "identifier": [ {
        "use": "temp",
        "system": "urn:oid:2.16.840.1.113883.4.4",
        "value": "21-3259825"
      } ],
      "active": true,
      "type": [ {
        "coding": [ {
          "system": "http://terminology.hl7.org/CodeSystem/organization-type",
          "code": "pay",
          "display": "Payer"
        } ]
      } ],
      "name": "Blue Cross Blue Shield of Texas",
      "telecom": [ {
        "system": "phone",
        "value": "(+1) 972-766-6900"
      } ],
      "address": [ {
        "use": "billing",
        "type": "postal",
        "line": [ "P.O. Box 660044" ],
        "city": "Dallas",
        "state": "TX",
        "postalCode": "75266-0044",
        "country": "USA"
      } ]
    },
    "request": {
      "method": "PUT",
      "url": "Organization/22c79774-35e8-4cc0-a7a3-05a19b7e6056"
    }
  }, {
    "fullUrl": "https://madie.cms.gov/Practitioner/c27369ec-b39e-4ccc-9170-503f7b96ef50",
    "resource": {
      "resourceType": "Practitioner",
      "id": "c27369ec-b39e-4ccc-9170-503f7b96ef50",
      "identifier": [ {
        "system": "http://hl7.org/fhir/sid/us-npi",
        "value": "123456"
      } ],
      "name": [ {
        "family": "Evil",
        "prefix": [ "Dr" ]
      } ]
    },
    "request": {
      "method": "PUT",
      "url": "Practitioner/c27369ec-b39e-4ccc-9170-503f7b96ef50"
    }
  }, {
    "fullUrl": "https://madie.cms.gov/MeasureReport/b28da9b7-e678-4cef-8d85-de3eceba9093",
    "resource": {
      "resourceType": "MeasureReport",
      "id": "b28da9b7-e678-4cef-8d85-de3eceba9093",
      "meta": {
        "profile": [ "http://hl7.org/fhir/us/cqfmeasures/StructureDefinition/test-case-cqfm" ]
      },
      "contained": [ {
        "resourceType": "Parameters",
        "id": "bf965f6b-4c84-40ab-bf5e-f9f9c3e282e6-parameters",
        "parameter": [ {
          "name": "subject",
          "valueString": "b9780de5-ccd3-470a-9944-e8a4a9e02724"
        } ]
      } ],
      "extension": [ {
        "url": "http://hl7.org/fhir/us/cqfmeasures/StructureDefinition/cqfm-inputParameters",
        "valueReference": {
          "reference": "#bf965f6b-4c84-40ab-bf5e-f9f9c3e282e6-parameters"
        }
      }, {
        "url": "http://hl7.org/fhir/us/cqfmeasures/StructureDefinition/cqfm-testCaseDescription",
        "valueMarkdown": "Patient had SCIP -GenSurg during Encounter and Rank =2 with Proc start datetime is null\n"
      } ],
      "modifierExtension": [ {
        "url": "http://hl7.org/fhir/us/cqfmeasures/StructureDefinition/cqfm-isTestCase",
        "valueBoolean": true
      } ],
      "status": "complete",
      "type": "individual",
      "measure": "https://madie.cms.gov/Measure/VenousThromboembolismProphylaxisFHIR",
      "period": {
        "start": "2025-01-01",
        "end": "2025-12-31"
      },
      "group": [ {
        "population": [ {
          "code": {
            "coding": [ {
              "system": "http://terminology.hl7.org/CodeSystem/measure-population",
              "code": "initial-population",
              "display": "Initial Population"
            } ]
          },
          "count": 1
        }, {
          "code": {
            "coding": [ {
              "system": "http://terminology.hl7.org/CodeSystem/measure-population",
              "code": "denominator",
              "display": "Denominator"
            } ]
          },
          "count": 1
        }, {
          "code": {
            "coding": [ {
              "system": "http://terminology.hl7.org/CodeSystem/measure-population",
              "code": "denominator-exclusion",
              "display": "Denominator Exclusion"
            } ]
          },
          "count": 0
        }, {
          "code": {
            "coding": [ {
              "system": "http://terminology.hl7.org/CodeSystem/measure-population",
              "code": "numerator",
              "display": "Numerator"
            } ]
          },
          "count": 0
        } ]
      } ],
      "evaluatedResource": [ {
        "reference": "Patient/b9780de5-ccd3-470a-9944-e8a4a9e02724"
      }, {
        "reference": "Encounter/c48b3cf2-e95a-46ee-afcb-cb8d35fa4dd8"
      }, {
        "reference": "Coverage/f4ea8b51-bcf3-4146-8612-1cf2d9ef8b07"
      }, {
        "reference": "Procedure/ac13230d-a942-4acc-8c7c-5b9ce4ea8dd1"
      }, {
        "reference": "Organization/22c79774-35e8-4cc0-a7a3-05a19b7e6056"
      }, {
        "reference": "Practitioner/c27369ec-b39e-4ccc-9170-503f7b96ef50"
      } ]
    },
    "request": {
      "method": "PUT",
      "url": "MeasureReport/b28da9b7-e678-4cef-8d85-de3eceba9093"
    }
  } ]
}