{
  "resourceType": "Bundle",
  "id": "62bb3859e8081f5ef5e199f5",
  "type": "transaction",
  "entry": [ {
    "fullUrl": "https://madie.cms.gov/Patient/4d648e0d-3d8c-4089-af65-ddcf3642b735",
    "resource": {
      "resourceType": "Patient",
      "id": "4d648e0d-3d8c-4089-af65-ddcf3642b735",
      "meta": {
        "profile": [ "http://hl7.org/fhir/us/qicore/StructureDefinition/qicore-patient" ]
      },
      "extension": [ {
        "url": "http://hl7.org/fhir/us/core/StructureDefinition/us-core-race",
        "extension": [ {
          "url": "ombCategory",
          "valueCoding": {
            "system": "urn:oid:2.16.840.1.113883.6.238",
            "code": "1002-5",
            "display": "American Indian or Alaska Native",
            "userSelected": true
          }
        }, {
          "url": "text",
          "valueString": "American Indian or Alaska Native"
        } ]
      }, {
        "url": "http://hl7.org/fhir/us/core/StructureDefinition/us-core-ethnicity",
        "extension": [ {
          "url": "ombCategory",
          "valueCoding": {
            "system": "urn:oid:2.16.840.1.113883.6.238",
            "code": "2135-2",
            "display": "Hispanic or Latino",
            "userSelected": true
          }
        }, {
          "url": "text",
          "valueString": "Hispanic or Latino"
        } ]
      } ],
      "identifier": [ {
        "type": {
          "coding": [ {
            "system": "http://terminology.hl7.org/CodeSystem/v2-0203",
            "code": "MR"
          } ]
        },
        "system": "https://bonnie-fhir.healthit.gov/",
        "value": "62bb3859e8081f5ef5e199f5"
      } ],
      "name": [ {
        "family": "IPPFail",
        "given": [ "EncounterInMPNotDone" ]
      } ],
      "gender": "male",
      "birthDate": "1962-07-19"
    },
    "request": {
      "method": "PUT",
      "url": "Patient/4d648e0d-3d8c-4089-af65-ddcf3642b735"
    }
  }, {
    "fullUrl": "https://madie.cms.gov/Encounter/ee1894fc-9e1e-4be0-a3ec-e373192ce3be",
    "resource": {
      "resourceType": "Encounter",
      "id": "ee1894fc-9e1e-4be0-a3ec-e373192ce3be",
      "meta": {
        "profile": [ "http://hl7.org/fhir/us/qicore/StructureDefinition/qicore-encounter" ]
      },
      "status": "finished",
      "class": {
        "system": "http://terminology.hl7.org/CodeSystem/v3-ActCode",
        "code": "AMB",
        "display": "ambulatory"
      },
      "type": [ {
        "coding": [ {
          "system": "http://snomed.info/sct",
          "version": "http://snomed.info/sct/731000124108/version/20240401",
          "code": "185463005",
          "display": "Visit out of hours (procedure)",
          "userSelected": true
        } ]
      } ],
      "subject": {
        "reference": "Patient/4d648e0d-3d8c-4089-af65-ddcf3642b735"
      },
      "period": {
        "start": "2026-11-29T08:00:00.000+00:00",
        "end": "2026-11-29T08:15:00.000+00:00"
      }
    },
    "request": {
      "method": "PUT",
      "url": "Encounter/ee1894fc-9e1e-4be0-a3ec-e373192ce3be"
    }
  }, {
    "fullUrl": "https://madie.cms.gov/Condition/d2b2588f-7dfe-4849-a125-1259575453e9",
    "resource": {
      "resourceType": "Condition",
      "id": "d2b2588f-7dfe-4849-a125-1259575453e9",
      "meta": {
        "profile": [ "http://hl7.org/fhir/us/qicore/StructureDefinition/qicore-condition-problems-health-concerns" ]
      },
      "clinicalStatus": {
        "coding": [ {
          "system": "http://terminology.hl7.org/CodeSystem/condition-clinical",
          "code": "active",
          "display": "Active",
          "userSelected": true
        } ]
      },
      "verificationStatus": {
        "coding": [ {
          "system": "http://terminology.hl7.org/CodeSystem/condition-ver-status",
          "code": "confirmed",
          "display": "Confirmed",
          "userSelected": true
        } ]
      },
      "category": [ {
        "coding": [ {
          "system": "http://terminology.hl7.org/CodeSystem/condition-category",
          "code": "problem-list-item",
          "display": "Problem List Item"
        } ]
      } ],
      "code": {
        "coding": [ {
          "system": "http://snomed.info/sct",
          "version": "http://snomed.info/sct/731000124108/version/20250301",
          "code": "254900004",
          "display": "Carcinoma of prostate (disorder)",
          "userSelected": true
        } ]
      },
      "subject": {
        "reference": "Patient/4d648e0d-3d8c-4089-af65-ddcf3642b735"
      },
      "onsetPeriod": {
        "start": "2025-11-25T08:00:00.000+00:00"
      }
    },
    "request": {
      "method": "PUT",
      "url": "Condition/d2b2588f-7dfe-4849-a125-1259575453e9"
    }
  }, {
    "fullUrl": "https://madie.cms.gov/Observation/35c66fb7-99dc-462e-b6bf-d865a5cc16a1",
    "resource": {
      "resourceType": "Observation",
      "id": "35c66fb7-99dc-462e-b6bf-d865a5cc16a1",
      "meta": {
        "profile": [ "http://hl7.org/fhir/us/qicore/StructureDefinition/qicore-observation-clinical-result" ]
      },
      "status": "final",
      "category": [ {
        "coding": [ {
          "system": "http://terminology.hl7.org/CodeSystem/observation-category",
          "code": "imaging",
          "display": "Imaging"
        } ]
      }, {
        "coding": [ {
          "system": "http://terminology.hl7.org/CodeSystem/observation-category",
          "code": "survey"
        } ]
      } ],
      "code": {
        "coding": [ {
          "system": "http://loinc.org",
          "version": "2.76",
          "code": "38265-5",
          "display": "DXA Radius and Ulna [T-score] Bone density"
        } ]
      },
      "subject": {
        "reference": "http://GoodHealthcare.com/fhir/Patient/46464646"
      },
      "effectivePeriod": {
        "start": "2025-11-25T10:00:00.000+00:00"
      },
      "dataAbsentReason": {
        "coding": [ {
          "system": "http://terminology.hl7.org/CodeSystem/data-absent-reason",
          "code": "unknown",
          "display": "Unknown"
        } ]
      }
    },
    "request": {
      "method": "PUT",
      "url": "Observation/35c66fb7-99dc-462e-b6bf-d865a5cc16a1"
    }
  }, {
    "fullUrl": "https://madie.cms.gov/MedicationRequest/ed739877-56ac-4096-a5de-4d140c1a80ac",
    "resource": {
      "resourceType": "MedicationRequest",
      "id": "ed739877-56ac-4096-a5de-4d140c1a80ac",
      "meta": {
        "profile": [ "http://hl7.org/fhir/us/qicore/StructureDefinition/qicore-medicationrequest" ]
      },
      "status": "active",
      "intent": "order",
      "medicationCodeableConcept": {
        "coding": [ {
          "system": "http://www.nlm.nih.gov/research/umls/rxnorm",
          "version": "06052023",
          "code": "752886",
          "display": "Leuprolide Acetate 120 MG/ML [Eligard 45]",
          "userSelected": true
        } ]
      },
      "subject": {
        "reference": "Patient/4d648e0d-3d8c-4089-af65-ddcf3642b735"
      },
      "authoredOn": "2025-11-25T08:00:00.000+00:00",
      "requester": {
        "reference": "http://myGoodHealthcare.com/fhir/Practitioner/646346"
      },
      "dosageInstruction": [ {
        "timing": {
          "repeat": {
            "boundsPeriod": {
              "start": "2025-11-25T08:00:00.000+00:00"
            }
          }
        }
      } ]
    },
    "request": {
      "method": "PUT",
      "url": "MedicationRequest/ed739877-56ac-4096-a5de-4d140c1a80ac"
    }
  }, {
    "fullUrl": "https://madie.cms.gov/ServiceRequest/9a9ed6c3-7137-4b76-a822-4d273621d9f4",
    "resource": {
      "resourceType": "ServiceRequest",
      "id": "9a9ed6c3-7137-4b76-a822-4d273621d9f4",
      "meta": {
        "profile": [ "http://hl7.org/fhir/us/qicore/StructureDefinition/qicore-servicerequest" ]
      },
      "status": "active",
      "intent": "order",
      "code": {
        "coding": [ {
          "system": "http://snomed.info/sct",
          "version": "http://snomed.info/sct/731000124108/version/20250301",
          "code": "456381000124102",
          "display": "Injection of leuprolide acetate for twelve month period (regime/therapy)",
          "userSelected": true
        } ]
      },
      "subject": {
        "reference": "Patient/4d648e0d-3d8c-4089-af65-ddcf3642b735"
      },
      "authoredOn": "2027-11-25T08:00:00.000+00:00"
    },
    "request": {
      "method": "PUT",
      "url": "ServiceRequest/9a9ed6c3-7137-4b76-a822-4d273621d9f4"
    }
  }, {
    "fullUrl": "https://madie.cms.gov/MeasureReport/86fd6bf6-b8b8-4946-8d2a-360e4cb59fa7",
    "resource": {
      "resourceType": "MeasureReport",
      "id": "86fd6bf6-b8b8-4946-8d2a-360e4cb59fa7",
      "meta": {
        "profile": [ "http://hl7.org/fhir/us/cqfmeasures/StructureDefinition/test-case-cqfm" ]
      },
      "contained": [ {
        "resourceType": "Parameters",
        "id": "d88f61ef-6389-4f70-8148-0c9e897d0c4d-parameters",
        "parameter": [ {
          "name": "subject",
          "valueString": "4d648e0d-3d8c-4089-af65-ddcf3642b735"
        } ]
      } ],
      "extension": [ {
        "url": "http://hl7.org/fhir/StructureDefinition/cqf-inputParameters",
        "valueReference": {
          "reference": "#d88f61ef-6389-4f70-8148-0c9e897d0c4d-parameters"
        }
      }, {
        "url": "http://hl7.org/fhir/us/cqfmeasures/StructureDefinition/cqfm-testCaseDescription",
        "valueMarkdown": "Dx of Prostate Cancer, ADT is not null, but qualifying encounter(s) was not done  in MP. Fails IPP Criteria"
      } ],
      "modifierExtension": [ {
        "url": "http://hl7.org/fhir/us/cqfmeasures/StructureDefinition/cqfm-isTestCase",
        "valueBoolean": true
      } ],
      "status": "complete",
      "type": "individual",
      "measure": "https://madie.cms.gov/Measure/CMS645FHIRBoneDensityPCADTherapy",
      "period": {
        "start": "2026-01-01",
        "end": "2026-12-31"
      },
      "group": [ {
        "id": "Group_1",
        "population": [ {
          "id": "InitialPopulation_1",
          "code": {
            "coding": [ {
              "system": "http://terminology.hl7.org/CodeSystem/measure-population",
              "code": "initial-population",
              "display": "Initial Population"
            } ]
          },
          "count": 0
        }, {
          "id": "Denominator_1",
          "code": {
            "coding": [ {
              "system": "http://terminology.hl7.org/CodeSystem/measure-population",
              "code": "denominator",
              "display": "Denominator"
            } ]
          },
          "count": 0
        }, {
          "id": "Numerator_1",
          "code": {
            "coding": [ {
              "system": "http://terminology.hl7.org/CodeSystem/measure-population",
              "code": "numerator",
              "display": "Numerator"
            } ]
          },
          "count": 0
        }, {
          "id": "DenominatorException_1",
          "code": {
            "coding": [ {
              "system": "http://terminology.hl7.org/CodeSystem/measure-population",
              "code": "denominator-exception",
              "display": "Denominator Exception"
            } ]
          },
          "count": 0
        } ],
        "measureScore": {
          "value": 1.0
        }
      } ],
      "evaluatedResource": [ {
        "reference": "Patient/4d648e0d-3d8c-4089-af65-ddcf3642b735"
      }, {
        "reference": "Encounter/ee1894fc-9e1e-4be0-a3ec-e373192ce3be"
      }, {
        "reference": "Condition/d2b2588f-7dfe-4849-a125-1259575453e9"
      }, {
        "reference": "Observation/35c66fb7-99dc-462e-b6bf-d865a5cc16a1"
      }, {
        "reference": "MedicationRequest/ed739877-56ac-4096-a5de-4d140c1a80ac"
      }, {
        "reference": "ServiceRequest/9a9ed6c3-7137-4b76-a822-4d273621d9f4"
      } ]
    },
    "request": {
      "method": "PUT",
      "url": "MeasureReport/86fd6bf6-b8b8-4946-8d2a-360e4cb59fa7"
    }
  } ]
}