{
  "resourceType": "Bundle",
  "id": "612e6a7d02c62a011f2ea2ee",
  "type": "transaction",
  "entry": [ {
    "fullUrl": "https://madie.cms.gov/Patient/0a6681c1-2054-49bf-b015-b4abf73367fb",
    "resource": {
      "resourceType": "Patient",
      "id": "0a6681c1-2054-49bf-b015-b4abf73367fb",
      "meta": {
        "profile": [ "http://hl7.org/fhir/us/qicore/StructureDefinition/qicore-patient" ]
      },
      "text": {
        "status": "generated",
        "div": "<div xmlns=\"http://www.w3.org/1999/xhtml\"><div class=\"hapiHeaderText\">MA_Warfarin_DayOfAdmit <b>NUMERPASS </b></div><table class=\"hapiPropertyTable\"><tbody><tr><td>Identifier</td><td>f6b3ce4fb2b87a4aa5f00ca8118e0e9a</td></tr><tr><td>Date of birth</td><td><span>02 January 1974</span></td></tr></tbody></table></div>"
      },
      "extension": [ {
        "url": "http://hl7.org/fhir/us/core/StructureDefinition/us-core-race",
        "extension": [ {
          "url": "ombCategory",
          "valueCoding": {
            "system": "urn:oid:2.16.840.1.113883.6.238",
            "code": "1002-5",
            "display": "American Indian or Alaska Native",
            "userSelected": true
          }
        }, {
          "url": "text",
          "valueString": "American Indian or Alaska Native"
        } ]
      }, {
        "url": "http://hl7.org/fhir/us/core/StructureDefinition/us-core-ethnicity",
        "extension": [ {
          "url": "ombCategory",
          "valueCoding": {
            "system": "urn:oid:2.16.840.1.113883.6.238",
            "code": "2135-2",
            "display": "Hispanic or Latino",
            "userSelected": true
          }
        }, {
          "url": "text",
          "valueString": "Hispanic or Latino"
        } ]
      } ],
      "identifier": [ {
        "type": {
          "coding": [ {
            "system": "http://terminology.hl7.org/CodeSystem/v2-0203",
            "code": "MR"
          } ]
        },
        "system": "https://bonnie-fhir.healthit.gov/",
        "value": "612e6a7d02c62a011f2ea2ee"
      } ],
      "active": true,
      "name": [ {
        "use": "usual",
        "family": "NUMERPass",
        "given": [ "MA_Warfarin_DayOfAdmit" ]
      } ],
      "gender": "male",
      "birthDate": "1974-01-02"
    },
    "request": {
      "method": "PUT",
      "url": "Patient/0a6681c1-2054-49bf-b015-b4abf73367fb"
    }
  }, {
    "fullUrl": "https://madie.cms.gov/Encounter/b78e7c72-2200-4a56-9a3c-148abdf73657",
    "resource": {
      "resourceType": "Encounter",
      "id": "b78e7c72-2200-4a56-9a3c-148abdf73657",
      "meta": {
        "profile": [ "http://hl7.org/fhir/us/qicore/StructureDefinition/qicore-encounter" ]
      },
      "status": "finished",
      "class": {
        "system": "http://terminology.hl7.org/CodeSystem/v3-ActCode",
        "code": "IMP",
        "display": "inpatient encounter"
      },
      "type": [ {
        "coding": [ {
          "system": "http://snomed.info/sct",
          "code": "8715000"
        } ]
      } ],
      "subject": {
        "reference": "Patient/0a6681c1-2054-49bf-b015-b4abf73367fb"
      },
      "period": {
        "start": "2025-11-01T08:00:00+00:00",
        "end": "2025-11-26T08:15:00+00:00"
      },
      "length": {
        "value": 25.0,
        "unit": "days"
      }
    },
    "request": {
      "method": "PUT",
      "url": "Encounter/b78e7c72-2200-4a56-9a3c-148abdf73657"
    }
  }, {
    "fullUrl": "https://madie.cms.gov/Coverage/212a96b5-62f8-4be4-90a1-512680549ab9",
    "resource": {
      "resourceType": "Coverage",
      "id": "212a96b5-62f8-4be4-90a1-512680549ab9",
      "status": "active",
      "beneficiary": {
        "reference": "Patient/0a6681c1-2054-49bf-b015-b4abf73367fb"
      },
      "period": {
        "start": "1974-01-02T08:00:00+00:00"
      },
      "payor": [ {
        "reference": "Organization/06ce99da-6259-425c-abb4-d76847104154"
      } ]
    },
    "request": {
      "method": "PUT",
      "url": "Coverage/212a96b5-62f8-4be4-90a1-512680549ab9"
    }
  }, {
    "fullUrl": "https://madie.cms.gov/MedicationAdministration/715d3b21-4f6c-4207-b797-10d5ac393950",
    "resource": {
      "resourceType": "MedicationAdministration",
      "id": "715d3b21-4f6c-4207-b797-10d5ac393950",
      "meta": {
        "profile": [ "http://hl7.org/fhir/us/qicore/StructureDefinition/qicore-medicationadministration" ]
      },
      "status": "completed",
      "medicationCodeableConcept": {
        "coding": [ {
          "system": "http://www.nlm.nih.gov/research/umls/rxnorm",
          "code": "855288"
        } ]
      },
      "subject": {
        "reference": "Patient/0a6681c1-2054-49bf-b015-b4abf73367fb"
      },
      "effectivePeriod": {
        "start": "2025-11-01T09:00:00+00:00",
        "end": "2025-11-01T09:15:00+00:00"
      }
    },
    "request": {
      "method": "PUT",
      "url": "MedicationAdministration/715d3b21-4f6c-4207-b797-10d5ac393950"
    }
  }, {
    "fullUrl": "https://madie.cms.gov/Organization/06ce99da-6259-425c-abb4-d76847104154",
    "resource": {
      "resourceType": "Organization",
      "id": "06ce99da-6259-425c-abb4-d76847104154",
      "meta": {
        "profile": [ "http://hl7.org/fhir/us/qicore/StructureDefinition/qicore-organization" ]
      },
      "identifier": [ {
        "use": "temp",
        "system": "urn:oid:2.16.840.1.113883.4.4",
        "value": "21-3259825"
      } ],
      "active": true,
      "type": [ {
        "coding": [ {
          "system": "http://terminology.hl7.org/CodeSystem/organization-type",
          "code": "pay",
          "display": "Payer"
        } ]
      } ],
      "name": "Blue Cross Blue Shield of Texas",
      "telecom": [ {
        "system": "phone",
        "value": "(+1) 972-766-6900"
      } ],
      "address": [ {
        "use": "billing",
        "type": "postal",
        "line": [ "P.O. Box 660044" ],
        "city": "Dallas",
        "state": "TX",
        "postalCode": "75266-0044",
        "country": "USA"
      } ]
    },
    "request": {
      "method": "PUT",
      "url": "Organization/06ce99da-6259-425c-abb4-d76847104154"
    }
  }, {
    "fullUrl": "https://madie.cms.gov/Practitioner/b470418f-c5b6-4205-b21b-ae1db8d3721d",
    "resource": {
      "resourceType": "Practitioner",
      "id": "b470418f-c5b6-4205-b21b-ae1db8d3721d",
      "identifier": [ {
        "system": "http://hl7.org/fhir/sid/us-npi",
        "value": "123456"
      } ],
      "name": [ {
        "family": "Evil",
        "prefix": [ "Dr" ]
      } ]
    },
    "request": {
      "method": "PUT",
      "url": "Practitioner/b470418f-c5b6-4205-b21b-ae1db8d3721d"
    }
  }, {
    "fullUrl": "https://madie.cms.gov/MeasureReport/5de55b71-be02-46d1-a5f6-7872ab934017",
    "resource": {
      "resourceType": "MeasureReport",
      "id": "5de55b71-be02-46d1-a5f6-7872ab934017",
      "meta": {
        "profile": [ "http://hl7.org/fhir/us/cqfmeasures/StructureDefinition/test-case-cqfm" ]
      },
      "contained": [ {
        "resourceType": "Parameters",
        "id": "1480560e-f16d-4bcd-ab8b-2f0440973fcb-parameters",
        "parameter": [ {
          "name": "subject",
          "valueString": "0a6681c1-2054-49bf-b015-b4abf73367fb"
        } ]
      } ],
      "extension": [ {
        "url": "http://hl7.org/fhir/us/cqfmeasures/StructureDefinition/cqfm-inputParameters",
        "valueReference": {
          "reference": "#1480560e-f16d-4bcd-ab8b-2f0440973fcb-parameters"
        }
      }, {
        "url": "http://hl7.org/fhir/us/cqfmeasures/StructureDefinition/cqfm-testCaseDescription",
        "valueMarkdown": "warfarin administered during IP encounter\n"
      } ],
      "modifierExtension": [ {
        "url": "http://hl7.org/fhir/us/cqfmeasures/StructureDefinition/cqfm-isTestCase",
        "valueBoolean": true
      } ],
      "status": "complete",
      "type": "individual",
      "measure": "https://madie.cms.gov/Measure/VenousThromboembolismProphylaxisFHIR",
      "period": {
        "start": "2025-01-01",
        "end": "2025-12-31"
      },
      "group": [ {
        "population": [ {
          "code": {
            "coding": [ {
              "system": "http://terminology.hl7.org/CodeSystem/measure-population",
              "code": "initial-population",
              "display": "Initial Population"
            } ]
          },
          "count": 1
        }, {
          "code": {
            "coding": [ {
              "system": "http://terminology.hl7.org/CodeSystem/measure-population",
              "code": "denominator",
              "display": "Denominator"
            } ]
          },
          "count": 1
        }, {
          "code": {
            "coding": [ {
              "system": "http://terminology.hl7.org/CodeSystem/measure-population",
              "code": "denominator-exclusion",
              "display": "Denominator Exclusion"
            } ]
          },
          "count": 0
        }, {
          "code": {
            "coding": [ {
              "system": "http://terminology.hl7.org/CodeSystem/measure-population",
              "code": "numerator",
              "display": "Numerator"
            } ]
          },
          "count": 1
        } ]
      } ],
      "evaluatedResource": [ {
        "reference": "Patient/0a6681c1-2054-49bf-b015-b4abf73367fb"
      }, {
        "reference": "Encounter/b78e7c72-2200-4a56-9a3c-148abdf73657"
      }, {
        "reference": "Coverage/212a96b5-62f8-4be4-90a1-512680549ab9"
      }, {
        "reference": "MedicationAdministration/715d3b21-4f6c-4207-b797-10d5ac393950"
      }, {
        "reference": "Organization/06ce99da-6259-425c-abb4-d76847104154"
      }, {
        "reference": "Practitioner/b470418f-c5b6-4205-b21b-ae1db8d3721d"
      } ]
    },
    "request": {
      "method": "PUT",
      "url": "MeasureReport/5de55b71-be02-46d1-a5f6-7872ab934017"
    }
  } ]
}