{
  "resourceType": "Bundle",
  "id": "612e6b0202c62a011f2ec156",
  "type": "transaction",
  "entry": [ {
    "fullUrl": "https://madie.cms.gov/Patient/1b4e9dde-3c6e-4115-9038-0b94d09c1909",
    "resource": {
      "resourceType": "Patient",
      "id": "1b4e9dde-3c6e-4115-9038-0b94d09c1909",
      "meta": {
        "profile": [ "http://hl7.org/fhir/us/qicore/StructureDefinition/qicore-patient" ]
      },
      "text": {
        "status": "generated",
        "div": "<div xmlns=\"http://www.w3.org/1999/xhtml\"><div class=\"hapiHeaderText\">SCIP_HipFxRank2 <b>DENEXPASS </b></div><table class=\"hapiPropertyTable\"><tbody><tr><td>Identifier</td><td>66c70c125db369967b4b164e75338304</td></tr><tr><td>Date of birth</td><td><span>01 September 2000</span></td></tr></tbody></table></div>"
      },
      "extension": [ {
        "url": "http://hl7.org/fhir/us/core/StructureDefinition/us-core-race",
        "extension": [ {
          "url": "ombCategory",
          "valueCoding": {
            "system": "urn:oid:2.16.840.1.113883.6.238",
            "code": "1002-5",
            "display": "American Indian or Alaska Native",
            "userSelected": true
          }
        }, {
          "url": "text",
          "valueString": "American Indian or Alaska Native"
        } ]
      }, {
        "url": "http://hl7.org/fhir/us/core/StructureDefinition/us-core-ethnicity",
        "extension": [ {
          "url": "ombCategory",
          "valueCoding": {
            "system": "urn:oid:2.16.840.1.113883.6.238",
            "code": "2135-2",
            "display": "Hispanic or Latino",
            "userSelected": true
          }
        }, {
          "url": "text",
          "valueString": "Hispanic or Latino"
        } ]
      } ],
      "identifier": [ {
        "type": {
          "coding": [ {
            "system": "http://terminology.hl7.org/CodeSystem/v2-0203",
            "code": "MR"
          } ]
        },
        "system": "https://bonnie-fhir.healthit.gov/",
        "value": "612e6b0202c62a011f2ec156"
      } ],
      "active": true,
      "name": [ {
        "use": "usual",
        "family": "DENEXPass ",
        "given": [ "SCIP_HipFxRank2" ]
      } ],
      "gender": "male",
      "birthDate": "2000-09-01"
    },
    "request": {
      "method": "PUT",
      "url": "Patient/1b4e9dde-3c6e-4115-9038-0b94d09c1909"
    }
  }, {
    "fullUrl": "https://madie.cms.gov/Encounter/457e8367-c76c-481c-a31c-14da23c4e66d",
    "resource": {
      "resourceType": "Encounter",
      "id": "457e8367-c76c-481c-a31c-14da23c4e66d",
      "meta": {
        "profile": [ "http://hl7.org/fhir/us/qicore/StructureDefinition/qicore-encounter" ]
      },
      "extension": [ {
        "url": "http://hl7.org/fhir/us/qicore/StructureDefinition/qicore-encounter-procedure",
        "extension": [ {
          "url": "type",
          "valueCodeableConcept": {
            "coding": [ {
              "system": "http://www.cms.gov/Medicare/Coding/ICD10",
              "code": "0SQ90ZZ"
            } ]
          }
        }, {
          "url": "rank",
          "valuePositiveInt": 2
        }, {
          "url": "procedure",
          "valueReference": {
            "reference": "Procedure/a6ebd602-373c-414b-8d98-3ae8c3556b95"
          }
        } ]
      } ],
      "status": "finished",
      "class": {
        "system": "http://terminology.hl7.org/CodeSystem/v3-ActCode",
        "code": "IMP",
        "display": "inpatient encounter"
      },
      "type": [ {
        "coding": [ {
          "system": "http://snomed.info/sct",
          "code": "183452005"
        } ]
      } ],
      "subject": {
        "reference": "Patient/1b4e9dde-3c6e-4115-9038-0b94d09c1909"
      },
      "period": {
        "start": "2025-09-02T06:00:00+00:00",
        "end": "2025-12-31T12:59:00+00:00"
      },
      "length": {
        "value": 120.0,
        "unit": "days"
      }
    },
    "request": {
      "method": "PUT",
      "url": "Encounter/457e8367-c76c-481c-a31c-14da23c4e66d"
    }
  }, {
    "fullUrl": "https://madie.cms.gov/Coverage/cdd1a639-42f1-46a6-b360-0c87ef7f5633",
    "resource": {
      "resourceType": "Coverage",
      "id": "cdd1a639-42f1-46a6-b360-0c87ef7f5633",
      "status": "active",
      "beneficiary": {
        "reference": "Patient/1b4e9dde-3c6e-4115-9038-0b94d09c1909"
      },
      "period": {
        "start": "2000-09-01T08:00:00+00:00"
      },
      "payor": [ {
        "reference": "Organization/3942838a-1df7-4806-9e7e-939b8e18aa90"
      } ]
    },
    "request": {
      "method": "PUT",
      "url": "Coverage/cdd1a639-42f1-46a6-b360-0c87ef7f5633"
    }
  }, {
    "fullUrl": "https://madie.cms.gov/Procedure/a6ebd602-373c-414b-8d98-3ae8c3556b95",
    "resource": {
      "resourceType": "Procedure",
      "id": "a6ebd602-373c-414b-8d98-3ae8c3556b95",
      "meta": {
        "profile": [ "http://hl7.org/fhir/us/qicore/StructureDefinition/qicore-procedure" ]
      },
      "extension": [ {
        "url": "http://hl7.org/fhir/us/qicore/StructureDefinition/qicore-recorded",
        "valueDateTime": "2012-09-02T09:35:00-04:00"
      } ],
      "status": "completed",
      "code": {
        "coding": [ {
          "system": "http://www.cms.gov/Medicare/Coding/ICD10",
          "code": "0SQ90ZZ"
        } ]
      },
      "subject": {
        "reference": "Patient/1b4e9dde-3c6e-4115-9038-0b94d09c1909"
      },
      "performedPeriod": {
        "start": "2025-09-02T09:00:00+00:00",
        "end": "2025-09-02T12:59:00+00:00"
      }
    },
    "request": {
      "method": "PUT",
      "url": "Procedure/a6ebd602-373c-414b-8d98-3ae8c3556b95"
    }
  }, {
    "fullUrl": "https://madie.cms.gov/Organization/3942838a-1df7-4806-9e7e-939b8e18aa90",
    "resource": {
      "resourceType": "Organization",
      "id": "3942838a-1df7-4806-9e7e-939b8e18aa90",
      "meta": {
        "profile": [ "http://hl7.org/fhir/us/qicore/StructureDefinition/qicore-organization" ]
      },
      "identifier": [ {
        "use": "temp",
        "system": "urn:oid:2.16.840.1.113883.4.4",
        "value": "21-3259825"
      } ],
      "active": true,
      "type": [ {
        "coding": [ {
          "system": "http://terminology.hl7.org/CodeSystem/organization-type",
          "code": "pay",
          "display": "Payer"
        } ]
      } ],
      "name": "Blue Cross Blue Shield of Texas",
      "telecom": [ {
        "system": "phone",
        "value": "(+1) 972-766-6900"
      } ],
      "address": [ {
        "use": "billing",
        "type": "postal",
        "line": [ "P.O. Box 660044" ],
        "city": "Dallas",
        "state": "TX",
        "postalCode": "75266-0044",
        "country": "USA"
      } ]
    },
    "request": {
      "method": "PUT",
      "url": "Organization/3942838a-1df7-4806-9e7e-939b8e18aa90"
    }
  }, {
    "fullUrl": "https://madie.cms.gov/Practitioner/b1118a30-8a7e-4717-9083-cb188bb0934e",
    "resource": {
      "resourceType": "Practitioner",
      "id": "b1118a30-8a7e-4717-9083-cb188bb0934e",
      "identifier": [ {
        "system": "http://hl7.org/fhir/sid/us-npi",
        "value": "123456"
      } ],
      "name": [ {
        "family": "Evil",
        "prefix": [ "Dr" ]
      } ]
    },
    "request": {
      "method": "PUT",
      "url": "Practitioner/b1118a30-8a7e-4717-9083-cb188bb0934e"
    }
  }, {
    "fullUrl": "https://madie.cms.gov/MeasureReport/b96e929d-c7b5-40b6-9a68-009a949c932a",
    "resource": {
      "resourceType": "MeasureReport",
      "id": "b96e929d-c7b5-40b6-9a68-009a949c932a",
      "meta": {
        "profile": [ "http://hl7.org/fhir/us/cqfmeasures/StructureDefinition/test-case-cqfm" ]
      },
      "contained": [ {
        "resourceType": "Parameters",
        "id": "30e2dafe-a47d-4640-ac62-7cd813013086-parameters",
        "parameter": [ {
          "name": "subject",
          "valueString": "1b4e9dde-3c6e-4115-9038-0b94d09c1909"
        } ]
      } ],
      "extension": [ {
        "url": "http://hl7.org/fhir/us/cqfmeasures/StructureDefinition/cqfm-inputParameters",
        "valueReference": {
          "reference": "#30e2dafe-a47d-4640-ac62-7cd813013086-parameters"
        }
      }, {
        "url": "http://hl7.org/fhir/us/cqfmeasures/StructureDefinition/cqfm-testCaseDescription",
        "valueMarkdown": "Failed Exclusions for SCIP hipFx due to Rank=2"
      } ],
      "modifierExtension": [ {
        "url": "http://hl7.org/fhir/us/cqfmeasures/StructureDefinition/cqfm-isTestCase",
        "valueBoolean": true
      } ],
      "status": "complete",
      "type": "individual",
      "measure": "https://madie.cms.gov/Measure/VenousThromboembolismProphylaxisFHIR",
      "period": {
        "start": "2025-01-01",
        "end": "2025-12-31"
      },
      "group": [ {
        "population": [ {
          "code": {
            "coding": [ {
              "system": "http://terminology.hl7.org/CodeSystem/measure-population",
              "code": "initial-population",
              "display": "Initial Population"
            } ]
          },
          "count": 1
        }, {
          "code": {
            "coding": [ {
              "system": "http://terminology.hl7.org/CodeSystem/measure-population",
              "code": "denominator",
              "display": "Denominator"
            } ]
          },
          "count": 1
        }, {
          "code": {
            "coding": [ {
              "system": "http://terminology.hl7.org/CodeSystem/measure-population",
              "code": "denominator-exclusion",
              "display": "Denominator Exclusion"
            } ]
          },
          "count": 0
        }, {
          "code": {
            "coding": [ {
              "system": "http://terminology.hl7.org/CodeSystem/measure-population",
              "code": "numerator",
              "display": "Numerator"
            } ]
          },
          "count": 0
        } ]
      } ],
      "evaluatedResource": [ {
        "reference": "Patient/1b4e9dde-3c6e-4115-9038-0b94d09c1909"
      }, {
        "reference": "Encounter/457e8367-c76c-481c-a31c-14da23c4e66d"
      }, {
        "reference": "Coverage/cdd1a639-42f1-46a6-b360-0c87ef7f5633"
      }, {
        "reference": "Procedure/a6ebd602-373c-414b-8d98-3ae8c3556b95"
      }, {
        "reference": "Organization/3942838a-1df7-4806-9e7e-939b8e18aa90"
      }, {
        "reference": "Practitioner/b1118a30-8a7e-4717-9083-cb188bb0934e"
      } ]
    },
    "request": {
      "method": "PUT",
      "url": "MeasureReport/b96e929d-c7b5-40b6-9a68-009a949c932a"
    }
  } ]
}