{
  "resourceType": "Bundle",
  "id": "612e6ade02c62a011f2eb846",
  "type": "transaction",
  "entry": [ {
    "fullUrl": "https://madie.cms.gov/Patient/702e388e-b7a3-4622-831f-da90caaf603e",
    "resource": {
      "resourceType": "Patient",
      "id": "702e388e-b7a3-4622-831f-da90caaf603e",
      "meta": {
        "profile": [ "http://hl7.org/fhir/us/qicore/StructureDefinition/qicore-patient" ]
      },
      "text": {
        "status": "generated",
        "div": "<div xmlns=\"http://www.w3.org/1999/xhtml\"><div class=\"hapiHeaderText\">2Encounters_1PassIPP_DEN_DENEX <b>DENEXPASS </b></div><table class=\"hapiPropertyTable\"><tbody><tr><td>Identifier</td><td>b98ddb653cdba6f593cc49f0f466a1b86353252d04583905e9da730a49dbb7cc</td></tr><tr><td>Date of birth</td><td><span>02 September 1978</span></td></tr></tbody></table></div>"
      },
      "extension": [ {
        "url": "http://hl7.org/fhir/us/core/StructureDefinition/us-core-race",
        "extension": [ {
          "url": "ombCategory",
          "valueCoding": {
            "system": "urn:oid:2.16.840.1.113883.6.238",
            "code": "1002-5",
            "display": "American Indian or Alaska Native",
            "userSelected": true
          }
        }, {
          "url": "text",
          "valueString": "American Indian or Alaska Native"
        } ]
      }, {
        "url": "http://hl7.org/fhir/us/core/StructureDefinition/us-core-ethnicity",
        "extension": [ {
          "url": "ombCategory",
          "valueCoding": {
            "system": "urn:oid:2.16.840.1.113883.6.238",
            "code": "2135-2",
            "display": "Hispanic or Latino",
            "userSelected": true
          }
        }, {
          "url": "text",
          "valueString": "Hispanic or Latino"
        } ]
      } ],
      "identifier": [ {
        "type": {
          "coding": [ {
            "system": "http://terminology.hl7.org/CodeSystem/v2-0203",
            "code": "MR"
          } ]
        },
        "system": "https://bonnie-fhir.healthit.gov/",
        "value": "612e6ade02c62a011f2eb846"
      } ],
      "active": true,
      "name": [ {
        "use": "usual",
        "family": "DENEXPass",
        "given": [ "2Encounters_1PassIPP_DEN_DENEX" ]
      } ],
      "gender": "male",
      "birthDate": "1978-09-02"
    },
    "request": {
      "method": "PUT",
      "url": "Patient/702e388e-b7a3-4622-831f-da90caaf603e"
    }
  }, {
    "fullUrl": "https://madie.cms.gov/Encounter/53068128-68bf-4f8b-b384-b7623be332ff",
    "resource": {
      "resourceType": "Encounter",
      "id": "53068128-68bf-4f8b-b384-b7623be332ff",
      "meta": {
        "profile": [ "http://hl7.org/fhir/us/qicore/StructureDefinition/qicore-encounter" ]
      },
      "status": "finished",
      "class": {
        "system": "http://terminology.hl7.org/CodeSystem/v3-ActCode",
        "code": "IMP",
        "display": "inpatient encounter"
      },
      "type": [ {
        "coding": [ {
          "system": "http://snomed.info/sct",
          "code": "183452005"
        } ]
      } ],
      "subject": {
        "reference": "Patient/702e388e-b7a3-4622-831f-da90caaf603e"
      },
      "period": {
        "start": "2025-07-04T08:00:00+00:00",
        "end": "2025-07-04T08:15:00+00:00"
      },
      "length": {
        "value": 0.0,
        "unit": "days"
      }
    },
    "request": {
      "method": "PUT",
      "url": "Encounter/53068128-68bf-4f8b-b384-b7623be332ff"
    }
  }, {
    "fullUrl": "https://madie.cms.gov/Encounter/bf310d5f-1467-4e35-9e8e-79c732f39b9b",
    "resource": {
      "resourceType": "Encounter",
      "id": "bf310d5f-1467-4e35-9e8e-79c732f39b9b",
      "meta": {
        "profile": [ "http://hl7.org/fhir/us/qicore/StructureDefinition/qicore-encounter" ]
      },
      "status": "finished",
      "class": {
        "system": "http://terminology.hl7.org/CodeSystem/v3-ActCode",
        "code": "EMER",
        "display": "emergency"
      },
      "type": [ {
        "coding": [ {
          "system": "http://snomed.info/sct",
          "code": "4525004"
        } ]
      } ],
      "subject": {
        "reference": "Patient/702e388e-b7a3-4622-831f-da90caaf603e"
      },
      "period": {
        "start": "2025-07-05T09:00:00+00:00",
        "end": "2025-07-05T10:00:00+00:00"
      },
      "length": {
        "value": 0.0,
        "unit": "days"
      }
    },
    "request": {
      "method": "PUT",
      "url": "Encounter/bf310d5f-1467-4e35-9e8e-79c732f39b9b"
    }
  }, {
    "fullUrl": "https://madie.cms.gov/Encounter/692c13fd-423c-4d60-91b0-3878b89d5b33",
    "resource": {
      "resourceType": "Encounter",
      "id": "692c13fd-423c-4d60-91b0-3878b89d5b33",
      "meta": {
        "profile": [ "http://hl7.org/fhir/us/qicore/StructureDefinition/qicore-encounter" ]
      },
      "status": "finished",
      "class": {
        "system": "http://terminology.hl7.org/CodeSystem/v3-ActCode",
        "code": "IMP",
        "display": "inpatient encounter"
      },
      "type": [ {
        "coding": [ {
          "system": "http://snomed.info/sct",
          "code": "183452005"
        } ]
      } ],
      "subject": {
        "reference": "Patient/702e388e-b7a3-4622-831f-da90caaf603e"
      },
      "period": {
        "start": "2025-07-05T10:00:00+00:00",
        "end": "2025-07-07T10:00:00+00:00"
      },
      "length": {
        "value": 2.0,
        "unit": "days"
      },
      "diagnosis": [ {
        "condition": {
          "reference": "Condition/8dc02ed6-cc07-4a2e-a008-a1fc7bcc3603"
        },
        "use": {
          "coding": [ {
            "system": "http://snomed.info/sct",
            "code": "13943000",
            "display": "Obstetrics VTE"
          } ]
        }
      } ]
    },
    "request": {
      "method": "PUT",
      "url": "Encounter/692c13fd-423c-4d60-91b0-3878b89d5b33"
    }
  }, {
    "fullUrl": "https://madie.cms.gov/Coverage/1e9760a7-aab3-44de-bfcc-ab0cebe3e641",
    "resource": {
      "resourceType": "Coverage",
      "id": "1e9760a7-aab3-44de-bfcc-ab0cebe3e641",
      "status": "active",
      "beneficiary": {
        "reference": "Patient/702e388e-b7a3-4622-831f-da90caaf603e"
      },
      "period": {
        "start": "1978-09-02T08:00:00+00:00"
      },
      "payor": [ {
        "reference": "Organization/e77fd919-7385-4a35-8e27-e88255982702"
      } ]
    },
    "request": {
      "method": "PUT",
      "url": "Coverage/1e9760a7-aab3-44de-bfcc-ab0cebe3e641"
    }
  }, {
    "fullUrl": "https://madie.cms.gov/Condition/8dc02ed6-cc07-4a2e-a008-a1fc7bcc3603",
    "resource": {
      "resourceType": "Condition",
      "id": "8dc02ed6-cc07-4a2e-a008-a1fc7bcc3603",
      "meta": {
        "profile": [ "http://hl7.org/fhir/us/qicore/StructureDefinition/qicore-condition" ]
      },
      "category": [ {
        "coding": [ {
          "system": "http://terminology.hl7.org/CodeSystem/condition-category",
          "code": "encounter-diagnosis",
          "display": "Encounter Diagnosis"
        } ]
      } ],
      "code": {
        "coding": [ {
          "system": "http://snomed.info/sct",
          "version": "2025-03",
          "code": "13943000",
          "display": "Failed attempted abortion complicated by embolism (disorder)",
          "userSelected": true
        } ]
      },
      "subject": {
        "reference": "Patient/702e388e-b7a3-4622-831f-da90caaf603e"
      },
      "recordedDate": "2025-07-12T08:00:00.000+00:00"
    },
    "request": {
      "method": "PUT",
      "url": "Condition/8dc02ed6-cc07-4a2e-a008-a1fc7bcc3603"
    }
  }, {
    "fullUrl": "https://madie.cms.gov/Organization/e77fd919-7385-4a35-8e27-e88255982702",
    "resource": {
      "resourceType": "Organization",
      "id": "e77fd919-7385-4a35-8e27-e88255982702",
      "meta": {
        "profile": [ "http://hl7.org/fhir/us/qicore/StructureDefinition/qicore-organization" ]
      },
      "identifier": [ {
        "use": "temp",
        "system": "urn:oid:2.16.840.1.113883.4.4",
        "value": "21-3259825"
      } ],
      "active": true,
      "type": [ {
        "coding": [ {
          "system": "http://terminology.hl7.org/CodeSystem/organization-type",
          "code": "pay",
          "display": "Payer"
        } ]
      } ],
      "name": "Blue Cross Blue Shield of Texas",
      "telecom": [ {
        "system": "phone",
        "value": "(+1) 972-766-6900"
      } ],
      "address": [ {
        "use": "billing",
        "type": "postal",
        "line": [ "P.O. Box 660044" ],
        "city": "Dallas",
        "state": "TX",
        "postalCode": "75266-0044",
        "country": "USA"
      } ]
    },
    "request": {
      "method": "PUT",
      "url": "Organization/e77fd919-7385-4a35-8e27-e88255982702"
    }
  }, {
    "fullUrl": "https://madie.cms.gov/Practitioner/8b68cc73-8b0f-48fc-aeb6-dd66716895f8",
    "resource": {
      "resourceType": "Practitioner",
      "id": "8b68cc73-8b0f-48fc-aeb6-dd66716895f8",
      "identifier": [ {
        "system": "http://hl7.org/fhir/sid/us-npi",
        "value": "123456"
      } ],
      "name": [ {
        "family": "Evil",
        "prefix": [ "Dr" ]
      } ]
    },
    "request": {
      "method": "PUT",
      "url": "Practitioner/8b68cc73-8b0f-48fc-aeb6-dd66716895f8"
    }
  }, {
    "fullUrl": "https://madie.cms.gov/MeasureReport/47d934a2-aa90-4d2b-a7c8-f41e7b95eaa6",
    "resource": {
      "resourceType": "MeasureReport",
      "id": "47d934a2-aa90-4d2b-a7c8-f41e7b95eaa6",
      "meta": {
        "profile": [ "http://hl7.org/fhir/us/cqfmeasures/StructureDefinition/test-case-cqfm" ]
      },
      "contained": [ {
        "resourceType": "Parameters",
        "id": "a897341f-8a44-4f5d-8315-4ddeeb144ca5-parameters",
        "parameter": [ {
          "name": "subject",
          "valueString": "702e388e-b7a3-4622-831f-da90caaf603e"
        } ]
      } ],
      "extension": [ {
        "url": "http://hl7.org/fhir/us/cqfmeasures/StructureDefinition/cqfm-inputParameters",
        "valueReference": {
          "reference": "#a897341f-8a44-4f5d-8315-4ddeeb144ca5-parameters"
        }
      }, {
        "url": "http://hl7.org/fhir/us/cqfmeasures/StructureDefinition/cqfm-testCaseDescription",
        "valueMarkdown": "Testing Multiple Encounters - one (7/5 - 7/7) fails the IPP Due to OB VTE starts in ED and another pass IPP, DEN and DENEX due to LOS = 0 day\n"
      } ],
      "modifierExtension": [ {
        "url": "http://hl7.org/fhir/us/cqfmeasures/StructureDefinition/cqfm-isTestCase",
        "valueBoolean": true
      } ],
      "status": "complete",
      "type": "individual",
      "measure": "https://madie.cms.gov/Measure/VenousThromboembolismProphylaxisFHIR",
      "period": {
        "start": "2025-01-01",
        "end": "2025-12-31"
      },
      "group": [ {
        "population": [ {
          "code": {
            "coding": [ {
              "system": "http://terminology.hl7.org/CodeSystem/measure-population",
              "code": "initial-population",
              "display": "Initial Population"
            } ]
          },
          "count": 1
        }, {
          "code": {
            "coding": [ {
              "system": "http://terminology.hl7.org/CodeSystem/measure-population",
              "code": "denominator",
              "display": "Denominator"
            } ]
          },
          "count": 1
        }, {
          "code": {
            "coding": [ {
              "system": "http://terminology.hl7.org/CodeSystem/measure-population",
              "code": "denominator-exclusion",
              "display": "Denominator Exclusion"
            } ]
          },
          "count": 1
        }, {
          "code": {
            "coding": [ {
              "system": "http://terminology.hl7.org/CodeSystem/measure-population",
              "code": "numerator",
              "display": "Numerator"
            } ]
          },
          "count": 0
        } ]
      } ],
      "evaluatedResource": [ {
        "reference": "Patient/702e388e-b7a3-4622-831f-da90caaf603e"
      }, {
        "reference": "Encounter/53068128-68bf-4f8b-b384-b7623be332ff"
      }, {
        "reference": "Encounter/bf310d5f-1467-4e35-9e8e-79c732f39b9b"
      }, {
        "reference": "Encounter/692c13fd-423c-4d60-91b0-3878b89d5b33"
      }, {
        "reference": "Coverage/1e9760a7-aab3-44de-bfcc-ab0cebe3e641"
      }, {
        "reference": "Condition/8dc02ed6-cc07-4a2e-a008-a1fc7bcc3603"
      }, {
        "reference": "Organization/e77fd919-7385-4a35-8e27-e88255982702"
      }, {
        "reference": "Practitioner/8b68cc73-8b0f-48fc-aeb6-dd66716895f8"
      } ]
    },
    "request": {
      "method": "PUT",
      "url": "MeasureReport/47d934a2-aa90-4d2b-a7c8-f41e7b95eaa6"
    }
  } ]
}