{
  "resourceType": "Bundle",
  "id": "60abda28bf0a01003e3f76bd",
  "type": "transaction",
  "entry": [ {
    "fullUrl": "https://madie.cms.gov/Patient/449eb3e6-3c46-439c-95cd-125aadd27e82",
    "resource": {
      "resourceType": "Patient",
      "id": "449eb3e6-3c46-439c-95cd-125aadd27e82",
      "meta": {
        "profile": [ "http://hl7.org/fhir/us/qicore/StructureDefinition/qicore-patient" ]
      },
      "extension": [ {
        "url": "http://hl7.org/fhir/us/core/StructureDefinition/us-core-race",
        "extension": [ {
          "url": "ombCategory",
          "valueCoding": {
            "system": "urn:oid:2.16.840.1.113883.6.238",
            "code": "2054-5",
            "display": "Black or African American",
            "userSelected": true
          }
        }, {
          "url": "text",
          "valueString": "Black or African American"
        } ]
      }, {
        "url": "http://hl7.org/fhir/us/core/StructureDefinition/us-core-ethnicity",
        "extension": [ {
          "url": "ombCategory",
          "valueCoding": {
            "system": "urn:oid:2.16.840.1.113883.6.238",
            "code": "2186-5",
            "display": "Not Hispanic or Latino",
            "userSelected": true
          }
        }, {
          "url": "text",
          "valueString": "Not Hispanic or Latino"
        } ]
      } ],
      "identifier": [ {
        "type": {
          "coding": [ {
            "system": "http://terminology.hl7.org/CodeSystem/v2-0203",
            "code": "MR"
          } ]
        },
        "system": "https://bonnie-fhir.healthit.gov/",
        "value": "60abda28bf0a01003e3f76bd"
      } ],
      "name": [ {
        "family": "NUMERPass",
        "given": [ "DEXA1YearBeforeADT" ]
      } ],
      "gender": "male",
      "birthDate": "1929-06-15"
    },
    "request": {
      "method": "PUT",
      "url": "Patient/449eb3e6-3c46-439c-95cd-125aadd27e82"
    }
  }, {
    "fullUrl": "https://madie.cms.gov/Encounter/b6749d7b-5853-4bb7-bfc6-105c387b8d73",
    "resource": {
      "resourceType": "Encounter",
      "id": "b6749d7b-5853-4bb7-bfc6-105c387b8d73",
      "meta": {
        "profile": [ "http://hl7.org/fhir/us/qicore/StructureDefinition/qicore-encounter" ]
      },
      "status": "finished",
      "class": {
        "system": "http://terminology.hl7.org/CodeSystem/v3-ActCode",
        "code": "AMB",
        "display": "ambulatory"
      },
      "type": [ {
        "coding": [ {
          "system": "http://snomed.info/sct",
          "version": "2021-09",
          "code": "185463005",
          "display": "Visit out of hours (procedure)",
          "userSelected": true
        } ]
      } ],
      "subject": {
        "reference": "Patient/449eb3e6-3c46-439c-95cd-125aadd27e82"
      },
      "period": {
        "start": "2025-08-04T08:00:00.000+00:00",
        "end": "2025-08-04T08:15:00.000+00:00"
      }
    },
    "request": {
      "method": "PUT",
      "url": "Encounter/b6749d7b-5853-4bb7-bfc6-105c387b8d73"
    }
  }, {
    "fullUrl": "https://madie.cms.gov/Condition/cf41da19-85d3-4f15-a271-3f86ce2ff3d9",
    "resource": {
      "resourceType": "Condition",
      "id": "cf41da19-85d3-4f15-a271-3f86ce2ff3d9",
      "meta": {
        "profile": [ "http://hl7.org/fhir/us/qicore/StructureDefinition/qicore-condition-problems-health-concerns" ]
      },
      "clinicalStatus": {
        "coding": [ {
          "system": "http://terminology.hl7.org/CodeSystem/condition-clinical",
          "code": "active",
          "display": "Active",
          "userSelected": true
        } ]
      },
      "verificationStatus": {
        "coding": [ {
          "system": "http://terminology.hl7.org/CodeSystem/condition-ver-status",
          "code": "confirmed"
        } ]
      },
      "category": [ {
        "coding": [ {
          "system": "http://terminology.hl7.org/CodeSystem/condition-category",
          "code": "problem-list-item",
          "display": "Problem List Item"
        } ]
      } ],
      "code": {
        "coding": [ {
          "system": "http://snomed.info/sct",
          "version": "2021-09",
          "code": "254900004",
          "display": "Carcinoma of prostate (disorder)",
          "userSelected": true
        } ]
      },
      "subject": {
        "reference": "Patient/449eb3e6-3c46-439c-95cd-125aadd27e82"
      },
      "onsetPeriod": {
        "start": "2025-08-04T08:00:00.000+00:00"
      }
    },
    "request": {
      "method": "PUT",
      "url": "Condition/cf41da19-85d3-4f15-a271-3f86ce2ff3d9"
    }
  }, {
    "fullUrl": "https://madie.cms.gov/Observation/b764e62b-4ebb-40fd-9425-f9bab55f7dde",
    "resource": {
      "resourceType": "Observation",
      "id": "b764e62b-4ebb-40fd-9425-f9bab55f7dde",
      "meta": {
        "profile": [ "http://hl7.org/fhir/us/qicore/StructureDefinition/qicore-observation-lab" ]
      },
      "status": "final",
      "category": [ {
        "coding": [ {
          "system": "http://terminology.hl7.org/CodeSystem/observation-category",
          "code": "imaging",
          "display": "Imaging"
        } ]
      } ],
      "code": {
        "coding": [ {
          "system": "http://loinc.org",
          "version": "2.69",
          "code": "38265-5",
          "display": "DXA Radius and Ulna [T-score] Bone density",
          "userSelected": true
        } ]
      },
      "subject": {
        "reference": "Patient/449eb3e6-3c46-439c-95cd-125aadd27e82"
      },
      "effectivePeriod": {
        "start": "2024-09-01T10:00:00.000+00:00",
        "end": "2024-09-01T11:00:00.000+00:00"
      }
    },
    "request": {
      "method": "PUT",
      "url": "Observation/b764e62b-4ebb-40fd-9425-f9bab55f7dde"
    }
  }, {
    "fullUrl": "https://madie.cms.gov/Practitioner/8faddd68-e003-4b11-a4b0-7efcbb05bdc4",
    "resource": {
      "resourceType": "Practitioner",
      "id": "8faddd68-e003-4b11-a4b0-7efcbb05bdc4",
      "meta": {
        "profile": [ "http://hl7.org/fhir/us/qicore/StructureDefinition/qicore-practitioner" ]
      },
      "identifier": [ {
        "use": "temp",
        "system": "urn:oid:2.16.840.1.113883.4.336",
        "value": "Practitioner-23"
      } ],
      "active": true,
      "name": [ {
        "family": "Careful",
        "given": [ "Adam" ],
        "prefix": [ "Dr" ]
      } ],
      "address": [ {
        "use": "home",
        "line": [ "534 Erewhon St" ],
        "city": "PleasantVille",
        "state": "UT",
        "postalCode": "84414"
      } ],
      "qualification": [ {
        "identifier": [ {
          "system": "http://example.org/UniversityIdentifier",
          "value": "12345"
        } ],
        "code": {
          "coding": [ {
            "system": "http://terminology.hl7.org/CodeSystem/v2-0360|2.7",
            "code": "BS",
            "display": "Bachelor of Science"
          } ],
          "text": "Bachelor of Science"
        },
        "period": {
          "start": "1995"
        },
        "issuer": {
          "display": "Example University"
        }
      } ]
    },
    "request": {
      "method": "PUT",
      "url": "Practitioner/8faddd68-e003-4b11-a4b0-7efcbb05bdc4"
    }
  }, {
    "fullUrl": "https://madie.cms.gov/MedicationRequest/18e47ea0-5182-4baa-8dba-b5de6e2b24eb",
    "resource": {
      "resourceType": "MedicationRequest",
      "id": "18e47ea0-5182-4baa-8dba-b5de6e2b24eb",
      "meta": {
        "profile": [ "http://hl7.org/fhir/us/qicore/StructureDefinition/qicore-medicationrequest" ]
      },
      "status": "active",
      "intent": "order",
      "medicationCodeableConcept": {
        "coding": [ {
          "system": "http://www.nlm.nih.gov/research/umls/rxnorm",
          "code": "1115257",
          "display": "1.5 ML leuprolide acetate 30 MG/ML Prefilled Syringe",
          "userSelected": true
        } ]
      },
      "subject": {
        "reference": "Patient/449eb3e6-3c46-439c-95cd-125aadd27e82"
      },
      "authoredOn": "2025-08-28T08:00:00.000+00:00",
      "requester": {
        "reference": "http://myGoodHealthcare.com/fhir/Practitioner/8faddd68-e003-4b11-a4b0-7efcbb05bdc4"
      },
      "dosageInstruction": [ {
        "timing": {
          "repeat": {
            "boundsPeriod": {
              "start": "2025-08-31T08:00:00.000+00:00"
            }
          }
        }
      } ]
    },
    "request": {
      "method": "PUT",
      "url": "MedicationRequest/18e47ea0-5182-4baa-8dba-b5de6e2b24eb"
    }
  }, {
    "fullUrl": "https://madie.cms.gov/ServiceRequest/8bcde111-c0d7-47be-938e-a29c242ae471",
    "resource": {
      "resourceType": "ServiceRequest",
      "id": "8bcde111-c0d7-47be-938e-a29c242ae471",
      "meta": {
        "profile": [ "http://hl7.org/fhir/us/qicore/StructureDefinition/qicore-servicerequest" ]
      },
      "status": "active",
      "intent": "order",
      "code": {
        "coding": [ {
          "system": "http://snomed.info/sct",
          "code": "456381000124102",
          "display": "Injection of leuprolide acetate for twelve month period (regime/therapy)",
          "userSelected": true
        } ]
      },
      "subject": {
        "reference": "Patient/449eb3e6-3c46-439c-95cd-125aadd27e82"
      },
      "authoredOn": "2025-08-31T08:00:00.000+00:00"
    },
    "request": {
      "method": "PUT",
      "url": "ServiceRequest/8bcde111-c0d7-47be-938e-a29c242ae471"
    }
  }, {
    "fullUrl": "https://madie.cms.gov/MeasureReport/5de43cb5-7da1-490c-8194-8c495ad0798e",
    "resource": {
      "resourceType": "MeasureReport",
      "id": "5de43cb5-7da1-490c-8194-8c495ad0798e",
      "meta": {
        "profile": [ "http://hl7.org/fhir/us/cqfmeasures/StructureDefinition/test-case-cqfm" ]
      },
      "contained": [ {
        "resourceType": "Parameters",
        "id": "6bcfa0eb-7817-41bd-a93b-c162664c0e34-parameters",
        "parameter": [ {
          "name": "subject",
          "valueString": "449eb3e6-3c46-439c-95cd-125aadd27e82"
        } ]
      } ],
      "extension": [ {
        "url": "http://hl7.org/fhir/us/cqfmeasures/StructureDefinition/cqfm-inputParameters",
        "valueReference": {
          "reference": "#6bcfa0eb-7817-41bd-a93b-c162664c0e34-parameters"
        }
      }, {
        "url": "http://hl7.org/fhir/us/cqfmeasures/StructureDefinition/cqfm-testCaseDescription",
        "valueMarkdown": "Dx of Prostate Cancer with qualifying encounter(s) in MP.  DEXA 1 year prior to Prostate cancer diagnosis and ADT.  Passes NUMER criteria"
      } ],
      "modifierExtension": [ {
        "url": "http://hl7.org/fhir/us/cqfmeasures/StructureDefinition/cqfm-isTestCase",
        "valueBoolean": true
      } ],
      "status": "complete",
      "type": "individual",
      "measure": "https://madie.cms.gov/Measure/BoneDensityProstateCancerAndrogenDeprivationTherapyFHIR6",
      "period": {
        "start": "2025-01-01",
        "end": "2025-12-31"
      },
      "group": [ {
        "id": "67b61060a0d801640767a597",
        "population": [ {
          "id": "E8F25116-1779-4BA6-B606-34F12AE4F5BA",
          "code": {
            "coding": [ {
              "system": "http://terminology.hl7.org/CodeSystem/measure-population",
              "code": "initial-population",
              "display": "Initial Population"
            } ]
          },
          "count": 1
        }, {
          "id": "1C145A56-9250-4444-A497-86C44F55CFDB",
          "code": {
            "coding": [ {
              "system": "http://terminology.hl7.org/CodeSystem/measure-population",
              "code": "denominator",
              "display": "Denominator"
            } ]
          },
          "count": 1
        }, {
          "id": "B1E0E3D2-D44E-4BFF-92F8-077CF1AE234F",
          "code": {
            "coding": [ {
              "system": "http://terminology.hl7.org/CodeSystem/measure-population",
              "code": "numerator",
              "display": "Numerator"
            } ]
          },
          "count": 1
        }, {
          "id": "A9552F46-139C-4270-835C-224132205362",
          "code": {
            "coding": [ {
              "system": "http://terminology.hl7.org/CodeSystem/measure-population",
              "code": "denominator-exception",
              "display": "Denominator Exception"
            } ]
          },
          "count": 0
        } ],
        "measureScore": {
          "value": 1.0
        }
      } ],
      "evaluatedResource": [ {
        "reference": "Patient/449eb3e6-3c46-439c-95cd-125aadd27e82"
      }, {
        "reference": "Encounter/b6749d7b-5853-4bb7-bfc6-105c387b8d73"
      }, {
        "reference": "Condition/cf41da19-85d3-4f15-a271-3f86ce2ff3d9"
      }, {
        "reference": "Observation/b764e62b-4ebb-40fd-9425-f9bab55f7dde"
      }, {
        "reference": "Practitioner/8faddd68-e003-4b11-a4b0-7efcbb05bdc4"
      }, {
        "reference": "MedicationRequest/18e47ea0-5182-4baa-8dba-b5de6e2b24eb"
      }, {
        "reference": "ServiceRequest/8bcde111-c0d7-47be-938e-a29c242ae471"
      } ]
    },
    "request": {
      "method": "PUT",
      "url": "MeasureReport/5de43cb5-7da1-490c-8194-8c495ad0798e"
    }
  } ]
}