{
  "resourceType": "Bundle",
  "id": "60abda28bf0a01003e3f76bd",
  "type": "transaction",
  "entry": [ {
    "fullUrl": "https://madie.cms.gov/Patient/449eb3e6-3c46-439c-95cd-125aadd27e82",
    "resource": {
      "resourceType": "Patient",
      "id": "449eb3e6-3c46-439c-95cd-125aadd27e82",
      "meta": {
        "profile": [ "http://hl7.org/fhir/us/qicore/StructureDefinition/qicore-patient" ]
      },
      "extension": [ {
        "url": "http://hl7.org/fhir/us/core/StructureDefinition/us-core-race",
        "extension": [ {
          "url": "ombCategory",
          "valueCoding": {
            "system": "urn:oid:2.16.840.1.113883.6.238",
            "code": "2054-5",
            "display": "Black or African American",
            "userSelected": true
          }
        }, {
          "url": "text",
          "valueString": "Black or African American"
        } ]
      }, {
        "url": "http://hl7.org/fhir/us/core/StructureDefinition/us-core-ethnicity",
        "extension": [ {
          "url": "ombCategory",
          "valueCoding": {
            "system": "urn:oid:2.16.840.1.113883.6.238",
            "code": "2186-5",
            "display": "Not Hispanic or Latino",
            "userSelected": true
          }
        }, {
          "url": "text",
          "valueString": "Not Hispanic or Latino"
        } ]
      } ],
      "identifier": [ {
        "type": {
          "coding": [ {
            "system": "http://terminology.hl7.org/CodeSystem/v2-0203",
            "code": "MR"
          } ]
        },
        "system": "https://bonnie-fhir.healthit.gov/",
        "value": "60abda28bf0a01003e3f76bd"
      } ],
      "name": [ {
        "family": "NUMERPass",
        "given": [ "DEXA1YearBeforeADT" ]
      } ],
      "gender": "male",
      "birthDate": "1930-06-15"
    },
    "request": {
      "method": "PUT",
      "url": "Patient/449eb3e6-3c46-439c-95cd-125aadd27e82"
    }
  }, {
    "fullUrl": "https://madie.cms.gov/Encounter/ad0487c3-5f36-4ffd-b969-45c1344b226a",
    "resource": {
      "resourceType": "Encounter",
      "id": "ad0487c3-5f36-4ffd-b969-45c1344b226a",
      "meta": {
        "profile": [ "http://hl7.org/fhir/us/qicore/StructureDefinition/qicore-encounter" ]
      },
      "status": "finished",
      "class": {
        "system": "http://terminology.hl7.org/CodeSystem/v3-ActCode",
        "code": "AMB",
        "display": "ambulatory"
      },
      "type": [ {
        "coding": [ {
          "system": "http://snomed.info/sct",
          "version": "2021-09",
          "code": "185463005",
          "display": "Visit out of hours (procedure)",
          "userSelected": true
        } ]
      } ],
      "subject": {
        "reference": "Patient/449eb3e6-3c46-439c-95cd-125aadd27e82"
      },
      "period": {
        "start": "2026-08-04T08:00:00.000+00:00",
        "end": "2026-08-04T08:15:00.000+00:00"
      }
    },
    "request": {
      "method": "PUT",
      "url": "Encounter/ad0487c3-5f36-4ffd-b969-45c1344b226a"
    }
  }, {
    "fullUrl": "https://madie.cms.gov/Condition/01c568c1-6c36-4c94-8da0-6fc6955a0912",
    "resource": {
      "resourceType": "Condition",
      "id": "01c568c1-6c36-4c94-8da0-6fc6955a0912",
      "meta": {
        "profile": [ "http://hl7.org/fhir/us/qicore/StructureDefinition/qicore-condition-problems-health-concerns" ]
      },
      "clinicalStatus": {
        "coding": [ {
          "system": "http://terminology.hl7.org/CodeSystem/condition-clinical",
          "code": "active",
          "display": "Active",
          "userSelected": true
        } ]
      },
      "verificationStatus": {
        "coding": [ {
          "system": "http://terminology.hl7.org/CodeSystem/condition-ver-status",
          "code": "confirmed"
        } ]
      },
      "category": [ {
        "coding": [ {
          "system": "http://terminology.hl7.org/CodeSystem/condition-category",
          "code": "problem-list-item",
          "display": "Problem List Item"
        } ]
      } ],
      "code": {
        "coding": [ {
          "system": "http://snomed.info/sct",
          "version": "2021-09",
          "code": "254900004",
          "display": "Carcinoma of prostate (disorder)",
          "userSelected": true
        } ]
      },
      "subject": {
        "reference": "Patient/449eb3e6-3c46-439c-95cd-125aadd27e82"
      },
      "onsetPeriod": {
        "start": "2026-08-04T08:00:00.000+00:00"
      }
    },
    "request": {
      "method": "PUT",
      "url": "Condition/01c568c1-6c36-4c94-8da0-6fc6955a0912"
    }
  }, {
    "fullUrl": "https://madie.cms.gov/Observation/1d0b8444-67e0-4cd9-ab54-c85c3db8553a",
    "resource": {
      "resourceType": "Observation",
      "id": "1d0b8444-67e0-4cd9-ab54-c85c3db8553a",
      "meta": {
        "profile": [ "http://hl7.org/fhir/us/qicore/StructureDefinition/qicore-observation-lab" ]
      },
      "status": "final",
      "category": [ {
        "coding": [ {
          "system": "http://terminology.hl7.org/CodeSystem/observation-category",
          "code": "imaging",
          "display": "Imaging"
        } ]
      } ],
      "code": {
        "coding": [ {
          "system": "http://loinc.org",
          "version": "2.69",
          "code": "38265-5",
          "display": "DXA Radius and Ulna [T-score] Bone density",
          "userSelected": true
        } ]
      },
      "subject": {
        "reference": "Patient/449eb3e6-3c46-439c-95cd-125aadd27e82"
      },
      "effectivePeriod": {
        "start": "2025-09-01T10:00:00.000+00:00",
        "end": "2025-09-01T11:00:00.000+00:00"
      }
    },
    "request": {
      "method": "PUT",
      "url": "Observation/1d0b8444-67e0-4cd9-ab54-c85c3db8553a"
    }
  }, {
    "fullUrl": "https://madie.cms.gov/Practitioner/48d7db3d-4793-470c-93b4-78367b2ec057",
    "resource": {
      "resourceType": "Practitioner",
      "id": "48d7db3d-4793-470c-93b4-78367b2ec057",
      "meta": {
        "profile": [ "http://hl7.org/fhir/us/qicore/StructureDefinition/qicore-practitioner" ]
      },
      "identifier": [ {
        "use": "temp",
        "system": "urn:oid:2.16.840.1.113883.4.336",
        "value": "Practitioner-23"
      } ],
      "active": true,
      "name": [ {
        "family": "Careful",
        "given": [ "Adam" ],
        "prefix": [ "Dr" ]
      } ],
      "address": [ {
        "use": "home",
        "line": [ "534 Erewhon St" ],
        "city": "PleasantVille",
        "state": "UT",
        "postalCode": "84414"
      } ],
      "qualification": [ {
        "identifier": [ {
          "system": "http://example.org/UniversityIdentifier",
          "value": "12345"
        } ],
        "code": {
          "coding": [ {
            "system": "http://terminology.hl7.org/CodeSystem/v2-0360|2.7",
            "code": "BS",
            "display": "Bachelor of Science"
          } ],
          "text": "Bachelor of Science"
        },
        "period": {
          "start": "1996"
        },
        "issuer": {
          "display": "Example University"
        }
      } ]
    },
    "request": {
      "method": "PUT",
      "url": "Practitioner/48d7db3d-4793-470c-93b4-78367b2ec057"
    }
  }, {
    "fullUrl": "https://madie.cms.gov/MedicationRequest/09e5be22-1407-4396-aed1-82b8e978366e",
    "resource": {
      "resourceType": "MedicationRequest",
      "id": "09e5be22-1407-4396-aed1-82b8e978366e",
      "meta": {
        "profile": [ "http://hl7.org/fhir/us/qicore/StructureDefinition/qicore-medicationrequest" ]
      },
      "status": "active",
      "intent": "order",
      "medicationCodeableConcept": {
        "coding": [ {
          "system": "http://www.nlm.nih.gov/research/umls/rxnorm",
          "code": "1115257",
          "display": "1.5 ML leuprolide acetate 30 MG/ML Prefilled Syringe",
          "userSelected": true
        } ]
      },
      "subject": {
        "reference": "Patient/449eb3e6-3c46-439c-95cd-125aadd27e82"
      },
      "authoredOn": "2026-08-28T08:00:00.000+00:00",
      "requester": {
        "reference": "http://myGoodHealthcare.com/fhir/Practitioner/48d7db3d-4793-470c-93b4-78367b2ec057"
      },
      "dosageInstruction": [ {
        "timing": {
          "repeat": {
            "boundsPeriod": {
              "start": "2026-08-31T08:00:00.000+00:00"
            }
          }
        }
      } ]
    },
    "request": {
      "method": "PUT",
      "url": "MedicationRequest/09e5be22-1407-4396-aed1-82b8e978366e"
    }
  }, {
    "fullUrl": "https://madie.cms.gov/ServiceRequest/544c6154-b0df-44d0-a939-2f387439a437",
    "resource": {
      "resourceType": "ServiceRequest",
      "id": "544c6154-b0df-44d0-a939-2f387439a437",
      "meta": {
        "profile": [ "http://hl7.org/fhir/us/qicore/StructureDefinition/qicore-servicerequest" ]
      },
      "status": "active",
      "intent": "order",
      "code": {
        "coding": [ {
          "system": "http://snomed.info/sct",
          "code": "456381000124102",
          "display": "Injection of leuprolide acetate for twelve month period (regime/therapy)",
          "userSelected": true
        } ]
      },
      "subject": {
        "reference": "Patient/449eb3e6-3c46-439c-95cd-125aadd27e82"
      },
      "authoredOn": "2026-08-31T08:00:00.000+00:00"
    },
    "request": {
      "method": "PUT",
      "url": "ServiceRequest/544c6154-b0df-44d0-a939-2f387439a437"
    }
  }, {
    "fullUrl": "https://madie.cms.gov/MeasureReport/c94a7d73-ad48-441e-b815-b74dd5e60d2f",
    "resource": {
      "resourceType": "MeasureReport",
      "id": "c94a7d73-ad48-441e-b815-b74dd5e60d2f",
      "meta": {
        "profile": [ "http://hl7.org/fhir/us/cqfmeasures/StructureDefinition/test-case-cqfm" ]
      },
      "contained": [ {
        "resourceType": "Parameters",
        "id": "c4a14504-5808-4c13-83a5-26b8ae6eb287-parameters",
        "parameter": [ {
          "name": "subject",
          "valueString": "449eb3e6-3c46-439c-95cd-125aadd27e82"
        } ]
      } ],
      "extension": [ {
        "url": "http://hl7.org/fhir/StructureDefinition/cqf-inputParameters",
        "valueReference": {
          "reference": "#c4a14504-5808-4c13-83a5-26b8ae6eb287-parameters"
        }
      }, {
        "url": "http://hl7.org/fhir/us/cqfmeasures/StructureDefinition/cqfm-testCaseDescription",
        "valueMarkdown": "Dx of Prostate Cancer with qualifying encounter(s) in MP.  DEXA 1 year prior to Prostate cancer diagnosis and ADT.  Passes NUMER criteria"
      } ],
      "modifierExtension": [ {
        "url": "http://hl7.org/fhir/us/cqfmeasures/StructureDefinition/cqfm-isTestCase",
        "valueBoolean": true
      } ],
      "status": "complete",
      "type": "individual",
      "measure": "https://madie.cms.gov/Measure/BoneDensityProstateCancerAndrogenDeprivationTherapyFHIR6",
      "period": {
        "start": "2026-01-01",
        "end": "2026-12-31"
      },
      "group": [ {
        "id": "Group_1",
        "population": [ {
          "id": "InitialPopulation_1",
          "code": {
            "coding": [ {
              "system": "http://terminology.hl7.org/CodeSystem/measure-population",
              "code": "initial-population",
              "display": "Initial Population"
            } ]
          },
          "count": 1
        }, {
          "id": "Denominator_1",
          "code": {
            "coding": [ {
              "system": "http://terminology.hl7.org/CodeSystem/measure-population",
              "code": "denominator",
              "display": "Denominator"
            } ]
          },
          "count": 1
        }, {
          "id": "Numerator_1",
          "code": {
            "coding": [ {
              "system": "http://terminology.hl7.org/CodeSystem/measure-population",
              "code": "numerator",
              "display": "Numerator"
            } ]
          },
          "count": 1
        }, {
          "id": "DenominatorException_1",
          "code": {
            "coding": [ {
              "system": "http://terminology.hl7.org/CodeSystem/measure-population",
              "code": "denominator-exception",
              "display": "Denominator Exception"
            } ]
          },
          "count": 0
        } ],
        "measureScore": {
          "value": 1.0
        }
      } ],
      "evaluatedResource": [ {
        "reference": "Patient/449eb3e6-3c46-439c-95cd-125aadd27e82"
      }, {
        "reference": "Encounter/ad0487c3-5f36-4ffd-b969-45c1344b226a"
      }, {
        "reference": "Condition/01c568c1-6c36-4c94-8da0-6fc6955a0912"
      }, {
        "reference": "Observation/1d0b8444-67e0-4cd9-ab54-c85c3db8553a"
      }, {
        "reference": "Practitioner/48d7db3d-4793-470c-93b4-78367b2ec057"
      }, {
        "reference": "MedicationRequest/09e5be22-1407-4396-aed1-82b8e978366e"
      }, {
        "reference": "ServiceRequest/544c6154-b0df-44d0-a939-2f387439a437"
      } ]
    },
    "request": {
      "method": "PUT",
      "url": "MeasureReport/c94a7d73-ad48-441e-b815-b74dd5e60d2f"
    }
  } ]
}