{
  "resourceType": "Bundle",
  "id": "612e6b0e02c62a011f2ec40a",
  "type": "transaction",
  "entry": [ {
    "fullUrl": "https://madie.cms.gov/Patient/f34a04ff-b0e8-432c-9b35-c96bec0bc819",
    "resource": {
      "resourceType": "Patient",
      "id": "f34a04ff-b0e8-432c-9b35-c96bec0bc819",
      "meta": {
        "profile": [ "http://hl7.org/fhir/us/qicore/StructureDefinition/qicore-patient" ]
      },
      "text": {
        "status": "generated",
        "div": "<div xmlns=\"http://www.w3.org/1999/xhtml\"><div class=\"hapiHeaderText\">MA_RixDuringED <b>NUMERPASS </b></div><table class=\"hapiPropertyTable\"><tbody><tr><td>Identifier</td><td>9ac41bff10ef3353d0742df1f73dc984</td></tr><tr><td>Date of birth</td><td><span>02 January 1974</span></td></tr></tbody></table></div>"
      },
      "extension": [ {
        "url": "http://hl7.org/fhir/us/core/StructureDefinition/us-core-race",
        "extension": [ {
          "url": "ombCategory",
          "valueCoding": {
            "system": "urn:oid:2.16.840.1.113883.6.238",
            "code": "1002-5",
            "display": "American Indian or Alaska Native",
            "userSelected": true
          }
        }, {
          "url": "text",
          "valueString": "American Indian or Alaska Native"
        } ]
      }, {
        "url": "http://hl7.org/fhir/us/core/StructureDefinition/us-core-ethnicity",
        "extension": [ {
          "url": "ombCategory",
          "valueCoding": {
            "system": "urn:oid:2.16.840.1.113883.6.238",
            "code": "2135-2",
            "display": "Hispanic or Latino",
            "userSelected": true
          }
        }, {
          "url": "text",
          "valueString": "Hispanic or Latino"
        } ]
      } ],
      "identifier": [ {
        "type": {
          "coding": [ {
            "system": "http://terminology.hl7.org/CodeSystem/v2-0203",
            "code": "MR"
          } ]
        },
        "system": "https://bonnie-fhir.healthit.gov/",
        "value": "612e6b0e02c62a011f2ec40a"
      } ],
      "active": true,
      "name": [ {
        "use": "usual",
        "family": "NUMERPass",
        "given": [ "MA_RixDuringED" ]
      } ],
      "gender": "male",
      "birthDate": "1974-01-02"
    },
    "request": {
      "method": "PUT",
      "url": "Patient/f34a04ff-b0e8-432c-9b35-c96bec0bc819"
    }
  }, {
    "fullUrl": "https://madie.cms.gov/Encounter/b2727a30-f250-4476-9c71-2f300d3c9273",
    "resource": {
      "resourceType": "Encounter",
      "id": "b2727a30-f250-4476-9c71-2f300d3c9273",
      "meta": {
        "profile": [ "http://hl7.org/fhir/us/qicore/StructureDefinition/qicore-encounter" ]
      },
      "status": "finished",
      "class": {
        "system": "http://terminology.hl7.org/CodeSystem/v3-ActCode",
        "code": "IMP",
        "display": "inpatient encounter"
      },
      "type": [ {
        "coding": [ {
          "system": "http://snomed.info/sct",
          "code": "8715000"
        } ]
      } ],
      "subject": {
        "reference": "Patient/f34a04ff-b0e8-432c-9b35-c96bec0bc819"
      },
      "period": {
        "start": "2025-11-01T08:00:00+00:00",
        "end": "2025-11-26T08:15:00+00:00"
      },
      "length": {
        "value": 25.0,
        "unit": "days"
      }
    },
    "request": {
      "method": "PUT",
      "url": "Encounter/b2727a30-f250-4476-9c71-2f300d3c9273"
    }
  }, {
    "fullUrl": "https://madie.cms.gov/Encounter/6062f571-696d-49eb-8f72-9355b30d16fe",
    "resource": {
      "resourceType": "Encounter",
      "id": "6062f571-696d-49eb-8f72-9355b30d16fe",
      "meta": {
        "profile": [ "http://hl7.org/fhir/us/qicore/StructureDefinition/qicore-encounter" ]
      },
      "status": "finished",
      "class": {
        "system": "http://terminology.hl7.org/CodeSystem/v3-ActCode",
        "code": "EMER",
        "display": "emergency"
      },
      "type": [ {
        "coding": [ {
          "system": "http://snomed.info/sct",
          "code": "4525004"
        } ]
      } ],
      "subject": {
        "reference": "Patient/f34a04ff-b0e8-432c-9b35-c96bec0bc819"
      },
      "period": {
        "start": "2025-10-31T20:00:00+00:00",
        "end": "2025-11-01T07:00:00+00:00"
      }
    },
    "request": {
      "method": "PUT",
      "url": "Encounter/6062f571-696d-49eb-8f72-9355b30d16fe"
    }
  }, {
    "fullUrl": "https://madie.cms.gov/Coverage/b9ca636d-2725-45fd-837c-cf9b94f63658",
    "resource": {
      "resourceType": "Coverage",
      "id": "b9ca636d-2725-45fd-837c-cf9b94f63658",
      "status": "active",
      "beneficiary": {
        "reference": "Patient/f34a04ff-b0e8-432c-9b35-c96bec0bc819"
      },
      "period": {
        "start": "1974-01-02T08:00:00+00:00"
      },
      "payor": [ {
        "reference": "Organization/de61f04d-2bfe-44ff-b874-12cb45f071a1"
      } ]
    },
    "request": {
      "method": "PUT",
      "url": "Coverage/b9ca636d-2725-45fd-837c-cf9b94f63658"
    }
  }, {
    "fullUrl": "https://madie.cms.gov/MedicationAdministration/c4e84b9e-7981-439c-9f50-a47f71990837",
    "resource": {
      "resourceType": "MedicationAdministration",
      "id": "c4e84b9e-7981-439c-9f50-a47f71990837",
      "meta": {
        "profile": [ "http://hl7.org/fhir/us/qicore/StructureDefinition/qicore-medicationadministration" ]
      },
      "status": "completed",
      "medicationCodeableConcept": {
        "coding": [ {
          "system": "http://www.nlm.nih.gov/research/umls/rxnorm",
          "code": "1114198"
        } ]
      },
      "subject": {
        "reference": "Patient/f34a04ff-b0e8-432c-9b35-c96bec0bc819"
      },
      "effectivePeriod": {
        "start": "2025-10-31T09:00:00+00:00",
        "end": "2025-10-31T09:15:00+00:00"
      }
    },
    "request": {
      "method": "PUT",
      "url": "MedicationAdministration/c4e84b9e-7981-439c-9f50-a47f71990837"
    }
  }, {
    "fullUrl": "https://madie.cms.gov/Organization/de61f04d-2bfe-44ff-b874-12cb45f071a1",
    "resource": {
      "resourceType": "Organization",
      "id": "de61f04d-2bfe-44ff-b874-12cb45f071a1",
      "meta": {
        "profile": [ "http://hl7.org/fhir/us/qicore/StructureDefinition/qicore-organization" ]
      },
      "identifier": [ {
        "use": "temp",
        "system": "urn:oid:2.16.840.1.113883.4.4",
        "value": "21-3259825"
      } ],
      "active": true,
      "type": [ {
        "coding": [ {
          "system": "http://terminology.hl7.org/CodeSystem/organization-type",
          "code": "pay",
          "display": "Payer"
        } ]
      } ],
      "name": "Blue Cross Blue Shield of Texas",
      "telecom": [ {
        "system": "phone",
        "value": "(+1) 972-766-6900"
      } ],
      "address": [ {
        "use": "billing",
        "type": "postal",
        "line": [ "P.O. Box 660044" ],
        "city": "Dallas",
        "state": "TX",
        "postalCode": "75266-0044",
        "country": "USA"
      } ]
    },
    "request": {
      "method": "PUT",
      "url": "Organization/de61f04d-2bfe-44ff-b874-12cb45f071a1"
    }
  }, {
    "fullUrl": "https://madie.cms.gov/MeasureReport/f16714bf-e994-46cf-8c1b-ef674ee0be2a",
    "resource": {
      "resourceType": "MeasureReport",
      "id": "f16714bf-e994-46cf-8c1b-ef674ee0be2a",
      "meta": {
        "profile": [ "http://hl7.org/fhir/us/cqfmeasures/StructureDefinition/test-case-cqfm" ]
      },
      "contained": [ {
        "resourceType": "Parameters",
        "id": "3d80f724-b1ec-4c7a-8061-f9c777d9d983-parameters",
        "parameter": [ {
          "name": "subject",
          "valueString": "f34a04ff-b0e8-432c-9b35-c96bec0bc819"
        } ]
      } ],
      "extension": [ {
        "url": "http://hl7.org/fhir/us/cqfmeasures/StructureDefinition/cqfm-inputParameters",
        "valueReference": {
          "reference": "#3d80f724-b1ec-4c7a-8061-f9c777d9d983-parameters"
        }
      }, {
        "url": "http://hl7.org/fhir/us/cqfmeasures/StructureDefinition/cqfm-testCaseDescription",
        "valueMarkdown": "Rivaroxaban for VTE Prophylaxis Med Administered during ED which ED = 1 hr ends Adm\n"
      } ],
      "modifierExtension": [ {
        "url": "http://hl7.org/fhir/us/cqfmeasures/StructureDefinition/cqfm-isTestCase",
        "valueBoolean": true
      } ],
      "status": "complete",
      "type": "individual",
      "measure": "https://madie.cms.gov/Measure/VenousThromboembolismProphylaxisFHIR",
      "period": {
        "start": "2025-01-01",
        "end": "2025-12-31"
      },
      "group": [ {
        "population": [ {
          "code": {
            "coding": [ {
              "system": "http://terminology.hl7.org/CodeSystem/measure-population",
              "code": "initial-population",
              "display": "Initial Population"
            } ]
          },
          "count": 1
        }, {
          "code": {
            "coding": [ {
              "system": "http://terminology.hl7.org/CodeSystem/measure-population",
              "code": "denominator",
              "display": "Denominator"
            } ]
          },
          "count": 1
        }, {
          "code": {
            "coding": [ {
              "system": "http://terminology.hl7.org/CodeSystem/measure-population",
              "code": "denominator-exclusion",
              "display": "Denominator Exclusion"
            } ]
          },
          "count": 0
        }, {
          "code": {
            "coding": [ {
              "system": "http://terminology.hl7.org/CodeSystem/measure-population",
              "code": "numerator",
              "display": "Numerator"
            } ]
          },
          "count": 1
        } ]
      } ],
      "evaluatedResource": [ {
        "reference": "Patient/f34a04ff-b0e8-432c-9b35-c96bec0bc819"
      }, {
        "reference": "Encounter/b2727a30-f250-4476-9c71-2f300d3c9273"
      }, {
        "reference": "Encounter/6062f571-696d-49eb-8f72-9355b30d16fe"
      }, {
        "reference": "Coverage/b9ca636d-2725-45fd-837c-cf9b94f63658"
      }, {
        "reference": "MedicationAdministration/c4e84b9e-7981-439c-9f50-a47f71990837"
      }, {
        "reference": "Organization/de61f04d-2bfe-44ff-b874-12cb45f071a1"
      } ]
    },
    "request": {
      "method": "PUT",
      "url": "MeasureReport/f16714bf-e994-46cf-8c1b-ef674ee0be2a"
    }
  } ]
}