{
  "resourceType": "Bundle",
  "id": "13161321321351024",
  "type": "transaction",
  "entry": [ {
    "fullUrl": "https://madie.cms.gov/Patient/eeea0041-7128-42e5-bb00-3b842ea97c83",
    "resource": {
      "resourceType": "Patient",
      "id": "eeea0041-7128-42e5-bb00-3b842ea97c83",
      "meta": {
        "profile": [ "http://hl7.org/fhir/us/qicore/StructureDefinition/qicore-patient" ]
      },
      "extension": [ {
        "url": "http://hl7.org/fhir/us/core/StructureDefinition/us-core-race",
        "extension": [ {
          "url": "ombCategory",
          "valueCoding": {
            "system": "urn:oid:2.16.840.1.113883.6.238",
            "code": "2076-8",
            "display": "Native Hawaiian or Other Pacific Islander"
          }
        }, {
          "url": "text",
          "valueString": "Other Race"
        } ]
      }, {
        "url": "http://hl7.org/fhir/us/core/StructureDefinition/us-core-ethnicity",
        "extension": [ {
          "url": "ombCategory",
          "valueCoding": {
            "system": "urn:oid:2.16.840.1.113883.6.238",
            "code": "2135-2",
            "display": "Hispanic or Latino",
            "userSelected": true
          }
        }, {
          "url": "text",
          "valueString": "Hispanic or Latino"
        } ]
      } ],
      "identifier": [ {
        "type": {
          "coding": [ {
            "system": "http://terminology.hl7.org/CodeSystem/v2-0203",
            "code": "MR"
          } ]
        },
        "system": "https://bonnie-fhir.healthit.gov/",
        "value": "60abce8bcd7f9706e4189cfd"
      } ],
      "name": [ {
        "family": "DENOMPass",
        "given": [ "ADTActiveAfterCancerDx" ]
      } ],
      "gender": "male",
      "birthDate": "1950-07-09"
    },
    "request": {
      "method": "PUT",
      "url": "Patient/eeea0041-7128-42e5-bb00-3b842ea97c83"
    }
  }, {
    "fullUrl": "https://madie.cms.gov/Encounter/3913ef2e-a83d-408f-91af-b6b5acf9079d",
    "resource": {
      "resourceType": "Encounter",
      "id": "3913ef2e-a83d-408f-91af-b6b5acf9079d",
      "meta": {
        "profile": [ "http://hl7.org/fhir/us/qicore/StructureDefinition/qicore-encounter" ]
      },
      "status": "finished",
      "class": {
        "system": "http://terminology.hl7.org/CodeSystem/v3-ActCode",
        "code": "AMB",
        "display": "ambulatory"
      },
      "type": [ {
        "coding": [ {
          "system": "http://snomed.info/sct",
          "version": "http://snomed.info/sct/731000124108/version/20240401",
          "code": "185463005",
          "display": "Visit out of hours (procedure)"
        } ]
      } ],
      "subject": {
        "reference": "Patient/eeea0041-7128-42e5-bb00-3b842ea97c83"
      },
      "period": {
        "start": "2026-02-03T08:00:00.000+00:00",
        "end": "2026-02-03T08:45:00.000+00:00"
      }
    },
    "request": {
      "method": "PUT",
      "url": "Encounter/3913ef2e-a83d-408f-91af-b6b5acf9079d"
    }
  }, {
    "fullUrl": "https://madie.cms.gov/Condition/9aafaaac-32f8-4855-8be9-76269e34058f",
    "resource": {
      "resourceType": "Condition",
      "id": "9aafaaac-32f8-4855-8be9-76269e34058f",
      "meta": {
        "profile": [ "http://hl7.org/fhir/us/qicore/StructureDefinition/qicore-condition-problems-health-concerns" ]
      },
      "clinicalStatus": {
        "coding": [ {
          "system": "http://terminology.hl7.org/CodeSystem/condition-clinical",
          "code": "active"
        } ]
      },
      "verificationStatus": {
        "coding": [ {
          "system": "http://terminology.hl7.org/CodeSystem/condition-ver-status",
          "code": "confirmed"
        } ]
      },
      "category": [ {
        "coding": [ {
          "system": "http://terminology.hl7.org/CodeSystem/condition-category",
          "code": "problem-list-item",
          "display": "Problem List Item"
        } ]
      } ],
      "code": {
        "coding": [ {
          "system": "http://snomed.info/sct",
          "version": "http://snomed.info/sct/731000124108/version/20250301",
          "code": "254900004",
          "display": "Carcinoma of prostate (disorder)"
        } ]
      },
      "subject": {
        "reference": "Patient/eeea0041-7128-42e5-bb00-3b842ea97c83"
      },
      "onsetPeriod": {
        "start": "2026-01-03T08:00:00.000+00:00"
      }
    },
    "request": {
      "method": "PUT",
      "url": "Condition/9aafaaac-32f8-4855-8be9-76269e34058f"
    }
  }, {
    "fullUrl": "https://madie.cms.gov/MedicationRequest/914e0129-c0da-409d-94c3-4e3c2e303ebd",
    "resource": {
      "resourceType": "MedicationRequest",
      "id": "914e0129-c0da-409d-94c3-4e3c2e303ebd",
      "meta": {
        "profile": [ "http://hl7.org/fhir/us/qicore/StructureDefinition/qicore-medicationrequest" ]
      },
      "status": "active",
      "intent": "order",
      "doNotPerform": false,
      "medicationCodeableConcept": {
        "coding": [ {
          "system": "http://www.nlm.nih.gov/research/umls/rxnorm",
          "version": "06052023",
          "code": "314008",
          "display": "goserelin 10.8 MG Drug Implant"
        } ]
      },
      "subject": {
        "reference": "Patient/eeea0041-7128-42e5-bb00-3b842ea97c83"
      },
      "requester": {
        "reference": "http://myGoodHealthcare.com/fhir/Practitioner/66d5cbc6-20ba-4773-9bf8-b60822d42037"
      },
      "dosageInstruction": [ {
        "timing": {
          "repeat": {
            "boundsPeriod": {
              "end": "2026-02-01T08:00:00.000+00:00"
            }
          }
        }
      } ]
    },
    "request": {
      "method": "PUT",
      "url": "MedicationRequest/914e0129-c0da-409d-94c3-4e3c2e303ebd"
    }
  }, {
    "fullUrl": "https://madie.cms.gov/Practitioner/66d5cbc6-20ba-4773-9bf8-b60822d42037",
    "resource": {
      "resourceType": "Practitioner",
      "id": "66d5cbc6-20ba-4773-9bf8-b60822d42037",
      "meta": {
        "profile": [ "http://hl7.org/fhir/us/qicore/StructureDefinition/qicore-practitioner" ]
      },
      "identifier": [ {
        "use": "temp",
        "system": "urn:oid:2.16.840.1.113883.4.336",
        "value": "Practitioner-23"
      } ],
      "active": true,
      "name": [ {
        "family": "Careful",
        "given": [ "Adam" ],
        "prefix": [ "Dr" ]
      } ],
      "address": [ {
        "use": "home",
        "line": [ "534 Erewhon St" ],
        "city": "PleasantVille",
        "state": "UT",
        "postalCode": "84414"
      } ],
      "qualification": [ {
        "identifier": [ {
          "system": "http://example.org/UniversityIdentifier",
          "value": "12345"
        } ],
        "code": {
          "coding": [ {
            "system": "http://terminology.hl7.org/CodeSystem/v2-0360|2.7",
            "code": "BS",
            "display": "Bachelor of Science"
          } ],
          "text": "Bachelor of Science"
        },
        "period": {
          "start": "1996"
        },
        "issuer": {
          "display": "Example University"
        }
      } ]
    },
    "request": {
      "method": "PUT",
      "url": "Practitioner/66d5cbc6-20ba-4773-9bf8-b60822d42037"
    }
  }, {
    "fullUrl": "https://madie.cms.gov/ServiceRequest/96f8df0c-8931-4259-bb29-35c0c61cadfd",
    "resource": {
      "resourceType": "ServiceRequest",
      "id": "96f8df0c-8931-4259-bb29-35c0c61cadfd",
      "meta": {
        "profile": [ "http://hl7.org/fhir/us/qicore/StructureDefinition/qicore-servicerequest" ]
      },
      "status": "active",
      "intent": "order",
      "code": {
        "coding": [ {
          "system": "http://snomed.info/sct",
          "version": "http://snomed.info/sct/731000124108/version/20250301",
          "code": "456381000124102",
          "display": "Injection of leuprolide acetate for twelve month period (regime/therapy)"
        } ]
      },
      "subject": {
        "reference": "Patient/eeea0041-7128-42e5-bb00-3b842ea97c83"
      },
      "authoredOn": "2026-02-03T08:00:00.000+00:00"
    },
    "request": {
      "method": "PUT",
      "url": "ServiceRequest/96f8df0c-8931-4259-bb29-35c0c61cadfd"
    }
  }, {
    "fullUrl": "https://madie.cms.gov/MeasureReport/4a528d98-da17-4eee-8327-079381883ec0",
    "resource": {
      "resourceType": "MeasureReport",
      "id": "4a528d98-da17-4eee-8327-079381883ec0",
      "meta": {
        "profile": [ "http://hl7.org/fhir/us/cqfmeasures/StructureDefinition/test-case-cqfm" ]
      },
      "contained": [ {
        "resourceType": "Parameters",
        "id": "b8626d84-0cce-43b8-b5fa-41845b068424-parameters",
        "parameter": [ {
          "name": "subject",
          "valueString": "eeea0041-7128-42e5-bb00-3b842ea97c83"
        } ]
      } ],
      "extension": [ {
        "url": "http://hl7.org/fhir/StructureDefinition/cqf-inputParameters",
        "valueReference": {
          "reference": "#b8626d84-0cce-43b8-b5fa-41845b068424-parameters"
        }
      }, {
        "url": "http://hl7.org/fhir/us/cqfmeasures/StructureDefinition/cqfm-testCaseDescription",
        "valueMarkdown": "Dx of Prostate Cancer, and Androgen deprivation therapy for Urology Care is not null. Passes IPP and Denom with no end date of diagnosis which is usual for Prostate Cancer not ending-clinically relevant. Test handling of null dates in med request."
      } ],
      "modifierExtension": [ {
        "url": "http://hl7.org/fhir/us/cqfmeasures/StructureDefinition/cqfm-isTestCase",
        "valueBoolean": true
      } ],
      "status": "complete",
      "type": "individual",
      "measure": "https://madie.cms.gov/Measure/CMS645FHIRBoneDensityPCADTherapy",
      "period": {
        "start": "2026-01-01",
        "end": "2026-12-31"
      },
      "group": [ {
        "id": "Group_1",
        "population": [ {
          "id": "InitialPopulation_1",
          "code": {
            "coding": [ {
              "system": "http://terminology.hl7.org/CodeSystem/measure-population",
              "code": "initial-population",
              "display": "Initial Population"
            } ]
          },
          "count": 1
        }, {
          "id": "Denominator_1",
          "code": {
            "coding": [ {
              "system": "http://terminology.hl7.org/CodeSystem/measure-population",
              "code": "denominator",
              "display": "Denominator"
            } ]
          },
          "count": 1
        }, {
          "id": "Numerator_1",
          "code": {
            "coding": [ {
              "system": "http://terminology.hl7.org/CodeSystem/measure-population",
              "code": "numerator",
              "display": "Numerator"
            } ]
          },
          "count": 0
        }, {
          "id": "DenominatorException_1",
          "code": {
            "coding": [ {
              "system": "http://terminology.hl7.org/CodeSystem/measure-population",
              "code": "denominator-exception",
              "display": "Denominator Exception"
            } ]
          },
          "count": 0
        } ],
        "measureScore": {
          "value": 1.0
        }
      } ],
      "evaluatedResource": [ {
        "reference": "Patient/eeea0041-7128-42e5-bb00-3b842ea97c83"
      }, {
        "reference": "Encounter/3913ef2e-a83d-408f-91af-b6b5acf9079d"
      }, {
        "reference": "Condition/9aafaaac-32f8-4855-8be9-76269e34058f"
      }, {
        "reference": "MedicationRequest/914e0129-c0da-409d-94c3-4e3c2e303ebd"
      }, {
        "reference": "Practitioner/66d5cbc6-20ba-4773-9bf8-b60822d42037"
      }, {
        "reference": "ServiceRequest/96f8df0c-8931-4259-bb29-35c0c61cadfd"
      } ]
    },
    "request": {
      "method": "PUT",
      "url": "MeasureReport/4a528d98-da17-4eee-8327-079381883ec0"
    }
  } ]
}