{
  "resourceType": "Bundle",
  "id": "612e6aaf02c62a011f2eaee7",
  "type": "transaction",
  "entry": [ {
    "fullUrl": "https://madie.cms.gov/Patient/85d6711d-4c92-4a48-abd0-b2d5465640f7",
    "resource": {
      "resourceType": "Patient",
      "id": "85d6711d-4c92-4a48-abd0-b2d5465640f7",
      "meta": {
        "profile": [ "http://hl7.org/fhir/us/qicore/StructureDefinition/qicore-patient" ]
      },
      "text": {
        "status": "generated",
        "div": "<div xmlns=\"http://www.w3.org/1999/xhtml\"><div class=\"hapiHeaderText\">PtRef_MA_LMWH_OBS <b>NUMERPASS </b></div><table class=\"hapiPropertyTable\"><tbody><tr><td>Identifier</td><td>3dc4a512478cd906257a70aca14edeef</td></tr><tr><td>Date of birth</td><td><span>02 January 1974</span></td></tr></tbody></table></div>"
      },
      "extension": [ {
        "url": "http://hl7.org/fhir/us/core/StructureDefinition/us-core-race",
        "extension": [ {
          "url": "ombCategory",
          "valueCoding": {
            "system": "urn:oid:2.16.840.1.113883.6.238",
            "code": "1002-5",
            "display": "American Indian or Alaska Native",
            "userSelected": true
          }
        }, {
          "url": "text",
          "valueString": "American Indian or Alaska Native"
        } ]
      }, {
        "url": "http://hl7.org/fhir/us/core/StructureDefinition/us-core-ethnicity",
        "extension": [ {
          "url": "ombCategory",
          "valueCoding": {
            "system": "urn:oid:2.16.840.1.113883.6.238",
            "code": "2135-2",
            "display": "Hispanic or Latino",
            "userSelected": true
          }
        }, {
          "url": "text",
          "valueString": "Hispanic or Latino"
        } ]
      } ],
      "identifier": [ {
        "type": {
          "coding": [ {
            "system": "http://terminology.hl7.org/CodeSystem/v2-0203",
            "code": "MR"
          } ]
        },
        "system": "https://bonnie-fhir.healthit.gov/",
        "value": "612e6aaf02c62a011f2eaee7"
      } ],
      "active": true,
      "name": [ {
        "use": "usual",
        "family": "NUMERPass",
        "given": [ "PtRef_MA_LMWH_OBS" ]
      } ],
      "gender": "male",
      "birthDate": "1974-01-02"
    },
    "request": {
      "method": "PUT",
      "url": "Patient/85d6711d-4c92-4a48-abd0-b2d5465640f7"
    }
  }, {
    "fullUrl": "https://madie.cms.gov/Encounter/8135c20e-dde6-4bc0-a62e-4a976ef28ccf",
    "resource": {
      "resourceType": "Encounter",
      "id": "8135c20e-dde6-4bc0-a62e-4a976ef28ccf",
      "meta": {
        "profile": [ "http://hl7.org/fhir/us/qicore/StructureDefinition/qicore-encounter" ]
      },
      "status": "finished",
      "class": {
        "system": "http://terminology.hl7.org/CodeSystem/v3-ActCode",
        "code": "OBSENC",
        "display": "observation encounter"
      },
      "type": [ {
        "coding": [ {
          "system": "http://snomed.info/sct",
          "code": "448951000124107"
        } ]
      } ],
      "subject": {
        "reference": "Patient/85d6711d-4c92-4a48-abd0-b2d5465640f7"
      },
      "period": {
        "start": "2025-10-31T05:00:00+00:00",
        "end": "2025-11-01T07:15:00+00:00"
      },
      "length": {
        "value": 1,
        "unit": "days"
      }
    },
    "request": {
      "method": "PUT",
      "url": "Encounter/8135c20e-dde6-4bc0-a62e-4a976ef28ccf"
    }
  }, {
    "fullUrl": "https://madie.cms.gov/Encounter/988a9bfb-43a0-461b-8cd2-6bab5fb7cf6c",
    "resource": {
      "resourceType": "Encounter",
      "id": "988a9bfb-43a0-461b-8cd2-6bab5fb7cf6c",
      "meta": {
        "profile": [ "http://hl7.org/fhir/us/qicore/StructureDefinition/qicore-encounter" ]
      },
      "status": "finished",
      "class": {
        "system": "http://terminology.hl7.org/CodeSystem/v3-ActCode",
        "code": "IMP",
        "display": "inpatient encounter"
      },
      "type": [ {
        "coding": [ {
          "system": "http://snomed.info/sct",
          "code": "8715000"
        } ]
      } ],
      "subject": {
        "reference": "Patient/85d6711d-4c92-4a48-abd0-b2d5465640f7"
      },
      "period": {
        "start": "2025-11-01T08:00:00+00:00",
        "end": "2025-11-26T08:15:00+00:00"
      },
      "length": {
        "value": 25,
        "unit": "days"
      }
    },
    "request": {
      "method": "PUT",
      "url": "Encounter/988a9bfb-43a0-461b-8cd2-6bab5fb7cf6c"
    }
  }, {
    "fullUrl": "https://madie.cms.gov/Coverage/cb00f69a-dd59-42e7-9aa6-c11b52752c0e",
    "resource": {
      "resourceType": "Coverage",
      "id": "cb00f69a-dd59-42e7-9aa6-c11b52752c0e",
      "status": "active",
      "beneficiary": {
        "reference": "Patient/85d6711d-4c92-4a48-abd0-b2d5465640f7"
      },
      "period": {
        "start": "1974-01-02T08:00:00+00:00"
      },
      "payor": [ {
        "reference": "Organization/da6f373a-0039-42f4-aff8-9cf605ad0ceb"
      } ]
    },
    "request": {
      "method": "PUT",
      "url": "Coverage/cb00f69a-dd59-42e7-9aa6-c11b52752c0e"
    }
  }, {
    "fullUrl": "https://madie.cms.gov/MedicationAdministration/919b6375-2e6c-4a29-9fbd-c6e294e4fc27",
    "resource": {
      "resourceType": "MedicationAdministration",
      "id": "919b6375-2e6c-4a29-9fbd-c6e294e4fc27",
      "meta": {
        "profile": [ "http://hl7.org/fhir/us/qicore/StructureDefinition/qicore-mednotadministered" ]
      },
      "extension": [ {
        "url": "http://hl7.org/fhir/us/qicore/StructureDefinition/qicore-recorded",
        "valueDateTime": "2025-11-02T11:00:00+00:00"
      } ],
      "status": "not-done",
      "statusReason": [ {
        "coding": [ {
          "system": "http://snomed.info/sct",
          "code": "443390004",
          "display": "Refusal of treatment by patient (situation)"
        } ]
      } ],
      "medicationCodeableConcept": {
        "coding": [ {
          "system": "http://www.nlm.nih.gov/research/umls/rxnorm",
          "code": "854228"
        } ]
      },
      "subject": {
        "reference": "Patient/85d6711d-4c92-4a48-abd0-b2d5465640f7"
      },
      "effectivePeriod": {
        "start": "2025-11-01T06:00:00+00:00"
      }
    },
    "request": {
      "method": "PUT",
      "url": "MedicationAdministration/919b6375-2e6c-4a29-9fbd-c6e294e4fc27"
    }
  }, {
    "fullUrl": "https://madie.cms.gov/Organization/da6f373a-0039-42f4-aff8-9cf605ad0ceb",
    "resource": {
      "resourceType": "Organization",
      "id": "da6f373a-0039-42f4-aff8-9cf605ad0ceb",
      "meta": {
        "profile": [ "http://hl7.org/fhir/us/qicore/StructureDefinition/qicore-organization" ]
      },
      "identifier": [ {
        "use": "temp",
        "system": "urn:oid:2.16.840.1.113883.4.4",
        "value": "21-3259825"
      } ],
      "active": true,
      "type": [ {
        "coding": [ {
          "system": "http://terminology.hl7.org/CodeSystem/organization-type",
          "code": "pay",
          "display": "Payer"
        } ]
      } ],
      "name": "Blue Cross Blue Shield of Texas",
      "telecom": [ {
        "system": "phone",
        "value": "(+1) 972-766-6900"
      } ],
      "address": [ {
        "use": "billing",
        "type": "postal",
        "line": [ "P.O. Box 660044" ],
        "city": "Dallas",
        "state": "TX",
        "postalCode": "75266-0044",
        "country": "USA"
      } ]
    },
    "request": {
      "method": "PUT",
      "url": "Organization/da6f373a-0039-42f4-aff8-9cf605ad0ceb"
    }
  }, {
    "fullUrl": "https://madie.cms.gov/Practitioner/9998ec8c-5fdb-47e5-a220-f3a25baf264e",
    "resource": {
      "resourceType": "Practitioner",
      "id": "9998ec8c-5fdb-47e5-a220-f3a25baf264e",
      "identifier": [ {
        "system": "http://hl7.org/fhir/sid/us-npi",
        "value": "123456"
      } ],
      "name": [ {
        "family": "Evil",
        "prefix": [ "Dr" ]
      } ]
    },
    "request": {
      "method": "PUT",
      "url": "Practitioner/9998ec8c-5fdb-47e5-a220-f3a25baf264e"
    }
  }, {
    "fullUrl": "https://madie.cms.gov/MeasureReport/cee82101-bc2a-43a5-b285-931dd9fa0eb4",
    "resource": {
      "resourceType": "MeasureReport",
      "id": "cee82101-bc2a-43a5-b285-931dd9fa0eb4",
      "meta": {
        "profile": [ "http://hl7.org/fhir/us/cqfmeasures/StructureDefinition/test-case-cqfm" ]
      },
      "contained": [ {
        "resourceType": "Parameters",
        "id": "b9b79e41-ccb2-47a4-85b5-a336be1e9a07-parameters",
        "parameter": [ {
          "name": "subject",
          "valueString": "85d6711d-4c92-4a48-abd0-b2d5465640f7"
        } ]
      } ],
      "extension": [ {
        "url": "http://hl7.org/fhir/us/cqfmeasures/StructureDefinition/cqfm-inputParameters",
        "valueReference": {
          "reference": "#b9b79e41-ccb2-47a4-85b5-a336be1e9a07-parameters"
        }
      }, {
        "url": "http://hl7.org/fhir/us/cqfmeasures/StructureDefinition/cqfm-testCaseDescription",
        "valueMarkdown": "lmwh not given due to patient refusal during Observation\n"
      } ],
      "modifierExtension": [ {
        "url": "http://hl7.org/fhir/us/cqfmeasures/StructureDefinition/cqfm-isTestCase",
        "valueBoolean": true
      } ],
      "status": "complete",
      "type": "individual",
      "measure": "https://madie.cms.gov/Measure/VenousThromboembolismProphylaxisFHIR",
      "period": {
        "start": "2025-01-01",
        "end": "2025-12-31"
      },
      "group": [ {
        "population": [ {
          "code": {
            "coding": [ {
              "system": "http://terminology.hl7.org/CodeSystem/measure-population",
              "code": "initial-population",
              "display": "Initial Population"
            } ]
          },
          "count": 1
        }, {
          "code": {
            "coding": [ {
              "system": "http://terminology.hl7.org/CodeSystem/measure-population",
              "code": "denominator",
              "display": "Denominator"
            } ]
          },
          "count": 1
        }, {
          "code": {
            "coding": [ {
              "system": "http://terminology.hl7.org/CodeSystem/measure-population",
              "code": "denominator-exclusion",
              "display": "Denominator Exclusion"
            } ]
          },
          "count": 0
        }, {
          "code": {
            "coding": [ {
              "system": "http://terminology.hl7.org/CodeSystem/measure-population",
              "code": "numerator",
              "display": "Numerator"
            } ]
          },
          "count": 1
        } ]
      } ],
      "evaluatedResource": [ {
        "reference": "Patient/85d6711d-4c92-4a48-abd0-b2d5465640f7"
      }, {
        "reference": "Encounter/8135c20e-dde6-4bc0-a62e-4a976ef28ccf"
      }, {
        "reference": "Encounter/988a9bfb-43a0-461b-8cd2-6bab5fb7cf6c"
      }, {
        "reference": "Coverage/cb00f69a-dd59-42e7-9aa6-c11b52752c0e"
      }, {
        "reference": "MedicationAdministration/919b6375-2e6c-4a29-9fbd-c6e294e4fc27"
      }, {
        "reference": "Organization/da6f373a-0039-42f4-aff8-9cf605ad0ceb"
      }, {
        "reference": "Practitioner/9998ec8c-5fdb-47e5-a220-f3a25baf264e"
      } ]
    },
    "request": {
      "method": "PUT",
      "url": "MeasureReport/cee82101-bc2a-43a5-b285-931dd9fa0eb4"
    }
  } ]
}