{
  "resourceType": "Bundle",
  "id": "612e6ac002c62a011f2eb21c",
  "type": "transaction",
  "entry": [ {
    "fullUrl": "https://madie.cms.gov/Patient/56fd577c-8741-469b-b71e-be1752aebd25",
    "resource": {
      "resourceType": "Patient",
      "id": "56fd577c-8741-469b-b71e-be1752aebd25",
      "meta": {
        "profile": [ "http://hl7.org/fhir/us/qicore/StructureDefinition/qicore-patient" ]
      },
      "text": {
        "status": "generated",
        "div": "<div xmlns=\"http://www.w3.org/1999/xhtml\"><div class=\"hapiHeaderText\">CMPerf_DuringED_EDendsOnEncStartTime <b>DENEXPASS </b></div><table class=\"hapiPropertyTable\"><tbody><tr><td>Identifier</td><td>8bdaf10da95f851378bfb130016c2122</td></tr><tr><td>Date of birth</td><td><span>02 January 1974</span></td></tr></tbody></table></div>"
      },
      "extension": [ {
        "url": "http://hl7.org/fhir/us/core/StructureDefinition/us-core-race",
        "extension": [ {
          "url": "ombCategory",
          "valueCoding": {
            "system": "urn:oid:2.16.840.1.113883.6.238",
            "code": "1002-5",
            "display": "American Indian or Alaska Native",
            "userSelected": true
          }
        }, {
          "url": "text",
          "valueString": "American Indian or Alaska Native"
        } ]
      }, {
        "url": "http://hl7.org/fhir/us/core/StructureDefinition/us-core-ethnicity",
        "extension": [ {
          "url": "ombCategory",
          "valueCoding": {
            "system": "urn:oid:2.16.840.1.113883.6.238",
            "code": "2135-2",
            "display": "Hispanic or Latino",
            "userSelected": true
          }
        }, {
          "url": "text",
          "valueString": "Hispanic or Latino"
        } ]
      } ],
      "identifier": [ {
        "type": {
          "coding": [ {
            "system": "http://terminology.hl7.org/CodeSystem/v2-0203",
            "code": "MR"
          } ]
        },
        "system": "https://bonnie-fhir.healthit.gov/",
        "value": "612e6ac002c62a011f2eb21c"
      } ],
      "active": true,
      "name": [ {
        "use": "usual",
        "family": "DENEXPass",
        "given": [ "CMPerf_DuringED_EDendsOnEncStartTime" ]
      } ],
      "gender": "male",
      "birthDate": "1974-01-02"
    },
    "request": {
      "method": "PUT",
      "url": "Patient/56fd577c-8741-469b-b71e-be1752aebd25"
    }
  }, {
    "fullUrl": "https://madie.cms.gov/Encounter/97244076-c7ed-4a36-840d-262a4843cae1",
    "resource": {
      "resourceType": "Encounter",
      "id": "97244076-c7ed-4a36-840d-262a4843cae1",
      "meta": {
        "profile": [ "http://hl7.org/fhir/us/qicore/StructureDefinition/qicore-encounter" ]
      },
      "status": "finished",
      "class": {
        "system": "http://terminology.hl7.org/CodeSystem/v3-ActCode",
        "code": "EMER",
        "display": "emergency"
      },
      "type": [ {
        "coding": [ {
          "system": "http://snomed.info/sct",
          "code": "4525004"
        } ]
      } ],
      "subject": {
        "reference": "Patient/56fd577c-8741-469b-b71e-be1752aebd25"
      },
      "period": {
        "start": "2025-10-31T05:00:00+00:00",
        "end": "2025-11-01T08:00:00+00:00"
      },
      "length": {
        "value": 1.0,
        "unit": "days"
      }
    },
    "request": {
      "method": "PUT",
      "url": "Encounter/97244076-c7ed-4a36-840d-262a4843cae1"
    }
  }, {
    "fullUrl": "https://madie.cms.gov/Encounter/b24de6c3-9d93-487d-9367-eba2c3ca06cd",
    "resource": {
      "resourceType": "Encounter",
      "id": "b24de6c3-9d93-487d-9367-eba2c3ca06cd",
      "meta": {
        "profile": [ "http://hl7.org/fhir/us/qicore/StructureDefinition/qicore-encounter" ]
      },
      "status": "finished",
      "class": {
        "system": "http://terminology.hl7.org/CodeSystem/v3-ActCode",
        "code": "IMP",
        "display": "inpatient encounter"
      },
      "type": [ {
        "coding": [ {
          "system": "http://snomed.info/sct",
          "code": "8715000"
        } ]
      } ],
      "subject": {
        "reference": "Patient/56fd577c-8741-469b-b71e-be1752aebd25"
      },
      "period": {
        "start": "2025-11-01T08:00:00+00:00",
        "end": "2025-11-26T08:15:00+00:00"
      },
      "length": {
        "value": 25.0,
        "unit": "days"
      }
    },
    "request": {
      "method": "PUT",
      "url": "Encounter/b24de6c3-9d93-487d-9367-eba2c3ca06cd"
    }
  }, {
    "fullUrl": "https://madie.cms.gov/Procedure/a76e0f12-7883-4650-b495-e0a3bd6d5f60",
    "resource": {
      "resourceType": "Procedure",
      "id": "a76e0f12-7883-4650-b495-e0a3bd6d5f60",
      "meta": {
        "profile": [ "http://hl7.org/fhir/us/qicore/StructureDefinition/qicore-procedure" ]
      },
      "extension": [ {
        "url": "http://hl7.org/fhir/us/qicore/StructureDefinition/qicore-recorded",
        "valueDateTime": "2012-11-01T09:35:00-04:00"
      } ],
      "status": "completed",
      "code": {
        "coding": [ {
          "system": "http://snomed.info/sct",
          "code": "133918004"
        } ]
      },
      "subject": {
        "reference": "Patient/56fd577c-8741-469b-b71e-be1752aebd25"
      },
      "performedPeriod": {
        "start": "2025-10-31T07:00:00+00:00"
      }
    },
    "request": {
      "method": "PUT",
      "url": "Procedure/a76e0f12-7883-4650-b495-e0a3bd6d5f60"
    }
  }, {
    "fullUrl": "https://madie.cms.gov/Coverage/4819cf07-d518-4b04-921d-e077f18ce215",
    "resource": {
      "resourceType": "Coverage",
      "id": "4819cf07-d518-4b04-921d-e077f18ce215",
      "status": "active",
      "beneficiary": {
        "reference": "Patient/56fd577c-8741-469b-b71e-be1752aebd25"
      },
      "period": {
        "start": "1974-01-02T08:00:00+00:00"
      },
      "payor": [ {
        "reference": "Organization/4f7afe19-62e1-440c-900a-d0443b9697cc"
      } ]
    },
    "request": {
      "method": "PUT",
      "url": "Coverage/4819cf07-d518-4b04-921d-e077f18ce215"
    }
  }, {
    "fullUrl": "https://madie.cms.gov/Organization/4f7afe19-62e1-440c-900a-d0443b9697cc",
    "resource": {
      "resourceType": "Organization",
      "id": "4f7afe19-62e1-440c-900a-d0443b9697cc",
      "meta": {
        "profile": [ "http://hl7.org/fhir/us/qicore/StructureDefinition/qicore-organization" ]
      },
      "identifier": [ {
        "use": "temp",
        "system": "urn:oid:2.16.840.1.113883.4.4",
        "value": "21-3259825"
      } ],
      "active": true,
      "type": [ {
        "coding": [ {
          "system": "http://terminology.hl7.org/CodeSystem/organization-type",
          "code": "pay",
          "display": "Payer"
        } ]
      } ],
      "name": "Blue Cross Blue Shield of Texas",
      "telecom": [ {
        "system": "phone",
        "value": "(+1) 972-766-6900"
      } ],
      "address": [ {
        "use": "billing",
        "type": "postal",
        "line": [ "P.O. Box 660044" ],
        "city": "Dallas",
        "state": "TX",
        "postalCode": "75266-0044",
        "country": "USA"
      } ]
    },
    "request": {
      "method": "PUT",
      "url": "Organization/4f7afe19-62e1-440c-900a-d0443b9697cc"
    }
  }, {
    "fullUrl": "https://madie.cms.gov/Practitioner/a9291a9d-ada7-4e43-934b-f907263dc944",
    "resource": {
      "resourceType": "Practitioner",
      "id": "a9291a9d-ada7-4e43-934b-f907263dc944",
      "identifier": [ {
        "system": "http://hl7.org/fhir/sid/us-npi",
        "value": "123456"
      } ],
      "name": [ {
        "family": "Evil",
        "prefix": [ "Dr" ]
      } ]
    },
    "request": {
      "method": "PUT",
      "url": "Practitioner/a9291a9d-ada7-4e43-934b-f907263dc944"
    }
  }, {
    "fullUrl": "https://madie.cms.gov/MeasureReport/c02731df-afff-4c22-9bcc-50daf711c4b4",
    "resource": {
      "resourceType": "MeasureReport",
      "id": "c02731df-afff-4c22-9bcc-50daf711c4b4",
      "meta": {
        "profile": [ "http://hl7.org/fhir/us/cqfmeasures/StructureDefinition/test-case-cqfm" ]
      },
      "contained": [ {
        "resourceType": "Parameters",
        "id": "fbc6b6b0-d7eb-44c7-97fd-e2c80caca88b-parameters",
        "parameter": [ {
          "name": "subject",
          "valueString": "56fd577c-8741-469b-b71e-be1752aebd25"
        } ]
      } ],
      "extension": [ {
        "url": "http://hl7.org/fhir/us/cqfmeasures/StructureDefinition/cqfm-inputParameters",
        "valueReference": {
          "reference": "#fbc6b6b0-d7eb-44c7-97fd-e2c80caca88b-parameters"
        }
      }, {
        "url": "http://hl7.org/fhir/us/cqfmeasures/StructureDefinition/cqfm-testCaseDescription",
        "valueMarkdown": "Comfort Measures Intervention Performed- during ED and ED end time is concurrent with EncInp start time.\n"
      } ],
      "modifierExtension": [ {
        "url": "http://hl7.org/fhir/us/cqfmeasures/StructureDefinition/cqfm-isTestCase",
        "valueBoolean": true
      } ],
      "status": "complete",
      "type": "individual",
      "measure": "https://madie.cms.gov/Measure/VenousThromboembolismProphylaxisFHIR",
      "period": {
        "start": "2025-01-01",
        "end": "2025-12-31"
      },
      "group": [ {
        "population": [ {
          "code": {
            "coding": [ {
              "system": "http://terminology.hl7.org/CodeSystem/measure-population",
              "code": "initial-population",
              "display": "Initial Population"
            } ]
          },
          "count": 1
        }, {
          "code": {
            "coding": [ {
              "system": "http://terminology.hl7.org/CodeSystem/measure-population",
              "code": "denominator",
              "display": "Denominator"
            } ]
          },
          "count": 1
        }, {
          "code": {
            "coding": [ {
              "system": "http://terminology.hl7.org/CodeSystem/measure-population",
              "code": "denominator-exclusion",
              "display": "Denominator Exclusion"
            } ]
          },
          "count": 1
        }, {
          "code": {
            "coding": [ {
              "system": "http://terminology.hl7.org/CodeSystem/measure-population",
              "code": "numerator",
              "display": "Numerator"
            } ]
          },
          "count": 0
        } ]
      } ],
      "evaluatedResource": [ {
        "reference": "Patient/56fd577c-8741-469b-b71e-be1752aebd25"
      }, {
        "reference": "Encounter/97244076-c7ed-4a36-840d-262a4843cae1"
      }, {
        "reference": "Encounter/b24de6c3-9d93-487d-9367-eba2c3ca06cd"
      }, {
        "reference": "Procedure/a76e0f12-7883-4650-b495-e0a3bd6d5f60"
      }, {
        "reference": "Coverage/4819cf07-d518-4b04-921d-e077f18ce215"
      }, {
        "reference": "Organization/4f7afe19-62e1-440c-900a-d0443b9697cc"
      }, {
        "reference": "Practitioner/a9291a9d-ada7-4e43-934b-f907263dc944"
      } ]
    },
    "request": {
      "method": "PUT",
      "url": "MeasureReport/c02731df-afff-4c22-9bcc-50daf711c4b4"
    }
  } ]
}