{
  "resourceType": "Bundle",
  "id": "612e6ab402c62a011f2eb007",
  "type": "transaction",
  "entry": [ {
    "fullUrl": "https://madie.cms.gov/Patient/581140c3-797e-4837-8106-ab1cac5bd97f",
    "resource": {
      "resourceType": "Patient",
      "id": "581140c3-797e-4837-8106-ab1cac5bd97f",
      "meta": {
        "profile": [ "http://hl7.org/fhir/us/qicore/StructureDefinition/qicore-patient" ]
      },
      "text": {
        "status": "generated",
        "div": "<div xmlns=\"http://www.w3.org/1999/xhtml\"><div class=\"hapiHeaderText\">CMO2DayAfterAnesthesia <b>DENEXFAIL </b></div><table class=\"hapiPropertyTable\"><tbody><tr><td>Identifier</td><td>eae8d1af3e172cab969568063cd70f67</td></tr><tr><td>Date of birth</td><td><span>02 January 1974</span></td></tr></tbody></table></div>"
      },
      "extension": [ {
        "url": "http://hl7.org/fhir/us/core/StructureDefinition/us-core-race",
        "extension": [ {
          "url": "ombCategory",
          "valueCoding": {
            "system": "urn:oid:2.16.840.1.113883.6.238",
            "code": "1002-5",
            "display": "American Indian or Alaska Native",
            "userSelected": true
          }
        }, {
          "url": "text",
          "valueString": "American Indian or Alaska Native"
        } ]
      }, {
        "url": "http://hl7.org/fhir/us/core/StructureDefinition/us-core-ethnicity",
        "extension": [ {
          "url": "ombCategory",
          "valueCoding": {
            "system": "urn:oid:2.16.840.1.113883.6.238",
            "code": "2135-2",
            "display": "Hispanic or Latino",
            "userSelected": true
          }
        }, {
          "url": "text",
          "valueString": "Hispanic or Latino"
        } ]
      } ],
      "identifier": [ {
        "type": {
          "coding": [ {
            "system": "http://terminology.hl7.org/CodeSystem/v2-0203",
            "code": "MR"
          } ]
        },
        "system": "https://bonnie-fhir.healthit.gov/",
        "value": "612e6ab402c62a011f2eb007"
      } ],
      "active": true,
      "name": [ {
        "use": "usual",
        "family": "DENEXFail",
        "given": [ "CMO2DayAfterAnesthesia" ]
      } ],
      "gender": "male",
      "birthDate": "1974-01-02"
    },
    "request": {
      "method": "PUT",
      "url": "Patient/581140c3-797e-4837-8106-ab1cac5bd97f"
    }
  }, {
    "fullUrl": "https://madie.cms.gov/Encounter/041b384c-dd1a-4f43-b75a-1fd6575521e8",
    "resource": {
      "resourceType": "Encounter",
      "id": "041b384c-dd1a-4f43-b75a-1fd6575521e8",
      "meta": {
        "profile": [ "http://hl7.org/fhir/us/qicore/StructureDefinition/qicore-encounter" ]
      },
      "status": "finished",
      "class": {
        "system": "http://terminology.hl7.org/CodeSystem/v3-ActCode",
        "code": "IMP",
        "display": "inpatient encounter"
      },
      "type": [ {
        "coding": [ {
          "system": "http://snomed.info/sct",
          "code": "8715000"
        } ]
      } ],
      "subject": {
        "reference": "Patient/581140c3-797e-4837-8106-ab1cac5bd97f"
      },
      "period": {
        "start": "2025-11-01T08:00:00+00:00",
        "end": "2025-11-26T08:15:00+00:00"
      },
      "length": {
        "value": 25.0,
        "unit": "days"
      }
    },
    "request": {
      "method": "PUT",
      "url": "Encounter/041b384c-dd1a-4f43-b75a-1fd6575521e8"
    }
  }, {
    "fullUrl": "https://madie.cms.gov/ServiceRequest/bf21f773-e3c6-4ff0-a784-0127251d144d",
    "resource": {
      "resourceType": "ServiceRequest",
      "id": "bf21f773-e3c6-4ff0-a784-0127251d144d",
      "meta": {
        "profile": [ "http://hl7.org/fhir/us/qicore/StructureDefinition/qicore-servicerequest" ]
      },
      "status": "active",
      "intent": "order",
      "code": {
        "coding": [ {
          "system": "http://snomed.info/sct",
          "code": "133918004"
        } ]
      },
      "subject": {
        "reference": "Patient/581140c3-797e-4837-8106-ab1cac5bd97f"
      },
      "authoredOn": "2025-11-04T11:00:00.000+00:00"
    },
    "request": {
      "method": "PUT",
      "url": "ServiceRequest/bf21f773-e3c6-4ff0-a784-0127251d144d"
    }
  }, {
    "fullUrl": "https://madie.cms.gov/Coverage/a121417f-a3d5-49d9-b91d-0c4fdd2a704e",
    "resource": {
      "resourceType": "Coverage",
      "id": "a121417f-a3d5-49d9-b91d-0c4fdd2a704e",
      "status": "active",
      "beneficiary": {
        "reference": "Patient/581140c3-797e-4837-8106-ab1cac5bd97f"
      },
      "period": {
        "start": "1974-01-02T08:00:00+00:00"
      },
      "payor": [ {
        "reference": "Organization/1f0aefc1-d133-47ec-91a2-aefa38ad34da"
      } ]
    },
    "request": {
      "method": "PUT",
      "url": "Coverage/a121417f-a3d5-49d9-b91d-0c4fdd2a704e"
    }
  }, {
    "fullUrl": "https://madie.cms.gov/Procedure/30f573d0-bac3-48b7-8490-a2247f7b003b",
    "resource": {
      "resourceType": "Procedure",
      "id": "30f573d0-bac3-48b7-8490-a2247f7b003b",
      "meta": {
        "profile": [ "http://hl7.org/fhir/us/qicore/StructureDefinition/qicore-procedure" ]
      },
      "extension": [ {
        "url": "http://hl7.org/fhir/us/qicore/StructureDefinition/qicore-recorded",
        "valueDateTime": "2012-12-04T09:35:00-04:00"
      } ],
      "status": "completed",
      "code": {
        "coding": [ {
          "system": "http://www.icd10data.com/icd10pcs",
          "code": "3E030FZ"
        }, {
          "system": "http://snomed.info/sct",
          "code": "18946005"
        } ]
      },
      "subject": {
        "reference": "Patient/581140c3-797e-4837-8106-ab1cac5bd97f"
      },
      "performedPeriod": {
        "start": "2025-11-02T09:00:00+00:00",
        "end": "2025-11-02T09:15:00+00:00"
      }
    },
    "request": {
      "method": "PUT",
      "url": "Procedure/30f573d0-bac3-48b7-8490-a2247f7b003b"
    }
  }, {
    "fullUrl": "https://madie.cms.gov/Organization/1f0aefc1-d133-47ec-91a2-aefa38ad34da",
    "resource": {
      "resourceType": "Organization",
      "id": "1f0aefc1-d133-47ec-91a2-aefa38ad34da",
      "meta": {
        "profile": [ "http://hl7.org/fhir/us/qicore/StructureDefinition/qicore-organization" ]
      },
      "identifier": [ {
        "use": "temp",
        "system": "urn:oid:2.16.840.1.113883.4.4",
        "value": "21-3259825"
      } ],
      "active": true,
      "type": [ {
        "coding": [ {
          "system": "http://terminology.hl7.org/CodeSystem/organization-type",
          "code": "pay",
          "display": "Payer"
        } ]
      } ],
      "name": "Blue Cross Blue Shield of Texas",
      "telecom": [ {
        "system": "phone",
        "value": "(+1) 972-766-6900"
      } ],
      "address": [ {
        "use": "billing",
        "type": "postal",
        "line": [ "P.O. Box 660044" ],
        "city": "Dallas",
        "state": "TX",
        "postalCode": "75266-0044",
        "country": "USA"
      } ]
    },
    "request": {
      "method": "PUT",
      "url": "Organization/1f0aefc1-d133-47ec-91a2-aefa38ad34da"
    }
  }, {
    "fullUrl": "https://madie.cms.gov/Practitioner/009f9bbf-036f-42c1-bee0-15fb12a7d8a2",
    "resource": {
      "resourceType": "Practitioner",
      "id": "009f9bbf-036f-42c1-bee0-15fb12a7d8a2",
      "identifier": [ {
        "system": "http://hl7.org/fhir/sid/us-npi",
        "value": "123456"
      } ],
      "name": [ {
        "family": "Evil",
        "prefix": [ "Dr" ]
      } ]
    },
    "request": {
      "method": "PUT",
      "url": "Practitioner/009f9bbf-036f-42c1-bee0-15fb12a7d8a2"
    }
  }, {
    "fullUrl": "https://madie.cms.gov/MeasureReport/629f953c-4aa5-44ea-bb94-c893aded32a6",
    "resource": {
      "resourceType": "MeasureReport",
      "id": "629f953c-4aa5-44ea-bb94-c893aded32a6",
      "meta": {
        "profile": [ "http://hl7.org/fhir/us/cqfmeasures/StructureDefinition/test-case-cqfm" ]
      },
      "contained": [ {
        "resourceType": "Parameters",
        "id": "a09be458-25c8-4097-bf6f-0bc465ce7154-parameters",
        "parameter": [ {
          "name": "subject",
          "valueString": "581140c3-797e-4837-8106-ab1cac5bd97f"
        } ]
      } ],
      "extension": [ {
        "url": "http://hl7.org/fhir/us/cqfmeasures/StructureDefinition/cqfm-inputParameters",
        "valueReference": {
          "reference": "#a09be458-25c8-4097-bf6f-0bc465ce7154-parameters"
        }
      }, {
        "url": "http://hl7.org/fhir/us/cqfmeasures/StructureDefinition/cqfm-testCaseDescription",
        "valueMarkdown": "comfort measures order 2 day after end of  anesthesia\n"
      } ],
      "modifierExtension": [ {
        "url": "http://hl7.org/fhir/us/cqfmeasures/StructureDefinition/cqfm-isTestCase",
        "valueBoolean": true
      } ],
      "status": "complete",
      "type": "individual",
      "measure": "https://madie.cms.gov/Measure/VenousThromboembolismProphylaxisFHIR",
      "period": {
        "start": "2025-01-01",
        "end": "2025-12-31"
      },
      "group": [ {
        "population": [ {
          "code": {
            "coding": [ {
              "system": "http://terminology.hl7.org/CodeSystem/measure-population",
              "code": "initial-population",
              "display": "Initial Population"
            } ]
          },
          "count": 1
        }, {
          "code": {
            "coding": [ {
              "system": "http://terminology.hl7.org/CodeSystem/measure-population",
              "code": "denominator",
              "display": "Denominator"
            } ]
          },
          "count": 1
        }, {
          "code": {
            "coding": [ {
              "system": "http://terminology.hl7.org/CodeSystem/measure-population",
              "code": "denominator-exclusion",
              "display": "Denominator Exclusion"
            } ]
          },
          "count": 0
        }, {
          "code": {
            "coding": [ {
              "system": "http://terminology.hl7.org/CodeSystem/measure-population",
              "code": "numerator",
              "display": "Numerator"
            } ]
          },
          "count": 0
        } ]
      } ],
      "evaluatedResource": [ {
        "reference": "Patient/581140c3-797e-4837-8106-ab1cac5bd97f"
      }, {
        "reference": "Encounter/041b384c-dd1a-4f43-b75a-1fd6575521e8"
      }, {
        "reference": "ServiceRequest/bf21f773-e3c6-4ff0-a784-0127251d144d"
      }, {
        "reference": "Coverage/a121417f-a3d5-49d9-b91d-0c4fdd2a704e"
      }, {
        "reference": "Procedure/30f573d0-bac3-48b7-8490-a2247f7b003b"
      }, {
        "reference": "Organization/1f0aefc1-d133-47ec-91a2-aefa38ad34da"
      }, {
        "reference": "Practitioner/009f9bbf-036f-42c1-bee0-15fb12a7d8a2"
      } ]
    },
    "request": {
      "method": "PUT",
      "url": "MeasureReport/629f953c-4aa5-44ea-bb94-c893aded32a6"
    }
  } ]
}