{
  "resourceType": "Bundle",
  "id": "DENEXPass-HospiceObsValueIsYes",
  "type": "collection",
  "entry": [ {
    "fullUrl": "https://madie.cms.gov/Patient/303676f7-30b4-4324-8ab3-8d5ab7e92102",
    "resource": {
      "resourceType": "Patient",
      "id": "303676f7-30b4-4324-8ab3-8d5ab7e92102",
      "meta": {
        "profile": [ "http://hl7.org/fhir/us/qicore/StructureDefinition/qicore-patient" ]
      },
      "identifier": [ {
        "system": "http://hospital.smarthealthit.org",
        "value": "999999995"
      } ],
      "name": [ {
        "family": "Bertha",
        "given": [ "Betty" ]
      } ],
      "gender": "female",
      "birthDate": "2005-01-01"
    }
  }, {
    "fullUrl": "https://madie.cms.gov/Encounter/8fa4f26d-5818-4487-ac58-e34b850cea04",
    "resource": {
      "resourceType": "Encounter",
      "id": "8fa4f26d-5818-4487-ac58-e34b850cea04",
      "meta": {
        "profile": [ "http://hl7.org/fhir/us/qicore/StructureDefinition/qicore-encounter" ]
      },
      "status": "finished",
      "class": {
        "system": "http://terminology.hl7.org/CodeSystem/v3-ActCode",
        "code": "AMB",
        "display": "ambulatory"
      },
      "type": [ {
        "coding": [ {
          "system": "http://www.ada.org/cdt",
          "code": "D0120",
          "display": "periodic oral evaluation - established patient"
        } ]
      } ],
      "subject": {
        "reference": "Patient/303676f7-30b4-4324-8ab3-8d5ab7e92102"
      },
      "period": {
        "start": "2025-01-01T00:00:00.000Z",
        "end": "2025-01-01T01:15:00.000Z"
      }
    }
  }, {
    "fullUrl": "https://madie.cms.gov/Observation/b1a1f837-9639-42d3-833e-a2fdb4aa6140",
    "resource": {
      "resourceType": "Observation",
      "id": "b1a1f837-9639-42d3-833e-a2fdb4aa6140",
      "meta": {
        "profile": [ "http://hl7.org/fhir/us/qicore/StructureDefinition/qicore-simple-observation" ]
      },
      "status": "final",
      "category": [ {
        "coding": [ {
          "system": "http://terminology.hl7.org/CodeSystem/observation-category",
          "code": "survey"
        } ]
      } ],
      "code": {
        "coding": [ {
          "system": "http://loinc.org",
          "code": "45755-6",
          "display": "Hospice care [Minimum Data Set]"
        } ]
      },
      "subject": {
        "reference": "Patient/303676f7-30b4-4324-8ab3-8d5ab7e92102"
      },
      "effectivePeriod": {
        "start": "2024-12-31T00:00:00.000Z",
        "end": "2025-01-01T00:00:00.000Z"
      },
      "valueCodeableConcept": {
        "coding": [ {
          "system": "http://snomed.info/sct",
          "code": "373066001",
          "display": "Yes (qualifier value)"
        } ]
      }
    }
  }, {
    "fullUrl": "https://madie.cms.gov/MeasureReport/ccbbef00-297e-48c9-a4af-b3c39c4c277a",
    "resource": {
      "resourceType": "MeasureReport",
      "id": "ccbbef00-297e-48c9-a4af-b3c39c4c277a",
      "meta": {
        "profile": [ "http://hl7.org/fhir/us/cqfmeasures/StructureDefinition/test-case-cqfm" ]
      },
      "contained": [ {
        "resourceType": "Parameters",
        "id": "65d86267-8bdd-47f5-aa11-a26625f86151-parameters",
        "parameter": [ {
          "name": "subject",
          "valueString": "303676f7-30b4-4324-8ab3-8d5ab7e92102"
        } ]
      } ],
      "extension": [ {
        "url": "http://hl7.org/fhir/us/cqfmeasures/StructureDefinition/cqfm-inputParameters",
        "valueReference": {
          "reference": "#65d86267-8bdd-47f5-aa11-a26625f86151-parameters"
        }
      }, {
        "url": "http://hl7.org/fhir/us/cqfmeasures/StructureDefinition/cqfm-testCaseDescription",
        "valueMarkdown": "Hospice Observation - For meeting 100% coverage"
      } ],
      "modifierExtension": [ {
        "url": "http://hl7.org/fhir/us/cqfmeasures/StructureDefinition/cqfm-isTestCase",
        "valueBoolean": true
      } ],
      "status": "complete",
      "type": "individual",
      "measure": "https://madie.cms.gov/Measure/ChildrenWhoHaveDentalDecayOrCavitiesFHIR",
      "period": {
        "start": "2025-01-01",
        "end": "2025-12-31"
      },
      "group": [ {
        "population": [ {
          "code": {
            "coding": [ {
              "system": "http://terminology.hl7.org/CodeSystem/measure-population",
              "code": "initial-population",
              "display": "Initial Population"
            } ]
          },
          "count": 1
        }, {
          "code": {
            "coding": [ {
              "system": "http://terminology.hl7.org/CodeSystem/measure-population",
              "code": "denominator",
              "display": "Denominator"
            } ]
          },
          "count": 1
        }, {
          "code": {
            "coding": [ {
              "system": "http://terminology.hl7.org/CodeSystem/measure-population",
              "code": "denominator-exclusion",
              "display": "Denominator Exclusion"
            } ]
          },
          "count": 1
        }, {
          "code": {
            "coding": [ {
              "system": "http://terminology.hl7.org/CodeSystem/measure-population",
              "code": "numerator",
              "display": "Numerator"
            } ]
          },
          "count": 0
        } ]
      } ],
      "evaluatedResource": [ {
        "reference": "Patient/303676f7-30b4-4324-8ab3-8d5ab7e92102"
      }, {
        "reference": "Encounter/8fa4f26d-5818-4487-ac58-e34b850cea04"
      }, {
        "reference": "Observation/b1a1f837-9639-42d3-833e-a2fdb4aa6140"
      } ]
    }
  } ]
}