{
  "resourceType": "Bundle",
  "id": "612e6b3d02c62a011f2ed022",
  "type": "transaction",
  "entry": [ {
    "fullUrl": "https://madie.cms.gov/Patient/684ea360-63b3-4a7c-9cc4-86f8fd94b999",
    "resource": {
      "resourceType": "Patient",
      "id": "684ea360-63b3-4a7c-9cc4-86f8fd94b999",
      "meta": {
        "profile": [ "http://hl7.org/fhir/us/qicore/StructureDefinition/qicore-patient" ]
      },
      "text": {
        "status": "generated",
        "div": "<div xmlns=\"http://www.w3.org/1999/xhtml\"><div class=\"hapiHeaderText\">ICULT1Day <b>DENEXFAIL </b></div><table class=\"hapiPropertyTable\"><tbody><tr><td>Identifier</td><td>921f510d1aeb2bac2646f5217cfdf1a7</td></tr><tr><td>Date of birth</td><td><span>02 January 1974</span></td></tr></tbody></table></div>"
      },
      "extension": [ {
        "url": "http://hl7.org/fhir/us/core/StructureDefinition/us-core-race",
        "extension": [ {
          "url": "ombCategory",
          "valueCoding": {
            "system": "urn:oid:2.16.840.1.113883.6.238",
            "code": "1002-5",
            "display": "American Indian or Alaska Native",
            "userSelected": true
          }
        }, {
          "url": "text",
          "valueString": "American Indian or Alaska Native"
        } ]
      }, {
        "url": "http://hl7.org/fhir/us/core/StructureDefinition/us-core-ethnicity",
        "extension": [ {
          "url": "ombCategory",
          "valueCoding": {
            "system": "urn:oid:2.16.840.1.113883.6.238",
            "code": "2135-2",
            "display": "Hispanic or Latino",
            "userSelected": true
          }
        }, {
          "url": "text",
          "valueString": "Hispanic or Latino"
        } ]
      } ],
      "identifier": [ {
        "type": {
          "coding": [ {
            "system": "http://terminology.hl7.org/CodeSystem/v2-0203",
            "code": "MR"
          } ]
        },
        "system": "https://bonnie-fhir.healthit.gov/",
        "value": "612e6b3d02c62a011f2ed022"
      } ],
      "active": true,
      "name": [ {
        "use": "usual",
        "family": "DENEXFail",
        "given": [ "ICULT1Day" ]
      } ],
      "gender": "male",
      "birthDate": "1974-01-02"
    },
    "request": {
      "method": "PUT",
      "url": "Patient/684ea360-63b3-4a7c-9cc4-86f8fd94b999"
    }
  }, {
    "fullUrl": "https://madie.cms.gov/Encounter/3a20240d-66f4-4382-a122-c6256a3d2d9f",
    "resource": {
      "resourceType": "Encounter",
      "id": "3a20240d-66f4-4382-a122-c6256a3d2d9f",
      "meta": {
        "profile": [ "http://hl7.org/fhir/us/qicore/StructureDefinition/qicore-encounter" ]
      },
      "status": "finished",
      "class": {
        "system": "http://terminology.hl7.org/CodeSystem/v3-ActCode",
        "code": "IMP",
        "display": "inpatient encounter"
      },
      "type": [ {
        "coding": [ {
          "system": "http://snomed.info/sct",
          "code": "8715000"
        } ]
      } ],
      "subject": {
        "reference": "Patient/684ea360-63b3-4a7c-9cc4-86f8fd94b999"
      },
      "period": {
        "start": "2025-11-01T08:00:00+00:00",
        "end": "2025-11-26T08:15:00+00:00"
      },
      "length": {
        "value": 25.0,
        "unit": "days"
      },
      "location": [ {
        "location": {
          "reference": "Location/4e8acb59-b963-4bfb-b567-87498e824e1b"
        },
        "period": {
          "start": "2025-11-01T11:00:00.000+00:00",
          "end": "2025-11-01T16:50:00.000+00:00"
        }
      } ]
    },
    "request": {
      "method": "PUT",
      "url": "Encounter/3a20240d-66f4-4382-a122-c6256a3d2d9f"
    }
  }, {
    "fullUrl": "https://madie.cms.gov/Coverage/cdb56449-431f-48da-b75b-a8b1ae8a4c80",
    "resource": {
      "resourceType": "Coverage",
      "id": "cdb56449-431f-48da-b75b-a8b1ae8a4c80",
      "status": "active",
      "beneficiary": {
        "reference": "Patient/684ea360-63b3-4a7c-9cc4-86f8fd94b999"
      },
      "period": {
        "start": "1974-01-02T08:00:00+00:00"
      },
      "payor": [ {
        "reference": "Organization/9643bb68-606d-4770-ae5d-33098602c281"
      } ]
    },
    "request": {
      "method": "PUT",
      "url": "Coverage/cdb56449-431f-48da-b75b-a8b1ae8a4c80"
    }
  }, {
    "fullUrl": "https://madie.cms.gov/Location/4e8acb59-b963-4bfb-b567-87498e824e1b",
    "resource": {
      "resourceType": "Location",
      "id": "4e8acb59-b963-4bfb-b567-87498e824e1b",
      "meta": {
        "profile": [ "http://hl7.org/fhir/us/qicore/StructureDefinition/qicore-location" ]
      },
      "identifier": [ {
        "use": "usual",
        "system": "http://exampleoflocation.com",
        "value": "B1-S.F2"
      } ],
      "name": "Medical Surgical East, first floor",
      "type": [ {
        "coding": [ {
          "system": "https://www.cdc.gov/nhsn/cdaportal/terminology/codesystem/hsloc.html",
          "code": "1025-6",
          "display": "Trauma Critical Care",
          "userSelected": true
        } ]
      } ]
    },
    "request": {
      "method": "PUT",
      "url": "Location/4e8acb59-b963-4bfb-b567-87498e824e1b"
    }
  }, {
    "fullUrl": "https://madie.cms.gov/Organization/9643bb68-606d-4770-ae5d-33098602c281",
    "resource": {
      "resourceType": "Organization",
      "id": "9643bb68-606d-4770-ae5d-33098602c281",
      "meta": {
        "profile": [ "http://hl7.org/fhir/us/qicore/StructureDefinition/qicore-organization" ]
      },
      "identifier": [ {
        "use": "temp",
        "system": "urn:oid:2.16.840.1.113883.4.4",
        "value": "21-3259825"
      } ],
      "active": true,
      "type": [ {
        "coding": [ {
          "system": "http://terminology.hl7.org/CodeSystem/organization-type",
          "code": "pay",
          "display": "Payer"
        } ]
      } ],
      "name": "Blue Cross Blue Shield of Texas",
      "telecom": [ {
        "system": "phone",
        "value": "(+1) 972-766-6900"
      } ],
      "address": [ {
        "use": "billing",
        "type": "postal",
        "line": [ "P.O. Box 660044" ],
        "city": "Dallas",
        "state": "TX",
        "postalCode": "75266-0044",
        "country": "USA"
      } ]
    },
    "request": {
      "method": "PUT",
      "url": "Organization/9643bb68-606d-4770-ae5d-33098602c281"
    }
  }, {
    "fullUrl": "https://madie.cms.gov/Practitioner/4ea7e255-c804-4bd0-8a15-fbb7215167e7",
    "resource": {
      "resourceType": "Practitioner",
      "id": "4ea7e255-c804-4bd0-8a15-fbb7215167e7",
      "identifier": [ {
        "system": "http://hl7.org/fhir/sid/us-npi",
        "value": "123456"
      } ],
      "name": [ {
        "family": "Evil",
        "prefix": [ "Dr" ]
      } ]
    },
    "request": {
      "method": "PUT",
      "url": "Practitioner/4ea7e255-c804-4bd0-8a15-fbb7215167e7"
    }
  }, {
    "fullUrl": "https://madie.cms.gov/MeasureReport/268527b8-c33c-4d76-88af-149c5da227fc",
    "resource": {
      "resourceType": "MeasureReport",
      "id": "268527b8-c33c-4d76-88af-149c5da227fc",
      "meta": {
        "profile": [ "http://hl7.org/fhir/us/cqfmeasures/StructureDefinition/test-case-cqfm" ]
      },
      "contained": [ {
        "resourceType": "Parameters",
        "id": "6b288452-89b4-4a0c-83d2-6989f70ed549-parameters",
        "parameter": [ {
          "name": "subject",
          "valueString": "684ea360-63b3-4a7c-9cc4-86f8fd94b999"
        } ]
      } ],
      "extension": [ {
        "url": "http://hl7.org/fhir/us/cqfmeasures/StructureDefinition/cqfm-inputParameters",
        "valueReference": {
          "reference": "#6b288452-89b4-4a0c-83d2-6989f70ed549-parameters"
        }
      }, {
        "url": "http://hl7.org/fhir/us/cqfmeasures/StructureDefinition/cqfm-testCaseDescription",
        "valueMarkdown": "ICU LOS < 1 day\n"
      } ],
      "modifierExtension": [ {
        "url": "http://hl7.org/fhir/us/cqfmeasures/StructureDefinition/cqfm-isTestCase",
        "valueBoolean": true
      } ],
      "status": "complete",
      "type": "individual",
      "measure": "https://madie.cms.gov/Measure/VenousThromboembolismProphylaxisFHIR",
      "period": {
        "start": "2025-01-01",
        "end": "2025-12-31"
      },
      "group": [ {
        "population": [ {
          "code": {
            "coding": [ {
              "system": "http://terminology.hl7.org/CodeSystem/measure-population",
              "code": "initial-population",
              "display": "Initial Population"
            } ]
          },
          "count": 1
        }, {
          "code": {
            "coding": [ {
              "system": "http://terminology.hl7.org/CodeSystem/measure-population",
              "code": "denominator",
              "display": "Denominator"
            } ]
          },
          "count": 1
        }, {
          "code": {
            "coding": [ {
              "system": "http://terminology.hl7.org/CodeSystem/measure-population",
              "code": "denominator-exclusion",
              "display": "Denominator Exclusion"
            } ]
          },
          "count": 0
        }, {
          "code": {
            "coding": [ {
              "system": "http://terminology.hl7.org/CodeSystem/measure-population",
              "code": "numerator",
              "display": "Numerator"
            } ]
          },
          "count": 0
        } ]
      } ],
      "evaluatedResource": [ {
        "reference": "Patient/684ea360-63b3-4a7c-9cc4-86f8fd94b999"
      }, {
        "reference": "Encounter/3a20240d-66f4-4382-a122-c6256a3d2d9f"
      }, {
        "reference": "Coverage/cdb56449-431f-48da-b75b-a8b1ae8a4c80"
      }, {
        "reference": "Location/4e8acb59-b963-4bfb-b567-87498e824e1b"
      }, {
        "reference": "Organization/9643bb68-606d-4770-ae5d-33098602c281"
      }, {
        "reference": "Practitioner/4ea7e255-c804-4bd0-8a15-fbb7215167e7"
      } ]
    },
    "request": {
      "method": "PUT",
      "url": "MeasureReport/268527b8-c33c-4d76-88af-149c5da227fc"
    }
  } ]
}