{
  "resourceType": "Bundle",
  "id": "612e6ac202c62a011f2eb282",
  "type": "transaction",
  "entry": [ {
    "fullUrl": "https://madie.cms.gov/Patient/bcbf8248-6aaa-4108-aac9-6b1304049b83",
    "resource": {
      "resourceType": "Patient",
      "id": "bcbf8248-6aaa-4108-aac9-6b1304049b83",
      "meta": {
        "profile": [ "http://hl7.org/fhir/us/qicore/StructureDefinition/qicore-patient" ]
      },
      "text": {
        "status": "generated",
        "div": "<div xmlns=\"http://www.w3.org/1999/xhtml\"><div class=\"hapiHeaderText\">Dx=AFibStartsOnEncEndTime <b>NUMERPASS </b></div><table class=\"hapiPropertyTable\"><tbody><tr><td>Identifier</td><td>fca51eeec53d2cb77f423c38feec332b</td></tr><tr><td>Date of birth</td><td><span>02 January 1974</span></td></tr></tbody></table></div>"
      },
      "extension": [ {
        "url": "http://hl7.org/fhir/us/core/StructureDefinition/us-core-race",
        "extension": [ {
          "url": "ombCategory",
          "valueCoding": {
            "system": "urn:oid:2.16.840.1.113883.6.238",
            "code": "1002-5",
            "display": "American Indian or Alaska Native",
            "userSelected": true
          }
        }, {
          "url": "text",
          "valueString": "American Indian or Alaska Native"
        } ]
      }, {
        "url": "http://hl7.org/fhir/us/core/StructureDefinition/us-core-ethnicity",
        "extension": [ {
          "url": "ombCategory",
          "valueCoding": {
            "system": "urn:oid:2.16.840.1.113883.6.238",
            "code": "2135-2",
            "display": "Hispanic or Latino",
            "userSelected": true
          }
        }, {
          "url": "text",
          "valueString": "Hispanic or Latino"
        } ]
      } ],
      "identifier": [ {
        "type": {
          "coding": [ {
            "system": "http://terminology.hl7.org/CodeSystem/v2-0203",
            "code": "MR"
          } ]
        },
        "system": "https://bonnie-fhir.healthit.gov/",
        "value": "612e6ac202c62a011f2eb282"
      } ],
      "active": true,
      "name": [ {
        "use": "usual",
        "family": "NUMERPass",
        "given": [ "DxAFibStartsOnEncEndTime" ]
      } ],
      "gender": "male",
      "birthDate": "1974-01-02"
    },
    "request": {
      "method": "PUT",
      "url": "Patient/bcbf8248-6aaa-4108-aac9-6b1304049b83"
    }
  }, {
    "fullUrl": "https://madie.cms.gov/Encounter/864df0ee-d519-4698-965e-a0339d550466",
    "resource": {
      "resourceType": "Encounter",
      "id": "864df0ee-d519-4698-965e-a0339d550466",
      "meta": {
        "profile": [ "http://hl7.org/fhir/us/qicore/StructureDefinition/qicore-encounter" ]
      },
      "status": "finished",
      "class": {
        "system": "http://terminology.hl7.org/CodeSystem/v3-ActCode",
        "code": "IMP",
        "display": "inpatient encounter"
      },
      "type": [ {
        "coding": [ {
          "system": "http://snomed.info/sct",
          "code": "8715000"
        } ]
      } ],
      "subject": {
        "reference": "Patient/bcbf8248-6aaa-4108-aac9-6b1304049b83"
      },
      "period": {
        "start": "2025-11-01T08:00:00+00:00",
        "end": "2025-11-26T08:15:00+00:00"
      },
      "length": {
        "value": 25.0,
        "unit": "days"
      }
    },
    "request": {
      "method": "PUT",
      "url": "Encounter/864df0ee-d519-4698-965e-a0339d550466"
    }
  }, {
    "fullUrl": "https://madie.cms.gov/Coverage/7338da90-10bd-4a1c-8514-132c662bd3c0",
    "resource": {
      "resourceType": "Coverage",
      "id": "7338da90-10bd-4a1c-8514-132c662bd3c0",
      "status": "active",
      "beneficiary": {
        "reference": "Patient/bcbf8248-6aaa-4108-aac9-6b1304049b83"
      },
      "period": {
        "start": "1974-01-02T08:00:00+00:00"
      },
      "payor": [ {
        "reference": "Organization/f302deae-51b5-4f9c-a60b-ea901f7be0e6"
      } ]
    },
    "request": {
      "method": "PUT",
      "url": "Coverage/7338da90-10bd-4a1c-8514-132c662bd3c0"
    }
  }, {
    "fullUrl": "https://madie.cms.gov/Condition/cb5e50c4-d6cb-4420-80e4-68095f21bf6e",
    "resource": {
      "resourceType": "Condition",
      "id": "cb5e50c4-d6cb-4420-80e4-68095f21bf6e",
      "meta": {
        "profile": [ "http://hl7.org/fhir/us/qicore/StructureDefinition/qicore-condition" ]
      },
      "clinicalStatus": {
        "coding": [ {
          "system": "http://terminology.hl7.org/CodeSystem/condition-clinical",
          "code": "active",
          "display": "active",
          "userSelected": true
        } ]
      },
      "verificationStatus": {
        "coding": [ {
          "system": "http://terminology.hl7.org/CodeSystem/condition-ver-status",
          "code": "confirmed",
          "display": "confirmed",
          "userSelected": true
        } ]
      },
      "category": [ {
        "coding": [ {
          "system": "http://terminology.hl7.org/CodeSystem/condition-category",
          "code": "problem-list-item",
          "display": "Problem List Item"
        } ]
      } ],
      "code": {
        "coding": [ {
          "system": "http://snomed.info/sct",
          "code": "195080001"
        }, {
          "system": "http://hl7.org/fhir/sid/icd-9-cm",
          "code": "427.31"
        }, {
          "system": "http://hl7.org/fhir/sid/icd-10-cm",
          "code": "I48.0"
        } ]
      },
      "subject": {
        "reference": "Patient/bcbf8248-6aaa-4108-aac9-6b1304049b83"
      },
      "onsetPeriod": {
        "start": "2025-11-26T08:15:00+00:00"
      }
    },
    "request": {
      "method": "PUT",
      "url": "Condition/cb5e50c4-d6cb-4420-80e4-68095f21bf6e"
    }
  }, {
    "fullUrl": "https://madie.cms.gov/MedicationAdministration/c20c8af3-b734-4f85-bbda-92a31fd6acb1",
    "resource": {
      "resourceType": "MedicationAdministration",
      "id": "c20c8af3-b734-4f85-bbda-92a31fd6acb1",
      "meta": {
        "profile": [ "http://hl7.org/fhir/us/qicore/StructureDefinition/qicore-medicationadministration" ]
      },
      "status": "completed",
      "medicationCodeableConcept": {
        "coding": [ {
          "system": "http://www.nlm.nih.gov/research/umls/rxnorm",
          "code": "1599555"
        } ]
      },
      "subject": {
        "reference": "Patient/bcbf8248-6aaa-4108-aac9-6b1304049b83"
      },
      "effectivePeriod": {
        "start": "2025-11-01T09:00:00+00:00"
      }
    },
    "request": {
      "method": "PUT",
      "url": "MedicationAdministration/c20c8af3-b734-4f85-bbda-92a31fd6acb1"
    }
  }, {
    "fullUrl": "https://madie.cms.gov/Organization/f302deae-51b5-4f9c-a60b-ea901f7be0e6",
    "resource": {
      "resourceType": "Organization",
      "id": "f302deae-51b5-4f9c-a60b-ea901f7be0e6",
      "meta": {
        "profile": [ "http://hl7.org/fhir/us/qicore/StructureDefinition/qicore-organization" ]
      },
      "identifier": [ {
        "use": "temp",
        "system": "urn:oid:2.16.840.1.113883.4.4",
        "value": "21-3259825"
      } ],
      "active": true,
      "type": [ {
        "coding": [ {
          "system": "http://terminology.hl7.org/CodeSystem/organization-type",
          "code": "pay",
          "display": "Payer"
        } ]
      } ],
      "name": "Blue Cross Blue Shield of Texas",
      "telecom": [ {
        "system": "phone",
        "value": "(+1) 972-766-6900"
      } ],
      "address": [ {
        "use": "billing",
        "type": "postal",
        "line": [ "P.O. Box 660044" ],
        "city": "Dallas",
        "state": "TX",
        "postalCode": "75266-0044",
        "country": "USA"
      } ]
    },
    "request": {
      "method": "PUT",
      "url": "Organization/f302deae-51b5-4f9c-a60b-ea901f7be0e6"
    }
  }, {
    "fullUrl": "https://madie.cms.gov/Practitioner/d12069f4-9411-4057-b773-8ae4b68e1fcc",
    "resource": {
      "resourceType": "Practitioner",
      "id": "d12069f4-9411-4057-b773-8ae4b68e1fcc",
      "identifier": [ {
        "system": "http://hl7.org/fhir/sid/us-npi",
        "value": "123456"
      } ],
      "name": [ {
        "family": "Evil",
        "prefix": [ "Dr" ]
      } ]
    },
    "request": {
      "method": "PUT",
      "url": "Practitioner/d12069f4-9411-4057-b773-8ae4b68e1fcc"
    }
  }, {
    "fullUrl": "https://madie.cms.gov/MeasureReport/632d31bc-8e6b-4831-9412-97faf8907cda",
    "resource": {
      "resourceType": "MeasureReport",
      "id": "632d31bc-8e6b-4831-9412-97faf8907cda",
      "meta": {
        "profile": [ "http://hl7.org/fhir/us/cqfmeasures/StructureDefinition/test-case-cqfm" ]
      },
      "contained": [ {
        "resourceType": "Parameters",
        "id": "aae60206-2d56-4cfd-af1d-fc536cd5e375-parameters",
        "parameter": [ {
          "name": "subject",
          "valueString": "bcbf8248-6aaa-4108-aac9-6b1304049b83"
        } ]
      } ],
      "extension": [ {
        "url": "http://hl7.org/fhir/us/cqfmeasures/StructureDefinition/cqfm-inputParameters",
        "valueReference": {
          "reference": "#aae60206-2d56-4cfd-af1d-fc536cd5e375-parameters"
        }
      }, {
        "url": "http://hl7.org/fhir/us/cqfmeasures/StructureDefinition/cqfm-testCaseDescription",
        "valueMarkdown": "Has oral Xa and AFib - AFib start time concurrent with EncInp end time.\n"
      } ],
      "modifierExtension": [ {
        "url": "http://hl7.org/fhir/us/cqfmeasures/StructureDefinition/cqfm-isTestCase",
        "valueBoolean": true
      } ],
      "status": "complete",
      "type": "individual",
      "measure": "https://madie.cms.gov/Measure/VenousThromboembolismProphylaxisFHIR",
      "period": {
        "start": "2025-01-01",
        "end": "2025-12-31"
      },
      "group": [ {
        "population": [ {
          "code": {
            "coding": [ {
              "system": "http://terminology.hl7.org/CodeSystem/measure-population",
              "code": "initial-population",
              "display": "Initial Population"
            } ]
          },
          "count": 1
        }, {
          "code": {
            "coding": [ {
              "system": "http://terminology.hl7.org/CodeSystem/measure-population",
              "code": "denominator",
              "display": "Denominator"
            } ]
          },
          "count": 1
        }, {
          "code": {
            "coding": [ {
              "system": "http://terminology.hl7.org/CodeSystem/measure-population",
              "code": "denominator-exclusion",
              "display": "Denominator Exclusion"
            } ]
          },
          "count": 0
        }, {
          "code": {
            "coding": [ {
              "system": "http://terminology.hl7.org/CodeSystem/measure-population",
              "code": "numerator",
              "display": "Numerator"
            } ]
          },
          "count": 1
        } ]
      } ],
      "evaluatedResource": [ {
        "reference": "Patient/bcbf8248-6aaa-4108-aac9-6b1304049b83"
      }, {
        "reference": "Encounter/864df0ee-d519-4698-965e-a0339d550466"
      }, {
        "reference": "Coverage/7338da90-10bd-4a1c-8514-132c662bd3c0"
      }, {
        "reference": "Condition/cb5e50c4-d6cb-4420-80e4-68095f21bf6e"
      }, {
        "reference": "MedicationAdministration/c20c8af3-b734-4f85-bbda-92a31fd6acb1"
      }, {
        "reference": "Organization/f302deae-51b5-4f9c-a60b-ea901f7be0e6"
      }, {
        "reference": "Practitioner/d12069f4-9411-4057-b773-8ae4b68e1fcc"
      } ]
    },
    "request": {
      "method": "PUT",
      "url": "MeasureReport/632d31bc-8e6b-4831-9412-97faf8907cda"
    }
  } ]
}