{
  "resourceType": "Bundle",
  "id": "60abda28bf0a01003e3f76bd",
  "type": "transaction",
  "entry": [ {
    "fullUrl": "https://madie.cms.gov/Patient/27fca7ba-ef00-44ec-8d97-919908f42495",
    "resource": {
      "resourceType": "Patient",
      "id": "27fca7ba-ef00-44ec-8d97-919908f42495",
      "meta": {
        "profile": [ "http://hl7.org/fhir/us/qicore/StructureDefinition/qicore-patient" ]
      },
      "extension": [ {
        "url": "http://hl7.org/fhir/us/core/StructureDefinition/us-core-race",
        "extension": [ {
          "url": "ombCategory",
          "valueCoding": {
            "system": "urn:oid:2.16.840.1.113883.6.238",
            "code": "2054-5",
            "display": "Black or African American"
          }
        }, {
          "url": "text",
          "valueString": "Black or African American"
        } ]
      }, {
        "url": "http://hl7.org/fhir/us/core/StructureDefinition/us-core-ethnicity",
        "extension": [ {
          "url": "ombCategory",
          "valueCoding": {
            "system": "urn:oid:2.16.840.1.113883.6.238",
            "code": "2186-5",
            "display": "Not Hispanic or Latino"
          }
        }, {
          "url": "text",
          "valueString": "Not Hispanic or Latino"
        } ]
      } ],
      "identifier": [ {
        "type": {
          "coding": [ {
            "system": "http://terminology.hl7.org/CodeSystem/v2-0203",
            "code": "MR"
          } ]
        },
        "system": "https://bonnie-fhir.healthit.gov/",
        "value": "463131313187656"
      } ],
      "name": [ {
        "family": "NUMERPass",
        "given": [ "ADTConcurrentWithDx" ]
      } ],
      "gender": "male",
      "birthDate": "1974-06-15"
    },
    "request": {
      "method": "PUT",
      "url": "Patient/27fca7ba-ef00-44ec-8d97-919908f42495"
    }
  }, {
    "fullUrl": "https://madie.cms.gov/Encounter/c1614891-4b04-4dac-8c3b-78ff9d289543",
    "resource": {
      "resourceType": "Encounter",
      "id": "c1614891-4b04-4dac-8c3b-78ff9d289543",
      "meta": {
        "profile": [ "http://hl7.org/fhir/us/qicore/StructureDefinition/qicore-encounter" ]
      },
      "status": "finished",
      "class": {
        "system": "http://terminology.hl7.org/CodeSystem/v3-ActCode",
        "code": "AMB",
        "display": "ambulatory"
      },
      "type": [ {
        "coding": [ {
          "system": "http://snomed.info/sct",
          "version": "http://snomed.info/sct/731000124108/version/20240301",
          "code": "185463005",
          "display": "Visit out of hours (procedure)"
        } ]
      } ],
      "subject": {
        "reference": "Patient/27fca7ba-ef00-44ec-8d97-919908f42495"
      },
      "period": {
        "start": "2026-05-01T08:00:00.000+00:00",
        "end": "2026-05-04T08:15:00.000+00:00"
      }
    },
    "request": {
      "method": "PUT",
      "url": "Encounter/c1614891-4b04-4dac-8c3b-78ff9d289543"
    }
  }, {
    "fullUrl": "https://madie.cms.gov/Condition/1b2382f2-2e9a-4c01-a5b2-9cad9837c2bf",
    "resource": {
      "resourceType": "Condition",
      "id": "1b2382f2-2e9a-4c01-a5b2-9cad9837c2bf",
      "meta": {
        "profile": [ "http://hl7.org/fhir/us/qicore/StructureDefinition/qicore-condition-problems-health-concerns" ]
      },
      "clinicalStatus": {
        "coding": [ {
          "system": "http://terminology.hl7.org/CodeSystem/condition-clinical",
          "code": "active",
          "display": "Active",
          "userSelected": true
        } ]
      },
      "verificationStatus": {
        "coding": [ {
          "system": "http://terminology.hl7.org/CodeSystem/condition-ver-status",
          "code": "confirmed"
        } ]
      },
      "category": [ {
        "coding": [ {
          "system": "http://terminology.hl7.org/CodeSystem/condition-category",
          "code": "problem-list-item",
          "display": "Problem List Item"
        } ]
      } ],
      "code": {
        "coding": [ {
          "system": "http://snomed.info/sct",
          "version": "http://snomed.info/sct/731000124108/version/20250301",
          "code": "254900004",
          "display": "Carcinoma of prostate (disorder)"
        } ]
      },
      "subject": {
        "reference": "Patient/27fca7ba-ef00-44ec-8d97-919908f42495"
      },
      "onsetPeriod": {
        "start": "2026-05-04T08:00:00.000+00:00"
      }
    },
    "request": {
      "method": "PUT",
      "url": "Condition/1b2382f2-2e9a-4c01-a5b2-9cad9837c2bf"
    }
  }, {
    "fullUrl": "https://madie.cms.gov/Observation/8864b78c-6b6e-4de4-8556-67fe63778ecf",
    "resource": {
      "resourceType": "Observation",
      "id": "8864b78c-6b6e-4de4-8556-67fe63778ecf",
      "meta": {
        "profile": [ "http://hl7.org/fhir/us/qicore/StructureDefinition/qicore-observation-clinical-result" ]
      },
      "status": "final",
      "category": [ {
        "coding": [ {
          "system": "http://terminology.hl7.org/CodeSystem/observation-category",
          "code": "imaging",
          "display": "Imaging"
        } ]
      }, {
        "coding": [ {
          "system": "http://terminology.hl7.org/CodeSystem/observation-category",
          "code": "survey"
        } ]
      } ],
      "code": {
        "coding": [ {
          "system": "http://loinc.org",
          "version": "2.76",
          "code": "38265-5",
          "display": "DXA Radius and Ulna [T-score] Bone density"
        } ]
      },
      "subject": {
        "reference": "Patient/27fca7ba-ef00-44ec-8d97-919908f42495"
      },
      "effectivePeriod": {
        "start": "2026-08-01T10:00:00.000+00:00"
      },
      "dataAbsentReason": {
        "coding": [ {
          "system": "http://terminology.hl7.org/CodeSystem/data-absent-reason",
          "code": "unknown",
          "display": "Unknown"
        } ]
      }
    },
    "request": {
      "method": "PUT",
      "url": "Observation/8864b78c-6b6e-4de4-8556-67fe63778ecf"
    }
  }, {
    "fullUrl": "https://madie.cms.gov/Practitioner/7ac98345-ac65-45d2-9693-bc6e52d0be98",
    "resource": {
      "resourceType": "Practitioner",
      "id": "7ac98345-ac65-45d2-9693-bc6e52d0be98",
      "meta": {
        "profile": [ "http://hl7.org/fhir/us/qicore/StructureDefinition/qicore-practitioner" ]
      },
      "identifier": [ {
        "use": "temp",
        "system": "urn:oid:2.16.840.1.113883.4.336",
        "value": "Practitioner-23"
      } ],
      "active": true,
      "name": [ {
        "family": "Careful",
        "given": [ "Adam" ],
        "prefix": [ "Dr" ]
      } ],
      "address": [ {
        "use": "home",
        "line": [ "534 Erewhon St" ],
        "city": "PleasantVille",
        "state": "UT",
        "postalCode": "84414"
      } ],
      "qualification": [ {
        "identifier": [ {
          "system": "http://example.org/UniversityIdentifier",
          "value": "12345"
        } ],
        "code": {
          "coding": [ {
            "system": "http://terminology.hl7.org/CodeSystem/v2-0360|2.7",
            "code": "BS",
            "display": "Bachelor of Science"
          } ],
          "text": "Bachelor of Science"
        },
        "period": {
          "start": "1996"
        },
        "issuer": {
          "display": "Example University"
        }
      } ]
    },
    "request": {
      "method": "PUT",
      "url": "Practitioner/7ac98345-ac65-45d2-9693-bc6e52d0be98"
    }
  }, {
    "fullUrl": "https://madie.cms.gov/MedicationRequest/f9979b1c-3165-47d0-8129-dd539032efe1",
    "resource": {
      "resourceType": "MedicationRequest",
      "id": "f9979b1c-3165-47d0-8129-dd539032efe1",
      "meta": {
        "profile": [ "http://hl7.org/fhir/us/qicore/StructureDefinition/qicore-medicationrequest" ]
      },
      "status": "active",
      "intent": "order",
      "medicationCodeableConcept": {
        "coding": [ {
          "system": "http://www.nlm.nih.gov/research/umls/rxnorm",
          "version": "06052023",
          "code": "1115257",
          "display": "1.5 ML leuprolide acetate 30 MG/ML Prefilled Syringe"
        } ]
      },
      "subject": {
        "reference": "Patient/27fca7ba-ef00-44ec-8d97-919908f42495"
      },
      "authoredOn": "2026-05-04T08:00:00.000+00:00",
      "requester": {
        "reference": "http://myGoodHealthcare.com/fhir/Practitioner/7ac98345-ac65-45d2-9693-bc6e52d0be98"
      },
      "dosageInstruction": [ {
        "timing": {
          "repeat": {
            "boundsPeriod": {
              "start": "2026-05-04T08:00:00.000+00:00",
              "end": "2026-06-04T08:00:00.000+00:00"
            }
          }
        }
      } ]
    },
    "request": {
      "method": "PUT",
      "url": "MedicationRequest/f9979b1c-3165-47d0-8129-dd539032efe1"
    }
  }, {
    "fullUrl": "https://madie.cms.gov/ServiceRequest/ab458209-dfc6-412d-a090-40863a42f92b",
    "resource": {
      "resourceType": "ServiceRequest",
      "id": "ab458209-dfc6-412d-a090-40863a42f92b",
      "meta": {
        "profile": [ "http://hl7.org/fhir/us/qicore/StructureDefinition/qicore-servicerequest" ]
      },
      "status": "active",
      "intent": "order",
      "code": {
        "coding": [ {
          "system": "http://snomed.info/sct",
          "version": "http://snomed.info/sct/731000124108/version/20250301",
          "code": "456381000124102",
          "display": "Injection of leuprolide acetate for twelve month period (regime/therapy)"
        } ]
      },
      "subject": {
        "reference": "Patient/27fca7ba-ef00-44ec-8d97-919908f42495"
      },
      "authoredOn": "2026-05-04T08:00:00.000+00:00"
    },
    "request": {
      "method": "PUT",
      "url": "ServiceRequest/ab458209-dfc6-412d-a090-40863a42f92b"
    }
  }, {
    "fullUrl": "https://madie.cms.gov/MeasureReport/d6614438-4d6d-4bf0-9181-0f86b9bac864",
    "resource": {
      "resourceType": "MeasureReport",
      "id": "d6614438-4d6d-4bf0-9181-0f86b9bac864",
      "meta": {
        "profile": [ "http://hl7.org/fhir/us/cqfmeasures/StructureDefinition/test-case-cqfm" ]
      },
      "contained": [ {
        "resourceType": "Parameters",
        "id": "da32ab50-1973-4f7b-bfc2-ddc643c791bb-parameters",
        "parameter": [ {
          "name": "subject",
          "valueString": "27fca7ba-ef00-44ec-8d97-919908f42495"
        } ]
      } ],
      "extension": [ {
        "url": "http://hl7.org/fhir/StructureDefinition/cqf-inputParameters",
        "valueReference": {
          "reference": "#da32ab50-1973-4f7b-bfc2-ddc643c791bb-parameters"
        }
      }, {
        "url": "http://hl7.org/fhir/us/cqfmeasures/StructureDefinition/cqfm-testCaseDescription",
        "valueMarkdown": "Patient has diagnosis of Prostate Cancer with qualifying encounter(s) in MP  ADT given concurrent with diagnosis. DEXA within 3 mo.  Passes NUMER as expected."
      } ],
      "modifierExtension": [ {
        "url": "http://hl7.org/fhir/us/cqfmeasures/StructureDefinition/cqfm-isTestCase",
        "valueBoolean": true
      } ],
      "status": "complete",
      "type": "individual",
      "measure": "https://madie.cms.gov/Measure/CMS645FHIRBoneDensityPCADTherapy",
      "period": {
        "start": "2026-01-01",
        "end": "2026-12-31"
      },
      "group": [ {
        "id": "Group_1",
        "population": [ {
          "id": "InitialPopulation_1",
          "code": {
            "coding": [ {
              "system": "http://terminology.hl7.org/CodeSystem/measure-population",
              "code": "initial-population",
              "display": "Initial Population"
            } ]
          },
          "count": 1
        }, {
          "id": "Denominator_1",
          "code": {
            "coding": [ {
              "system": "http://terminology.hl7.org/CodeSystem/measure-population",
              "code": "denominator",
              "display": "Denominator"
            } ]
          },
          "count": 1
        }, {
          "id": "Numerator_1",
          "code": {
            "coding": [ {
              "system": "http://terminology.hl7.org/CodeSystem/measure-population",
              "code": "numerator",
              "display": "Numerator"
            } ]
          },
          "count": 1
        }, {
          "id": "DenominatorException_1",
          "code": {
            "coding": [ {
              "system": "http://terminology.hl7.org/CodeSystem/measure-population",
              "code": "denominator-exception",
              "display": "Denominator Exception"
            } ]
          },
          "count": 0
        } ],
        "measureScore": {
          "value": 1.0
        }
      } ],
      "evaluatedResource": [ {
        "reference": "Patient/27fca7ba-ef00-44ec-8d97-919908f42495"
      }, {
        "reference": "Encounter/c1614891-4b04-4dac-8c3b-78ff9d289543"
      }, {
        "reference": "Condition/1b2382f2-2e9a-4c01-a5b2-9cad9837c2bf"
      }, {
        "reference": "Observation/8864b78c-6b6e-4de4-8556-67fe63778ecf"
      }, {
        "reference": "Practitioner/7ac98345-ac65-45d2-9693-bc6e52d0be98"
      }, {
        "reference": "MedicationRequest/f9979b1c-3165-47d0-8129-dd539032efe1"
      }, {
        "reference": "ServiceRequest/ab458209-dfc6-412d-a090-40863a42f92b"
      } ]
    },
    "request": {
      "method": "PUT",
      "url": "MeasureReport/d6614438-4d6d-4bf0-9181-0f86b9bac864"
    }
  } ]
}