{
  "resourceType": "Bundle",
  "id": "612e6aec02c62a011f2ebc65",
  "type": "transaction",
  "entry": [ {
    "fullUrl": "https://madie.cms.gov/Patient/dd35c110-e498-4069-89d2-8d78d4bc6c8d",
    "resource": {
      "resourceType": "Patient",
      "id": "dd35c110-e498-4069-89d2-8d78d4bc6c8d",
      "meta": {
        "profile": [ "http://hl7.org/fhir/us/qicore/StructureDefinition/qicore-patient" ]
      },
      "text": {
        "status": "generated",
        "div": "<div xmlns=\"http://www.w3.org/1999/xhtml\"><div class=\"hapiHeaderText\">TestMultipleOccur_2inNum <b>NUMERPASS </b></div><table class=\"hapiPropertyTable\"><tbody><tr><td>Identifier</td><td>a426534591df58c75882b8cd079c574a27466a15aa34f3b521510f2fa1bc133b</td></tr><tr><td>Date of birth</td><td><span>02 January 1974</span></td></tr></tbody></table></div>"
      },
      "extension": [ {
        "url": "http://hl7.org/fhir/us/core/StructureDefinition/us-core-race",
        "extension": [ {
          "url": "ombCategory",
          "valueCoding": {
            "system": "urn:oid:2.16.840.1.113883.6.238",
            "code": "1002-5",
            "display": "American Indian or Alaska Native",
            "userSelected": true
          }
        }, {
          "url": "text",
          "valueString": "American Indian or Alaska Native"
        } ]
      }, {
        "url": "http://hl7.org/fhir/us/core/StructureDefinition/us-core-ethnicity",
        "extension": [ {
          "url": "ombCategory",
          "valueCoding": {
            "system": "urn:oid:2.16.840.1.113883.6.238",
            "code": "2135-2",
            "display": "Hispanic or Latino",
            "userSelected": true
          }
        }, {
          "url": "text",
          "valueString": "Hispanic or Latino"
        } ]
      } ],
      "identifier": [ {
        "type": {
          "coding": [ {
            "system": "http://terminology.hl7.org/CodeSystem/v2-0203",
            "code": "MR"
          } ]
        },
        "system": "https://bonnie-fhir.healthit.gov/",
        "value": "612e6aec02c62a011f2ebc65"
      } ],
      "active": true,
      "name": [ {
        "use": "usual",
        "family": "NUMERPass",
        "given": [ "TestMultipleOccur_2inNum" ]
      } ],
      "gender": "male",
      "birthDate": "1974-01-02"
    },
    "request": {
      "method": "PUT",
      "url": "Patient/dd35c110-e498-4069-89d2-8d78d4bc6c8d"
    }
  }, {
    "fullUrl": "https://madie.cms.gov/Encounter/66c685fa-5aef-4b8c-bb36-ee8e31371c96",
    "resource": {
      "resourceType": "Encounter",
      "id": "66c685fa-5aef-4b8c-bb36-ee8e31371c96",
      "meta": {
        "profile": [ "http://hl7.org/fhir/us/qicore/StructureDefinition/qicore-encounter" ]
      },
      "status": "finished",
      "class": {
        "system": "http://terminology.hl7.org/CodeSystem/v3-ActCode",
        "code": "IMP",
        "display": "inpatient encounter"
      },
      "type": [ {
        "coding": [ {
          "system": "http://snomed.info/sct",
          "code": "183452005"
        } ]
      } ],
      "subject": {
        "reference": "Patient/dd35c110-e498-4069-89d2-8d78d4bc6c8d"
      },
      "period": {
        "start": "2025-04-01T08:00:00+00:00",
        "end": "2025-04-05T08:15:00+00:00"
      },
      "length": {
        "value": 4.0,
        "unit": "days"
      }
    },
    "request": {
      "method": "PUT",
      "url": "Encounter/66c685fa-5aef-4b8c-bb36-ee8e31371c96"
    }
  }, {
    "fullUrl": "https://madie.cms.gov/Encounter/3920f057-2c21-4a92-abbe-2e7fada8cda1",
    "resource": {
      "resourceType": "Encounter",
      "id": "3920f057-2c21-4a92-abbe-2e7fada8cda1",
      "meta": {
        "profile": [ "http://hl7.org/fhir/us/qicore/StructureDefinition/qicore-encounter" ]
      },
      "status": "finished",
      "class": {
        "system": "http://terminology.hl7.org/CodeSystem/v3-ActCode",
        "code": "IMP",
        "display": "inpatient encounter"
      },
      "type": [ {
        "coding": [ {
          "system": "http://snomed.info/sct",
          "code": "8715000"
        } ]
      } ],
      "subject": {
        "reference": "Patient/dd35c110-e498-4069-89d2-8d78d4bc6c8d"
      },
      "period": {
        "start": "2025-11-01T08:00:00+00:00",
        "end": "2025-11-26T08:15:00+00:00"
      },
      "length": {
        "value": 25.0,
        "unit": "days"
      }
    },
    "request": {
      "method": "PUT",
      "url": "Encounter/3920f057-2c21-4a92-abbe-2e7fada8cda1"
    }
  }, {
    "fullUrl": "https://madie.cms.gov/Coverage/f72cfc94-0dae-4cc6-9e08-029baa01e67c",
    "resource": {
      "resourceType": "Coverage",
      "id": "f72cfc94-0dae-4cc6-9e08-029baa01e67c",
      "status": "active",
      "beneficiary": {
        "reference": "Patient/dd35c110-e498-4069-89d2-8d78d4bc6c8d"
      },
      "period": {
        "start": "1974-01-02T08:00:00+00:00"
      },
      "payor": [ {
        "reference": "Organization/c7879c56-b3a7-4ea6-bd49-2f2613ae1aaf"
      } ]
    },
    "request": {
      "method": "PUT",
      "url": "Coverage/f72cfc94-0dae-4cc6-9e08-029baa01e67c"
    }
  }, {
    "fullUrl": "https://madie.cms.gov/MedicationAdministration/61e9714f-8b30-436c-ae6a-6e98eb1a9f1d",
    "resource": {
      "resourceType": "MedicationAdministration",
      "id": "61e9714f-8b30-436c-ae6a-6e98eb1a9f1d",
      "meta": {
        "profile": [ "http://hl7.org/fhir/us/qicore/StructureDefinition/qicore-medicationadministration" ]
      },
      "status": "completed",
      "medicationCodeableConcept": {
        "coding": [ {
          "system": "http://www.nlm.nih.gov/research/umls/rxnorm",
          "code": "200349"
        } ]
      },
      "subject": {
        "reference": "Patient/dd35c110-e498-4069-89d2-8d78d4bc6c8d"
      },
      "effectivePeriod": {
        "start": "2025-11-01T07:00:00+00:00"
      }
    },
    "request": {
      "method": "PUT",
      "url": "MedicationAdministration/61e9714f-8b30-436c-ae6a-6e98eb1a9f1d"
    }
  }, {
    "fullUrl": "https://madie.cms.gov/Procedure/aa28865f-1380-41e0-8ac2-a017531b229e",
    "resource": {
      "resourceType": "Procedure",
      "id": "aa28865f-1380-41e0-8ac2-a017531b229e",
      "meta": {
        "profile": [ "http://hl7.org/fhir/us/qicore/StructureDefinition/qicore-procedure" ]
      },
      "extension": [ {
        "url": "http://hl7.org/fhir/us/qicore/StructureDefinition/qicore-recorded",
        "valueDateTime": "2012-11-01T09:35:00-04:00"
      } ],
      "status": "completed",
      "code": {
        "coding": [ {
          "system": "http://snomed.info/sct",
          "code": "442410008",
          "display": "Application of venous foot pump (procedure)"
        } ]
      },
      "subject": {
        "reference": "Patient/dd35c110-e498-4069-89d2-8d78d4bc6c8d"
      },
      "performedPeriod": {
        "start": "2025-04-01T08:00:00.000+00:00",
        "end": "2025-04-01T08:15:00.000+00:00"
      }
    },
    "request": {
      "method": "PUT",
      "url": "Procedure/aa28865f-1380-41e0-8ac2-a017531b229e"
    }
  }, {
    "fullUrl": "https://madie.cms.gov/Organization/c7879c56-b3a7-4ea6-bd49-2f2613ae1aaf",
    "resource": {
      "resourceType": "Organization",
      "id": "c7879c56-b3a7-4ea6-bd49-2f2613ae1aaf",
      "meta": {
        "profile": [ "http://hl7.org/fhir/us/qicore/StructureDefinition/qicore-organization" ]
      },
      "identifier": [ {
        "use": "temp",
        "system": "urn:oid:2.16.840.1.113883.4.4",
        "value": "21-3259825"
      } ],
      "active": true,
      "type": [ {
        "coding": [ {
          "system": "http://terminology.hl7.org/CodeSystem/organization-type",
          "code": "pay",
          "display": "Payer"
        } ]
      } ],
      "name": "Blue Cross Blue Shield of Texas",
      "telecom": [ {
        "system": "phone",
        "value": "(+1) 972-766-6900"
      } ],
      "address": [ {
        "use": "billing",
        "type": "postal",
        "line": [ "P.O. Box 660044" ],
        "city": "Dallas",
        "state": "TX",
        "postalCode": "75266-0044",
        "country": "USA"
      } ]
    },
    "request": {
      "method": "PUT",
      "url": "Organization/c7879c56-b3a7-4ea6-bd49-2f2613ae1aaf"
    }
  }, {
    "fullUrl": "https://madie.cms.gov/Practitioner/bff8dcaf-e92b-4b77-b77b-6c1e842199a0",
    "resource": {
      "resourceType": "Practitioner",
      "id": "bff8dcaf-e92b-4b77-b77b-6c1e842199a0",
      "identifier": [ {
        "system": "http://hl7.org/fhir/sid/us-npi",
        "value": "123456"
      } ],
      "name": [ {
        "family": "Evil",
        "prefix": [ "Dr" ]
      } ]
    },
    "request": {
      "method": "PUT",
      "url": "Practitioner/bff8dcaf-e92b-4b77-b77b-6c1e842199a0"
    }
  }, {
    "fullUrl": "https://madie.cms.gov/MeasureReport/af26f23a-1416-416f-a1de-24508045daa7",
    "resource": {
      "resourceType": "MeasureReport",
      "id": "af26f23a-1416-416f-a1de-24508045daa7",
      "meta": {
        "profile": [ "http://hl7.org/fhir/us/cqfmeasures/StructureDefinition/test-case-cqfm" ]
      },
      "contained": [ {
        "resourceType": "Parameters",
        "id": "69bc8947-db89-48ab-96a3-37eae11b16ac-parameters",
        "parameter": [ {
          "name": "subject",
          "valueString": "dd35c110-e498-4069-89d2-8d78d4bc6c8d"
        } ]
      } ],
      "extension": [ {
        "url": "http://hl7.org/fhir/us/cqfmeasures/StructureDefinition/cqfm-inputParameters",
        "valueReference": {
          "reference": "#69bc8947-db89-48ab-96a3-37eae11b16ac-parameters"
        }
      }, {
        "url": "http://hl7.org/fhir/us/cqfmeasures/StructureDefinition/cqfm-testCaseDescription",
        "valueMarkdown": "TestMultipleOccur - 2 occurrences both pass NUMERATOR - even 2nd one Medication: Administered: Glycoprotein IIb/IIIa Inhibitors was prior to Adm but it still passes due to on the day of adm\n"
      } ],
      "modifierExtension": [ {
        "url": "http://hl7.org/fhir/us/cqfmeasures/StructureDefinition/cqfm-isTestCase",
        "valueBoolean": true
      } ],
      "status": "complete",
      "type": "individual",
      "measure": "https://madie.cms.gov/Measure/VenousThromboembolismProphylaxisFHIR",
      "period": {
        "start": "2025-01-01",
        "end": "2025-12-31"
      },
      "group": [ {
        "population": [ {
          "code": {
            "coding": [ {
              "system": "http://terminology.hl7.org/CodeSystem/measure-population",
              "code": "initial-population",
              "display": "Initial Population"
            } ]
          },
          "count": 2
        }, {
          "code": {
            "coding": [ {
              "system": "http://terminology.hl7.org/CodeSystem/measure-population",
              "code": "denominator",
              "display": "Denominator"
            } ]
          },
          "count": 2
        }, {
          "code": {
            "coding": [ {
              "system": "http://terminology.hl7.org/CodeSystem/measure-population",
              "code": "denominator-exclusion",
              "display": "Denominator Exclusion"
            } ]
          },
          "count": 0
        }, {
          "code": {
            "coding": [ {
              "system": "http://terminology.hl7.org/CodeSystem/measure-population",
              "code": "numerator",
              "display": "Numerator"
            } ]
          },
          "count": 2
        } ]
      } ],
      "evaluatedResource": [ {
        "reference": "Patient/dd35c110-e498-4069-89d2-8d78d4bc6c8d"
      }, {
        "reference": "Encounter/66c685fa-5aef-4b8c-bb36-ee8e31371c96"
      }, {
        "reference": "Encounter/3920f057-2c21-4a92-abbe-2e7fada8cda1"
      }, {
        "reference": "Coverage/f72cfc94-0dae-4cc6-9e08-029baa01e67c"
      }, {
        "reference": "MedicationAdministration/61e9714f-8b30-436c-ae6a-6e98eb1a9f1d"
      }, {
        "reference": "Procedure/aa28865f-1380-41e0-8ac2-a017531b229e"
      }, {
        "reference": "Organization/c7879c56-b3a7-4ea6-bd49-2f2613ae1aaf"
      }, {
        "reference": "Practitioner/bff8dcaf-e92b-4b77-b77b-6c1e842199a0"
      } ]
    },
    "request": {
      "method": "PUT",
      "url": "MeasureReport/af26f23a-1416-416f-a1de-24508045daa7"
    }
  } ]
}