{
  "resourceType": "Bundle",
  "id": "60abda28bf0a01003e3f76bd",
  "type": "transaction",
  "entry": [ {
    "fullUrl": "https://madie.cms.gov/Patient/27fca7ba-ef00-44ec-8d97-919908f42495",
    "resource": {
      "resourceType": "Patient",
      "id": "27fca7ba-ef00-44ec-8d97-919908f42495",
      "meta": {
        "profile": [ "http://hl7.org/fhir/us/qicore/StructureDefinition/qicore-patient" ]
      },
      "extension": [ {
        "url": "http://hl7.org/fhir/us/core/StructureDefinition/us-core-race",
        "extension": [ {
          "url": "ombCategory",
          "valueCoding": {
            "system": "urn:oid:2.16.840.1.113883.6.238",
            "code": "2054-5",
            "display": "Black or African American"
          }
        }, {
          "url": "text",
          "valueString": "Black or African American"
        } ]
      }, {
        "url": "http://hl7.org/fhir/us/core/StructureDefinition/us-core-ethnicity",
        "extension": [ {
          "url": "ombCategory",
          "valueCoding": {
            "system": "urn:oid:2.16.840.1.113883.6.238",
            "code": "2186-5",
            "display": "Not Hispanic or Latino"
          }
        }, {
          "url": "text",
          "valueString": "Not Hispanic or Latino"
        } ]
      } ],
      "identifier": [ {
        "type": {
          "coding": [ {
            "system": "http://terminology.hl7.org/CodeSystem/v2-0203",
            "code": "MR"
          } ]
        },
        "system": "https://bonnie-fhir.healthit.gov/",
        "value": "463131313187656"
      } ],
      "name": [ {
        "family": "NUMERPass",
        "given": [ "ADTConcurrentWithDx" ]
      } ],
      "gender": "male",
      "birthDate": "1974-06-15"
    },
    "request": {
      "method": "PUT",
      "url": "Patient/27fca7ba-ef00-44ec-8d97-919908f42495"
    }
  }, {
    "fullUrl": "https://madie.cms.gov/Encounter/77f245ba-8684-41be-a6f4-d38469c9f354",
    "resource": {
      "resourceType": "Encounter",
      "id": "77f245ba-8684-41be-a6f4-d38469c9f354",
      "meta": {
        "profile": [ "http://hl7.org/fhir/us/qicore/StructureDefinition/qicore-encounter" ]
      },
      "status": "finished",
      "class": {
        "system": "http://terminology.hl7.org/CodeSystem/v3-ActCode",
        "code": "AMB",
        "display": "ambulatory"
      },
      "type": [ {
        "coding": [ {
          "system": "http://snomed.info/sct",
          "version": "http://snomed.info/sct/731000124108/version/20240301",
          "code": "185463005",
          "display": "Visit out of hours (procedure)"
        } ]
      } ],
      "subject": {
        "reference": "Patient/27fca7ba-ef00-44ec-8d97-919908f42495"
      },
      "period": {
        "start": "2026-05-01T08:00:00.000+00:00",
        "end": "2026-05-04T08:15:00.000+00:00"
      }
    },
    "request": {
      "method": "PUT",
      "url": "Encounter/77f245ba-8684-41be-a6f4-d38469c9f354"
    }
  }, {
    "fullUrl": "https://madie.cms.gov/Condition/59ef4787-89c2-4637-96c7-94cb0aea810c",
    "resource": {
      "resourceType": "Condition",
      "id": "59ef4787-89c2-4637-96c7-94cb0aea810c",
      "meta": {
        "profile": [ "http://hl7.org/fhir/us/qicore/StructureDefinition/qicore-condition-problems-health-concerns" ]
      },
      "clinicalStatus": {
        "coding": [ {
          "system": "http://terminology.hl7.org/CodeSystem/condition-clinical",
          "code": "active",
          "display": "Active",
          "userSelected": true
        } ]
      },
      "verificationStatus": {
        "coding": [ {
          "system": "http://terminology.hl7.org/CodeSystem/condition-ver-status",
          "code": "confirmed"
        } ]
      },
      "category": [ {
        "coding": [ {
          "system": "http://terminology.hl7.org/CodeSystem/condition-category",
          "code": "problem-list-item",
          "display": "Problem List Item"
        } ]
      } ],
      "code": {
        "coding": [ {
          "system": "http://snomed.info/sct",
          "version": "http://snomed.info/sct/731000124108/version/20240301",
          "code": "254900004",
          "display": "Carcinoma of prostate (disorder)"
        } ]
      },
      "subject": {
        "reference": "Patient/27fca7ba-ef00-44ec-8d97-919908f42495"
      },
      "onsetPeriod": {
        "start": "2026-05-04T08:00:00.000+00:00"
      }
    },
    "request": {
      "method": "PUT",
      "url": "Condition/59ef4787-89c2-4637-96c7-94cb0aea810c"
    }
  }, {
    "fullUrl": "https://madie.cms.gov/Observation/2dde9c02-f0cf-4a81-a88d-daa6b78b9d47",
    "resource": {
      "resourceType": "Observation",
      "id": "2dde9c02-f0cf-4a81-a88d-daa6b78b9d47",
      "meta": {
        "profile": [ "http://hl7.org/fhir/us/qicore/StructureDefinition/qicore-observation-lab" ]
      },
      "status": "final",
      "category": [ {
        "coding": [ {
          "system": "http://terminology.hl7.org/CodeSystem/observation-category",
          "code": "imaging",
          "display": "Imaging"
        } ]
      } ],
      "code": {
        "coding": [ {
          "system": "http://loinc.org",
          "version": "2.76",
          "code": "38265-5",
          "display": "DXA Radius and Ulna [T-score] Bone density"
        } ]
      },
      "subject": {
        "reference": "Patient/27fca7ba-ef00-44ec-8d97-919908f42495"
      },
      "effectivePeriod": {
        "start": "2026-08-01T10:00:00.000+00:00"
      }
    },
    "request": {
      "method": "PUT",
      "url": "Observation/2dde9c02-f0cf-4a81-a88d-daa6b78b9d47"
    }
  }, {
    "fullUrl": "https://madie.cms.gov/Practitioner/c2dcced1-f985-4f4f-912a-26e8fb206558",
    "resource": {
      "resourceType": "Practitioner",
      "id": "c2dcced1-f985-4f4f-912a-26e8fb206558",
      "meta": {
        "profile": [ "http://hl7.org/fhir/us/qicore/StructureDefinition/qicore-practitioner" ]
      },
      "identifier": [ {
        "use": "temp",
        "system": "urn:oid:2.16.840.1.113883.4.336",
        "value": "Practitioner-23"
      } ],
      "active": true,
      "name": [ {
        "family": "Careful",
        "given": [ "Adam" ],
        "prefix": [ "Dr" ]
      } ],
      "address": [ {
        "use": "home",
        "line": [ "534 Erewhon St" ],
        "city": "PleasantVille",
        "state": "UT",
        "postalCode": "84414"
      } ],
      "qualification": [ {
        "identifier": [ {
          "system": "http://example.org/UniversityIdentifier",
          "value": "12345"
        } ],
        "code": {
          "coding": [ {
            "system": "http://terminology.hl7.org/CodeSystem/v2-0360|2.7",
            "code": "BS",
            "display": "Bachelor of Science"
          } ],
          "text": "Bachelor of Science"
        },
        "period": {
          "start": "1996"
        },
        "issuer": {
          "display": "Example University"
        }
      } ]
    },
    "request": {
      "method": "PUT",
      "url": "Practitioner/c2dcced1-f985-4f4f-912a-26e8fb206558"
    }
  }, {
    "fullUrl": "https://madie.cms.gov/MedicationRequest/f6a4b965-dcd0-4ad3-b038-454d2b6f1c61",
    "resource": {
      "resourceType": "MedicationRequest",
      "id": "f6a4b965-dcd0-4ad3-b038-454d2b6f1c61",
      "meta": {
        "profile": [ "http://hl7.org/fhir/us/qicore/StructureDefinition/qicore-medicationrequest" ]
      },
      "status": "active",
      "intent": "order",
      "medicationCodeableConcept": {
        "coding": [ {
          "system": "http://www.nlm.nih.gov/research/umls/rxnorm",
          "version": "04012024",
          "code": "1115257",
          "display": "1.5 ML leuprolide acetate 30 MG/ML Prefilled Syringe"
        } ]
      },
      "subject": {
        "reference": "Patient/27fca7ba-ef00-44ec-8d97-919908f42495"
      },
      "authoredOn": "2026-05-04T08:00:00.000+00:00",
      "requester": {
        "reference": "http://myGoodHealthcare.com/fhir/Practitioner/c2dcced1-f985-4f4f-912a-26e8fb206558"
      },
      "dosageInstruction": [ {
        "timing": {
          "repeat": {
            "boundsPeriod": {
              "start": "2026-05-04T08:00:00.000+00:00",
              "end": "2026-06-04T08:00:00.000+00:00"
            }
          }
        }
      } ]
    },
    "request": {
      "method": "PUT",
      "url": "MedicationRequest/f6a4b965-dcd0-4ad3-b038-454d2b6f1c61"
    }
  }, {
    "fullUrl": "https://madie.cms.gov/ServiceRequest/2130ef6b-db1b-465a-b9be-9b754655e046",
    "resource": {
      "resourceType": "ServiceRequest",
      "id": "2130ef6b-db1b-465a-b9be-9b754655e046",
      "meta": {
        "profile": [ "http://hl7.org/fhir/us/qicore/StructureDefinition/qicore-servicerequest" ]
      },
      "status": "active",
      "intent": "order",
      "code": {
        "coding": [ {
          "system": "http://snomed.info/sct",
          "version": "http://snomed.info/sct/731000124108/version/20240301",
          "code": "456381000124102",
          "display": "Injection of leuprolide acetate for twelve month period (regime/therapy)"
        } ]
      },
      "subject": {
        "reference": "Patient/27fca7ba-ef00-44ec-8d97-919908f42495"
      },
      "authoredOn": "2026-05-04T08:00:00.000+00:00"
    },
    "request": {
      "method": "PUT",
      "url": "ServiceRequest/2130ef6b-db1b-465a-b9be-9b754655e046"
    }
  }, {
    "fullUrl": "https://madie.cms.gov/MeasureReport/79a9bc8c-3f96-4178-8269-f9fb75afc975",
    "resource": {
      "resourceType": "MeasureReport",
      "id": "79a9bc8c-3f96-4178-8269-f9fb75afc975",
      "meta": {
        "profile": [ "http://hl7.org/fhir/us/cqfmeasures/StructureDefinition/test-case-cqfm" ]
      },
      "contained": [ {
        "resourceType": "Parameters",
        "id": "97ff2b09-297e-4f6a-8636-53420100c55c-parameters",
        "parameter": [ {
          "name": "subject",
          "valueString": "27fca7ba-ef00-44ec-8d97-919908f42495"
        } ]
      } ],
      "extension": [ {
        "url": "http://hl7.org/fhir/StructureDefinition/cqf-inputParameters",
        "valueReference": {
          "reference": "#97ff2b09-297e-4f6a-8636-53420100c55c-parameters"
        }
      }, {
        "url": "http://hl7.org/fhir/us/cqfmeasures/StructureDefinition/cqfm-testCaseDescription",
        "valueMarkdown": "Patient has diagnosis of Prostate Cancer with qualifying encounter(s) in MP  ADT given concurrent with diagnosis. DEXA within 3 mo.  Passes NUMER as expected."
      } ],
      "modifierExtension": [ {
        "url": "http://hl7.org/fhir/us/cqfmeasures/StructureDefinition/cqfm-isTestCase",
        "valueBoolean": true
      } ],
      "status": "complete",
      "type": "individual",
      "measure": "https://madie.cms.gov/Measure/BoneDensityProstateCancerAndrogenDeprivationTherapyFHIR6",
      "period": {
        "start": "2026-01-01",
        "end": "2026-12-31"
      },
      "group": [ {
        "id": "Group_1",
        "population": [ {
          "id": "InitialPopulation_1",
          "code": {
            "coding": [ {
              "system": "http://terminology.hl7.org/CodeSystem/measure-population",
              "code": "initial-population",
              "display": "Initial Population"
            } ]
          },
          "count": 1
        }, {
          "id": "Denominator_1",
          "code": {
            "coding": [ {
              "system": "http://terminology.hl7.org/CodeSystem/measure-population",
              "code": "denominator",
              "display": "Denominator"
            } ]
          },
          "count": 1
        }, {
          "id": "Numerator_1",
          "code": {
            "coding": [ {
              "system": "http://terminology.hl7.org/CodeSystem/measure-population",
              "code": "numerator",
              "display": "Numerator"
            } ]
          },
          "count": 1
        }, {
          "id": "DenominatorException_1",
          "code": {
            "coding": [ {
              "system": "http://terminology.hl7.org/CodeSystem/measure-population",
              "code": "denominator-exception",
              "display": "Denominator Exception"
            } ]
          },
          "count": 0
        } ],
        "measureScore": {
          "value": 1.0
        }
      } ],
      "evaluatedResource": [ {
        "reference": "Patient/27fca7ba-ef00-44ec-8d97-919908f42495"
      }, {
        "reference": "Encounter/77f245ba-8684-41be-a6f4-d38469c9f354"
      }, {
        "reference": "Condition/59ef4787-89c2-4637-96c7-94cb0aea810c"
      }, {
        "reference": "Observation/2dde9c02-f0cf-4a81-a88d-daa6b78b9d47"
      }, {
        "reference": "Practitioner/c2dcced1-f985-4f4f-912a-26e8fb206558"
      }, {
        "reference": "MedicationRequest/f6a4b965-dcd0-4ad3-b038-454d2b6f1c61"
      }, {
        "reference": "ServiceRequest/2130ef6b-db1b-465a-b9be-9b754655e046"
      } ]
    },
    "request": {
      "method": "PUT",
      "url": "MeasureReport/79a9bc8c-3f96-4178-8269-f9fb75afc975"
    }
  } ]
}