{
  "resourceType": "Bundle",
  "id": "60abda28bf0a01003e3f76bd",
  "type": "transaction",
  "entry": [ {
    "fullUrl": "https://madie.cms.gov/Patient/27fca7ba-ef00-44ec-8d97-919908f42495",
    "resource": {
      "resourceType": "Patient",
      "id": "27fca7ba-ef00-44ec-8d97-919908f42495",
      "meta": {
        "profile": [ "http://hl7.org/fhir/us/qicore/StructureDefinition/qicore-patient" ]
      },
      "extension": [ {
        "url": "http://hl7.org/fhir/us/core/StructureDefinition/us-core-race",
        "extension": [ {
          "url": "ombCategory",
          "valueCoding": {
            "system": "urn:oid:2.16.840.1.113883.6.238",
            "code": "2054-5",
            "display": "Black or African American"
          }
        }, {
          "url": "text",
          "valueString": "Black or African American"
        } ]
      }, {
        "url": "http://hl7.org/fhir/us/core/StructureDefinition/us-core-ethnicity",
        "extension": [ {
          "url": "ombCategory",
          "valueCoding": {
            "system": "urn:oid:2.16.840.1.113883.6.238",
            "code": "2186-5",
            "display": "Not Hispanic or Latino"
          }
        }, {
          "url": "text",
          "valueString": "Not Hispanic or Latino"
        } ]
      } ],
      "identifier": [ {
        "type": {
          "coding": [ {
            "system": "http://terminology.hl7.org/CodeSystem/v2-0203",
            "code": "MR"
          } ]
        },
        "system": "https://bonnie-fhir.healthit.gov/",
        "value": "463131313187656"
      } ],
      "name": [ {
        "family": "NUMERPass",
        "given": [ "ADTConcurrentWithDx" ]
      } ],
      "gender": "male",
      "birthDate": "1973-06-15"
    },
    "request": {
      "method": "PUT",
      "url": "Patient/27fca7ba-ef00-44ec-8d97-919908f42495"
    }
  }, {
    "fullUrl": "https://madie.cms.gov/Encounter/5bb69dd4-5d13-4afc-a4d9-8d57ba85a34a",
    "resource": {
      "resourceType": "Encounter",
      "id": "5bb69dd4-5d13-4afc-a4d9-8d57ba85a34a",
      "meta": {
        "profile": [ "http://hl7.org/fhir/us/qicore/StructureDefinition/qicore-encounter" ]
      },
      "status": "finished",
      "class": {
        "system": "http://terminology.hl7.org/CodeSystem/v3-ActCode",
        "code": "AMB",
        "display": "ambulatory"
      },
      "type": [ {
        "coding": [ {
          "system": "http://snomed.info/sct",
          "version": "http://snomed.info/sct/731000124108/version/20240301",
          "code": "185463005",
          "display": "Visit out of hours (procedure)"
        } ]
      } ],
      "subject": {
        "reference": "Patient/27fca7ba-ef00-44ec-8d97-919908f42495"
      },
      "period": {
        "start": "2025-05-01T08:00:00.000+00:00",
        "end": "2025-05-04T08:15:00.000+00:00"
      }
    },
    "request": {
      "method": "PUT",
      "url": "Encounter/5bb69dd4-5d13-4afc-a4d9-8d57ba85a34a"
    }
  }, {
    "fullUrl": "https://madie.cms.gov/Condition/06498437-9b56-4384-97bc-d6833016dafb",
    "resource": {
      "resourceType": "Condition",
      "id": "06498437-9b56-4384-97bc-d6833016dafb",
      "meta": {
        "profile": [ "http://hl7.org/fhir/us/qicore/StructureDefinition/qicore-condition-problems-health-concerns" ]
      },
      "clinicalStatus": {
        "coding": [ {
          "system": "http://terminology.hl7.org/CodeSystem/condition-clinical",
          "code": "active",
          "display": "Active",
          "userSelected": true
        } ]
      },
      "verificationStatus": {
        "coding": [ {
          "system": "http://terminology.hl7.org/CodeSystem/condition-ver-status",
          "code": "confirmed"
        } ]
      },
      "category": [ {
        "coding": [ {
          "system": "http://terminology.hl7.org/CodeSystem/condition-category",
          "code": "problem-list-item",
          "display": "Problem List Item"
        } ]
      } ],
      "code": {
        "coding": [ {
          "system": "http://snomed.info/sct",
          "version": "http://snomed.info/sct/731000124108/version/20240301",
          "code": "254900004",
          "display": "Carcinoma of prostate (disorder)"
        } ]
      },
      "subject": {
        "reference": "Patient/27fca7ba-ef00-44ec-8d97-919908f42495"
      },
      "onsetPeriod": {
        "start": "2025-05-04T08:00:00.000+00:00"
      }
    },
    "request": {
      "method": "PUT",
      "url": "Condition/06498437-9b56-4384-97bc-d6833016dafb"
    }
  }, {
    "fullUrl": "https://madie.cms.gov/Observation/a8d44cbe-6cb9-4a91-8b51-e13bd783cd52",
    "resource": {
      "resourceType": "Observation",
      "id": "a8d44cbe-6cb9-4a91-8b51-e13bd783cd52",
      "meta": {
        "profile": [ "http://hl7.org/fhir/us/qicore/StructureDefinition/qicore-observation-lab" ]
      },
      "status": "final",
      "category": [ {
        "coding": [ {
          "system": "http://terminology.hl7.org/CodeSystem/observation-category",
          "code": "imaging",
          "display": "Imaging"
        } ]
      } ],
      "code": {
        "coding": [ {
          "system": "http://loinc.org",
          "version": "2.76",
          "code": "38265-5",
          "display": "DXA Radius and Ulna [T-score] Bone density"
        } ]
      },
      "subject": {
        "reference": "Patient/27fca7ba-ef00-44ec-8d97-919908f42495"
      },
      "effectivePeriod": {
        "start": "2025-08-01T10:00:00.000+00:00"
      }
    },
    "request": {
      "method": "PUT",
      "url": "Observation/a8d44cbe-6cb9-4a91-8b51-e13bd783cd52"
    }
  }, {
    "fullUrl": "https://madie.cms.gov/Practitioner/c0cbc30d-4b78-43f6-86d5-f2e73c295aed",
    "resource": {
      "resourceType": "Practitioner",
      "id": "c0cbc30d-4b78-43f6-86d5-f2e73c295aed",
      "meta": {
        "profile": [ "http://hl7.org/fhir/us/qicore/StructureDefinition/qicore-practitioner" ]
      },
      "identifier": [ {
        "use": "temp",
        "system": "urn:oid:2.16.840.1.113883.4.336",
        "value": "Practitioner-23"
      } ],
      "active": true,
      "name": [ {
        "family": "Careful",
        "given": [ "Adam" ],
        "prefix": [ "Dr" ]
      } ],
      "address": [ {
        "use": "home",
        "line": [ "534 Erewhon St" ],
        "city": "PleasantVille",
        "state": "UT",
        "postalCode": "84414"
      } ],
      "qualification": [ {
        "identifier": [ {
          "system": "http://example.org/UniversityIdentifier",
          "value": "12345"
        } ],
        "code": {
          "coding": [ {
            "system": "http://terminology.hl7.org/CodeSystem/v2-0360|2.7",
            "code": "BS",
            "display": "Bachelor of Science"
          } ],
          "text": "Bachelor of Science"
        },
        "period": {
          "start": "1995"
        },
        "issuer": {
          "display": "Example University"
        }
      } ]
    },
    "request": {
      "method": "PUT",
      "url": "Practitioner/c0cbc30d-4b78-43f6-86d5-f2e73c295aed"
    }
  }, {
    "fullUrl": "https://madie.cms.gov/MedicationRequest/c6f40951-b827-495b-959d-c11a03b77fcd",
    "resource": {
      "resourceType": "MedicationRequest",
      "id": "c6f40951-b827-495b-959d-c11a03b77fcd",
      "meta": {
        "profile": [ "http://hl7.org/fhir/us/qicore/StructureDefinition/qicore-medicationrequest" ]
      },
      "status": "active",
      "intent": "order",
      "medicationCodeableConcept": {
        "coding": [ {
          "system": "http://www.nlm.nih.gov/research/umls/rxnorm",
          "version": "04012024",
          "code": "1115257",
          "display": "1.5 ML leuprolide acetate 30 MG/ML Prefilled Syringe"
        } ]
      },
      "subject": {
        "reference": "Patient/27fca7ba-ef00-44ec-8d97-919908f42495"
      },
      "authoredOn": "2025-05-04T08:00:00.000+00:00",
      "requester": {
        "reference": "http://myGoodHealthcare.com/fhir/Practitioner/c0cbc30d-4b78-43f6-86d5-f2e73c295aed"
      },
      "dosageInstruction": [ {
        "timing": {
          "repeat": {
            "boundsPeriod": {
              "start": "2025-05-04T08:00:00.000+00:00",
              "end": "2025-06-04T08:00:00.000+00:00"
            }
          }
        }
      } ]
    },
    "request": {
      "method": "PUT",
      "url": "MedicationRequest/c6f40951-b827-495b-959d-c11a03b77fcd"
    }
  }, {
    "fullUrl": "https://madie.cms.gov/ServiceRequest/cef53cc6-3d4d-4162-8d5e-c66118d1eeb2",
    "resource": {
      "resourceType": "ServiceRequest",
      "id": "cef53cc6-3d4d-4162-8d5e-c66118d1eeb2",
      "meta": {
        "profile": [ "http://hl7.org/fhir/us/qicore/StructureDefinition/qicore-servicerequest" ]
      },
      "status": "active",
      "intent": "order",
      "code": {
        "coding": [ {
          "system": "http://snomed.info/sct",
          "version": "http://snomed.info/sct/731000124108/version/20240301",
          "code": "456381000124102",
          "display": "Injection of leuprolide acetate for twelve month period (regime/therapy)"
        } ]
      },
      "subject": {
        "reference": "Patient/27fca7ba-ef00-44ec-8d97-919908f42495"
      },
      "authoredOn": "2025-05-04T08:00:00.000+00:00"
    },
    "request": {
      "method": "PUT",
      "url": "ServiceRequest/cef53cc6-3d4d-4162-8d5e-c66118d1eeb2"
    }
  }, {
    "fullUrl": "https://madie.cms.gov/MeasureReport/e88fd85c-d76d-4c54-992a-eee5d38eda53",
    "resource": {
      "resourceType": "MeasureReport",
      "id": "e88fd85c-d76d-4c54-992a-eee5d38eda53",
      "meta": {
        "profile": [ "http://hl7.org/fhir/us/cqfmeasures/StructureDefinition/test-case-cqfm" ]
      },
      "contained": [ {
        "resourceType": "Parameters",
        "id": "9e93ea8c-a059-40af-b72f-69755d19c08a-parameters",
        "parameter": [ {
          "name": "subject",
          "valueString": "27fca7ba-ef00-44ec-8d97-919908f42495"
        } ]
      } ],
      "extension": [ {
        "url": "http://hl7.org/fhir/us/cqfmeasures/StructureDefinition/cqfm-inputParameters",
        "valueReference": {
          "reference": "#9e93ea8c-a059-40af-b72f-69755d19c08a-parameters"
        }
      }, {
        "url": "http://hl7.org/fhir/us/cqfmeasures/StructureDefinition/cqfm-testCaseDescription",
        "valueMarkdown": "Patient has diagnosis of Prostate Cancer with qualifying encounter(s) in MP  ADT given concurrent with diagnosis. DEXA within 3 mo.  Passes NUMER as expected."
      } ],
      "modifierExtension": [ {
        "url": "http://hl7.org/fhir/us/cqfmeasures/StructureDefinition/cqfm-isTestCase",
        "valueBoolean": true
      } ],
      "status": "complete",
      "type": "individual",
      "measure": "https://madie.cms.gov/Measure/BoneDensityProstateCancerAndrogenDeprivationTherapyFHIR6",
      "period": {
        "start": "2025-01-01",
        "end": "2025-12-31"
      },
      "group": [ {
        "id": "67b61060a0d801640767a597",
        "population": [ {
          "id": "E8F25116-1779-4BA6-B606-34F12AE4F5BA",
          "code": {
            "coding": [ {
              "system": "http://terminology.hl7.org/CodeSystem/measure-population",
              "code": "initial-population",
              "display": "Initial Population"
            } ]
          },
          "count": 1
        }, {
          "id": "1C145A56-9250-4444-A497-86C44F55CFDB",
          "code": {
            "coding": [ {
              "system": "http://terminology.hl7.org/CodeSystem/measure-population",
              "code": "denominator",
              "display": "Denominator"
            } ]
          },
          "count": 1
        }, {
          "id": "B1E0E3D2-D44E-4BFF-92F8-077CF1AE234F",
          "code": {
            "coding": [ {
              "system": "http://terminology.hl7.org/CodeSystem/measure-population",
              "code": "numerator",
              "display": "Numerator"
            } ]
          },
          "count": 1
        }, {
          "id": "A9552F46-139C-4270-835C-224132205362",
          "code": {
            "coding": [ {
              "system": "http://terminology.hl7.org/CodeSystem/measure-population",
              "code": "denominator-exception",
              "display": "Denominator Exception"
            } ]
          },
          "count": 0
        } ],
        "measureScore": {
          "value": 1.0
        }
      } ],
      "evaluatedResource": [ {
        "reference": "Patient/27fca7ba-ef00-44ec-8d97-919908f42495"
      }, {
        "reference": "Encounter/5bb69dd4-5d13-4afc-a4d9-8d57ba85a34a"
      }, {
        "reference": "Condition/06498437-9b56-4384-97bc-d6833016dafb"
      }, {
        "reference": "Observation/a8d44cbe-6cb9-4a91-8b51-e13bd783cd52"
      }, {
        "reference": "Practitioner/c0cbc30d-4b78-43f6-86d5-f2e73c295aed"
      }, {
        "reference": "MedicationRequest/c6f40951-b827-495b-959d-c11a03b77fcd"
      }, {
        "reference": "ServiceRequest/cef53cc6-3d4d-4162-8d5e-c66118d1eeb2"
      } ]
    },
    "request": {
      "method": "PUT",
      "url": "MeasureReport/e88fd85c-d76d-4c54-992a-eee5d38eda53"
    }
  } ]
}