{
  "resourceType": "Bundle",
  "id": "612e6ab302c62a011f2eafaf",
  "type": "transaction",
  "entry": [ {
    "fullUrl": "https://madie.cms.gov/Patient/e6faece4-6e7a-4565-a1ab-11aa671a2c5e",
    "resource": {
      "resourceType": "Patient",
      "id": "e6faece4-6e7a-4565-a1ab-11aa671a2c5e",
      "meta": {
        "profile": [ "http://hl7.org/fhir/us/qicore/StructureDefinition/qicore-patient" ]
      },
      "text": {
        "status": "generated",
        "div": "<div xmlns=\"http://www.w3.org/1999/xhtml\"><div class=\"hapiHeaderText\">PtRef_DA_GCS_DuringED <b>NUMERPASS </b></div><table class=\"hapiPropertyTable\"><tbody><tr><td>Identifier</td><td>5f7ad5e9fc357bf072546722e2c19e60</td></tr><tr><td>Date of birth</td><td><span>02 January 1974</span></td></tr></tbody></table></div>"
      },
      "extension": [ {
        "url": "http://hl7.org/fhir/us/core/StructureDefinition/us-core-race",
        "extension": [ {
          "url": "ombCategory",
          "valueCoding": {
            "system": "urn:oid:2.16.840.1.113883.6.238",
            "code": "1002-5",
            "display": "American Indian or Alaska Native",
            "userSelected": true
          }
        }, {
          "url": "text",
          "valueString": "American Indian or Alaska Native"
        } ]
      }, {
        "url": "http://hl7.org/fhir/us/core/StructureDefinition/us-core-ethnicity",
        "extension": [ {
          "url": "ombCategory",
          "valueCoding": {
            "system": "urn:oid:2.16.840.1.113883.6.238",
            "code": "2135-2",
            "display": "Hispanic or Latino",
            "userSelected": true
          }
        }, {
          "url": "text",
          "valueString": "Hispanic or Latino"
        } ]
      } ],
      "identifier": [ {
        "type": {
          "coding": [ {
            "system": "http://terminology.hl7.org/CodeSystem/v2-0203",
            "code": "MR"
          } ]
        },
        "system": "https://bonnie-fhir.healthit.gov/",
        "value": "612e6ab302c62a011f2eafaf"
      } ],
      "active": true,
      "name": [ {
        "use": "usual",
        "family": "NUMERPass",
        "given": [ "PtRef_DA_GCS_DuringED" ]
      } ],
      "gender": "male",
      "birthDate": "1974-01-02"
    },
    "request": {
      "method": "PUT",
      "url": "Patient/e6faece4-6e7a-4565-a1ab-11aa671a2c5e"
    }
  }, {
    "fullUrl": "https://madie.cms.gov/Encounter/d40ce9d0-e841-4b87-81b8-3d8089441076",
    "resource": {
      "resourceType": "Encounter",
      "id": "d40ce9d0-e841-4b87-81b8-3d8089441076",
      "meta": {
        "profile": [ "http://hl7.org/fhir/us/qicore/StructureDefinition/qicore-encounter" ]
      },
      "status": "finished",
      "class": {
        "system": "http://terminology.hl7.org/CodeSystem/v3-ActCode",
        "code": "EMER",
        "display": "emergency"
      },
      "type": [ {
        "coding": [ {
          "system": "http://snomed.info/sct",
          "code": "4525004"
        } ]
      } ],
      "subject": {
        "reference": "Patient/e6faece4-6e7a-4565-a1ab-11aa671a2c5e"
      },
      "period": {
        "start": "2025-10-31T05:00:00+00:00",
        "end": "2025-11-01T07:15:00+00:00"
      },
      "length": {
        "value": 1,
        "unit": "days"
      }
    },
    "request": {
      "method": "PUT",
      "url": "Encounter/d40ce9d0-e841-4b87-81b8-3d8089441076"
    }
  }, {
    "fullUrl": "https://madie.cms.gov/Encounter/ed051c7c-df48-4e41-9d0b-0fffcde15054",
    "resource": {
      "resourceType": "Encounter",
      "id": "ed051c7c-df48-4e41-9d0b-0fffcde15054",
      "meta": {
        "profile": [ "http://hl7.org/fhir/us/qicore/StructureDefinition/qicore-encounter" ]
      },
      "status": "finished",
      "class": {
        "system": "http://terminology.hl7.org/CodeSystem/v3-ActCode",
        "code": "IMP",
        "display": "inpatient encounter"
      },
      "type": [ {
        "coding": [ {
          "system": "http://snomed.info/sct",
          "code": "8715000"
        } ]
      } ],
      "subject": {
        "reference": "Patient/e6faece4-6e7a-4565-a1ab-11aa671a2c5e"
      },
      "period": {
        "start": "2025-11-01T08:00:00+00:00",
        "end": "2025-11-26T08:15:00+00:00"
      },
      "length": {
        "value": 25,
        "unit": "days"
      }
    },
    "request": {
      "method": "PUT",
      "url": "Encounter/ed051c7c-df48-4e41-9d0b-0fffcde15054"
    }
  }, {
    "fullUrl": "https://madie.cms.gov/Coverage/4bae335a-cbc3-4a3b-bbf4-60c08b8ef402",
    "resource": {
      "resourceType": "Coverage",
      "id": "4bae335a-cbc3-4a3b-bbf4-60c08b8ef402",
      "status": "active",
      "beneficiary": {
        "reference": "Patient/e6faece4-6e7a-4565-a1ab-11aa671a2c5e"
      },
      "period": {
        "start": "1974-01-02T08:00:00+00:00"
      },
      "payor": [ {
        "reference": "Organization/f1f55e2c-f500-4d54-b0f4-4b4913baa898"
      } ]
    },
    "request": {
      "method": "PUT",
      "url": "Coverage/4bae335a-cbc3-4a3b-bbf4-60c08b8ef402"
    }
  }, {
    "fullUrl": "https://madie.cms.gov/Procedure/fbfcbe7f-aeda-452b-b09f-98ff2cefdc18",
    "resource": {
      "resourceType": "Procedure",
      "id": "fbfcbe7f-aeda-452b-b09f-98ff2cefdc18",
      "meta": {
        "profile": [ "http://hl7.org/fhir/us/qicore/StructureDefinition/qicore-procedurenotdone" ]
      },
      "extension": [ {
        "url": "http://hl7.org/fhir/us/qicore/StructureDefinition/qicore-recorded",
        "valueDateTime": "2025-10-31T17:35:00-04:00"
      } ],
      "status": "not-done",
      "statusReason": {
        "coding": [ {
          "system": "http://snomed.info/sct",
          "code": "443390004",
          "display": "Refusal of treatment by patient (situation)",
          "userSelected": true
        } ]
      },
      "code": {
        "coding": [ {
          "system": "http://snomed.info/sct",
          "version": "2025-03",
          "code": "229511001",
          "display": "Application of graduated compression garment (procedure)",
          "userSelected": true
        } ]
      },
      "subject": {
        "reference": "Patient/e6faece4-6e7a-4565-a1ab-11aa671a2c5e"
      },
      "_performedDateTime": {
        "extension": [ {
          "url": "http://hl7.org/fhir/StructureDefinition/data-absent-reason",
          "valueCode": "not-performed"
        } ]
      }
    },
    "request": {
      "method": "PUT",
      "url": "Procedure/fbfcbe7f-aeda-452b-b09f-98ff2cefdc18"
    }
  }, {
    "fullUrl": "https://madie.cms.gov/Organization/f1f55e2c-f500-4d54-b0f4-4b4913baa898",
    "resource": {
      "resourceType": "Organization",
      "id": "f1f55e2c-f500-4d54-b0f4-4b4913baa898",
      "meta": {
        "profile": [ "http://hl7.org/fhir/us/qicore/StructureDefinition/qicore-organization" ]
      },
      "identifier": [ {
        "use": "temp",
        "system": "urn:oid:2.16.840.1.113883.4.4",
        "value": "21-3259825"
      } ],
      "active": true,
      "type": [ {
        "coding": [ {
          "system": "http://terminology.hl7.org/CodeSystem/organization-type",
          "code": "pay",
          "display": "Payer"
        } ]
      } ],
      "name": "Blue Cross Blue Shield of Texas",
      "telecom": [ {
        "system": "phone",
        "value": "(+1) 972-766-6900"
      } ],
      "address": [ {
        "use": "billing",
        "type": "postal",
        "line": [ "P.O. Box 660044" ],
        "city": "Dallas",
        "state": "TX",
        "postalCode": "75266-0044",
        "country": "USA"
      } ]
    },
    "request": {
      "method": "PUT",
      "url": "Organization/f1f55e2c-f500-4d54-b0f4-4b4913baa898"
    }
  }, {
    "fullUrl": "https://madie.cms.gov/Practitioner/ae0811e8-5a70-4e62-8f5f-2ae441a7a139",
    "resource": {
      "resourceType": "Practitioner",
      "id": "ae0811e8-5a70-4e62-8f5f-2ae441a7a139",
      "identifier": [ {
        "system": "http://hl7.org/fhir/sid/us-npi",
        "value": "123456"
      } ],
      "name": [ {
        "family": "Evil",
        "prefix": [ "Dr" ]
      } ]
    },
    "request": {
      "method": "PUT",
      "url": "Practitioner/ae0811e8-5a70-4e62-8f5f-2ae441a7a139"
    }
  }, {
    "fullUrl": "https://madie.cms.gov/MeasureReport/3b786fd6-8e43-429c-b722-9c8858564a48",
    "resource": {
      "resourceType": "MeasureReport",
      "id": "3b786fd6-8e43-429c-b722-9c8858564a48",
      "meta": {
        "profile": [ "http://hl7.org/fhir/us/cqfmeasures/StructureDefinition/test-case-cqfm" ]
      },
      "contained": [ {
        "resourceType": "Parameters",
        "id": "5c27b15a-3169-4230-b047-8fbe284c9a39-parameters",
        "parameter": [ {
          "name": "subject",
          "valueString": "e6faece4-6e7a-4565-a1ab-11aa671a2c5e"
        } ]
      } ],
      "extension": [ {
        "url": "http://hl7.org/fhir/us/cqfmeasures/StructureDefinition/cqfm-inputParameters",
        "valueReference": {
          "reference": "#5c27b15a-3169-4230-b047-8fbe284c9a39-parameters"
        }
      }, {
        "url": "http://hl7.org/fhir/us/cqfmeasures/StructureDefinition/cqfm-testCaseDescription",
        "valueMarkdown": "GCS refused in ED \n"
      } ],
      "modifierExtension": [ {
        "url": "http://hl7.org/fhir/us/cqfmeasures/StructureDefinition/cqfm-isTestCase",
        "valueBoolean": true
      } ],
      "status": "complete",
      "type": "individual",
      "measure": "https://madie.cms.gov/Measure/VenousThromboembolismProphylaxisFHIR",
      "period": {
        "start": "2025-01-01",
        "end": "2025-12-31"
      },
      "group": [ {
        "population": [ {
          "code": {
            "coding": [ {
              "system": "http://terminology.hl7.org/CodeSystem/measure-population",
              "code": "initial-population",
              "display": "Initial Population"
            } ]
          },
          "count": 1
        }, {
          "code": {
            "coding": [ {
              "system": "http://terminology.hl7.org/CodeSystem/measure-population",
              "code": "denominator",
              "display": "Denominator"
            } ]
          },
          "count": 1
        }, {
          "code": {
            "coding": [ {
              "system": "http://terminology.hl7.org/CodeSystem/measure-population",
              "code": "denominator-exclusion",
              "display": "Denominator Exclusion"
            } ]
          },
          "count": 0
        }, {
          "code": {
            "coding": [ {
              "system": "http://terminology.hl7.org/CodeSystem/measure-population",
              "code": "numerator",
              "display": "Numerator"
            } ]
          },
          "count": 1
        } ]
      } ],
      "evaluatedResource": [ {
        "reference": "Patient/e6faece4-6e7a-4565-a1ab-11aa671a2c5e"
      }, {
        "reference": "Encounter/d40ce9d0-e841-4b87-81b8-3d8089441076"
      }, {
        "reference": "Encounter/ed051c7c-df48-4e41-9d0b-0fffcde15054"
      }, {
        "reference": "Coverage/4bae335a-cbc3-4a3b-bbf4-60c08b8ef402"
      }, {
        "reference": "Procedure/fbfcbe7f-aeda-452b-b09f-98ff2cefdc18"
      }, {
        "reference": "Organization/f1f55e2c-f500-4d54-b0f4-4b4913baa898"
      }, {
        "reference": "Practitioner/ae0811e8-5a70-4e62-8f5f-2ae441a7a139"
      } ]
    },
    "request": {
      "method": "PUT",
      "url": "MeasureReport/3b786fd6-8e43-429c-b722-9c8858564a48"
    }
  } ]
}