{
  "resourceType": "Bundle",
  "id": "612e6aff02c62a011f2ec0bb",
  "type": "transaction",
  "entry": [ {
    "fullUrl": "https://madie.cms.gov/Patient/6d1842ba-4a8d-4a54-9533-5571d65e240a",
    "resource": {
      "resourceType": "Patient",
      "id": "6d1842ba-4a8d-4a54-9533-5571d65e240a",
      "meta": {
        "profile": [ "http://hl7.org/fhir/us/qicore/StructureDefinition/qicore-patient" ]
      },
      "text": {
        "status": "generated",
        "div": "<div xmlns=\"http://www.w3.org/1999/xhtml\"><div class=\"hapiHeaderText\">EncDx_HemStrokeRank2 <b>DENEXFAIL </b></div><table class=\"hapiPropertyTable\"><tbody><tr><td>Identifier</td><td>29c9716eb5f48b54d7b337bf497e0e5e</td></tr><tr><td>Date of birth</td><td><span>01 December 2003</span></td></tr></tbody></table></div>"
      },
      "extension": [ {
        "url": "http://hl7.org/fhir/us/core/StructureDefinition/us-core-race",
        "extension": [ {
          "url": "ombCategory",
          "valueCoding": {
            "system": "urn:oid:2.16.840.1.113883.6.238",
            "code": "1002-5",
            "display": "American Indian or Alaska Native",
            "userSelected": true
          }
        }, {
          "url": "text",
          "valueString": "American Indian or Alaska Native"
        } ]
      }, {
        "url": "http://hl7.org/fhir/us/core/StructureDefinition/us-core-ethnicity",
        "extension": [ {
          "url": "ombCategory",
          "valueCoding": {
            "system": "urn:oid:2.16.840.1.113883.6.238",
            "code": "2135-2",
            "display": "Hispanic or Latino",
            "userSelected": true
          }
        }, {
          "url": "text",
          "valueString": "Hispanic or Latino"
        } ]
      } ],
      "identifier": [ {
        "type": {
          "coding": [ {
            "system": "http://terminology.hl7.org/CodeSystem/v2-0203",
            "code": "MR"
          } ]
        },
        "system": "https://bonnie-fhir.healthit.gov/",
        "value": "612e6aff02c62a011f2ec0bb"
      } ],
      "active": true,
      "name": [ {
        "use": "usual",
        "family": "DENEXFail",
        "given": [ "EncDx_HemStrokeRank2" ]
      } ],
      "gender": "female",
      "birthDate": "2003-11-30"
    },
    "request": {
      "method": "PUT",
      "url": "Patient/6d1842ba-4a8d-4a54-9533-5571d65e240a"
    }
  }, {
    "fullUrl": "https://madie.cms.gov/Encounter/dddbf041-d474-4327-8a22-a64e64b9fb92",
    "resource": {
      "resourceType": "Encounter",
      "id": "dddbf041-d474-4327-8a22-a64e64b9fb92",
      "meta": {
        "profile": [ "http://hl7.org/fhir/us/qicore/StructureDefinition/qicore-encounter" ]
      },
      "status": "finished",
      "class": {
        "system": "http://terminology.hl7.org/CodeSystem/v3-ActCode",
        "code": "IMP",
        "display": "inpatient encounter"
      },
      "type": [ {
        "coding": [ {
          "system": "http://snomed.info/sct",
          "code": "183452005"
        } ]
      } ],
      "subject": {
        "reference": "Patient/6d1842ba-4a8d-4a54-9533-5571d65e240a"
      },
      "period": {
        "start": "2025-12-01T01:00:00.000+00:00",
        "end": "2025-12-31T23:59:00.000+00:00"
      },
      "length": {
        "value": 30,
        "unit": "days"
      },
      "diagnosis": [ {
        "condition": {
          "reference": "Condition/54b1642f-2760-4a7b-8326-19ccffce30b8"
        },
        "use": {
          "coding": [ {
            "system": "http://terminology.hl7.org/CodeSystem/diagnosis-role",
            "code": "billing"
          } ]
        },
        "rank": 2
      } ]
    },
    "request": {
      "method": "PUT",
      "url": "Encounter/dddbf041-d474-4327-8a22-a64e64b9fb92"
    }
  }, {
    "fullUrl": "https://madie.cms.gov/Coverage/da7cb6a5-0dde-44cd-a867-adad1e6728d4",
    "resource": {
      "resourceType": "Coverage",
      "id": "da7cb6a5-0dde-44cd-a867-adad1e6728d4",
      "status": "active",
      "beneficiary": {
        "reference": "Patient/6d1842ba-4a8d-4a54-9533-5571d65e240a"
      },
      "period": {
        "start": "2003-12-01T01:00:00+00:00"
      },
      "payor": [ {
        "reference": "Organization/501853a9-7a06-4952-a55e-af9abb8ddbb7"
      } ]
    },
    "request": {
      "method": "PUT",
      "url": "Coverage/da7cb6a5-0dde-44cd-a867-adad1e6728d4"
    }
  }, {
    "fullUrl": "https://madie.cms.gov/Condition/54b1642f-2760-4a7b-8326-19ccffce30b8",
    "resource": {
      "resourceType": "Condition",
      "id": "54b1642f-2760-4a7b-8326-19ccffce30b8",
      "meta": {
        "profile": [ "http://hl7.org/fhir/us/qicore/StructureDefinition/qicore-condition" ]
      },
      "category": [ {
        "coding": [ {
          "system": "http://terminology.hl7.org/CodeSystem/condition-category",
          "code": "encounter-diagnosis",
          "display": "Encounter Diagnosis"
        } ]
      } ],
      "code": {
        "coding": [ {
          "system": "http://snomed.info/sct",
          "version": "2025-03",
          "code": "195155004",
          "display": "Subarachnoid hemorrhage from carotid siphon and bifurcation (disorder)",
          "userSelected": true
        } ]
      },
      "subject": {
        "reference": "Patient/6d1842ba-4a8d-4a54-9533-5571d65e240a"
      },
      "recordedDate": "2025-07-12T08:00:00.000+00:00"
    },
    "request": {
      "method": "PUT",
      "url": "Condition/54b1642f-2760-4a7b-8326-19ccffce30b8"
    }
  }, {
    "fullUrl": "https://madie.cms.gov/Organization/501853a9-7a06-4952-a55e-af9abb8ddbb7",
    "resource": {
      "resourceType": "Organization",
      "id": "501853a9-7a06-4952-a55e-af9abb8ddbb7",
      "meta": {
        "profile": [ "http://hl7.org/fhir/us/qicore/StructureDefinition/qicore-organization" ]
      },
      "identifier": [ {
        "use": "temp",
        "system": "urn:oid:2.16.840.1.113883.4.4",
        "value": "21-3259825"
      } ],
      "active": true,
      "type": [ {
        "coding": [ {
          "system": "http://terminology.hl7.org/CodeSystem/organization-type",
          "code": "pay",
          "display": "Payer"
        } ]
      } ],
      "name": "Blue Cross Blue Shield of Texas",
      "telecom": [ {
        "system": "phone",
        "value": "(+1) 972-766-6900"
      } ],
      "address": [ {
        "use": "billing",
        "type": "postal",
        "line": [ "P.O. Box 660044" ],
        "city": "Dallas",
        "state": "TX",
        "postalCode": "75266-0044",
        "country": "USA"
      } ]
    },
    "request": {
      "method": "PUT",
      "url": "Organization/501853a9-7a06-4952-a55e-af9abb8ddbb7"
    }
  }, {
    "fullUrl": "https://madie.cms.gov/Practitioner/af6102ce-95f8-4790-8013-466f0bb02219",
    "resource": {
      "resourceType": "Practitioner",
      "id": "af6102ce-95f8-4790-8013-466f0bb02219",
      "identifier": [ {
        "system": "http://hl7.org/fhir/sid/us-npi",
        "value": "123456"
      } ],
      "name": [ {
        "family": "Evil",
        "prefix": [ "Dr" ]
      } ]
    },
    "request": {
      "method": "PUT",
      "url": "Practitioner/af6102ce-95f8-4790-8013-466f0bb02219"
    }
  }, {
    "fullUrl": "https://madie.cms.gov/MeasureReport/ca2e5110-c56d-4f1e-8dff-525ce106ac2b",
    "resource": {
      "resourceType": "MeasureReport",
      "id": "ca2e5110-c56d-4f1e-8dff-525ce106ac2b",
      "meta": {
        "profile": [ "http://hl7.org/fhir/us/cqfmeasures/StructureDefinition/test-case-cqfm" ]
      },
      "contained": [ {
        "resourceType": "Parameters",
        "id": "9bc21741-9419-472d-822a-0c1ee838d4db-parameters",
        "parameter": [ {
          "name": "subject",
          "valueString": "6d1842ba-4a8d-4a54-9533-5571d65e240a"
        } ]
      } ],
      "extension": [ {
        "url": "http://hl7.org/fhir/us/cqfmeasures/StructureDefinition/cqfm-inputParameters",
        "valueReference": {
          "reference": "#9bc21741-9419-472d-822a-0c1ee838d4db-parameters"
        }
      }, {
        "url": "http://hl7.org/fhir/us/cqfmeasures/StructureDefinition/cqfm-testCaseDescription",
        "valueMarkdown": "Encounter Dx of HemStroke without Rank =2 (rank = 0 is not valid value due to QICore).\n"
      } ],
      "modifierExtension": [ {
        "url": "http://hl7.org/fhir/us/cqfmeasures/StructureDefinition/cqfm-isTestCase",
        "valueBoolean": true
      } ],
      "status": "complete",
      "type": "individual",
      "measure": "https://madie.cms.gov/Measure/VenousThromboembolismProphylaxisFHIR",
      "period": {
        "start": "2025-01-01",
        "end": "2025-12-31"
      },
      "group": [ {
        "population": [ {
          "code": {
            "coding": [ {
              "system": "http://terminology.hl7.org/CodeSystem/measure-population",
              "code": "initial-population",
              "display": "Initial Population"
            } ]
          },
          "count": 1
        }, {
          "code": {
            "coding": [ {
              "system": "http://terminology.hl7.org/CodeSystem/measure-population",
              "code": "denominator",
              "display": "Denominator"
            } ]
          },
          "count": 1
        }, {
          "code": {
            "coding": [ {
              "system": "http://terminology.hl7.org/CodeSystem/measure-population",
              "code": "denominator-exclusion",
              "display": "Denominator Exclusion"
            } ]
          },
          "count": 0
        }, {
          "code": {
            "coding": [ {
              "system": "http://terminology.hl7.org/CodeSystem/measure-population",
              "code": "numerator",
              "display": "Numerator"
            } ]
          },
          "count": 0
        } ]
      } ],
      "evaluatedResource": [ {
        "reference": "Patient/6d1842ba-4a8d-4a54-9533-5571d65e240a"
      }, {
        "reference": "Encounter/dddbf041-d474-4327-8a22-a64e64b9fb92"
      }, {
        "reference": "Coverage/da7cb6a5-0dde-44cd-a867-adad1e6728d4"
      }, {
        "reference": "Condition/54b1642f-2760-4a7b-8326-19ccffce30b8"
      }, {
        "reference": "Organization/501853a9-7a06-4952-a55e-af9abb8ddbb7"
      }, {
        "reference": "Practitioner/af6102ce-95f8-4790-8013-466f0bb02219"
      } ]
    },
    "request": {
      "method": "PUT",
      "url": "MeasureReport/ca2e5110-c56d-4f1e-8dff-525ce106ac2b"
    }
  } ]
}