{
  "resourceType": "Bundle",
  "id": "351354132152464",
  "type": "transaction",
  "entry": [ {
    "fullUrl": "https://madie.cms.gov/Patient/8c41481d-f89e-4113-ba12-df7c53e93d80",
    "resource": {
      "resourceType": "Patient",
      "id": "8c41481d-f89e-4113-ba12-df7c53e93d80",
      "meta": {
        "profile": [ "http://hl7.org/fhir/us/qicore/StructureDefinition/qicore-patient" ]
      },
      "extension": [ {
        "url": "http://hl7.org/fhir/us/core/StructureDefinition/us-core-race",
        "extension": [ {
          "url": "ombCategory",
          "valueCoding": {
            "system": "urn:oid:2.16.840.1.113883.6.238",
            "code": "1002-5",
            "display": "American Indian or Alaska Native",
            "userSelected": true
          }
        }, {
          "url": "text",
          "valueString": "American Indian or Alaska Native"
        } ]
      }, {
        "url": "http://hl7.org/fhir/us/core/StructureDefinition/us-core-ethnicity",
        "extension": [ {
          "url": "ombCategory",
          "valueCoding": {
            "system": "urn:oid:2.16.840.1.113883.6.238",
            "code": "2135-2",
            "display": "Hispanic or Latino",
            "userSelected": true
          }
        }, {
          "url": "text",
          "valueString": "Hispanic or Latino"
        } ]
      } ],
      "identifier": [ {
        "type": {
          "coding": [ {
            "system": "http://terminology.hl7.org/CodeSystem/v2-0203",
            "code": "MR"
          } ]
        },
        "system": "https://bonnie-fhir.healthit.gov/",
        "value": "62bc55a63e113102f8cedc5b"
      } ],
      "name": [ {
        "family": "DENEXCEPPass",
        "given": [ "DEXANotPerformedPtRefusedEdge" ]
      } ],
      "gender": "male",
      "birthDate": "1960-08-09"
    },
    "request": {
      "method": "PUT",
      "url": "Patient/8c41481d-f89e-4113-ba12-df7c53e93d80"
    }
  }, {
    "fullUrl": "https://madie.cms.gov/Encounter/275c1cfa-f9bc-4f7b-b3f7-7c4eb5bc571d",
    "resource": {
      "resourceType": "Encounter",
      "id": "275c1cfa-f9bc-4f7b-b3f7-7c4eb5bc571d",
      "meta": {
        "profile": [ "http://hl7.org/fhir/us/qicore/StructureDefinition/qicore-encounter" ]
      },
      "status": "finished",
      "class": {
        "system": "http://terminology.hl7.org/CodeSystem/v3-ActCode",
        "code": "AMB",
        "display": "ambulatory"
      },
      "type": [ {
        "coding": [ {
          "system": "http://snomed.info/sct",
          "version": "2021-09",
          "code": "185463005",
          "display": "Visit out of hours (procedure)"
        } ]
      } ],
      "subject": {
        "reference": "Patient/8c41481d-f89e-4113-ba12-df7c53e93d80"
      },
      "period": {
        "start": "2026-02-03T08:00:00.000+00:00",
        "end": "2026-02-03T08:15:00.000+00:00"
      }
    },
    "request": {
      "method": "PUT",
      "url": "Encounter/275c1cfa-f9bc-4f7b-b3f7-7c4eb5bc571d"
    }
  }, {
    "fullUrl": "https://madie.cms.gov/Condition/52ec52a4-5cb0-4917-a48c-d4241940d82e",
    "resource": {
      "resourceType": "Condition",
      "id": "52ec52a4-5cb0-4917-a48c-d4241940d82e",
      "meta": {
        "profile": [ "http://hl7.org/fhir/us/qicore/StructureDefinition/qicore-condition-problems-health-concerns" ]
      },
      "clinicalStatus": {
        "coding": [ {
          "system": "http://terminology.hl7.org/CodeSystem/condition-clinical",
          "code": "active"
        } ]
      },
      "verificationStatus": {
        "coding": [ {
          "system": "http://terminology.hl7.org/CodeSystem/condition-ver-status",
          "code": "confirmed"
        } ]
      },
      "category": [ {
        "coding": [ {
          "system": "http://terminology.hl7.org/CodeSystem/condition-category",
          "code": "problem-list-item",
          "display": "Problem List Item"
        } ]
      } ],
      "code": {
        "coding": [ {
          "system": "http://snomed.info/sct",
          "version": "2021-09",
          "code": "254900004",
          "display": "Carcinoma of prostate (disorder)",
          "userSelected": true
        } ]
      },
      "subject": {
        "reference": "Patient/8c41481d-f89e-4113-ba12-df7c53e93d80"
      },
      "onsetPeriod": {
        "start": "2026-02-03T08:00:00.000+00:00"
      }
    },
    "request": {
      "method": "PUT",
      "url": "Condition/52ec52a4-5cb0-4917-a48c-d4241940d82e"
    }
  }, {
    "fullUrl": "https://madie.cms.gov/MedicationRequest/0fa95d99-b654-4658-8861-a2cf36dd3951",
    "resource": {
      "resourceType": "MedicationRequest",
      "id": "0fa95d99-b654-4658-8861-a2cf36dd3951",
      "meta": {
        "profile": [ "http://hl7.org/fhir/us/qicore/StructureDefinition/qicore-medicationrequest" ]
      },
      "status": "active",
      "intent": "order",
      "medicationCodeableConcept": {
        "coding": [ {
          "system": "http://www.nlm.nih.gov/research/umls/rxnorm",
          "code": "1115257",
          "display": "1.5 ML leuprolide acetate 30 MG/ML Prefilled Syringe",
          "userSelected": true
        } ]
      },
      "subject": {
        "reference": "Patient/8c41481d-f89e-4113-ba12-df7c53e93d80"
      },
      "authoredOn": "2026-02-03T08:00:00.000+00:00",
      "requester": {
        "reference": "http://myGoodHealthcare.com/fhir/Practitioner/0966a9cb-2635-43e7-8aaf-89673f2c968c"
      },
      "dosageInstruction": [ {
        "timing": {
          "repeat": {
            "boundsPeriod": {
              "start": "2026-02-03T08:00:00.000+00:00",
              "end": "2026-03-03T08:00:00.000+00:00"
            }
          }
        }
      } ]
    },
    "request": {
      "method": "PUT",
      "url": "MedicationRequest/0fa95d99-b654-4658-8861-a2cf36dd3951"
    }
  }, {
    "fullUrl": "https://madie.cms.gov/ServiceRequest/729b7524-32fe-4e4c-bcc7-db0da75d3ae3",
    "resource": {
      "resourceType": "ServiceRequest",
      "id": "729b7524-32fe-4e4c-bcc7-db0da75d3ae3",
      "meta": {
        "profile": [ "http://hl7.org/fhir/us/qicore/StructureDefinition/qicore-servicenotrequested" ]
      },
      "extension": [ {
        "url": "http://hl7.org/fhir/us/qicore/StructureDefinition/qicore-doNotPerformReason",
        "valueCodeableConcept": {
          "coding": [ {
            "system": "http://snomed.info/sct",
            "code": "105480006",
            "display": "Refusal of treatment by patient (situation)",
            "userSelected": true
          } ]
        }
      } ],
      "status": "completed",
      "intent": "order",
      "doNotPerform": true,
      "code": {
        "coding": [ {
          "system": "http://loinc.org",
          "version": "2.71",
          "code": "38265-5",
          "display": "DXA Radius and Ulna [T-score] Bone density",
          "userSelected": true
        } ]
      },
      "subject": {
        "reference": "Patient/8c41481d-f89e-4113-ba12-df7c53e93d80"
      },
      "authoredOn": "2026-02-03T08:00:00.000+00:00"
    },
    "request": {
      "method": "PUT",
      "url": "ServiceRequest/729b7524-32fe-4e4c-bcc7-db0da75d3ae3"
    }
  }, {
    "fullUrl": "https://madie.cms.gov/ServiceRequest/d52b50f8-777c-40f4-9850-35b77177042d",
    "resource": {
      "resourceType": "ServiceRequest",
      "id": "d52b50f8-777c-40f4-9850-35b77177042d",
      "meta": {
        "profile": [ "http://hl7.org/fhir/us/qicore/StructureDefinition/qicore-servicerequest" ]
      },
      "status": "active",
      "intent": "order",
      "code": {
        "coding": [ {
          "system": "http://snomed.info/sct",
          "code": "456381000124102",
          "display": "Injection of leuprolide acetate for twelve month period (regime/therapy)"
        } ]
      },
      "subject": {
        "reference": "Patient/8c41481d-f89e-4113-ba12-df7c53e93d80"
      },
      "authoredOn": "2026-02-03T08:00:00.000+00:00"
    },
    "request": {
      "method": "PUT",
      "url": "ServiceRequest/d52b50f8-777c-40f4-9850-35b77177042d"
    }
  }, {
    "fullUrl": "https://madie.cms.gov/Practitioner/0966a9cb-2635-43e7-8aaf-89673f2c968c",
    "resource": {
      "resourceType": "Practitioner",
      "id": "0966a9cb-2635-43e7-8aaf-89673f2c968c",
      "meta": {
        "profile": [ "http://hl7.org/fhir/us/qicore/StructureDefinition/qicore-practitioner" ]
      },
      "identifier": [ {
        "use": "temp",
        "system": "urn:oid:2.16.840.1.113883.4.336",
        "value": "Practitioner-23"
      } ],
      "active": true,
      "name": [ {
        "family": "Careful",
        "given": [ "Adam" ],
        "prefix": [ "Dr" ]
      } ],
      "address": [ {
        "use": "home",
        "line": [ "534 Erewhon St" ],
        "city": "PleasantVille",
        "state": "UT",
        "postalCode": "84414"
      } ],
      "qualification": [ {
        "identifier": [ {
          "system": "http://example.org/UniversityIdentifier",
          "value": "12345"
        } ],
        "code": {
          "coding": [ {
            "system": "http://terminology.hl7.org/CodeSystem/v2-0360|2.7",
            "code": "BS",
            "display": "Bachelor of Science"
          } ],
          "text": "Bachelor of Science"
        },
        "period": {
          "start": "1996"
        },
        "issuer": {
          "display": "Example University"
        }
      } ]
    },
    "request": {
      "method": "PUT",
      "url": "Practitioner/0966a9cb-2635-43e7-8aaf-89673f2c968c"
    }
  }, {
    "fullUrl": "https://madie.cms.gov/MeasureReport/ddc88199-f6ff-4931-beee-12ba3a063bba",
    "resource": {
      "resourceType": "MeasureReport",
      "id": "ddc88199-f6ff-4931-beee-12ba3a063bba",
      "meta": {
        "profile": [ "http://hl7.org/fhir/us/cqfmeasures/StructureDefinition/test-case-cqfm" ]
      },
      "contained": [ {
        "resourceType": "Parameters",
        "id": "56c50a66-848d-4474-9e3b-001da6527802-parameters",
        "parameter": [ {
          "name": "subject",
          "valueString": "8c41481d-f89e-4113-ba12-df7c53e93d80"
        } ]
      } ],
      "extension": [ {
        "url": "http://hl7.org/fhir/StructureDefinition/cqf-inputParameters",
        "valueReference": {
          "reference": "#56c50a66-848d-4474-9e3b-001da6527802-parameters"
        }
      }, {
        "url": "http://hl7.org/fhir/us/cqfmeasures/StructureDefinition/cqfm-testCaseDescription",
        "valueMarkdown": "Dx of Prostate Cancer. Patient refused DEXA at 3 months after ADT. Edge."
      } ],
      "modifierExtension": [ {
        "url": "http://hl7.org/fhir/us/cqfmeasures/StructureDefinition/cqfm-isTestCase",
        "valueBoolean": true
      } ],
      "status": "complete",
      "type": "individual",
      "measure": "https://madie.cms.gov/Measure/BoneDensityProstateCancerAndrogenDeprivationTherapyFHIR6",
      "period": {
        "start": "2026-01-01",
        "end": "2026-12-31"
      },
      "group": [ {
        "id": "Group_1",
        "population": [ {
          "id": "InitialPopulation_1",
          "code": {
            "coding": [ {
              "system": "http://terminology.hl7.org/CodeSystem/measure-population",
              "code": "initial-population",
              "display": "Initial Population"
            } ]
          },
          "count": 1
        }, {
          "id": "Denominator_1",
          "code": {
            "coding": [ {
              "system": "http://terminology.hl7.org/CodeSystem/measure-population",
              "code": "denominator",
              "display": "Denominator"
            } ]
          },
          "count": 1
        }, {
          "id": "Numerator_1",
          "code": {
            "coding": [ {
              "system": "http://terminology.hl7.org/CodeSystem/measure-population",
              "code": "numerator",
              "display": "Numerator"
            } ]
          },
          "count": 0
        }, {
          "id": "DenominatorException_1",
          "code": {
            "coding": [ {
              "system": "http://terminology.hl7.org/CodeSystem/measure-population",
              "code": "denominator-exception",
              "display": "Denominator Exception"
            } ]
          },
          "count": 0
        } ],
        "measureScore": {
          "value": 1.0
        }
      } ],
      "evaluatedResource": [ {
        "reference": "Patient/8c41481d-f89e-4113-ba12-df7c53e93d80"
      }, {
        "reference": "Encounter/275c1cfa-f9bc-4f7b-b3f7-7c4eb5bc571d"
      }, {
        "reference": "Condition/52ec52a4-5cb0-4917-a48c-d4241940d82e"
      }, {
        "reference": "MedicationRequest/0fa95d99-b654-4658-8861-a2cf36dd3951"
      }, {
        "reference": "ServiceRequest/729b7524-32fe-4e4c-bcc7-db0da75d3ae3"
      }, {
        "reference": "ServiceRequest/d52b50f8-777c-40f4-9850-35b77177042d"
      }, {
        "reference": "Practitioner/0966a9cb-2635-43e7-8aaf-89673f2c968c"
      } ]
    },
    "request": {
      "method": "PUT",
      "url": "MeasureReport/ddc88199-f6ff-4931-beee-12ba3a063bba"
    }
  } ]
}