{
  "resourceType": "Bundle",
  "id": "351354132152464",
  "type": "transaction",
  "entry": [ {
    "fullUrl": "https://madie.cms.gov/Patient/8c41481d-f89e-4113-ba12-df7c53e93d80",
    "resource": {
      "resourceType": "Patient",
      "id": "8c41481d-f89e-4113-ba12-df7c53e93d80",
      "meta": {
        "profile": [ "http://hl7.org/fhir/us/qicore/StructureDefinition/qicore-patient" ]
      },
      "extension": [ {
        "url": "http://hl7.org/fhir/us/core/StructureDefinition/us-core-race",
        "extension": [ {
          "url": "ombCategory",
          "valueCoding": {
            "system": "urn:oid:2.16.840.1.113883.6.238",
            "code": "1002-5",
            "display": "American Indian or Alaska Native",
            "userSelected": true
          }
        }, {
          "url": "text",
          "valueString": "American Indian or Alaska Native"
        } ]
      }, {
        "url": "http://hl7.org/fhir/us/core/StructureDefinition/us-core-ethnicity",
        "extension": [ {
          "url": "ombCategory",
          "valueCoding": {
            "system": "urn:oid:2.16.840.1.113883.6.238",
            "code": "2135-2",
            "display": "Hispanic or Latino",
            "userSelected": true
          }
        }, {
          "url": "text",
          "valueString": "Hispanic or Latino"
        } ]
      } ],
      "identifier": [ {
        "type": {
          "coding": [ {
            "system": "http://terminology.hl7.org/CodeSystem/v2-0203",
            "code": "MR"
          } ]
        },
        "system": "https://bonnie-fhir.healthit.gov/",
        "value": "62bc55a63e113102f8cedc5b"
      } ],
      "name": [ {
        "family": "DENEXCEPPass",
        "given": [ "DEXANotPerformedPtRefusedEdge" ]
      } ],
      "gender": "male",
      "birthDate": "1959-08-09"
    },
    "request": {
      "method": "PUT",
      "url": "Patient/8c41481d-f89e-4113-ba12-df7c53e93d80"
    }
  }, {
    "fullUrl": "https://madie.cms.gov/Encounter/b38fe686-57a7-4799-ab0b-7585b0e40501",
    "resource": {
      "resourceType": "Encounter",
      "id": "b38fe686-57a7-4799-ab0b-7585b0e40501",
      "meta": {
        "profile": [ "http://hl7.org/fhir/us/qicore/StructureDefinition/qicore-encounter" ]
      },
      "status": "finished",
      "class": {
        "system": "http://terminology.hl7.org/CodeSystem/v3-ActCode",
        "code": "AMB",
        "display": "ambulatory"
      },
      "type": [ {
        "coding": [ {
          "system": "http://snomed.info/sct",
          "version": "2021-09",
          "code": "185463005",
          "display": "Visit out of hours (procedure)"
        } ]
      } ],
      "subject": {
        "reference": "Patient/8c41481d-f89e-4113-ba12-df7c53e93d80"
      },
      "period": {
        "start": "2025-02-03T08:00:00.000+00:00",
        "end": "2025-02-03T08:15:00.000+00:00"
      }
    },
    "request": {
      "method": "PUT",
      "url": "Encounter/b38fe686-57a7-4799-ab0b-7585b0e40501"
    }
  }, {
    "fullUrl": "https://madie.cms.gov/Condition/db040d61-96a2-431d-981f-87244bea0414",
    "resource": {
      "resourceType": "Condition",
      "id": "db040d61-96a2-431d-981f-87244bea0414",
      "meta": {
        "profile": [ "http://hl7.org/fhir/us/qicore/StructureDefinition/qicore-condition-problems-health-concerns" ]
      },
      "clinicalStatus": {
        "coding": [ {
          "system": "http://terminology.hl7.org/CodeSystem/condition-clinical",
          "code": "active"
        } ]
      },
      "verificationStatus": {
        "coding": [ {
          "system": "http://terminology.hl7.org/CodeSystem/condition-ver-status",
          "code": "confirmed"
        } ]
      },
      "category": [ {
        "coding": [ {
          "system": "http://terminology.hl7.org/CodeSystem/condition-category",
          "code": "problem-list-item",
          "display": "Problem List Item"
        } ]
      } ],
      "code": {
        "coding": [ {
          "system": "http://snomed.info/sct",
          "version": "2021-09",
          "code": "254900004",
          "display": "Carcinoma of prostate (disorder)",
          "userSelected": true
        } ]
      },
      "subject": {
        "reference": "Patient/8c41481d-f89e-4113-ba12-df7c53e93d80"
      },
      "onsetPeriod": {
        "start": "2025-02-03T08:00:00.000+00:00"
      }
    },
    "request": {
      "method": "PUT",
      "url": "Condition/db040d61-96a2-431d-981f-87244bea0414"
    }
  }, {
    "fullUrl": "https://madie.cms.gov/MedicationRequest/823a2a17-f2c6-4575-a995-895ce6d9a432",
    "resource": {
      "resourceType": "MedicationRequest",
      "id": "823a2a17-f2c6-4575-a995-895ce6d9a432",
      "meta": {
        "profile": [ "http://hl7.org/fhir/us/qicore/StructureDefinition/qicore-medicationrequest" ]
      },
      "status": "active",
      "intent": "order",
      "medicationCodeableConcept": {
        "coding": [ {
          "system": "http://www.nlm.nih.gov/research/umls/rxnorm",
          "code": "1115257",
          "display": "1.5 ML leuprolide acetate 30 MG/ML Prefilled Syringe",
          "userSelected": true
        } ]
      },
      "subject": {
        "reference": "Patient/8c41481d-f89e-4113-ba12-df7c53e93d80"
      },
      "authoredOn": "2025-02-03T08:00:00.000+00:00",
      "requester": {
        "reference": "http://myGoodHealthcare.com/fhir/Practitioner/ed044ebf-7d6b-4768-908d-9a95d3eab53b"
      },
      "dosageInstruction": [ {
        "timing": {
          "repeat": {
            "boundsPeriod": {
              "start": "2025-02-03T08:00:00.000+00:00",
              "end": "2025-03-03T08:00:00.000+00:00"
            }
          }
        }
      } ]
    },
    "request": {
      "method": "PUT",
      "url": "MedicationRequest/823a2a17-f2c6-4575-a995-895ce6d9a432"
    }
  }, {
    "fullUrl": "https://madie.cms.gov/ServiceRequest/d3331168-fcc7-4a2f-a506-754e02ff6b1e",
    "resource": {
      "resourceType": "ServiceRequest",
      "id": "d3331168-fcc7-4a2f-a506-754e02ff6b1e",
      "meta": {
        "profile": [ "http://hl7.org/fhir/us/qicore/StructureDefinition/qicore-servicenotrequested" ]
      },
      "extension": [ {
        "url": "http://hl7.org/fhir/us/qicore/StructureDefinition/qicore-doNotPerformReason",
        "valueCodeableConcept": {
          "coding": [ {
            "system": "http://snomed.info/sct",
            "code": "105480006",
            "display": "Refusal of treatment by patient (situation)",
            "userSelected": true
          } ]
        }
      } ],
      "status": "completed",
      "intent": "order",
      "doNotPerform": true,
      "code": {
        "coding": [ {
          "system": "http://loinc.org",
          "version": "2.71",
          "code": "38265-5",
          "display": "DXA Radius and Ulna [T-score] Bone density",
          "userSelected": true
        } ]
      },
      "subject": {
        "reference": "Patient/8c41481d-f89e-4113-ba12-df7c53e93d80"
      },
      "authoredOn": "2025-02-03T08:00:00.000+00:00"
    },
    "request": {
      "method": "PUT",
      "url": "ServiceRequest/d3331168-fcc7-4a2f-a506-754e02ff6b1e"
    }
  }, {
    "fullUrl": "https://madie.cms.gov/ServiceRequest/1d812eaf-3579-4cd0-8460-cffb588cf8e7",
    "resource": {
      "resourceType": "ServiceRequest",
      "id": "1d812eaf-3579-4cd0-8460-cffb588cf8e7",
      "meta": {
        "profile": [ "http://hl7.org/fhir/us/qicore/StructureDefinition/qicore-servicerequest" ]
      },
      "status": "active",
      "intent": "order",
      "code": {
        "coding": [ {
          "system": "http://snomed.info/sct",
          "code": "456381000124102",
          "display": "Injection of leuprolide acetate for twelve month period (regime/therapy)"
        } ]
      },
      "subject": {
        "reference": "Patient/8c41481d-f89e-4113-ba12-df7c53e93d80"
      },
      "authoredOn": "2025-02-03T08:00:00.000+00:00"
    },
    "request": {
      "method": "PUT",
      "url": "ServiceRequest/1d812eaf-3579-4cd0-8460-cffb588cf8e7"
    }
  }, {
    "fullUrl": "https://madie.cms.gov/Practitioner/ed044ebf-7d6b-4768-908d-9a95d3eab53b",
    "resource": {
      "resourceType": "Practitioner",
      "id": "ed044ebf-7d6b-4768-908d-9a95d3eab53b",
      "meta": {
        "profile": [ "http://hl7.org/fhir/us/qicore/StructureDefinition/qicore-practitioner" ]
      },
      "identifier": [ {
        "use": "temp",
        "system": "urn:oid:2.16.840.1.113883.4.336",
        "value": "Practitioner-23"
      } ],
      "active": true,
      "name": [ {
        "family": "Careful",
        "given": [ "Adam" ],
        "prefix": [ "Dr" ]
      } ],
      "address": [ {
        "use": "home",
        "line": [ "534 Erewhon St" ],
        "city": "PleasantVille",
        "state": "UT",
        "postalCode": "84414"
      } ],
      "qualification": [ {
        "identifier": [ {
          "system": "http://example.org/UniversityIdentifier",
          "value": "12345"
        } ],
        "code": {
          "coding": [ {
            "system": "http://terminology.hl7.org/CodeSystem/v2-0360|2.7",
            "code": "BS",
            "display": "Bachelor of Science"
          } ],
          "text": "Bachelor of Science"
        },
        "period": {
          "start": "1995"
        },
        "issuer": {
          "display": "Example University"
        }
      } ]
    },
    "request": {
      "method": "PUT",
      "url": "Practitioner/ed044ebf-7d6b-4768-908d-9a95d3eab53b"
    }
  }, {
    "fullUrl": "https://madie.cms.gov/MeasureReport/d45d7f02-dc61-4152-b2f6-026299a303af",
    "resource": {
      "resourceType": "MeasureReport",
      "id": "d45d7f02-dc61-4152-b2f6-026299a303af",
      "meta": {
        "profile": [ "http://hl7.org/fhir/us/cqfmeasures/StructureDefinition/test-case-cqfm" ]
      },
      "contained": [ {
        "resourceType": "Parameters",
        "id": "1017dafc-6210-4a81-9a05-ea10762d8557-parameters",
        "parameter": [ {
          "name": "subject",
          "valueString": "8c41481d-f89e-4113-ba12-df7c53e93d80"
        } ]
      } ],
      "extension": [ {
        "url": "http://hl7.org/fhir/us/cqfmeasures/StructureDefinition/cqfm-inputParameters",
        "valueReference": {
          "reference": "#1017dafc-6210-4a81-9a05-ea10762d8557-parameters"
        }
      }, {
        "url": "http://hl7.org/fhir/us/cqfmeasures/StructureDefinition/cqfm-testCaseDescription",
        "valueMarkdown": "Dx of Prostate Cancer. Patient refused DEXA at 3 months after ADT. Edge."
      } ],
      "modifierExtension": [ {
        "url": "http://hl7.org/fhir/us/cqfmeasures/StructureDefinition/cqfm-isTestCase",
        "valueBoolean": true
      } ],
      "status": "complete",
      "type": "individual",
      "measure": "https://madie.cms.gov/Measure/BoneDensityProstateCancerAndrogenDeprivationTherapyFHIR6",
      "period": {
        "start": "2025-01-01",
        "end": "2025-12-31"
      },
      "group": [ {
        "id": "67b61060a0d801640767a597",
        "population": [ {
          "id": "E8F25116-1779-4BA6-B606-34F12AE4F5BA",
          "code": {
            "coding": [ {
              "system": "http://terminology.hl7.org/CodeSystem/measure-population",
              "code": "initial-population",
              "display": "Initial Population"
            } ]
          },
          "count": 1
        }, {
          "id": "1C145A56-9250-4444-A497-86C44F55CFDB",
          "code": {
            "coding": [ {
              "system": "http://terminology.hl7.org/CodeSystem/measure-population",
              "code": "denominator",
              "display": "Denominator"
            } ]
          },
          "count": 1
        }, {
          "id": "B1E0E3D2-D44E-4BFF-92F8-077CF1AE234F",
          "code": {
            "coding": [ {
              "system": "http://terminology.hl7.org/CodeSystem/measure-population",
              "code": "numerator",
              "display": "Numerator"
            } ]
          },
          "count": 0
        }, {
          "id": "A9552F46-139C-4270-835C-224132205362",
          "code": {
            "coding": [ {
              "system": "http://terminology.hl7.org/CodeSystem/measure-population",
              "code": "denominator-exception",
              "display": "Denominator Exception"
            } ]
          },
          "count": 0
        } ],
        "measureScore": {
          "value": 1.0
        }
      } ],
      "evaluatedResource": [ {
        "reference": "Patient/8c41481d-f89e-4113-ba12-df7c53e93d80"
      }, {
        "reference": "Encounter/b38fe686-57a7-4799-ab0b-7585b0e40501"
      }, {
        "reference": "Condition/db040d61-96a2-431d-981f-87244bea0414"
      }, {
        "reference": "MedicationRequest/823a2a17-f2c6-4575-a995-895ce6d9a432"
      }, {
        "reference": "ServiceRequest/d3331168-fcc7-4a2f-a506-754e02ff6b1e"
      }, {
        "reference": "ServiceRequest/1d812eaf-3579-4cd0-8460-cffb588cf8e7"
      }, {
        "reference": "Practitioner/ed044ebf-7d6b-4768-908d-9a95d3eab53b"
      } ]
    },
    "request": {
      "method": "PUT",
      "url": "MeasureReport/d45d7f02-dc61-4152-b2f6-026299a303af"
    }
  } ]
}