{
  "resourceType": "Bundle",
  "id": "612e6b1002c62a011f2ec46d",
  "type": "transaction",
  "entry": [ {
    "fullUrl": "https://madie.cms.gov/Patient/db022945-a267-46ab-ad0c-b1efeaa51d9f",
    "resource": {
      "resourceType": "Patient",
      "id": "db022945-a267-46ab-ad0c-b1efeaa51d9f",
      "meta": {
        "profile": [ "http://hl7.org/fhir/us/qicore/StructureDefinition/qicore-patient" ]
      },
      "text": {
        "status": "generated",
        "div": "<div xmlns=\"http://www.w3.org/1999/xhtml\"><div class=\"hapiHeaderText\">MARixDrgOBSEDEQ1hr <b>NUMERPASS </b></div><table class=\"hapiPropertyTable\"><tbody><tr><td>Identifier</td><td>9ac41bff10ef3353d0742df1f73dc984</td></tr><tr><td>Date of birth</td><td><span>02 January 1974</span></td></tr></tbody></table></div>"
      },
      "extension": [ {
        "url": "http://hl7.org/fhir/us/core/StructureDefinition/us-core-race",
        "extension": [ {
          "url": "ombCategory",
          "valueCoding": {
            "system": "urn:oid:2.16.840.1.113883.6.238",
            "code": "1002-5",
            "display": "American Indian or Alaska Native",
            "userSelected": true
          }
        }, {
          "url": "text",
          "valueString": "American Indian or Alaska Native"
        } ]
      }, {
        "url": "http://hl7.org/fhir/us/core/StructureDefinition/us-core-ethnicity",
        "extension": [ {
          "url": "ombCategory",
          "valueCoding": {
            "system": "urn:oid:2.16.840.1.113883.6.238",
            "code": "2135-2",
            "display": "Hispanic or Latino",
            "userSelected": true
          }
        }, {
          "url": "text",
          "valueString": "Hispanic or Latino"
        } ]
      } ],
      "identifier": [ {
        "type": {
          "coding": [ {
            "system": "http://terminology.hl7.org/CodeSystem/v2-0203",
            "code": "MR"
          } ]
        },
        "system": "https://bonnie-fhir.healthit.gov/",
        "value": "612e6b1002c62a011f2ec46d"
      } ],
      "active": true,
      "name": [ {
        "use": "usual",
        "family": "NUMERPass",
        "given": [ "MARixDrgOBSEDEQ1hr" ]
      } ],
      "gender": "male",
      "birthDate": "1974-01-02"
    },
    "request": {
      "method": "PUT",
      "url": "Patient/db022945-a267-46ab-ad0c-b1efeaa51d9f"
    }
  }, {
    "fullUrl": "https://madie.cms.gov/Encounter/9e3b60ba-15da-46f9-89a6-088ad73f707b",
    "resource": {
      "resourceType": "Encounter",
      "id": "9e3b60ba-15da-46f9-89a6-088ad73f707b",
      "meta": {
        "profile": [ "http://hl7.org/fhir/us/qicore/StructureDefinition/qicore-encounter" ]
      },
      "status": "finished",
      "class": {
        "system": "http://terminology.hl7.org/CodeSystem/v3-ActCode",
        "code": "IMP",
        "display": "inpatient encounter"
      },
      "type": [ {
        "coding": [ {
          "system": "http://snomed.info/sct",
          "code": "8715000"
        } ]
      } ],
      "subject": {
        "reference": "Patient/db022945-a267-46ab-ad0c-b1efeaa51d9f"
      },
      "period": {
        "start": "2025-11-01T08:00:00+00:00",
        "end": "2025-11-26T08:15:00+00:00"
      },
      "length": {
        "value": 25.0,
        "unit": "days"
      }
    },
    "request": {
      "method": "PUT",
      "url": "Encounter/9e3b60ba-15da-46f9-89a6-088ad73f707b"
    }
  }, {
    "fullUrl": "https://madie.cms.gov/Encounter/2267f974-1e98-4070-a2e9-87acebad0b21",
    "resource": {
      "resourceType": "Encounter",
      "id": "2267f974-1e98-4070-a2e9-87acebad0b21",
      "meta": {
        "profile": [ "http://hl7.org/fhir/us/qicore/StructureDefinition/qicore-encounter" ]
      },
      "status": "finished",
      "class": {
        "system": "http://terminology.hl7.org/CodeSystem/v3-ActCode",
        "code": "EMER",
        "display": "emergency"
      },
      "type": [ {
        "coding": [ {
          "system": "http://snomed.info/sct",
          "code": "4525004"
        } ]
      } ],
      "subject": {
        "reference": "Patient/db022945-a267-46ab-ad0c-b1efeaa51d9f"
      },
      "period": {
        "start": "2025-10-31T10:00:00+00:00",
        "end": "2025-10-31T19:00:00+00:00"
      }
    },
    "request": {
      "method": "PUT",
      "url": "Encounter/2267f974-1e98-4070-a2e9-87acebad0b21"
    }
  }, {
    "fullUrl": "https://madie.cms.gov/Encounter/c37d68c4-8768-443c-af65-e6535dfbbf26",
    "resource": {
      "resourceType": "Encounter",
      "id": "c37d68c4-8768-443c-af65-e6535dfbbf26",
      "meta": {
        "profile": [ "http://hl7.org/fhir/us/qicore/StructureDefinition/qicore-encounter" ]
      },
      "status": "finished",
      "class": {
        "system": "http://terminology.hl7.org/CodeSystem/v3-ActCode",
        "code": "OBSENC",
        "display": "observation encounter"
      },
      "type": [ {
        "coding": [ {
          "system": "http://snomed.info/sct",
          "code": "448951000124107"
        } ]
      } ],
      "subject": {
        "reference": "Patient/db022945-a267-46ab-ad0c-b1efeaa51d9f"
      },
      "period": {
        "start": "2025-10-31T20:00:00+00:00",
        "end": "2025-11-01T07:00:00+00:00"
      }
    },
    "request": {
      "method": "PUT",
      "url": "Encounter/c37d68c4-8768-443c-af65-e6535dfbbf26"
    }
  }, {
    "fullUrl": "https://madie.cms.gov/Coverage/99c5b3a3-e07f-447c-bedd-ae0e8229baeb",
    "resource": {
      "resourceType": "Coverage",
      "id": "99c5b3a3-e07f-447c-bedd-ae0e8229baeb",
      "status": "active",
      "beneficiary": {
        "reference": "Patient/db022945-a267-46ab-ad0c-b1efeaa51d9f"
      },
      "period": {
        "start": "1974-01-02T08:00:00+00:00"
      },
      "payor": [ {
        "reference": "Organization/2555d0f6-6ac0-468c-9148-675db5b3cf49"
      } ]
    },
    "request": {
      "method": "PUT",
      "url": "Coverage/99c5b3a3-e07f-447c-bedd-ae0e8229baeb"
    }
  }, {
    "fullUrl": "https://madie.cms.gov/MedicationAdministration/82300829-8dc0-4241-891c-d0b02e55af73",
    "resource": {
      "resourceType": "MedicationAdministration",
      "id": "82300829-8dc0-4241-891c-d0b02e55af73",
      "meta": {
        "profile": [ "http://hl7.org/fhir/us/qicore/StructureDefinition/qicore-medicationadministration" ]
      },
      "status": "completed",
      "medicationCodeableConcept": {
        "coding": [ {
          "system": "http://www.nlm.nih.gov/research/umls/rxnorm",
          "code": "1114198"
        } ]
      },
      "subject": {
        "reference": "Patient/db022945-a267-46ab-ad0c-b1efeaa51d9f"
      },
      "effectivePeriod": {
        "start": "2025-10-31T09:00:00+00:00",
        "end": "2025-10-31T09:15:00+00:00"
      }
    },
    "request": {
      "method": "PUT",
      "url": "MedicationAdministration/82300829-8dc0-4241-891c-d0b02e55af73"
    }
  }, {
    "fullUrl": "https://madie.cms.gov/Organization/2555d0f6-6ac0-468c-9148-675db5b3cf49",
    "resource": {
      "resourceType": "Organization",
      "id": "2555d0f6-6ac0-468c-9148-675db5b3cf49",
      "meta": {
        "profile": [ "http://hl7.org/fhir/us/qicore/StructureDefinition/qicore-organization" ]
      },
      "identifier": [ {
        "use": "temp",
        "system": "urn:oid:2.16.840.1.113883.4.4",
        "value": "21-3259825"
      } ],
      "active": true,
      "type": [ {
        "coding": [ {
          "system": "http://terminology.hl7.org/CodeSystem/organization-type",
          "code": "pay",
          "display": "Payer"
        } ]
      } ],
      "name": "Blue Cross Blue Shield of Texas",
      "telecom": [ {
        "system": "phone",
        "value": "(+1) 972-766-6900"
      } ],
      "address": [ {
        "use": "billing",
        "type": "postal",
        "line": [ "P.O. Box 660044" ],
        "city": "Dallas",
        "state": "TX",
        "postalCode": "75266-0044",
        "country": "USA"
      } ]
    },
    "request": {
      "method": "PUT",
      "url": "Organization/2555d0f6-6ac0-468c-9148-675db5b3cf49"
    }
  }, {
    "fullUrl": "https://madie.cms.gov/Practitioner/1ec44f13-757a-4365-a17d-259b535ba832",
    "resource": {
      "resourceType": "Practitioner",
      "id": "1ec44f13-757a-4365-a17d-259b535ba832",
      "identifier": [ {
        "system": "http://hl7.org/fhir/sid/us-npi",
        "value": "123456"
      } ],
      "name": [ {
        "family": "Evil",
        "prefix": [ "Dr" ]
      } ]
    },
    "request": {
      "method": "PUT",
      "url": "Practitioner/1ec44f13-757a-4365-a17d-259b535ba832"
    }
  }, {
    "fullUrl": "https://madie.cms.gov/MeasureReport/f0aec8e8-7a45-4e15-8303-34390a2c35a2",
    "resource": {
      "resourceType": "MeasureReport",
      "id": "f0aec8e8-7a45-4e15-8303-34390a2c35a2",
      "meta": {
        "profile": [ "http://hl7.org/fhir/us/cqfmeasures/StructureDefinition/test-case-cqfm" ]
      },
      "contained": [ {
        "resourceType": "Parameters",
        "id": "17d581ba-9cef-4388-837a-ea8d7bc00d60-parameters",
        "parameter": [ {
          "name": "subject",
          "valueString": "db022945-a267-46ab-ad0c-b1efeaa51d9f"
        } ]
      } ],
      "extension": [ {
        "url": "http://hl7.org/fhir/us/cqfmeasures/StructureDefinition/cqfm-inputParameters",
        "valueReference": {
          "reference": "#17d581ba-9cef-4388-837a-ea8d7bc00d60-parameters"
        }
      }, {
        "url": "http://hl7.org/fhir/us/cqfmeasures/StructureDefinition/cqfm-testCaseDescription",
        "valueMarkdown": "Rivaroxaban  for VTE Prophylaxis Med Administered during OBS which ends 1 hr before adm and ED = 1 hr ends OBS\n"
      } ],
      "modifierExtension": [ {
        "url": "http://hl7.org/fhir/us/cqfmeasures/StructureDefinition/cqfm-isTestCase",
        "valueBoolean": true
      } ],
      "status": "complete",
      "type": "individual",
      "measure": "https://madie.cms.gov/Measure/VenousThromboembolismProphylaxisFHIR",
      "period": {
        "start": "2025-01-01",
        "end": "2025-12-31"
      },
      "group": [ {
        "population": [ {
          "code": {
            "coding": [ {
              "system": "http://terminology.hl7.org/CodeSystem/measure-population",
              "code": "initial-population",
              "display": "Initial Population"
            } ]
          },
          "count": 1
        }, {
          "code": {
            "coding": [ {
              "system": "http://terminology.hl7.org/CodeSystem/measure-population",
              "code": "denominator",
              "display": "Denominator"
            } ]
          },
          "count": 1
        }, {
          "code": {
            "coding": [ {
              "system": "http://terminology.hl7.org/CodeSystem/measure-population",
              "code": "denominator-exclusion",
              "display": "Denominator Exclusion"
            } ]
          },
          "count": 0
        }, {
          "code": {
            "coding": [ {
              "system": "http://terminology.hl7.org/CodeSystem/measure-population",
              "code": "numerator",
              "display": "Numerator"
            } ]
          },
          "count": 1
        } ]
      } ],
      "evaluatedResource": [ {
        "reference": "Patient/db022945-a267-46ab-ad0c-b1efeaa51d9f"
      }, {
        "reference": "Encounter/9e3b60ba-15da-46f9-89a6-088ad73f707b"
      }, {
        "reference": "Encounter/2267f974-1e98-4070-a2e9-87acebad0b21"
      }, {
        "reference": "Encounter/c37d68c4-8768-443c-af65-e6535dfbbf26"
      }, {
        "reference": "Coverage/99c5b3a3-e07f-447c-bedd-ae0e8229baeb"
      }, {
        "reference": "MedicationAdministration/82300829-8dc0-4241-891c-d0b02e55af73"
      }, {
        "reference": "Organization/2555d0f6-6ac0-468c-9148-675db5b3cf49"
      }, {
        "reference": "Practitioner/1ec44f13-757a-4365-a17d-259b535ba832"
      } ]
    },
    "request": {
      "method": "PUT",
      "url": "MeasureReport/f0aec8e8-7a45-4e15-8303-34390a2c35a2"
    }
  } ]
}