{
  "resourceType": "Bundle",
  "id": "60abda28bf0a01003e3f76bd",
  "type": "transaction",
  "entry": [ {
    "fullUrl": "https://madie.cms.gov/Patient/4a7a2cf4-6073-47a0-9012-ea9b32e6e9db",
    "resource": {
      "resourceType": "Patient",
      "id": "4a7a2cf4-6073-47a0-9012-ea9b32e6e9db",
      "meta": {
        "profile": [ "http://hl7.org/fhir/us/qicore/StructureDefinition/qicore-patient" ]
      },
      "extension": [ {
        "url": "http://hl7.org/fhir/us/core/StructureDefinition/us-core-race",
        "extension": [ {
          "url": "ombCategory",
          "valueCoding": {
            "system": "urn:oid:2.16.840.1.113883.6.238",
            "code": "2054-5",
            "display": "Black or African American"
          }
        }, {
          "url": "text",
          "valueString": "Black or African American"
        } ]
      }, {
        "url": "http://hl7.org/fhir/us/core/StructureDefinition/us-core-ethnicity",
        "extension": [ {
          "url": "ombCategory",
          "valueCoding": {
            "system": "urn:oid:2.16.840.1.113883.6.238",
            "code": "2186-5",
            "display": "Not Hispanic or Latino"
          }
        }, {
          "url": "text",
          "valueString": "Not Hispanic or Latino"
        } ]
      } ],
      "identifier": [ {
        "type": {
          "coding": [ {
            "system": "http://terminology.hl7.org/CodeSystem/v2-0203",
            "code": "MR"
          } ]
        },
        "system": "https://bonnie-fhir.healthit.gov/",
        "value": "463131313187656"
      } ],
      "name": [ {
        "family": "NUMERFail",
        "given": [ "NoDEXAOrderInMP" ]
      } ],
      "gender": "male",
      "birthDate": "1939-06-15"
    },
    "request": {
      "method": "PUT",
      "url": "Patient/4a7a2cf4-6073-47a0-9012-ea9b32e6e9db"
    }
  }, {
    "fullUrl": "https://madie.cms.gov/Encounter/05866586-cc8b-470c-b766-740ba595d78d",
    "resource": {
      "resourceType": "Encounter",
      "id": "05866586-cc8b-470c-b766-740ba595d78d",
      "meta": {
        "profile": [ "http://hl7.org/fhir/us/qicore/StructureDefinition/qicore-encounter" ]
      },
      "status": "finished",
      "class": {
        "system": "http://terminology.hl7.org/CodeSystem/v3-ActCode",
        "code": "AMB",
        "display": "ambulatory"
      },
      "type": [ {
        "coding": [ {
          "system": "http://snomed.info/sct",
          "version": "http://snomed.info/sct/731000124108/version/20240301",
          "code": "185463005",
          "display": "Visit out of hours (procedure)"
        } ]
      } ],
      "subject": {
        "reference": "Patient/4a7a2cf4-6073-47a0-9012-ea9b32e6e9db"
      },
      "period": {
        "start": "2025-02-04T08:00:00.000+00:00",
        "end": "2025-02-04T08:15:00.000+00:00"
      }
    },
    "request": {
      "method": "PUT",
      "url": "Encounter/05866586-cc8b-470c-b766-740ba595d78d"
    }
  }, {
    "fullUrl": "https://madie.cms.gov/Condition/c40d6597-a705-4b93-a407-498d90343be2",
    "resource": {
      "resourceType": "Condition",
      "id": "c40d6597-a705-4b93-a407-498d90343be2",
      "meta": {
        "profile": [ "http://hl7.org/fhir/us/qicore/StructureDefinition/qicore-condition-problems-health-concerns" ]
      },
      "clinicalStatus": {
        "coding": [ {
          "system": "http://terminology.hl7.org/CodeSystem/condition-clinical",
          "code": "active",
          "display": "Active",
          "userSelected": true
        } ]
      },
      "verificationStatus": {
        "coding": [ {
          "system": "http://terminology.hl7.org/CodeSystem/condition-ver-status",
          "code": "confirmed"
        } ]
      },
      "category": [ {
        "coding": [ {
          "system": "http://terminology.hl7.org/CodeSystem/condition-category",
          "code": "problem-list-item",
          "display": "Problem List Item"
        } ]
      } ],
      "code": {
        "coding": [ {
          "system": "http://snomed.info/sct",
          "version": "http://snomed.info/sct/731000124108/version/20240301",
          "code": "254900004",
          "display": "Carcinoma of prostate (disorder)"
        } ]
      },
      "subject": {
        "reference": "Patient/4a7a2cf4-6073-47a0-9012-ea9b32e6e9db"
      },
      "onsetPeriod": {
        "start": "2025-02-04T08:00:00.000+00:00"
      }
    },
    "request": {
      "method": "PUT",
      "url": "Condition/c40d6597-a705-4b93-a407-498d90343be2"
    }
  }, {
    "fullUrl": "https://madie.cms.gov/Practitioner/87effde5-8d93-436c-9dea-ac99ecfa6c04",
    "resource": {
      "resourceType": "Practitioner",
      "id": "87effde5-8d93-436c-9dea-ac99ecfa6c04",
      "meta": {
        "profile": [ "http://hl7.org/fhir/us/qicore/StructureDefinition/qicore-practitioner" ]
      },
      "identifier": [ {
        "use": "temp",
        "system": "urn:oid:2.16.840.1.113883.4.336",
        "value": "Practitioner-23"
      } ],
      "active": true,
      "name": [ {
        "family": "Careful",
        "given": [ "Adam" ],
        "prefix": [ "Dr" ]
      } ],
      "address": [ {
        "use": "home",
        "line": [ "534 Erewhon St" ],
        "city": "PleasantVille",
        "state": "UT",
        "postalCode": "84414"
      } ],
      "qualification": [ {
        "identifier": [ {
          "system": "http://example.org/UniversityIdentifier",
          "value": "12345"
        } ],
        "code": {
          "coding": [ {
            "system": "http://terminology.hl7.org/CodeSystem/v2-0360|2.7",
            "code": "BS",
            "display": "Bachelor of Science"
          } ],
          "text": "Bachelor of Science"
        },
        "period": {
          "start": "1995"
        },
        "issuer": {
          "display": "Example University"
        }
      } ]
    },
    "request": {
      "method": "PUT",
      "url": "Practitioner/87effde5-8d93-436c-9dea-ac99ecfa6c04"
    }
  }, {
    "fullUrl": "https://madie.cms.gov/MedicationRequest/13775459-7208-41fa-8932-194b404801ec",
    "resource": {
      "resourceType": "MedicationRequest",
      "id": "13775459-7208-41fa-8932-194b404801ec",
      "meta": {
        "profile": [ "http://hl7.org/fhir/us/qicore/StructureDefinition/qicore-medicationrequest" ]
      },
      "status": "active",
      "intent": "order",
      "medicationCodeableConcept": {
        "coding": [ {
          "system": "http://www.nlm.nih.gov/research/umls/rxnorm",
          "version": "04012024",
          "code": "1115257",
          "display": "1.5 ML leuprolide acetate 30 MG/ML Prefilled Syringe"
        } ]
      },
      "subject": {
        "reference": "Patient/4a7a2cf4-6073-47a0-9012-ea9b32e6e9db"
      },
      "authoredOn": "2025-02-04T08:00:00.000+00:00",
      "requester": {
        "reference": "http://myGoodHealthcare.com/fhir/Practitioner/87effde5-8d93-436c-9dea-ac99ecfa6c04"
      },
      "dosageInstruction": [ {
        "timing": {
          "repeat": {
            "boundsPeriod": {
              "start": "2025-02-04T08:00:00.000+00:00",
              "end": "2025-03-04T08:00:00.000+00:00"
            }
          }
        }
      } ]
    },
    "request": {
      "method": "PUT",
      "url": "MedicationRequest/13775459-7208-41fa-8932-194b404801ec"
    }
  }, {
    "fullUrl": "https://madie.cms.gov/ServiceRequest/41da176f-05b3-45c8-a28f-3b8db6d092c8",
    "resource": {
      "resourceType": "ServiceRequest",
      "id": "41da176f-05b3-45c8-a28f-3b8db6d092c8",
      "meta": {
        "profile": [ "http://hl7.org/fhir/us/qicore/StructureDefinition/qicore-servicerequest" ]
      },
      "status": "active",
      "intent": "order",
      "code": {
        "coding": [ {
          "system": "http://snomed.info/sct",
          "version": "http://snomed.info/sct/731000124108/version/20240301",
          "code": "456381000124102",
          "display": "Injection of leuprolide acetate for twelve month period (regime/therapy)"
        } ]
      },
      "subject": {
        "reference": "Patient/4a7a2cf4-6073-47a0-9012-ea9b32e6e9db"
      },
      "authoredOn": "2025-02-04T08:00:00.000+00:00"
    },
    "request": {
      "method": "PUT",
      "url": "ServiceRequest/41da176f-05b3-45c8-a28f-3b8db6d092c8"
    }
  }, {
    "fullUrl": "https://madie.cms.gov/MeasureReport/e31a2cbe-5aa9-48b4-a6d6-fe783fb0c067",
    "resource": {
      "resourceType": "MeasureReport",
      "id": "e31a2cbe-5aa9-48b4-a6d6-fe783fb0c067",
      "meta": {
        "profile": [ "http://hl7.org/fhir/us/cqfmeasures/StructureDefinition/test-case-cqfm" ]
      },
      "contained": [ {
        "resourceType": "Parameters",
        "id": "9edc3816-1694-42ab-952d-93351a1e65fe-parameters",
        "parameter": [ {
          "name": "subject",
          "valueString": "4a7a2cf4-6073-47a0-9012-ea9b32e6e9db"
        } ]
      } ],
      "extension": [ {
        "url": "http://hl7.org/fhir/us/cqfmeasures/StructureDefinition/cqfm-inputParameters",
        "valueReference": {
          "reference": "#9edc3816-1694-42ab-952d-93351a1e65fe-parameters"
        }
      }, {
        "url": "http://hl7.org/fhir/us/cqfmeasures/StructureDefinition/cqfm-testCaseDescription",
        "valueMarkdown": "Dx of Prostate Cancer with qualifying encounter(s) in MP. No DEXA ordered or done. Fails NUMER Criteria"
      } ],
      "modifierExtension": [ {
        "url": "http://hl7.org/fhir/us/cqfmeasures/StructureDefinition/cqfm-isTestCase",
        "valueBoolean": true
      } ],
      "status": "complete",
      "type": "individual",
      "measure": "https://madie.cms.gov/Measure/BoneDensityProstateCancerAndrogenDeprivationTherapyFHIR6",
      "period": {
        "start": "2025-01-01",
        "end": "2025-12-31"
      },
      "group": [ {
        "id": "67b61060a0d801640767a597",
        "population": [ {
          "id": "E8F25116-1779-4BA6-B606-34F12AE4F5BA",
          "code": {
            "coding": [ {
              "system": "http://terminology.hl7.org/CodeSystem/measure-population",
              "code": "initial-population",
              "display": "Initial Population"
            } ]
          },
          "count": 1
        }, {
          "id": "1C145A56-9250-4444-A497-86C44F55CFDB",
          "code": {
            "coding": [ {
              "system": "http://terminology.hl7.org/CodeSystem/measure-population",
              "code": "denominator",
              "display": "Denominator"
            } ]
          },
          "count": 1
        }, {
          "id": "B1E0E3D2-D44E-4BFF-92F8-077CF1AE234F",
          "code": {
            "coding": [ {
              "system": "http://terminology.hl7.org/CodeSystem/measure-population",
              "code": "numerator",
              "display": "Numerator"
            } ]
          },
          "count": 0
        }, {
          "id": "A9552F46-139C-4270-835C-224132205362",
          "code": {
            "coding": [ {
              "system": "http://terminology.hl7.org/CodeSystem/measure-population",
              "code": "denominator-exception",
              "display": "Denominator Exception"
            } ]
          },
          "count": 0
        } ],
        "measureScore": {
          "value": 1.0
        }
      } ],
      "evaluatedResource": [ {
        "reference": "Patient/4a7a2cf4-6073-47a0-9012-ea9b32e6e9db"
      }, {
        "reference": "Encounter/05866586-cc8b-470c-b766-740ba595d78d"
      }, {
        "reference": "Condition/c40d6597-a705-4b93-a407-498d90343be2"
      }, {
        "reference": "Practitioner/87effde5-8d93-436c-9dea-ac99ecfa6c04"
      }, {
        "reference": "MedicationRequest/13775459-7208-41fa-8932-194b404801ec"
      }, {
        "reference": "ServiceRequest/41da176f-05b3-45c8-a28f-3b8db6d092c8"
      } ]
    },
    "request": {
      "method": "PUT",
      "url": "MeasureReport/e31a2cbe-5aa9-48b4-a6d6-fe783fb0c067"
    }
  } ]
}