{
  "resourceType": "Bundle",
  "id": "60abda28bf0a01003e3f76bd",
  "type": "transaction",
  "entry": [ {
    "fullUrl": "https://madie.cms.gov/Patient/4a7a2cf4-6073-47a0-9012-ea9b32e6e9db",
    "resource": {
      "resourceType": "Patient",
      "id": "4a7a2cf4-6073-47a0-9012-ea9b32e6e9db",
      "meta": {
        "profile": [ "http://hl7.org/fhir/us/qicore/StructureDefinition/qicore-patient" ]
      },
      "extension": [ {
        "url": "http://hl7.org/fhir/us/core/StructureDefinition/us-core-race",
        "extension": [ {
          "url": "ombCategory",
          "valueCoding": {
            "system": "urn:oid:2.16.840.1.113883.6.238",
            "code": "2054-5",
            "display": "Black or African American"
          }
        }, {
          "url": "text",
          "valueString": "Black or African American"
        } ]
      }, {
        "url": "http://hl7.org/fhir/us/core/StructureDefinition/us-core-ethnicity",
        "extension": [ {
          "url": "ombCategory",
          "valueCoding": {
            "system": "urn:oid:2.16.840.1.113883.6.238",
            "code": "2186-5",
            "display": "Not Hispanic or Latino"
          }
        }, {
          "url": "text",
          "valueString": "Not Hispanic or Latino"
        } ]
      } ],
      "identifier": [ {
        "type": {
          "coding": [ {
            "system": "http://terminology.hl7.org/CodeSystem/v2-0203",
            "code": "MR"
          } ]
        },
        "system": "https://bonnie-fhir.healthit.gov/",
        "value": "463131313187656"
      } ],
      "name": [ {
        "family": "NUMERFail",
        "given": [ "NoDEXAOrderInMP" ]
      } ],
      "gender": "male",
      "birthDate": "1940-06-15"
    },
    "request": {
      "method": "PUT",
      "url": "Patient/4a7a2cf4-6073-47a0-9012-ea9b32e6e9db"
    }
  }, {
    "fullUrl": "https://madie.cms.gov/Encounter/37e942cf-698e-49f5-ac7f-270fc1149b48",
    "resource": {
      "resourceType": "Encounter",
      "id": "37e942cf-698e-49f5-ac7f-270fc1149b48",
      "meta": {
        "profile": [ "http://hl7.org/fhir/us/qicore/StructureDefinition/qicore-encounter" ]
      },
      "status": "finished",
      "class": {
        "system": "http://terminology.hl7.org/CodeSystem/v3-ActCode",
        "code": "AMB",
        "display": "ambulatory"
      },
      "type": [ {
        "coding": [ {
          "system": "http://snomed.info/sct",
          "version": "http://snomed.info/sct/731000124108/version/20240301",
          "code": "185463005",
          "display": "Visit out of hours (procedure)"
        } ]
      } ],
      "subject": {
        "reference": "Patient/4a7a2cf4-6073-47a0-9012-ea9b32e6e9db"
      },
      "period": {
        "start": "2026-02-04T08:00:00.000+00:00",
        "end": "2026-02-04T08:15:00.000+00:00"
      }
    },
    "request": {
      "method": "PUT",
      "url": "Encounter/37e942cf-698e-49f5-ac7f-270fc1149b48"
    }
  }, {
    "fullUrl": "https://madie.cms.gov/Condition/564cb77b-e566-44d2-8a9b-ab180752f953",
    "resource": {
      "resourceType": "Condition",
      "id": "564cb77b-e566-44d2-8a9b-ab180752f953",
      "meta": {
        "profile": [ "http://hl7.org/fhir/us/qicore/StructureDefinition/qicore-condition-problems-health-concerns" ]
      },
      "clinicalStatus": {
        "coding": [ {
          "system": "http://terminology.hl7.org/CodeSystem/condition-clinical",
          "code": "active",
          "display": "Active",
          "userSelected": true
        } ]
      },
      "verificationStatus": {
        "coding": [ {
          "system": "http://terminology.hl7.org/CodeSystem/condition-ver-status",
          "code": "confirmed"
        } ]
      },
      "category": [ {
        "coding": [ {
          "system": "http://terminology.hl7.org/CodeSystem/condition-category",
          "code": "problem-list-item",
          "display": "Problem List Item"
        } ]
      } ],
      "code": {
        "coding": [ {
          "system": "http://snomed.info/sct",
          "version": "http://snomed.info/sct/731000124108/version/20240301",
          "code": "254900004",
          "display": "Carcinoma of prostate (disorder)"
        } ]
      },
      "subject": {
        "reference": "Patient/4a7a2cf4-6073-47a0-9012-ea9b32e6e9db"
      },
      "onsetPeriod": {
        "start": "2026-02-04T08:00:00.000+00:00"
      }
    },
    "request": {
      "method": "PUT",
      "url": "Condition/564cb77b-e566-44d2-8a9b-ab180752f953"
    }
  }, {
    "fullUrl": "https://madie.cms.gov/Practitioner/6a0feb90-dda4-4803-8477-f8ac10624032",
    "resource": {
      "resourceType": "Practitioner",
      "id": "6a0feb90-dda4-4803-8477-f8ac10624032",
      "meta": {
        "profile": [ "http://hl7.org/fhir/us/qicore/StructureDefinition/qicore-practitioner" ]
      },
      "identifier": [ {
        "use": "temp",
        "system": "urn:oid:2.16.840.1.113883.4.336",
        "value": "Practitioner-23"
      } ],
      "active": true,
      "name": [ {
        "family": "Careful",
        "given": [ "Adam" ],
        "prefix": [ "Dr" ]
      } ],
      "address": [ {
        "use": "home",
        "line": [ "534 Erewhon St" ],
        "city": "PleasantVille",
        "state": "UT",
        "postalCode": "84414"
      } ],
      "qualification": [ {
        "identifier": [ {
          "system": "http://example.org/UniversityIdentifier",
          "value": "12345"
        } ],
        "code": {
          "coding": [ {
            "system": "http://terminology.hl7.org/CodeSystem/v2-0360|2.7",
            "code": "BS",
            "display": "Bachelor of Science"
          } ],
          "text": "Bachelor of Science"
        },
        "period": {
          "start": "1996"
        },
        "issuer": {
          "display": "Example University"
        }
      } ]
    },
    "request": {
      "method": "PUT",
      "url": "Practitioner/6a0feb90-dda4-4803-8477-f8ac10624032"
    }
  }, {
    "fullUrl": "https://madie.cms.gov/MedicationRequest/85fd0185-26a8-400f-8b65-ed384e16282e",
    "resource": {
      "resourceType": "MedicationRequest",
      "id": "85fd0185-26a8-400f-8b65-ed384e16282e",
      "meta": {
        "profile": [ "http://hl7.org/fhir/us/qicore/StructureDefinition/qicore-medicationrequest" ]
      },
      "status": "active",
      "intent": "order",
      "medicationCodeableConcept": {
        "coding": [ {
          "system": "http://www.nlm.nih.gov/research/umls/rxnorm",
          "version": "04012024",
          "code": "1115257",
          "display": "1.5 ML leuprolide acetate 30 MG/ML Prefilled Syringe"
        } ]
      },
      "subject": {
        "reference": "Patient/4a7a2cf4-6073-47a0-9012-ea9b32e6e9db"
      },
      "authoredOn": "2026-02-04T08:00:00.000+00:00",
      "requester": {
        "reference": "http://myGoodHealthcare.com/fhir/Practitioner/6a0feb90-dda4-4803-8477-f8ac10624032"
      },
      "dosageInstruction": [ {
        "timing": {
          "repeat": {
            "boundsPeriod": {
              "start": "2026-02-04T08:00:00.000+00:00",
              "end": "2026-03-04T08:00:00.000+00:00"
            }
          }
        }
      } ]
    },
    "request": {
      "method": "PUT",
      "url": "MedicationRequest/85fd0185-26a8-400f-8b65-ed384e16282e"
    }
  }, {
    "fullUrl": "https://madie.cms.gov/ServiceRequest/45cf732c-58e2-4b6b-a62c-fc7c53cb118a",
    "resource": {
      "resourceType": "ServiceRequest",
      "id": "45cf732c-58e2-4b6b-a62c-fc7c53cb118a",
      "meta": {
        "profile": [ "http://hl7.org/fhir/us/qicore/StructureDefinition/qicore-servicerequest" ]
      },
      "status": "active",
      "intent": "order",
      "code": {
        "coding": [ {
          "system": "http://snomed.info/sct",
          "version": "http://snomed.info/sct/731000124108/version/20240301",
          "code": "456381000124102",
          "display": "Injection of leuprolide acetate for twelve month period (regime/therapy)"
        } ]
      },
      "subject": {
        "reference": "Patient/4a7a2cf4-6073-47a0-9012-ea9b32e6e9db"
      },
      "authoredOn": "2026-02-04T08:00:00.000+00:00"
    },
    "request": {
      "method": "PUT",
      "url": "ServiceRequest/45cf732c-58e2-4b6b-a62c-fc7c53cb118a"
    }
  }, {
    "fullUrl": "https://madie.cms.gov/MeasureReport/caaafc43-6355-47c4-94fe-3e96dce4e7f2",
    "resource": {
      "resourceType": "MeasureReport",
      "id": "caaafc43-6355-47c4-94fe-3e96dce4e7f2",
      "meta": {
        "profile": [ "http://hl7.org/fhir/us/cqfmeasures/StructureDefinition/test-case-cqfm" ]
      },
      "contained": [ {
        "resourceType": "Parameters",
        "id": "822f8cba-48e7-49df-a299-76a8a4697667-parameters",
        "parameter": [ {
          "name": "subject",
          "valueString": "4a7a2cf4-6073-47a0-9012-ea9b32e6e9db"
        } ]
      } ],
      "extension": [ {
        "url": "http://hl7.org/fhir/StructureDefinition/cqf-inputParameters",
        "valueReference": {
          "reference": "#822f8cba-48e7-49df-a299-76a8a4697667-parameters"
        }
      }, {
        "url": "http://hl7.org/fhir/us/cqfmeasures/StructureDefinition/cqfm-testCaseDescription",
        "valueMarkdown": "Dx of Prostate Cancer with qualifying encounter(s) in MP. No DEXA ordered or done. Fails NUMER Criteria"
      } ],
      "modifierExtension": [ {
        "url": "http://hl7.org/fhir/us/cqfmeasures/StructureDefinition/cqfm-isTestCase",
        "valueBoolean": true
      } ],
      "status": "complete",
      "type": "individual",
      "measure": "https://madie.cms.gov/Measure/BoneDensityProstateCancerAndrogenDeprivationTherapyFHIR6",
      "period": {
        "start": "2026-01-01",
        "end": "2026-12-31"
      },
      "group": [ {
        "id": "Group_1",
        "population": [ {
          "id": "InitialPopulation_1",
          "code": {
            "coding": [ {
              "system": "http://terminology.hl7.org/CodeSystem/measure-population",
              "code": "initial-population",
              "display": "Initial Population"
            } ]
          },
          "count": 1
        }, {
          "id": "Denominator_1",
          "code": {
            "coding": [ {
              "system": "http://terminology.hl7.org/CodeSystem/measure-population",
              "code": "denominator",
              "display": "Denominator"
            } ]
          },
          "count": 1
        }, {
          "id": "Numerator_1",
          "code": {
            "coding": [ {
              "system": "http://terminology.hl7.org/CodeSystem/measure-population",
              "code": "numerator",
              "display": "Numerator"
            } ]
          },
          "count": 0
        }, {
          "id": "DenominatorException_1",
          "code": {
            "coding": [ {
              "system": "http://terminology.hl7.org/CodeSystem/measure-population",
              "code": "denominator-exception",
              "display": "Denominator Exception"
            } ]
          },
          "count": 0
        } ],
        "measureScore": {
          "value": 1.0
        }
      } ],
      "evaluatedResource": [ {
        "reference": "Patient/4a7a2cf4-6073-47a0-9012-ea9b32e6e9db"
      }, {
        "reference": "Encounter/37e942cf-698e-49f5-ac7f-270fc1149b48"
      }, {
        "reference": "Condition/564cb77b-e566-44d2-8a9b-ab180752f953"
      }, {
        "reference": "Practitioner/6a0feb90-dda4-4803-8477-f8ac10624032"
      }, {
        "reference": "MedicationRequest/85fd0185-26a8-400f-8b65-ed384e16282e"
      }, {
        "reference": "ServiceRequest/45cf732c-58e2-4b6b-a62c-fc7c53cb118a"
      } ]
    },
    "request": {
      "method": "PUT",
      "url": "MeasureReport/caaafc43-6355-47c4-94fe-3e96dce4e7f2"
    }
  } ]
}