{
  "resourceType": "Bundle",
  "id": "60abda28bf0a01003e3f76bd",
  "type": "transaction",
  "entry": [ {
    "fullUrl": "https://madie.cms.gov/Patient/7dada0a7-61dd-4375-9863-38d08bd6d676",
    "resource": {
      "resourceType": "Patient",
      "id": "7dada0a7-61dd-4375-9863-38d08bd6d676",
      "meta": {
        "profile": [ "http://hl7.org/fhir/us/qicore/StructureDefinition/qicore-patient" ]
      },
      "extension": [ {
        "url": "http://hl7.org/fhir/us/core/StructureDefinition/us-core-race",
        "extension": [ {
          "url": "ombCategory",
          "valueCoding": {
            "system": "urn:oid:2.16.840.1.113883.6.238",
            "code": "2054-5",
            "display": "Black or African American"
          }
        }, {
          "url": "text",
          "valueString": "Black or African American"
        } ]
      }, {
        "url": "http://hl7.org/fhir/us/core/StructureDefinition/us-core-ethnicity",
        "extension": [ {
          "url": "ombCategory",
          "valueCoding": {
            "system": "urn:oid:2.16.840.1.113883.6.238",
            "code": "2186-5",
            "display": "Not Hispanic or Latino"
          }
        }, {
          "url": "text",
          "valueString": "Not Hispanic or Latino"
        } ]
      } ],
      "identifier": [ {
        "type": {
          "coding": [ {
            "system": "http://terminology.hl7.org/CodeSystem/v2-0203",
            "code": "MR"
          } ]
        },
        "system": "https://bonnie-fhir.healthit.gov/",
        "value": "463131313187656"
      } ],
      "name": [ {
        "family": "NUMERFail",
        "given": [ "DEXAOrdered5YearsAfterADT" ]
      } ],
      "gender": "male",
      "birthDate": "1967-06-15"
    },
    "request": {
      "method": "PUT",
      "url": "Patient/7dada0a7-61dd-4375-9863-38d08bd6d676"
    }
  }, {
    "fullUrl": "https://madie.cms.gov/Encounter/8062616f-d59b-44b9-bb22-b06b73f67ad4",
    "resource": {
      "resourceType": "Encounter",
      "id": "8062616f-d59b-44b9-bb22-b06b73f67ad4",
      "meta": {
        "profile": [ "http://hl7.org/fhir/us/qicore/StructureDefinition/qicore-encounter" ]
      },
      "status": "finished",
      "class": {
        "system": "http://terminology.hl7.org/CodeSystem/v3-ActCode",
        "code": "AMB",
        "display": "ambulatory"
      },
      "type": [ {
        "coding": [ {
          "system": "http://snomed.info/sct",
          "version": "http://snomed.info/sct/731000124108/version/20240301",
          "code": "185463005",
          "display": "Visit out of hours (procedure)"
        } ]
      } ],
      "subject": {
        "reference": "Patient/7dada0a7-61dd-4375-9863-38d08bd6d676"
      },
      "period": {
        "start": "2026-02-04T08:00:00.000+00:00",
        "end": "2026-02-04T08:15:00.000+00:00"
      }
    },
    "request": {
      "method": "PUT",
      "url": "Encounter/8062616f-d59b-44b9-bb22-b06b73f67ad4"
    }
  }, {
    "fullUrl": "https://madie.cms.gov/Condition/ccafdd15-214b-43dd-8aa5-a1e6baa5ac7e",
    "resource": {
      "resourceType": "Condition",
      "id": "ccafdd15-214b-43dd-8aa5-a1e6baa5ac7e",
      "meta": {
        "profile": [ "http://hl7.org/fhir/us/qicore/StructureDefinition/qicore-condition-problems-health-concerns" ]
      },
      "clinicalStatus": {
        "coding": [ {
          "system": "http://terminology.hl7.org/CodeSystem/condition-clinical",
          "code": "active",
          "display": "Active",
          "userSelected": true
        } ]
      },
      "verificationStatus": {
        "coding": [ {
          "system": "http://terminology.hl7.org/CodeSystem/condition-ver-status",
          "code": "confirmed"
        } ]
      },
      "category": [ {
        "coding": [ {
          "system": "http://terminology.hl7.org/CodeSystem/condition-category",
          "code": "problem-list-item",
          "display": "Problem List Item"
        } ]
      } ],
      "code": {
        "coding": [ {
          "system": "http://snomed.info/sct",
          "version": "http://snomed.info/sct/731000124108/version/20250301",
          "code": "254900004",
          "display": "Carcinoma of prostate (disorder)"
        } ]
      },
      "subject": {
        "reference": "Patient/7dada0a7-61dd-4375-9863-38d08bd6d676"
      },
      "onsetPeriod": {
        "start": "2026-02-04T08:00:00.000+00:00"
      }
    },
    "request": {
      "method": "PUT",
      "url": "Condition/ccafdd15-214b-43dd-8aa5-a1e6baa5ac7e"
    }
  }, {
    "fullUrl": "https://madie.cms.gov/Observation/6becd19a-150c-464c-8446-c1d3567708c7",
    "resource": {
      "resourceType": "Observation",
      "id": "6becd19a-150c-464c-8446-c1d3567708c7",
      "meta": {
        "profile": [ "http://hl7.org/fhir/us/qicore/StructureDefinition/qicore-observation-clinical-result" ]
      },
      "status": "final",
      "category": [ {
        "coding": [ {
          "system": "http://terminology.hl7.org/CodeSystem/observation-category",
          "code": "imaging",
          "display": "Imaging"
        } ]
      }, {
        "coding": [ {
          "system": "http://terminology.hl7.org/CodeSystem/observation-category",
          "code": "survey"
        } ]
      } ],
      "code": {
        "coding": [ {
          "system": "http://loinc.org",
          "version": "2.76",
          "code": "38265-5",
          "display": "DXA Radius and Ulna [T-score] Bone density"
        } ]
      },
      "subject": {
        "reference": "Patient/7dada0a7-61dd-4375-9863-38d08bd6d676"
      },
      "effectivePeriod": {
        "start": "2030-05-01T10:00:00.000+00:00"
      },
      "dataAbsentReason": {
        "coding": [ {
          "system": "http://terminology.hl7.org/CodeSystem/data-absent-reason",
          "code": "unknown",
          "display": "Unknown"
        } ]
      }
    },
    "request": {
      "method": "PUT",
      "url": "Observation/6becd19a-150c-464c-8446-c1d3567708c7"
    }
  }, {
    "fullUrl": "https://madie.cms.gov/Practitioner/4bd60bc1-53f2-493e-bccb-6c85a1d5eccf",
    "resource": {
      "resourceType": "Practitioner",
      "id": "4bd60bc1-53f2-493e-bccb-6c85a1d5eccf",
      "meta": {
        "profile": [ "http://hl7.org/fhir/us/qicore/StructureDefinition/qicore-practitioner" ]
      },
      "identifier": [ {
        "use": "temp",
        "system": "urn:oid:2.16.840.1.113883.4.336",
        "value": "Practitioner-23"
      } ],
      "active": true,
      "name": [ {
        "family": "Careful",
        "given": [ "Adam" ],
        "prefix": [ "Dr" ]
      } ],
      "address": [ {
        "use": "home",
        "line": [ "534 Erewhon St" ],
        "city": "PleasantVille",
        "state": "UT",
        "postalCode": "84414"
      } ],
      "qualification": [ {
        "identifier": [ {
          "system": "http://example.org/UniversityIdentifier",
          "value": "12345"
        } ],
        "code": {
          "coding": [ {
            "system": "http://terminology.hl7.org/CodeSystem/v2-0360|2.7",
            "code": "BS",
            "display": "Bachelor of Science"
          } ],
          "text": "Bachelor of Science"
        },
        "period": {
          "start": "1996"
        },
        "issuer": {
          "display": "Example University"
        }
      } ]
    },
    "request": {
      "method": "PUT",
      "url": "Practitioner/4bd60bc1-53f2-493e-bccb-6c85a1d5eccf"
    }
  }, {
    "fullUrl": "https://madie.cms.gov/MedicationRequest/f9b72bcc-6ef1-449d-8494-a9dac4443385",
    "resource": {
      "resourceType": "MedicationRequest",
      "id": "f9b72bcc-6ef1-449d-8494-a9dac4443385",
      "meta": {
        "profile": [ "http://hl7.org/fhir/us/qicore/StructureDefinition/qicore-medicationrequest" ]
      },
      "status": "active",
      "intent": "order",
      "medicationCodeableConcept": {
        "coding": [ {
          "system": "http://www.nlm.nih.gov/research/umls/rxnorm",
          "version": "06052023",
          "code": "1115257",
          "display": "1.5 ML leuprolide acetate 30 MG/ML Prefilled Syringe"
        } ]
      },
      "subject": {
        "reference": "Patient/7dada0a7-61dd-4375-9863-38d08bd6d676"
      },
      "authoredOn": "2026-02-04T08:00:00.000+00:00",
      "requester": {
        "reference": "http://myGoodHealthcare.com/fhir/Practitioner/4bd60bc1-53f2-493e-bccb-6c85a1d5eccf"
      },
      "dosageInstruction": [ {
        "timing": {
          "repeat": {
            "boundsPeriod": {
              "start": "2026-02-04T08:00:00.000+00:00",
              "end": "2026-03-04T08:00:00.000+00:00"
            }
          }
        }
      } ]
    },
    "request": {
      "method": "PUT",
      "url": "MedicationRequest/f9b72bcc-6ef1-449d-8494-a9dac4443385"
    }
  }, {
    "fullUrl": "https://madie.cms.gov/ServiceRequest/1bcc112f-21c3-4858-809f-ee2efa4d4ad1",
    "resource": {
      "resourceType": "ServiceRequest",
      "id": "1bcc112f-21c3-4858-809f-ee2efa4d4ad1",
      "meta": {
        "profile": [ "http://hl7.org/fhir/us/qicore/StructureDefinition/qicore-servicerequest" ]
      },
      "status": "active",
      "intent": "order",
      "code": {
        "coding": [ {
          "system": "http://snomed.info/sct",
          "version": "http://snomed.info/sct/731000124108/version/20250301",
          "code": "456381000124102",
          "display": "Injection of leuprolide acetate for twelve month period (regime/therapy)"
        } ]
      },
      "subject": {
        "reference": "Patient/7dada0a7-61dd-4375-9863-38d08bd6d676"
      },
      "authoredOn": "2026-02-04T08:00:00.000+00:00"
    },
    "request": {
      "method": "PUT",
      "url": "ServiceRequest/1bcc112f-21c3-4858-809f-ee2efa4d4ad1"
    }
  }, {
    "fullUrl": "https://madie.cms.gov/MeasureReport/18594903-a589-4249-8fc0-81f1bbb08a23",
    "resource": {
      "resourceType": "MeasureReport",
      "id": "18594903-a589-4249-8fc0-81f1bbb08a23",
      "meta": {
        "profile": [ "http://hl7.org/fhir/us/cqfmeasures/StructureDefinition/test-case-cqfm" ]
      },
      "contained": [ {
        "resourceType": "Parameters",
        "id": "a4f881ea-2b26-4f53-8305-d7373fbe2ec0-parameters",
        "parameter": [ {
          "name": "subject",
          "valueString": "7dada0a7-61dd-4375-9863-38d08bd6d676"
        } ]
      } ],
      "extension": [ {
        "url": "http://hl7.org/fhir/StructureDefinition/cqf-inputParameters",
        "valueReference": {
          "reference": "#a4f881ea-2b26-4f53-8305-d7373fbe2ec0-parameters"
        }
      }, {
        "url": "http://hl7.org/fhir/us/cqfmeasures/StructureDefinition/cqfm-testCaseDescription",
        "valueMarkdown": "Male with PCA.  ADT with 12 month order.DEXA ordered 5 years after ADT. Failed NUMER criteria"
      } ],
      "modifierExtension": [ {
        "url": "http://hl7.org/fhir/us/cqfmeasures/StructureDefinition/cqfm-isTestCase",
        "valueBoolean": true
      } ],
      "status": "complete",
      "type": "individual",
      "measure": "https://madie.cms.gov/Measure/CMS645FHIRBoneDensityPCADTherapy",
      "period": {
        "start": "2026-01-01",
        "end": "2026-12-31"
      },
      "group": [ {
        "id": "Group_1",
        "population": [ {
          "id": "InitialPopulation_1",
          "code": {
            "coding": [ {
              "system": "http://terminology.hl7.org/CodeSystem/measure-population",
              "code": "initial-population",
              "display": "Initial Population"
            } ]
          },
          "count": 1
        }, {
          "id": "Denominator_1",
          "code": {
            "coding": [ {
              "system": "http://terminology.hl7.org/CodeSystem/measure-population",
              "code": "denominator",
              "display": "Denominator"
            } ]
          },
          "count": 1
        }, {
          "id": "Numerator_1",
          "code": {
            "coding": [ {
              "system": "http://terminology.hl7.org/CodeSystem/measure-population",
              "code": "numerator",
              "display": "Numerator"
            } ]
          },
          "count": 0
        }, {
          "id": "DenominatorException_1",
          "code": {
            "coding": [ {
              "system": "http://terminology.hl7.org/CodeSystem/measure-population",
              "code": "denominator-exception",
              "display": "Denominator Exception"
            } ]
          },
          "count": 0
        } ],
        "measureScore": {
          "value": 1.0
        }
      } ],
      "evaluatedResource": [ {
        "reference": "Patient/7dada0a7-61dd-4375-9863-38d08bd6d676"
      }, {
        "reference": "Encounter/8062616f-d59b-44b9-bb22-b06b73f67ad4"
      }, {
        "reference": "Condition/ccafdd15-214b-43dd-8aa5-a1e6baa5ac7e"
      }, {
        "reference": "Observation/6becd19a-150c-464c-8446-c1d3567708c7"
      }, {
        "reference": "Practitioner/4bd60bc1-53f2-493e-bccb-6c85a1d5eccf"
      }, {
        "reference": "MedicationRequest/f9b72bcc-6ef1-449d-8494-a9dac4443385"
      }, {
        "reference": "ServiceRequest/1bcc112f-21c3-4858-809f-ee2efa4d4ad1"
      } ]
    },
    "request": {
      "method": "PUT",
      "url": "MeasureReport/18594903-a589-4249-8fc0-81f1bbb08a23"
    }
  } ]
}