{
  "resourceType": "Bundle",
  "id": "612e6ae502c62a011f2eba79",
  "type": "transaction",
  "entry": [ {
    "fullUrl": "https://madie.cms.gov/Patient/985d470c-a04a-4e24-ac27-1ae8d65c4979",
    "resource": {
      "resourceType": "Patient",
      "id": "985d470c-a04a-4e24-ac27-1ae8d65c4979",
      "meta": {
        "profile": [ "http://hl7.org/fhir/us/qicore/StructureDefinition/qicore-patient" ]
      },
      "text": {
        "status": "generated",
        "div": "<div xmlns=\"http://www.w3.org/1999/xhtml\"><div class=\"hapiHeaderText\">CMPerf_DuringObs_ObsLT1HrBFAdm <b>DENEXPASS </b></div><table class=\"hapiPropertyTable\"><tbody><tr><td>Identifier</td><td>32a3c1b5766063c719384b1023bfc3dfc1d8c92f7b9304cae9d3eaf406b0a696</td></tr><tr><td>Date of birth</td><td><span>02 January 1974</span></td></tr></tbody></table></div>"
      },
      "extension": [ {
        "url": "http://hl7.org/fhir/us/core/StructureDefinition/us-core-race",
        "extension": [ {
          "url": "ombCategory",
          "valueCoding": {
            "system": "urn:oid:2.16.840.1.113883.6.238",
            "code": "1002-5",
            "display": "American Indian or Alaska Native",
            "userSelected": true
          }
        }, {
          "url": "text",
          "valueString": "American Indian or Alaska Native"
        } ]
      }, {
        "url": "http://hl7.org/fhir/us/core/StructureDefinition/us-core-ethnicity",
        "extension": [ {
          "url": "ombCategory",
          "valueCoding": {
            "system": "urn:oid:2.16.840.1.113883.6.238",
            "code": "2135-2",
            "display": "Hispanic or Latino",
            "userSelected": true
          }
        }, {
          "url": "text",
          "valueString": "Hispanic or Latino"
        } ]
      } ],
      "identifier": [ {
        "type": {
          "coding": [ {
            "system": "http://terminology.hl7.org/CodeSystem/v2-0203",
            "code": "MR"
          } ]
        },
        "system": "https://bonnie-fhir.healthit.gov/",
        "value": "612e6ae502c62a011f2eba79"
      } ],
      "active": true,
      "name": [ {
        "use": "usual",
        "family": "DENEXPass",
        "given": [ "CMPerf_DuringObs_ObsLT1HrBFAdm" ]
      } ],
      "gender": "male",
      "birthDate": "1974-01-02"
    },
    "request": {
      "method": "PUT",
      "url": "Patient/985d470c-a04a-4e24-ac27-1ae8d65c4979"
    }
  }, {
    "fullUrl": "https://madie.cms.gov/Encounter/47f41d09-43e0-4fd2-8a21-69cf9d3e5570",
    "resource": {
      "resourceType": "Encounter",
      "id": "47f41d09-43e0-4fd2-8a21-69cf9d3e5570",
      "meta": {
        "profile": [ "http://hl7.org/fhir/us/qicore/StructureDefinition/qicore-encounter" ]
      },
      "status": "finished",
      "class": {
        "system": "http://terminology.hl7.org/CodeSystem/v3-ActCode",
        "code": "EMER",
        "display": "emergency"
      },
      "type": [ {
        "coding": [ {
          "system": "http://snomed.info/sct",
          "code": "4525004"
        } ]
      } ],
      "subject": {
        "reference": "Patient/985d470c-a04a-4e24-ac27-1ae8d65c4979"
      },
      "period": {
        "start": "2025-10-31T04:00:00+00:00",
        "end": "2025-11-01T05:15:00+00:00"
      },
      "length": {
        "value": 1.0,
        "unit": "days"
      }
    },
    "request": {
      "method": "PUT",
      "url": "Encounter/47f41d09-43e0-4fd2-8a21-69cf9d3e5570"
    }
  }, {
    "fullUrl": "https://madie.cms.gov/Encounter/bc4aacfd-e4bb-45e1-9de4-13083be426dc",
    "resource": {
      "resourceType": "Encounter",
      "id": "bc4aacfd-e4bb-45e1-9de4-13083be426dc",
      "meta": {
        "profile": [ "http://hl7.org/fhir/us/qicore/StructureDefinition/qicore-encounter" ]
      },
      "status": "finished",
      "class": {
        "system": "http://terminology.hl7.org/CodeSystem/v3-ActCode",
        "code": "IMP",
        "display": "inpatient encounter"
      },
      "type": [ {
        "coding": [ {
          "system": "http://snomed.info/sct",
          "code": "8715000"
        } ]
      } ],
      "subject": {
        "reference": "Patient/985d470c-a04a-4e24-ac27-1ae8d65c4979"
      },
      "period": {
        "start": "2025-11-01T08:00:00+00:00",
        "end": "2025-11-26T08:15:00+00:00"
      },
      "length": {
        "value": 25.0,
        "unit": "days"
      }
    },
    "request": {
      "method": "PUT",
      "url": "Encounter/bc4aacfd-e4bb-45e1-9de4-13083be426dc"
    }
  }, {
    "fullUrl": "https://madie.cms.gov/Encounter/39876656-c5bc-44b7-ab32-14546717f0e4",
    "resource": {
      "resourceType": "Encounter",
      "id": "39876656-c5bc-44b7-ab32-14546717f0e4",
      "meta": {
        "profile": [ "http://hl7.org/fhir/us/qicore/StructureDefinition/qicore-encounter" ]
      },
      "status": "finished",
      "class": {
        "system": "http://terminology.hl7.org/CodeSystem/v3-ActCode",
        "code": "OBSENC",
        "display": "observation encounter"
      },
      "type": [ {
        "coding": [ {
          "system": "http://snomed.info/sct",
          "code": "448951000124107"
        } ]
      } ],
      "subject": {
        "reference": "Patient/985d470c-a04a-4e24-ac27-1ae8d65c4979"
      },
      "period": {
        "start": "2025-11-01T05:20:00+00:00",
        "end": "2025-11-01T07:30:00+00:00"
      }
    },
    "request": {
      "method": "PUT",
      "url": "Encounter/39876656-c5bc-44b7-ab32-14546717f0e4"
    }
  }, {
    "fullUrl": "https://madie.cms.gov/Procedure/a192139d-4f71-4569-8603-dc18707b03e3",
    "resource": {
      "resourceType": "Procedure",
      "id": "a192139d-4f71-4569-8603-dc18707b03e3",
      "meta": {
        "profile": [ "http://hl7.org/fhir/us/qicore/StructureDefinition/qicore-procedure" ]
      },
      "extension": [ {
        "url": "http://hl7.org/fhir/us/qicore/StructureDefinition/qicore-recorded",
        "valueDateTime": "2012-11-01T09:35:00-04:00"
      } ],
      "status": "completed",
      "code": {
        "coding": [ {
          "system": "http://snomed.info/sct",
          "code": "133918004"
        } ]
      },
      "subject": {
        "reference": "Patient/985d470c-a04a-4e24-ac27-1ae8d65c4979"
      },
      "performedPeriod": {
        "start": "2025-10-31T07:00:00+00:00"
      }
    },
    "request": {
      "method": "PUT",
      "url": "Procedure/a192139d-4f71-4569-8603-dc18707b03e3"
    }
  }, {
    "fullUrl": "https://madie.cms.gov/Coverage/5cd75f75-6d7d-4e9a-a1bc-be5d1dde64ca",
    "resource": {
      "resourceType": "Coverage",
      "id": "5cd75f75-6d7d-4e9a-a1bc-be5d1dde64ca",
      "status": "active",
      "beneficiary": {
        "reference": "Patient/985d470c-a04a-4e24-ac27-1ae8d65c4979"
      },
      "period": {
        "start": "1974-01-02T08:00:00+00:00"
      },
      "payor": [ {
        "reference": "Organization/f8282967-a070-49b7-b374-c410ba3fd016"
      } ]
    },
    "request": {
      "method": "PUT",
      "url": "Coverage/5cd75f75-6d7d-4e9a-a1bc-be5d1dde64ca"
    }
  }, {
    "fullUrl": "https://madie.cms.gov/Organization/f8282967-a070-49b7-b374-c410ba3fd016",
    "resource": {
      "resourceType": "Organization",
      "id": "f8282967-a070-49b7-b374-c410ba3fd016",
      "meta": {
        "profile": [ "http://hl7.org/fhir/us/qicore/StructureDefinition/qicore-organization" ]
      },
      "identifier": [ {
        "use": "temp",
        "system": "urn:oid:2.16.840.1.113883.4.4",
        "value": "21-3259825"
      } ],
      "active": true,
      "type": [ {
        "coding": [ {
          "system": "http://terminology.hl7.org/CodeSystem/organization-type",
          "code": "pay",
          "display": "Payer"
        } ]
      } ],
      "name": "Blue Cross Blue Shield of Texas",
      "telecom": [ {
        "system": "phone",
        "value": "(+1) 972-766-6900"
      } ],
      "address": [ {
        "use": "billing",
        "type": "postal",
        "line": [ "P.O. Box 660044" ],
        "city": "Dallas",
        "state": "TX",
        "postalCode": "75266-0044",
        "country": "USA"
      } ]
    },
    "request": {
      "method": "PUT",
      "url": "Organization/f8282967-a070-49b7-b374-c410ba3fd016"
    }
  }, {
    "fullUrl": "https://madie.cms.gov/Practitioner/9ea2f4be-df82-4073-9ab5-56eb6344abf5",
    "resource": {
      "resourceType": "Practitioner",
      "id": "9ea2f4be-df82-4073-9ab5-56eb6344abf5",
      "identifier": [ {
        "system": "http://hl7.org/fhir/sid/us-npi",
        "value": "123456"
      } ],
      "name": [ {
        "family": "Evil",
        "prefix": [ "Dr" ]
      } ]
    },
    "request": {
      "method": "PUT",
      "url": "Practitioner/9ea2f4be-df82-4073-9ab5-56eb6344abf5"
    }
  }, {
    "fullUrl": "https://madie.cms.gov/MeasureReport/d8b59b30-285b-41bb-b15c-f88ffcd9a22e",
    "resource": {
      "resourceType": "MeasureReport",
      "id": "d8b59b30-285b-41bb-b15c-f88ffcd9a22e",
      "meta": {
        "profile": [ "http://hl7.org/fhir/us/cqfmeasures/StructureDefinition/test-case-cqfm" ]
      },
      "contained": [ {
        "resourceType": "Parameters",
        "id": "3bca4796-5dfd-49d9-9065-f0b950f59d10-parameters",
        "parameter": [ {
          "name": "subject",
          "valueString": "985d470c-a04a-4e24-ac27-1ae8d65c4979"
        } ]
      } ],
      "extension": [ {
        "url": "http://hl7.org/fhir/us/cqfmeasures/StructureDefinition/cqfm-inputParameters",
        "valueReference": {
          "reference": "#3bca4796-5dfd-49d9-9065-f0b950f59d10-parameters"
        }
      }, {
        "url": "http://hl7.org/fhir/us/cqfmeasures/StructureDefinition/cqfm-testCaseDescription",
        "valueMarkdown": "comfort measures performed in Observation, and Obs < 1hr prior to Adm \n"
      } ],
      "modifierExtension": [ {
        "url": "http://hl7.org/fhir/us/cqfmeasures/StructureDefinition/cqfm-isTestCase",
        "valueBoolean": true
      } ],
      "status": "complete",
      "type": "individual",
      "measure": "https://madie.cms.gov/Measure/VenousThromboembolismProphylaxisFHIR",
      "period": {
        "start": "2025-01-01",
        "end": "2025-12-31"
      },
      "group": [ {
        "population": [ {
          "code": {
            "coding": [ {
              "system": "http://terminology.hl7.org/CodeSystem/measure-population",
              "code": "initial-population",
              "display": "Initial Population"
            } ]
          },
          "count": 1
        }, {
          "code": {
            "coding": [ {
              "system": "http://terminology.hl7.org/CodeSystem/measure-population",
              "code": "denominator",
              "display": "Denominator"
            } ]
          },
          "count": 1
        }, {
          "code": {
            "coding": [ {
              "system": "http://terminology.hl7.org/CodeSystem/measure-population",
              "code": "denominator-exclusion",
              "display": "Denominator Exclusion"
            } ]
          },
          "count": 1
        }, {
          "code": {
            "coding": [ {
              "system": "http://terminology.hl7.org/CodeSystem/measure-population",
              "code": "numerator",
              "display": "Numerator"
            } ]
          },
          "count": 0
        } ]
      } ],
      "evaluatedResource": [ {
        "reference": "Patient/985d470c-a04a-4e24-ac27-1ae8d65c4979"
      }, {
        "reference": "Encounter/47f41d09-43e0-4fd2-8a21-69cf9d3e5570"
      }, {
        "reference": "Encounter/bc4aacfd-e4bb-45e1-9de4-13083be426dc"
      }, {
        "reference": "Encounter/39876656-c5bc-44b7-ab32-14546717f0e4"
      }, {
        "reference": "Procedure/a192139d-4f71-4569-8603-dc18707b03e3"
      }, {
        "reference": "Coverage/5cd75f75-6d7d-4e9a-a1bc-be5d1dde64ca"
      }, {
        "reference": "Organization/f8282967-a070-49b7-b374-c410ba3fd016"
      }, {
        "reference": "Practitioner/9ea2f4be-df82-4073-9ab5-56eb6344abf5"
      } ]
    },
    "request": {
      "method": "PUT",
      "url": "MeasureReport/d8b59b30-285b-41bb-b15c-f88ffcd9a22e"
    }
  } ]
}