{
  "resourceType": "Bundle",
  "id": "135f1a32f4135431232d",
  "type": "transaction",
  "entry": [ {
    "fullUrl": "https://madie.cms.gov/Patient/1705b17e-46ff-4a4d-9783-1c30c65cd5d5",
    "resource": {
      "resourceType": "Patient",
      "id": "1705b17e-46ff-4a4d-9783-1c30c65cd5d5",
      "meta": {
        "profile": [ "http://hl7.org/fhir/us/qicore/StructureDefinition/qicore-patient" ]
      },
      "extension": [ {
        "url": "http://hl7.org/fhir/us/core/StructureDefinition/us-core-race",
        "extension": [ {
          "url": "ombCategory",
          "valueCoding": {
            "system": "urn:oid:2.16.840.1.113883.6.238",
            "code": "1002-5",
            "display": "American Indian or Alaska Native"
          }
        }, {
          "url": "text",
          "valueString": "American Indian or Alaska Native"
        } ]
      }, {
        "url": "http://hl7.org/fhir/us/core/StructureDefinition/us-core-ethnicity",
        "extension": [ {
          "url": "ombCategory",
          "valueCoding": {
            "system": "urn:oid:2.16.840.1.113883.6.238",
            "code": "2135-2",
            "display": "Hispanic or Latino"
          }
        }, {
          "url": "text",
          "valueString": "Hispanic or Latino"
        } ]
      } ],
      "identifier": [ {
        "type": {
          "coding": [ {
            "system": "http://terminology.hl7.org/CodeSystem/v2-0203",
            "code": "MR"
          } ]
        },
        "system": "https://bonnie-fhir.healthit.gov",
        "value": "4643131435413132"
      } ],
      "active": true,
      "name": [ {
        "family": "IPPFail",
        "given": [ "PtGenderFemale" ]
      } ],
      "gender": "female",
      "birthDate": "1952-10-10"
    },
    "request": {
      "method": "PUT",
      "url": "Patient/1705b17e-46ff-4a4d-9783-1c30c65cd5d5"
    }
  }, {
    "fullUrl": "https://madie.cms.gov/Encounter/94dcef0f-c9be-4346-a392-2d5067b6d921",
    "resource": {
      "resourceType": "Encounter",
      "id": "94dcef0f-c9be-4346-a392-2d5067b6d921",
      "meta": {
        "profile": [ "http://hl7.org/fhir/us/qicore/StructureDefinition/qicore-encounter" ]
      },
      "status": "finished",
      "class": {
        "system": "http://terminology.hl7.org/CodeSystem/v3-ActCode",
        "code": "AMB",
        "display": "ambulatory"
      },
      "type": [ {
        "coding": [ {
          "system": "http://www.ama-assn.org/go/cpt",
          "version": "2024",
          "code": "99203"
        } ]
      } ],
      "subject": {
        "reference": "Patient/1705b17e-46ff-4a4d-9783-1c30c65cd5d5"
      },
      "period": {
        "start": "2025-02-01T08:00:00.000+00:00",
        "end": "2025-02-01T08:15:00.000+00:00"
      }
    },
    "request": {
      "method": "PUT",
      "url": "Encounter/94dcef0f-c9be-4346-a392-2d5067b6d921"
    }
  }, {
    "fullUrl": "https://madie.cms.gov/Condition/0d1a49c4-cd24-4a62-ad29-a3ab57cc0903",
    "resource": {
      "resourceType": "Condition",
      "id": "0d1a49c4-cd24-4a62-ad29-a3ab57cc0903",
      "meta": {
        "profile": [ "http://hl7.org/fhir/us/qicore/StructureDefinition/qicore-condition-problems-health-concerns" ]
      },
      "clinicalStatus": {
        "coding": [ {
          "system": "http://terminology.hl7.org/CodeSystem/condition-clinical",
          "code": "active"
        } ]
      },
      "verificationStatus": {
        "coding": [ {
          "system": "http://terminology.hl7.org/CodeSystem/condition-ver-status",
          "code": "confirmed"
        } ]
      },
      "category": [ {
        "coding": [ {
          "system": "http://terminology.hl7.org/CodeSystem/condition-category",
          "code": "problem-list-item",
          "display": "Problem List Item"
        } ]
      } ],
      "code": {
        "coding": [ {
          "system": "http://snomed.info/sct",
          "version": "http://snomed.info/sct/731000124108/version/20240301",
          "code": "254900004",
          "display": "Carcinoma of prostate (disorder)"
        } ]
      },
      "subject": {
        "reference": "Patient/1705b17e-46ff-4a4d-9783-1c30c65cd5d5"
      },
      "onsetPeriod": {
        "start": "2025-03-15T08:00:00.000+00:00"
      }
    },
    "request": {
      "method": "PUT",
      "url": "Condition/0d1a49c4-cd24-4a62-ad29-a3ab57cc0903"
    }
  }, {
    "fullUrl": "https://madie.cms.gov/MedicationRequest/d0c27517-605f-4050-a196-7d62893c0638",
    "resource": {
      "resourceType": "MedicationRequest",
      "id": "d0c27517-605f-4050-a196-7d62893c0638",
      "meta": {
        "profile": [ "http://hl7.org/fhir/us/qicore/StructureDefinition/qicore-medicationrequest" ]
      },
      "status": "active",
      "intent": "order",
      "medicationCodeableConcept": {
        "coding": [ {
          "system": "http://www.nlm.nih.gov/research/umls/rxnorm",
          "version": "04012024",
          "code": "1115257",
          "display": "1.5 ML leuprolide acetate 30 MG/ML Prefilled Syringe"
        } ]
      },
      "subject": {
        "reference": "Patient/1705b17e-46ff-4a4d-9783-1c30c65cd5d5"
      },
      "authoredOn": "2025-03-15T08:00:00.000+00:00",
      "requester": {
        "reference": "http://myGoodHealthcare.com/fhir/Practitioner/832b8f6c-b261-4427-be8c-1acf7bf77621"
      },
      "dosageInstruction": [ {
        "timing": {
          "repeat": {
            "boundsPeriod": {
              "start": "2025-03-15T08:00:00.000+00:00",
              "end": "2025-04-15T08:15:00.000+00:00"
            }
          }
        }
      } ]
    },
    "request": {
      "method": "PUT",
      "url": "MedicationRequest/d0c27517-605f-4050-a196-7d62893c0638"
    }
  }, {
    "fullUrl": "https://madie.cms.gov/ServiceRequest/89e72798-b77d-4f0a-b5f7-a2ce321329c5",
    "resource": {
      "resourceType": "ServiceRequest",
      "id": "89e72798-b77d-4f0a-b5f7-a2ce321329c5",
      "meta": {
        "profile": [ "http://hl7.org/fhir/us/qicore/StructureDefinition/qicore-servicerequest" ]
      },
      "status": "active",
      "intent": "order",
      "code": {
        "coding": [ {
          "system": "http://snomed.info/sct",
          "version": "http://snomed.info/sct/731000124108/version/20240301",
          "code": "456381000124102",
          "display": "Injection of leuprolide acetate for twelve month period (regime/therapy)"
        } ]
      },
      "subject": {
        "reference": "Patient/1705b17e-46ff-4a4d-9783-1c30c65cd5d5"
      },
      "authoredOn": "2025-03-15T08:00:00.000+00:00"
    },
    "request": {
      "method": "PUT",
      "url": "ServiceRequest/89e72798-b77d-4f0a-b5f7-a2ce321329c5"
    }
  }, {
    "fullUrl": "https://madie.cms.gov/Practitioner/832b8f6c-b261-4427-be8c-1acf7bf77621",
    "resource": {
      "resourceType": "Practitioner",
      "id": "832b8f6c-b261-4427-be8c-1acf7bf77621",
      "meta": {
        "profile": [ "http://hl7.org/fhir/us/qicore/StructureDefinition/qicore-practitioner" ]
      },
      "identifier": [ {
        "use": "temp",
        "system": "urn:oid:2.16.840.1.113883.4.336",
        "value": "Practitioner-23"
      } ],
      "active": true,
      "name": [ {
        "family": "Careful",
        "given": [ "Adam" ],
        "prefix": [ "Dr" ]
      } ],
      "address": [ {
        "use": "home",
        "line": [ "534 Erewhon St" ],
        "city": "PleasantVille",
        "state": "UT",
        "postalCode": "84414"
      } ],
      "qualification": [ {
        "identifier": [ {
          "system": "http://example.org/UniversityIdentifier",
          "value": "12345"
        } ],
        "code": {
          "coding": [ {
            "system": "http://terminology.hl7.org/CodeSystem/v2-0360|2.7",
            "code": "BS",
            "display": "Bachelor of Science"
          } ],
          "text": "Bachelor of Science"
        },
        "period": {
          "start": "1996"
        },
        "issuer": {
          "display": "Example University"
        }
      } ]
    },
    "request": {
      "method": "PUT",
      "url": "Practitioner/832b8f6c-b261-4427-be8c-1acf7bf77621"
    }
  }, {
    "fullUrl": "https://madie.cms.gov/MeasureReport/1e81aae3-f43e-47a5-8075-ffba657cb598",
    "resource": {
      "resourceType": "MeasureReport",
      "id": "1e81aae3-f43e-47a5-8075-ffba657cb598",
      "meta": {
        "profile": [ "http://hl7.org/fhir/us/cqfmeasures/StructureDefinition/test-case-cqfm" ]
      },
      "contained": [ {
        "resourceType": "Parameters",
        "id": "32d52782-18a8-4a18-b92a-17919ca3ef40-parameters",
        "parameter": [ {
          "name": "subject",
          "valueString": "1705b17e-46ff-4a4d-9783-1c30c65cd5d5"
        } ]
      } ],
      "extension": [ {
        "url": "http://hl7.org/fhir/StructureDefinition/cqf-inputParameters",
        "valueReference": {
          "reference": "#32d52782-18a8-4a18-b92a-17919ca3ef40-parameters"
        }
      }, {
        "url": "http://hl7.org/fhir/us/cqfmeasures/StructureDefinition/cqfm-testCaseDescription",
        "valueMarkdown": "Patient female. Fail IPP."
      } ],
      "modifierExtension": [ {
        "url": "http://hl7.org/fhir/us/cqfmeasures/StructureDefinition/cqfm-isTestCase",
        "valueBoolean": true
      } ],
      "status": "complete",
      "type": "individual",
      "measure": "https://madie.cms.gov/Measure/CMS645FHIRBoneDensityProstateCancerAndrogenDeprivationTherapy",
      "period": {
        "start": "2026-01-01",
        "end": "2026-12-31"
      },
      "group": [ {
        "id": "Group_1",
        "population": [ {
          "id": "InitialPopulation_1",
          "code": {
            "coding": [ {
              "system": "http://terminology.hl7.org/CodeSystem/measure-population",
              "code": "initial-population",
              "display": "Initial Population"
            } ]
          },
          "count": 0
        }, {
          "id": "Denominator_1",
          "code": {
            "coding": [ {
              "system": "http://terminology.hl7.org/CodeSystem/measure-population",
              "code": "denominator",
              "display": "Denominator"
            } ]
          },
          "count": 0
        }, {
          "id": "Numerator_1",
          "code": {
            "coding": [ {
              "system": "http://terminology.hl7.org/CodeSystem/measure-population",
              "code": "numerator",
              "display": "Numerator"
            } ]
          },
          "count": 0
        }, {
          "id": "DenominatorException_1",
          "code": {
            "coding": [ {
              "system": "http://terminology.hl7.org/CodeSystem/measure-population",
              "code": "denominator-exception",
              "display": "Denominator Exception"
            } ]
          },
          "count": 0
        } ],
        "measureScore": {
          "value": 1.0
        }
      } ],
      "evaluatedResource": [ {
        "reference": "Patient/1705b17e-46ff-4a4d-9783-1c30c65cd5d5"
      }, {
        "reference": "Encounter/94dcef0f-c9be-4346-a392-2d5067b6d921"
      }, {
        "reference": "Condition/0d1a49c4-cd24-4a62-ad29-a3ab57cc0903"
      }, {
        "reference": "MedicationRequest/d0c27517-605f-4050-a196-7d62893c0638"
      }, {
        "reference": "ServiceRequest/89e72798-b77d-4f0a-b5f7-a2ce321329c5"
      }, {
        "reference": "Practitioner/832b8f6c-b261-4427-be8c-1acf7bf77621"
      } ]
    },
    "request": {
      "method": "PUT",
      "url": "MeasureReport/1e81aae3-f43e-47a5-8075-ffba657cb598"
    }
  } ]
}