{
  "resourceType": "Bundle",
  "id": "60abda28bf0a01003e3f76bd",
  "type": "transaction",
  "entry": [ {
    "fullUrl": "https://madie.cms.gov/Patient/05afd17d-f9a0-4588-bb3a-ffefd2f6c271",
    "resource": {
      "resourceType": "Patient",
      "id": "05afd17d-f9a0-4588-bb3a-ffefd2f6c271",
      "meta": {
        "profile": [ "http://hl7.org/fhir/us/qicore/StructureDefinition/qicore-patient" ]
      },
      "extension": [ {
        "url": "http://hl7.org/fhir/us/core/StructureDefinition/us-core-race",
        "extension": [ {
          "url": "ombCategory",
          "valueCoding": {
            "system": "urn:oid:2.16.840.1.113883.6.238",
            "code": "2054-5",
            "display": "Black or African American"
          }
        }, {
          "url": "text",
          "valueString": "Black or African American"
        } ]
      }, {
        "url": "http://hl7.org/fhir/us/core/StructureDefinition/us-core-ethnicity",
        "extension": [ {
          "url": "ombCategory",
          "valueCoding": {
            "system": "urn:oid:2.16.840.1.113883.6.238",
            "code": "2186-5",
            "display": "Not Hispanic or Latino"
          }
        }, {
          "url": "text",
          "valueString": "Not Hispanic or Latino"
        } ]
      } ],
      "identifier": [ {
        "type": {
          "coding": [ {
            "system": "http://terminology.hl7.org/CodeSystem/v2-0203",
            "code": "MR"
          } ]
        },
        "system": "https://bonnie-fhir.healthit.gov/",
        "value": "463131313187656"
      } ],
      "name": [ {
        "family": "NUMERPass",
        "given": [ "ADT3MonthsBeforeMP" ]
      } ],
      "gender": "male",
      "birthDate": "1970-06-15"
    },
    "request": {
      "method": "PUT",
      "url": "Patient/05afd17d-f9a0-4588-bb3a-ffefd2f6c271"
    }
  }, {
    "fullUrl": "https://madie.cms.gov/Encounter/c0daa379-0c69-4839-ae68-c392a8c65b00",
    "resource": {
      "resourceType": "Encounter",
      "id": "c0daa379-0c69-4839-ae68-c392a8c65b00",
      "meta": {
        "profile": [ "http://hl7.org/fhir/us/qicore/StructureDefinition/qicore-encounter" ]
      },
      "status": "finished",
      "class": {
        "system": "http://terminology.hl7.org/CodeSystem/v3-ActCode",
        "code": "AMB",
        "display": "ambulatory"
      },
      "type": [ {
        "coding": [ {
          "system": "http://snomed.info/sct",
          "version": "http://snomed.info/sct/731000124108/version/20240301",
          "code": "185463005",
          "display": "Visit out of hours (procedure)"
        } ]
      } ],
      "subject": {
        "reference": "Patient/05afd17d-f9a0-4588-bb3a-ffefd2f6c271"
      },
      "period": {
        "start": "2026-01-01T08:00:00.000+00:00",
        "end": "2026-01-01T08:15:00.000+00:00"
      }
    },
    "request": {
      "method": "PUT",
      "url": "Encounter/c0daa379-0c69-4839-ae68-c392a8c65b00"
    }
  }, {
    "fullUrl": "https://madie.cms.gov/Condition/e2e66886-2e1a-46f0-9ce3-c5f8bdba654e",
    "resource": {
      "resourceType": "Condition",
      "id": "e2e66886-2e1a-46f0-9ce3-c5f8bdba654e",
      "meta": {
        "profile": [ "http://hl7.org/fhir/us/qicore/StructureDefinition/qicore-condition-problems-health-concerns" ]
      },
      "clinicalStatus": {
        "coding": [ {
          "system": "http://terminology.hl7.org/CodeSystem/condition-clinical",
          "code": "active",
          "display": "Active",
          "userSelected": true
        } ]
      },
      "verificationStatus": {
        "coding": [ {
          "system": "http://terminology.hl7.org/CodeSystem/condition-ver-status",
          "code": "confirmed"
        } ]
      },
      "category": [ {
        "coding": [ {
          "system": "http://terminology.hl7.org/CodeSystem/condition-category",
          "code": "problem-list-item",
          "display": "Problem List Item"
        } ]
      } ],
      "code": {
        "coding": [ {
          "system": "http://snomed.info/sct",
          "version": "http://snomed.info/sct/731000124108/version/20240301",
          "code": "254900004",
          "display": "Carcinoma of prostate (disorder)"
        } ]
      },
      "subject": {
        "reference": "Patient/05afd17d-f9a0-4588-bb3a-ffefd2f6c271"
      },
      "onsetDateTime": "2025-09-30T08:00:00.000+00:00"
    },
    "request": {
      "method": "PUT",
      "url": "Condition/e2e66886-2e1a-46f0-9ce3-c5f8bdba654e"
    }
  }, {
    "fullUrl": "https://madie.cms.gov/Observation/6dde28de-2e17-4cfa-a785-891ce0bd9cd6",
    "resource": {
      "resourceType": "Observation",
      "id": "6dde28de-2e17-4cfa-a785-891ce0bd9cd6",
      "meta": {
        "profile": [ "http://hl7.org/fhir/us/qicore/StructureDefinition/qicore-observation-lab" ]
      },
      "status": "final",
      "category": [ {
        "coding": [ {
          "system": "http://terminology.hl7.org/CodeSystem/observation-category",
          "code": "imaging",
          "display": "Imaging"
        } ]
      } ],
      "code": {
        "coding": [ {
          "system": "http://loinc.org",
          "version": "2.76",
          "code": "38265-5",
          "display": "DXA Radius and Ulna [T-score] Bone density"
        } ]
      },
      "subject": {
        "reference": "Patient/05afd17d-f9a0-4588-bb3a-ffefd2f6c271"
      },
      "effectivePeriod": {
        "start": "2026-01-01T10:00:00.000+00:00"
      }
    },
    "request": {
      "method": "PUT",
      "url": "Observation/6dde28de-2e17-4cfa-a785-891ce0bd9cd6"
    }
  }, {
    "fullUrl": "https://madie.cms.gov/Practitioner/a135b7b3-43f0-4d6a-af3b-6e5eff36aa4a",
    "resource": {
      "resourceType": "Practitioner",
      "id": "a135b7b3-43f0-4d6a-af3b-6e5eff36aa4a",
      "meta": {
        "profile": [ "http://hl7.org/fhir/us/qicore/StructureDefinition/qicore-practitioner" ]
      },
      "identifier": [ {
        "use": "temp",
        "system": "urn:oid:2.16.840.1.113883.4.336",
        "value": "Practitioner-23"
      } ],
      "active": true,
      "name": [ {
        "family": "Careful",
        "given": [ "Adam" ],
        "prefix": [ "Dr" ]
      } ],
      "address": [ {
        "use": "home",
        "line": [ "534 Erewhon St" ],
        "city": "PleasantVille",
        "state": "UT",
        "postalCode": "84414"
      } ],
      "qualification": [ {
        "identifier": [ {
          "system": "http://example.org/UniversityIdentifier",
          "value": "12345"
        } ],
        "code": {
          "coding": [ {
            "system": "http://terminology.hl7.org/CodeSystem/v2-0360|2.7",
            "code": "BS",
            "display": "Bachelor of Science"
          } ],
          "text": "Bachelor of Science"
        },
        "period": {
          "start": "1996"
        },
        "issuer": {
          "display": "Example University"
        }
      } ]
    },
    "request": {
      "method": "PUT",
      "url": "Practitioner/a135b7b3-43f0-4d6a-af3b-6e5eff36aa4a"
    }
  }, {
    "fullUrl": "https://madie.cms.gov/MedicationRequest/06ec0694-2a07-4061-9624-d961d192bf17",
    "resource": {
      "resourceType": "MedicationRequest",
      "id": "06ec0694-2a07-4061-9624-d961d192bf17",
      "meta": {
        "profile": [ "http://hl7.org/fhir/us/qicore/StructureDefinition/qicore-medicationrequest" ]
      },
      "status": "active",
      "intent": "order",
      "doNotPerform": false,
      "medicationCodeableConcept": {
        "coding": [ {
          "system": "http://www.nlm.nih.gov/research/umls/rxnorm",
          "version": "04012024",
          "code": "1115257",
          "display": "1.5 ML leuprolide acetate 30 MG/ML Prefilled Syringe"
        } ]
      },
      "subject": {
        "reference": "Patient/05afd17d-f9a0-4588-bb3a-ffefd2f6c271"
      },
      "authoredOn": "2025-10-01T08:00:00.000+00:00",
      "requester": {
        "reference": "http://myGoodHealthcare.com/fhir/Practitioner/a135b7b3-43f0-4d6a-af3b-6e5eff36aa4a"
      },
      "dosageInstruction": [ {
        "timing": {
          "repeat": {
            "boundsPeriod": {
              "start": "2025-10-01T08:00:00.000+00:00",
              "end": "2025-11-01T08:00:00.000+00:00"
            }
          }
        }
      } ]
    },
    "request": {
      "method": "PUT",
      "url": "MedicationRequest/06ec0694-2a07-4061-9624-d961d192bf17"
    }
  }, {
    "fullUrl": "https://madie.cms.gov/ServiceRequest/82474398-9015-4da6-a988-8e243b90e94e",
    "resource": {
      "resourceType": "ServiceRequest",
      "id": "82474398-9015-4da6-a988-8e243b90e94e",
      "meta": {
        "profile": [ "http://hl7.org/fhir/us/qicore/StructureDefinition/qicore-servicerequest" ]
      },
      "status": "active",
      "intent": "order",
      "code": {
        "coding": [ {
          "system": "http://snomed.info/sct",
          "version": "http://snomed.info/sct/731000124108/version/20240301",
          "code": "456381000124102",
          "display": "Injection of leuprolide acetate for twelve month period (regime/therapy)"
        } ]
      },
      "subject": {
        "reference": "Patient/05afd17d-f9a0-4588-bb3a-ffefd2f6c271"
      },
      "authoredOn": "2025-10-01T08:00:00.000+00:00"
    },
    "request": {
      "method": "PUT",
      "url": "ServiceRequest/82474398-9015-4da6-a988-8e243b90e94e"
    }
  }, {
    "fullUrl": "https://madie.cms.gov/MeasureReport/a0df93cd-cbae-4a0f-bfee-5943869aa7b7",
    "resource": {
      "resourceType": "MeasureReport",
      "id": "a0df93cd-cbae-4a0f-bfee-5943869aa7b7",
      "meta": {
        "profile": [ "http://hl7.org/fhir/us/cqfmeasures/StructureDefinition/test-case-cqfm" ]
      },
      "contained": [ {
        "resourceType": "Parameters",
        "id": "7427f2d3-7c43-4c63-b19d-a731edc57913-parameters",
        "parameter": [ {
          "name": "subject",
          "valueString": "05afd17d-f9a0-4588-bb3a-ffefd2f6c271"
        } ]
      } ],
      "extension": [ {
        "url": "http://hl7.org/fhir/StructureDefinition/cqf-inputParameters",
        "valueReference": {
          "reference": "#7427f2d3-7c43-4c63-b19d-a731edc57913-parameters"
        }
      }, {
        "url": "http://hl7.org/fhir/us/cqfmeasures/StructureDefinition/cqfm-testCaseDescription",
        "valueMarkdown": "Dx of Prostate Cancer and qualifying encounters. ADT 3 months before MP, DEXA within 3 mo after ADT. Edge. Passes NUMER criteria as expected."
      } ],
      "modifierExtension": [ {
        "url": "http://hl7.org/fhir/us/cqfmeasures/StructureDefinition/cqfm-isTestCase",
        "valueBoolean": true
      } ],
      "status": "complete",
      "type": "individual",
      "measure": "https://madie.cms.gov/Measure/CMS645FHIRBoneDensityProstateCancerAndrogenDeprivationTherapy",
      "period": {
        "start": "2026-01-01",
        "end": "2026-12-31"
      },
      "group": [ {
        "id": "Group_1",
        "population": [ {
          "id": "InitialPopulation_1",
          "code": {
            "coding": [ {
              "system": "http://terminology.hl7.org/CodeSystem/measure-population",
              "code": "initial-population",
              "display": "Initial Population"
            } ]
          },
          "count": 1
        }, {
          "id": "Denominator_1",
          "code": {
            "coding": [ {
              "system": "http://terminology.hl7.org/CodeSystem/measure-population",
              "code": "denominator",
              "display": "Denominator"
            } ]
          },
          "count": 1
        }, {
          "id": "Numerator_1",
          "code": {
            "coding": [ {
              "system": "http://terminology.hl7.org/CodeSystem/measure-population",
              "code": "numerator",
              "display": "Numerator"
            } ]
          },
          "count": 1
        }, {
          "id": "DenominatorException_1",
          "code": {
            "coding": [ {
              "system": "http://terminology.hl7.org/CodeSystem/measure-population",
              "code": "denominator-exception",
              "display": "Denominator Exception"
            } ]
          },
          "count": 0
        } ],
        "measureScore": {
          "value": 1.0
        }
      } ],
      "evaluatedResource": [ {
        "reference": "Patient/05afd17d-f9a0-4588-bb3a-ffefd2f6c271"
      }, {
        "reference": "Encounter/c0daa379-0c69-4839-ae68-c392a8c65b00"
      }, {
        "reference": "Condition/e2e66886-2e1a-46f0-9ce3-c5f8bdba654e"
      }, {
        "reference": "Observation/6dde28de-2e17-4cfa-a785-891ce0bd9cd6"
      }, {
        "reference": "Practitioner/a135b7b3-43f0-4d6a-af3b-6e5eff36aa4a"
      }, {
        "reference": "MedicationRequest/06ec0694-2a07-4061-9624-d961d192bf17"
      }, {
        "reference": "ServiceRequest/82474398-9015-4da6-a988-8e243b90e94e"
      } ]
    },
    "request": {
      "method": "PUT",
      "url": "MeasureReport/a0df93cd-cbae-4a0f-bfee-5943869aa7b7"
    }
  } ]
}