{
  "resourceType": "Bundle",
  "id": "60abda28bf0a01003e3f76bd",
  "type": "transaction",
  "entry": [ {
    "fullUrl": "https://madie.cms.gov/Patient/449eb3e6-3c46-439c-95cd-125aadd27e82",
    "resource": {
      "resourceType": "Patient",
      "id": "449eb3e6-3c46-439c-95cd-125aadd27e82",
      "meta": {
        "profile": [ "http://hl7.org/fhir/us/qicore/StructureDefinition/qicore-patient" ]
      },
      "extension": [ {
        "url": "http://hl7.org/fhir/us/core/StructureDefinition/us-core-race",
        "extension": [ {
          "url": "ombCategory",
          "valueCoding": {
            "system": "urn:oid:2.16.840.1.113883.6.238",
            "code": "2054-5",
            "display": "Black or African American",
            "userSelected": true
          }
        }, {
          "url": "text",
          "valueString": "Black or African American"
        } ]
      }, {
        "url": "http://hl7.org/fhir/us/core/StructureDefinition/us-core-ethnicity",
        "extension": [ {
          "url": "ombCategory",
          "valueCoding": {
            "system": "urn:oid:2.16.840.1.113883.6.238",
            "code": "2186-5",
            "display": "Not Hispanic or Latino",
            "userSelected": true
          }
        }, {
          "url": "text",
          "valueString": "Not Hispanic or Latino"
        } ]
      } ],
      "identifier": [ {
        "type": {
          "coding": [ {
            "system": "http://terminology.hl7.org/CodeSystem/v2-0203",
            "code": "MR"
          } ]
        },
        "system": "https://bonnie-fhir.healthit.gov/",
        "value": "60abda28bf0a01003e3f76bd"
      } ],
      "name": [ {
        "family": "NUMERPass",
        "given": [ "DEXA1YearBeforeADT" ]
      } ],
      "gender": "male",
      "birthDate": "1930-06-15"
    },
    "request": {
      "method": "PUT",
      "url": "Patient/449eb3e6-3c46-439c-95cd-125aadd27e82"
    }
  }, {
    "fullUrl": "https://madie.cms.gov/Encounter/089d2ffd-371f-47b0-a678-c13f0858cd3e",
    "resource": {
      "resourceType": "Encounter",
      "id": "089d2ffd-371f-47b0-a678-c13f0858cd3e",
      "meta": {
        "profile": [ "http://hl7.org/fhir/us/qicore/StructureDefinition/qicore-encounter" ]
      },
      "status": "finished",
      "class": {
        "system": "http://terminology.hl7.org/CodeSystem/v3-ActCode",
        "code": "AMB",
        "display": "ambulatory"
      },
      "type": [ {
        "coding": [ {
          "system": "http://snomed.info/sct",
          "version": "2021-09",
          "code": "185463005",
          "display": "Visit out of hours (procedure)",
          "userSelected": true
        } ]
      } ],
      "subject": {
        "reference": "Patient/449eb3e6-3c46-439c-95cd-125aadd27e82"
      },
      "period": {
        "start": "2026-08-04T08:00:00.000+00:00",
        "end": "2026-08-04T08:15:00.000+00:00"
      }
    },
    "request": {
      "method": "PUT",
      "url": "Encounter/089d2ffd-371f-47b0-a678-c13f0858cd3e"
    }
  }, {
    "fullUrl": "https://madie.cms.gov/Condition/de400be7-31e2-4319-b9f3-b230c17dbffe",
    "resource": {
      "resourceType": "Condition",
      "id": "de400be7-31e2-4319-b9f3-b230c17dbffe",
      "meta": {
        "profile": [ "http://hl7.org/fhir/us/qicore/StructureDefinition/qicore-condition-problems-health-concerns" ]
      },
      "clinicalStatus": {
        "coding": [ {
          "system": "http://terminology.hl7.org/CodeSystem/condition-clinical",
          "code": "active",
          "display": "Active",
          "userSelected": true
        } ]
      },
      "verificationStatus": {
        "coding": [ {
          "system": "http://terminology.hl7.org/CodeSystem/condition-ver-status",
          "code": "confirmed"
        } ]
      },
      "category": [ {
        "coding": [ {
          "system": "http://terminology.hl7.org/CodeSystem/condition-category",
          "code": "problem-list-item",
          "display": "Problem List Item"
        } ]
      } ],
      "code": {
        "coding": [ {
          "system": "http://snomed.info/sct",
          "version": "2021-09",
          "code": "254900004",
          "display": "Carcinoma of prostate (disorder)",
          "userSelected": true
        } ]
      },
      "subject": {
        "reference": "Patient/449eb3e6-3c46-439c-95cd-125aadd27e82"
      },
      "onsetPeriod": {
        "start": "2026-08-04T08:00:00.000+00:00"
      }
    },
    "request": {
      "method": "PUT",
      "url": "Condition/de400be7-31e2-4319-b9f3-b230c17dbffe"
    }
  }, {
    "fullUrl": "https://madie.cms.gov/Observation/bf21f724-816e-4cfb-a04d-87f1dfa8d286",
    "resource": {
      "resourceType": "Observation",
      "id": "bf21f724-816e-4cfb-a04d-87f1dfa8d286",
      "meta": {
        "profile": [ "http://hl7.org/fhir/us/qicore/StructureDefinition/qicore-observation-lab" ]
      },
      "status": "final",
      "category": [ {
        "coding": [ {
          "system": "http://terminology.hl7.org/CodeSystem/observation-category",
          "code": "imaging",
          "display": "Imaging"
        } ]
      } ],
      "code": {
        "coding": [ {
          "system": "http://loinc.org",
          "version": "2.69",
          "code": "38265-5",
          "display": "DXA Radius and Ulna [T-score] Bone density",
          "userSelected": true
        } ]
      },
      "subject": {
        "reference": "Patient/449eb3e6-3c46-439c-95cd-125aadd27e82"
      },
      "effectivePeriod": {
        "start": "2025-09-01T10:00:00.000+00:00",
        "end": "2025-09-01T11:00:00.000+00:00"
      }
    },
    "request": {
      "method": "PUT",
      "url": "Observation/bf21f724-816e-4cfb-a04d-87f1dfa8d286"
    }
  }, {
    "fullUrl": "https://madie.cms.gov/Practitioner/4d082579-36a5-4576-933c-d228b8c9069d",
    "resource": {
      "resourceType": "Practitioner",
      "id": "4d082579-36a5-4576-933c-d228b8c9069d",
      "meta": {
        "profile": [ "http://hl7.org/fhir/us/qicore/StructureDefinition/qicore-practitioner" ]
      },
      "identifier": [ {
        "use": "temp",
        "system": "urn:oid:2.16.840.1.113883.4.336",
        "value": "Practitioner-23"
      } ],
      "active": true,
      "name": [ {
        "family": "Careful",
        "given": [ "Adam" ],
        "prefix": [ "Dr" ]
      } ],
      "address": [ {
        "use": "home",
        "line": [ "534 Erewhon St" ],
        "city": "PleasantVille",
        "state": "UT",
        "postalCode": "84414"
      } ],
      "qualification": [ {
        "identifier": [ {
          "system": "http://example.org/UniversityIdentifier",
          "value": "12345"
        } ],
        "code": {
          "coding": [ {
            "system": "http://terminology.hl7.org/CodeSystem/v2-0360|2.7",
            "code": "BS",
            "display": "Bachelor of Science"
          } ],
          "text": "Bachelor of Science"
        },
        "period": {
          "start": "1996"
        },
        "issuer": {
          "display": "Example University"
        }
      } ]
    },
    "request": {
      "method": "PUT",
      "url": "Practitioner/4d082579-36a5-4576-933c-d228b8c9069d"
    }
  }, {
    "fullUrl": "https://madie.cms.gov/MedicationRequest/e7bfca63-d6b4-47eb-a0e8-8d7f4f8195ee",
    "resource": {
      "resourceType": "MedicationRequest",
      "id": "e7bfca63-d6b4-47eb-a0e8-8d7f4f8195ee",
      "meta": {
        "profile": [ "http://hl7.org/fhir/us/qicore/StructureDefinition/qicore-medicationrequest" ]
      },
      "status": "active",
      "intent": "order",
      "medicationCodeableConcept": {
        "coding": [ {
          "system": "http://www.nlm.nih.gov/research/umls/rxnorm",
          "code": "1115257",
          "display": "1.5 ML leuprolide acetate 30 MG/ML Prefilled Syringe",
          "userSelected": true
        } ]
      },
      "subject": {
        "reference": "Patient/449eb3e6-3c46-439c-95cd-125aadd27e82"
      },
      "authoredOn": "2026-08-28T08:00:00.000+00:00",
      "requester": {
        "reference": "http://myGoodHealthcare.com/fhir/Practitioner/4d082579-36a5-4576-933c-d228b8c9069d"
      },
      "dosageInstruction": [ {
        "timing": {
          "repeat": {
            "boundsPeriod": {
              "start": "2026-08-31T08:00:00.000+00:00"
            }
          }
        }
      } ]
    },
    "request": {
      "method": "PUT",
      "url": "MedicationRequest/e7bfca63-d6b4-47eb-a0e8-8d7f4f8195ee"
    }
  }, {
    "fullUrl": "https://madie.cms.gov/ServiceRequest/9d9a0aeb-2ff6-4bac-aff2-38367c70627e",
    "resource": {
      "resourceType": "ServiceRequest",
      "id": "9d9a0aeb-2ff6-4bac-aff2-38367c70627e",
      "meta": {
        "profile": [ "http://hl7.org/fhir/us/qicore/StructureDefinition/qicore-servicerequest" ]
      },
      "status": "active",
      "intent": "order",
      "code": {
        "coding": [ {
          "system": "http://snomed.info/sct",
          "code": "456381000124102",
          "display": "Injection of leuprolide acetate for twelve month period (regime/therapy)",
          "userSelected": true
        } ]
      },
      "subject": {
        "reference": "Patient/449eb3e6-3c46-439c-95cd-125aadd27e82"
      },
      "authoredOn": "2026-08-31T08:00:00.000+00:00"
    },
    "request": {
      "method": "PUT",
      "url": "ServiceRequest/9d9a0aeb-2ff6-4bac-aff2-38367c70627e"
    }
  }, {
    "fullUrl": "https://madie.cms.gov/MeasureReport/4960c981-18c1-47df-9713-08b93c88de6e",
    "resource": {
      "resourceType": "MeasureReport",
      "id": "4960c981-18c1-47df-9713-08b93c88de6e",
      "meta": {
        "profile": [ "http://hl7.org/fhir/us/cqfmeasures/StructureDefinition/test-case-cqfm" ]
      },
      "contained": [ {
        "resourceType": "Parameters",
        "id": "734519da-fcb9-40b7-b9d9-7f50acaebce7-parameters",
        "parameter": [ {
          "name": "subject",
          "valueString": "449eb3e6-3c46-439c-95cd-125aadd27e82"
        } ]
      } ],
      "extension": [ {
        "url": "http://hl7.org/fhir/StructureDefinition/cqf-inputParameters",
        "valueReference": {
          "reference": "#734519da-fcb9-40b7-b9d9-7f50acaebce7-parameters"
        }
      }, {
        "url": "http://hl7.org/fhir/us/cqfmeasures/StructureDefinition/cqfm-testCaseDescription",
        "valueMarkdown": "Dx of Prostate Cancer with qualifying encounter(s) in MP.  DEXA 1 year prior to Prostate cancer diagnosis and ADT.  Passes NUMER criteria"
      } ],
      "modifierExtension": [ {
        "url": "http://hl7.org/fhir/us/cqfmeasures/StructureDefinition/cqfm-isTestCase",
        "valueBoolean": true
      } ],
      "status": "complete",
      "type": "individual",
      "measure": "https://madie.cms.gov/Measure/CMS645FHIRBoneDensityProstateCancerAndrogenDeprivationTherapy",
      "period": {
        "start": "2026-01-01",
        "end": "2026-12-31"
      },
      "group": [ {
        "id": "Group_1",
        "population": [ {
          "id": "InitialPopulation_1",
          "code": {
            "coding": [ {
              "system": "http://terminology.hl7.org/CodeSystem/measure-population",
              "code": "initial-population",
              "display": "Initial Population"
            } ]
          },
          "count": 1
        }, {
          "id": "Denominator_1",
          "code": {
            "coding": [ {
              "system": "http://terminology.hl7.org/CodeSystem/measure-population",
              "code": "denominator",
              "display": "Denominator"
            } ]
          },
          "count": 1
        }, {
          "id": "Numerator_1",
          "code": {
            "coding": [ {
              "system": "http://terminology.hl7.org/CodeSystem/measure-population",
              "code": "numerator",
              "display": "Numerator"
            } ]
          },
          "count": 1
        }, {
          "id": "DenominatorException_1",
          "code": {
            "coding": [ {
              "system": "http://terminology.hl7.org/CodeSystem/measure-population",
              "code": "denominator-exception",
              "display": "Denominator Exception"
            } ]
          },
          "count": 0
        } ],
        "measureScore": {
          "value": 1.0
        }
      } ],
      "evaluatedResource": [ {
        "reference": "Patient/449eb3e6-3c46-439c-95cd-125aadd27e82"
      }, {
        "reference": "Encounter/089d2ffd-371f-47b0-a678-c13f0858cd3e"
      }, {
        "reference": "Condition/de400be7-31e2-4319-b9f3-b230c17dbffe"
      }, {
        "reference": "Observation/bf21f724-816e-4cfb-a04d-87f1dfa8d286"
      }, {
        "reference": "Practitioner/4d082579-36a5-4576-933c-d228b8c9069d"
      }, {
        "reference": "MedicationRequest/e7bfca63-d6b4-47eb-a0e8-8d7f4f8195ee"
      }, {
        "reference": "ServiceRequest/9d9a0aeb-2ff6-4bac-aff2-38367c70627e"
      } ]
    },
    "request": {
      "method": "PUT",
      "url": "MeasureReport/4960c981-18c1-47df-9713-08b93c88de6e"
    }
  } ]
}