{
  "resourceType": "Bundle",
  "id": "612e6ab802c62a011f2eb11c",
  "type": "transaction",
  "entry": [ {
    "fullUrl": "https://madie.cms.gov/Patient/7b805c33-c1c3-4bfd-9ccf-7b40abea3ad4",
    "resource": {
      "resourceType": "Patient",
      "id": "7b805c33-c1c3-4bfd-9ccf-7b40abea3ad4",
      "meta": {
        "profile": [ "http://hl7.org/fhir/us/qicore/StructureDefinition/qicore-patient" ]
      },
      "text": {
        "status": "generated",
        "div": "<div xmlns=\"http://www.w3.org/1999/xhtml\"><div class=\"hapiHeaderText\">EncDx=VTE <b>IPPFAIL </b></div><table class=\"hapiPropertyTable\"><tbody><tr><td>Identifier</td><td>da1a5545aa68e1ac51ebdbfee0df4b4e</td></tr><tr><td>Date of birth</td><td><span>02 January 1974</span></td></tr></tbody></table></div>"
      },
      "extension": [ {
        "url": "http://hl7.org/fhir/us/core/StructureDefinition/us-core-race",
        "extension": [ {
          "url": "ombCategory",
          "valueCoding": {
            "system": "urn:oid:2.16.840.1.113883.6.238",
            "code": "1002-5",
            "display": "American Indian or Alaska Native",
            "userSelected": true
          }
        }, {
          "url": "text",
          "valueString": "American Indian or Alaska Native"
        } ]
      }, {
        "url": "http://hl7.org/fhir/us/core/StructureDefinition/us-core-ethnicity",
        "extension": [ {
          "url": "ombCategory",
          "valueCoding": {
            "system": "urn:oid:2.16.840.1.113883.6.238",
            "code": "2135-2",
            "display": "Hispanic or Latino",
            "userSelected": true
          }
        }, {
          "url": "text",
          "valueString": "Hispanic or Latino"
        } ]
      } ],
      "identifier": [ {
        "type": {
          "coding": [ {
            "system": "http://terminology.hl7.org/CodeSystem/v2-0203",
            "code": "MR"
          } ]
        },
        "system": "https://bonnie-fhir.healthit.gov/",
        "value": "612e6ab802c62a011f2eb11c"
      } ],
      "active": true,
      "name": [ {
        "use": "usual",
        "family": "IPPFail",
        "given": [ "EncDxVTE" ]
      } ],
      "gender": "male",
      "birthDate": "1974-01-02"
    },
    "request": {
      "method": "PUT",
      "url": "Patient/7b805c33-c1c3-4bfd-9ccf-7b40abea3ad4"
    }
  }, {
    "fullUrl": "https://madie.cms.gov/Encounter/f2ab1acc-2a69-4680-869e-88aa107d9b5b",
    "resource": {
      "resourceType": "Encounter",
      "id": "f2ab1acc-2a69-4680-869e-88aa107d9b5b",
      "meta": {
        "profile": [ "http://hl7.org/fhir/us/qicore/StructureDefinition/qicore-encounter" ]
      },
      "status": "finished",
      "class": {
        "system": "http://terminology.hl7.org/CodeSystem/v3-ActCode",
        "code": "IMP",
        "display": "inpatient encounter"
      },
      "type": [ {
        "coding": [ {
          "system": "http://snomed.info/sct",
          "code": "8715000"
        } ]
      } ],
      "subject": {
        "reference": "Patient/7b805c33-c1c3-4bfd-9ccf-7b40abea3ad4"
      },
      "period": {
        "start": "2025-11-01T08:00:00+00:00",
        "end": "2025-11-26T08:15:00+00:00"
      },
      "length": {
        "value": 25.0,
        "unit": "days"
      },
      "diagnosis": [ {
        "condition": {
          "reference": "Condition/c5f18a41-47be-489d-8082-cf65c98e713a"
        },
        "use": {
          "coding": [ {
            "system": "http://snomed.info/sct",
            "code": "1001000119102",
            "display": "Venous Thromboembolism"
          } ]
        }
      } ]
    },
    "request": {
      "method": "PUT",
      "url": "Encounter/f2ab1acc-2a69-4680-869e-88aa107d9b5b"
    }
  }, {
    "fullUrl": "https://madie.cms.gov/Coverage/a03d9808-134b-49c4-ba80-3590414b0800",
    "resource": {
      "resourceType": "Coverage",
      "id": "a03d9808-134b-49c4-ba80-3590414b0800",
      "status": "active",
      "beneficiary": {
        "reference": "Patient/7b805c33-c1c3-4bfd-9ccf-7b40abea3ad4"
      },
      "period": {
        "start": "1974-01-02T08:00:00+00:00"
      },
      "payor": [ {
        "reference": "Organization/2fac5cb1-157f-49f4-bb19-970e906cd4b4"
      } ]
    },
    "request": {
      "method": "PUT",
      "url": "Coverage/a03d9808-134b-49c4-ba80-3590414b0800"
    }
  }, {
    "fullUrl": "https://madie.cms.gov/MedicationAdministration/f3427adc-29fb-4388-8fda-046bb2a23afb",
    "resource": {
      "resourceType": "MedicationAdministration",
      "id": "f3427adc-29fb-4388-8fda-046bb2a23afb",
      "status": "unknown",
      "medicationCodeableConcept": {
        "coding": [ {
          "system": "http://www.nlm.nih.gov/research/umls/rxnorm",
          "code": "855288"
        } ]
      },
      "subject": {
        "reference": "Patient/7b805c33-c1c3-4bfd-9ccf-7b40abea3ad4"
      },
      "effectivePeriod": {
        "start": "2025-11-01T09:00:00+00:00",
        "end": "2025-11-01T09:15:00+00:00"
      }
    },
    "request": {
      "method": "PUT",
      "url": "MedicationAdministration/f3427adc-29fb-4388-8fda-046bb2a23afb"
    }
  }, {
    "fullUrl": "https://madie.cms.gov/Condition/c5f18a41-47be-489d-8082-cf65c98e713a",
    "resource": {
      "resourceType": "Condition",
      "id": "c5f18a41-47be-489d-8082-cf65c98e713a",
      "meta": {
        "profile": [ "http://hl7.org/fhir/us/qicore/StructureDefinition/qicore-condition" ]
      },
      "category": [ {
        "coding": [ {
          "system": "http://terminology.hl7.org/CodeSystem/condition-category",
          "code": "encounter-diagnosis",
          "display": "Encounter Diagnosis"
        } ]
      } ],
      "code": {
        "coding": [ {
          "system": "http://snomed.info/sct",
          "version": "2025-03",
          "code": "1001000119102",
          "display": "Pulmonary embolism with pulmonary infarction (disorder)",
          "userSelected": true
        } ]
      },
      "subject": {
        "reference": "Patient/7b805c33-c1c3-4bfd-9ccf-7b40abea3ad4"
      },
      "recordedDate": "2025-11-02T08:00:00.000+00:00"
    },
    "request": {
      "method": "PUT",
      "url": "Condition/c5f18a41-47be-489d-8082-cf65c98e713a"
    }
  }, {
    "fullUrl": "https://madie.cms.gov/Organization/2fac5cb1-157f-49f4-bb19-970e906cd4b4",
    "resource": {
      "resourceType": "Organization",
      "id": "2fac5cb1-157f-49f4-bb19-970e906cd4b4",
      "meta": {
        "profile": [ "http://hl7.org/fhir/us/qicore/StructureDefinition/qicore-organization" ]
      },
      "identifier": [ {
        "use": "temp",
        "system": "urn:oid:2.16.840.1.113883.4.4",
        "value": "21-3259825"
      } ],
      "active": true,
      "type": [ {
        "coding": [ {
          "system": "http://terminology.hl7.org/CodeSystem/organization-type",
          "code": "pay",
          "display": "Payer"
        } ]
      } ],
      "name": "Blue Cross Blue Shield of Texas",
      "telecom": [ {
        "system": "phone",
        "value": "(+1) 972-766-6900"
      } ],
      "address": [ {
        "use": "billing",
        "type": "postal",
        "line": [ "P.O. Box 660044" ],
        "city": "Dallas",
        "state": "TX",
        "postalCode": "75266-0044",
        "country": "USA"
      } ]
    },
    "request": {
      "method": "PUT",
      "url": "Organization/2fac5cb1-157f-49f4-bb19-970e906cd4b4"
    }
  }, {
    "fullUrl": "https://madie.cms.gov/Practitioner/8bc7b6fc-07c1-4498-829c-dc4502d823e4",
    "resource": {
      "resourceType": "Practitioner",
      "id": "8bc7b6fc-07c1-4498-829c-dc4502d823e4",
      "identifier": [ {
        "system": "http://hl7.org/fhir/sid/us-npi",
        "value": "123456"
      } ],
      "name": [ {
        "family": "Evil",
        "prefix": [ "Dr" ]
      } ]
    },
    "request": {
      "method": "PUT",
      "url": "Practitioner/8bc7b6fc-07c1-4498-829c-dc4502d823e4"
    }
  }, {
    "fullUrl": "https://madie.cms.gov/MeasureReport/689c0a8e-f723-4b81-89a4-7e5ae2fae0d8",
    "resource": {
      "resourceType": "MeasureReport",
      "id": "689c0a8e-f723-4b81-89a4-7e5ae2fae0d8",
      "meta": {
        "profile": [ "http://hl7.org/fhir/us/cqfmeasures/StructureDefinition/test-case-cqfm" ]
      },
      "contained": [ {
        "resourceType": "Parameters",
        "id": "42030a9c-5557-4320-a39b-cb5c10bb8d10-parameters",
        "parameter": [ {
          "name": "subject",
          "valueString": "7b805c33-c1c3-4bfd-9ccf-7b40abea3ad4"
        } ]
      } ],
      "extension": [ {
        "url": "http://hl7.org/fhir/us/cqfmeasures/StructureDefinition/cqfm-inputParameters",
        "valueReference": {
          "reference": "#42030a9c-5557-4320-a39b-cb5c10bb8d10-parameters"
        }
      }, {
        "url": "http://hl7.org/fhir/us/cqfmeasures/StructureDefinition/cqfm-testCaseDescription",
        "valueMarkdown": "patient is > 18 years, LOS < 120 days during MP with dx of VTE and warfarin administered\n"
      } ],
      "modifierExtension": [ {
        "url": "http://hl7.org/fhir/us/cqfmeasures/StructureDefinition/cqfm-isTestCase",
        "valueBoolean": true
      } ],
      "status": "complete",
      "type": "individual",
      "measure": "https://madie.cms.gov/Measure/VenousThromboembolismProphylaxisFHIR",
      "period": {
        "start": "2025-01-01",
        "end": "2025-12-31"
      },
      "group": [ {
        "population": [ {
          "code": {
            "coding": [ {
              "system": "http://terminology.hl7.org/CodeSystem/measure-population",
              "code": "initial-population",
              "display": "Initial Population"
            } ]
          },
          "count": 0
        }, {
          "code": {
            "coding": [ {
              "system": "http://terminology.hl7.org/CodeSystem/measure-population",
              "code": "denominator",
              "display": "Denominator"
            } ]
          },
          "count": 0
        }, {
          "code": {
            "coding": [ {
              "system": "http://terminology.hl7.org/CodeSystem/measure-population",
              "code": "denominator-exclusion",
              "display": "Denominator Exclusion"
            } ]
          },
          "count": 0
        }, {
          "code": {
            "coding": [ {
              "system": "http://terminology.hl7.org/CodeSystem/measure-population",
              "code": "numerator",
              "display": "Numerator"
            } ]
          },
          "count": 0
        } ]
      } ],
      "evaluatedResource": [ {
        "reference": "Patient/7b805c33-c1c3-4bfd-9ccf-7b40abea3ad4"
      }, {
        "reference": "Encounter/f2ab1acc-2a69-4680-869e-88aa107d9b5b"
      }, {
        "reference": "Coverage/a03d9808-134b-49c4-ba80-3590414b0800"
      }, {
        "reference": "MedicationAdministration/f3427adc-29fb-4388-8fda-046bb2a23afb"
      }, {
        "reference": "Condition/c5f18a41-47be-489d-8082-cf65c98e713a"
      }, {
        "reference": "Organization/2fac5cb1-157f-49f4-bb19-970e906cd4b4"
      }, {
        "reference": "Practitioner/8bc7b6fc-07c1-4498-829c-dc4502d823e4"
      } ]
    },
    "request": {
      "method": "PUT",
      "url": "MeasureReport/689c0a8e-f723-4b81-89a4-7e5ae2fae0d8"
    }
  } ]
}