{
  "resourceType": "Bundle",
  "id": "135f1a32f4135431232d",
  "type": "transaction",
  "entry": [ {
    "fullUrl": "https://madie.cms.gov/Patient/8068a81d-feca-4719-aa75-cb45df5428e7",
    "resource": {
      "resourceType": "Patient",
      "id": "8068a81d-feca-4719-aa75-cb45df5428e7",
      "meta": {
        "profile": [ "http://hl7.org/fhir/us/qicore/StructureDefinition/qicore-patient" ]
      },
      "extension": [ {
        "url": "http://hl7.org/fhir/us/core/StructureDefinition/us-core-race",
        "extension": [ {
          "url": "ombCategory",
          "valueCoding": {
            "system": "urn:oid:2.16.840.1.113883.6.238",
            "code": "1002-5",
            "display": "American Indian or Alaska Native",
            "userSelected": true
          }
        }, {
          "url": "text",
          "valueString": "American Indian or Alaska Native"
        } ]
      }, {
        "url": "http://hl7.org/fhir/us/core/StructureDefinition/us-core-ethnicity",
        "extension": [ {
          "url": "ombCategory",
          "valueCoding": {
            "system": "urn:oid:2.16.840.1.113883.6.238",
            "code": "2135-2",
            "display": "Hispanic or Latino",
            "userSelected": true
          }
        }, {
          "url": "text",
          "valueString": "Hispanic or Latino"
        } ]
      } ],
      "identifier": [ {
        "type": {
          "coding": [ {
            "system": "http://terminology.hl7.org/CodeSystem/v2-0203",
            "code": "MR"
          } ]
        },
        "system": "https://bonnie-fhir.healthit.gov",
        "value": "62bc61713e113102f8cedc8b"
      } ],
      "active": true,
      "name": [ {
        "family": "DENOMPass",
        "given": [ "PCaDxBeforeMP" ]
      } ],
      "gender": "male",
      "birthDate": "1951-10-10"
    },
    "request": {
      "method": "PUT",
      "url": "Patient/8068a81d-feca-4719-aa75-cb45df5428e7"
    }
  }, {
    "fullUrl": "https://madie.cms.gov/Encounter/8e3c9477-ae2d-4b5b-b71c-65824a0ab855",
    "resource": {
      "resourceType": "Encounter",
      "id": "8e3c9477-ae2d-4b5b-b71c-65824a0ab855",
      "meta": {
        "profile": [ "http://hl7.org/fhir/us/qicore/StructureDefinition/qicore-encounter" ]
      },
      "status": "finished",
      "class": {
        "system": "http://terminology.hl7.org/CodeSystem/v3-ActCode",
        "code": "AMB",
        "display": "ambulatory"
      },
      "type": [ {
        "coding": [ {
          "system": "http://www.ama-assn.org/go/cpt",
          "code": "99203"
        } ]
      } ],
      "subject": {
        "reference": "Patient/8068a81d-feca-4719-aa75-cb45df5428e7"
      },
      "period": {
        "start": "2025-02-01T08:00:00+00:00",
        "end": "2025-02-01T08:15:00+00:00"
      }
    },
    "request": {
      "method": "PUT",
      "url": "Encounter/8e3c9477-ae2d-4b5b-b71c-65824a0ab855"
    }
  }, {
    "fullUrl": "https://madie.cms.gov/Condition/6e70f1ac-dab7-4d80-8f02-c46cc70b843b",
    "resource": {
      "resourceType": "Condition",
      "id": "6e70f1ac-dab7-4d80-8f02-c46cc70b843b",
      "meta": {
        "profile": [ "http://hl7.org/fhir/us/qicore/StructureDefinition/qicore-condition-problems-health-concerns" ]
      },
      "clinicalStatus": {
        "coding": [ {
          "system": "http://terminology.hl7.org/CodeSystem/condition-clinical",
          "code": "active"
        } ]
      },
      "verificationStatus": {
        "coding": [ {
          "system": "http://terminology.hl7.org/CodeSystem/condition-ver-status",
          "code": "confirmed"
        } ]
      },
      "category": [ {
        "coding": [ {
          "system": "http://terminology.hl7.org/CodeSystem/condition-category",
          "code": "problem-list-item",
          "display": "Problem List Item"
        } ]
      } ],
      "code": {
        "coding": [ {
          "system": "http://snomed.info/sct",
          "version": "http://snomed.info/sct/731000124108/version/20240401",
          "code": "254900004",
          "display": "Carcinoma of prostate (disorder)"
        } ]
      },
      "subject": {
        "reference": "Patient/8068a81d-feca-4719-aa75-cb45df5428e7"
      },
      "onsetPeriod": {
        "start": "2021-03-15T08:00:00.000+00:00"
      }
    },
    "request": {
      "method": "PUT",
      "url": "Condition/6e70f1ac-dab7-4d80-8f02-c46cc70b843b"
    }
  }, {
    "fullUrl": "https://madie.cms.gov/MedicationRequest/3de59096-a3b0-4277-a1ac-1342f8a463e4",
    "resource": {
      "resourceType": "MedicationRequest",
      "id": "3de59096-a3b0-4277-a1ac-1342f8a463e4",
      "meta": {
        "profile": [ "http://hl7.org/fhir/us/qicore/StructureDefinition/qicore-medicationrequest" ]
      },
      "status": "active",
      "intent": "order",
      "medicationCodeableConcept": {
        "coding": [ {
          "system": "http://www.nlm.nih.gov/research/umls/rxnorm",
          "code": "1115257",
          "display": "1.5 ML leuprolide acetate 30 MG/ML Prefilled Syringe"
        } ]
      },
      "subject": {
        "reference": "Patient/8068a81d-feca-4719-aa75-cb45df5428e7"
      },
      "authoredOn": "2025-03-15T08:00:00.000+00:00",
      "requester": {
        "reference": "http://myGoodHealthcare.com/fhir/Practitioner/907ba491-7d20-4302-9576-7d8b759fff15"
      },
      "dosageInstruction": [ {
        "timing": {
          "repeat": {
            "boundsPeriod": {
              "start": "2025-03-15T08:00:00.000+00:00",
              "end": "2025-04-15T08:15:00.000+00:00"
            }
          }
        }
      } ]
    },
    "request": {
      "method": "PUT",
      "url": "MedicationRequest/3de59096-a3b0-4277-a1ac-1342f8a463e4"
    }
  }, {
    "fullUrl": "https://madie.cms.gov/ServiceRequest/690722af-e6e6-49b7-97f3-337c751bf625",
    "resource": {
      "resourceType": "ServiceRequest",
      "id": "690722af-e6e6-49b7-97f3-337c751bf625",
      "meta": {
        "profile": [ "http://hl7.org/fhir/us/qicore/StructureDefinition/qicore-servicerequest" ]
      },
      "status": "active",
      "intent": "order",
      "code": {
        "coding": [ {
          "system": "http://snomed.info/sct",
          "code": "456381000124102",
          "display": "Injection of leuprolide acetate for twelve month period (regime/therapy)"
        } ]
      },
      "subject": {
        "reference": "Patient/8068a81d-feca-4719-aa75-cb45df5428e7"
      },
      "authoredOn": "2025-03-15T08:00:00.000+00:00"
    },
    "request": {
      "method": "PUT",
      "url": "ServiceRequest/690722af-e6e6-49b7-97f3-337c751bf625"
    }
  }, {
    "fullUrl": "https://madie.cms.gov/Practitioner/907ba491-7d20-4302-9576-7d8b759fff15",
    "resource": {
      "resourceType": "Practitioner",
      "id": "907ba491-7d20-4302-9576-7d8b759fff15",
      "meta": {
        "profile": [ "http://hl7.org/fhir/us/qicore/StructureDefinition/qicore-practitioner" ]
      },
      "identifier": [ {
        "use": "temp",
        "system": "urn:oid:2.16.840.1.113883.4.336",
        "value": "Practitioner-23"
      } ],
      "active": true,
      "name": [ {
        "family": "Careful",
        "given": [ "Adam" ],
        "prefix": [ "Dr" ]
      } ],
      "address": [ {
        "use": "home",
        "line": [ "534 Erewhon St" ],
        "city": "PleasantVille",
        "state": "UT",
        "postalCode": "84414"
      } ],
      "qualification": [ {
        "identifier": [ {
          "system": "http://example.org/UniversityIdentifier",
          "value": "12345"
        } ],
        "code": {
          "coding": [ {
            "system": "http://terminology.hl7.org/CodeSystem/v2-0360|2.7",
            "code": "BS",
            "display": "Bachelor of Science"
          } ],
          "text": "Bachelor of Science"
        },
        "period": {
          "start": "1995"
        },
        "issuer": {
          "display": "Example University"
        }
      } ]
    },
    "request": {
      "method": "PUT",
      "url": "Practitioner/907ba491-7d20-4302-9576-7d8b759fff15"
    }
  }, {
    "fullUrl": "https://madie.cms.gov/MeasureReport/50161ea5-dba0-403f-8222-61bba0ce2275",
    "resource": {
      "resourceType": "MeasureReport",
      "id": "50161ea5-dba0-403f-8222-61bba0ce2275",
      "meta": {
        "profile": [ "http://hl7.org/fhir/us/cqfmeasures/StructureDefinition/test-case-cqfm" ]
      },
      "contained": [ {
        "resourceType": "Parameters",
        "id": "d0c38fec-6ddc-437b-b3d6-d52a21256799-parameters",
        "parameter": [ {
          "name": "subject",
          "valueString": "8068a81d-feca-4719-aa75-cb45df5428e7"
        } ]
      } ],
      "extension": [ {
        "url": "http://hl7.org/fhir/us/cqfmeasures/StructureDefinition/cqfm-inputParameters",
        "valueReference": {
          "reference": "#d0c38fec-6ddc-437b-b3d6-d52a21256799-parameters"
        }
      }, {
        "url": "http://hl7.org/fhir/us/cqfmeasures/StructureDefinition/cqfm-testCaseDescription",
        "valueMarkdown": "Dx of Prostate Cancer 3 years before measurement period begins.  OV, ADT and procedure order in MP.  Typical situation.  Passes IPP and Denom as expected."
      } ],
      "modifierExtension": [ {
        "url": "http://hl7.org/fhir/us/cqfmeasures/StructureDefinition/cqfm-isTestCase",
        "valueBoolean": true
      } ],
      "status": "complete",
      "type": "individual",
      "measure": "https://madie.cms.gov/Measure/BoneDensityProstateCancerAndrogenDeprivationTherapyFHIR6",
      "period": {
        "start": "2025-01-01",
        "end": "2025-12-31"
      },
      "group": [ {
        "id": "67b61060a0d801640767a597",
        "population": [ {
          "id": "E8F25116-1779-4BA6-B606-34F12AE4F5BA",
          "code": {
            "coding": [ {
              "system": "http://terminology.hl7.org/CodeSystem/measure-population",
              "code": "initial-population",
              "display": "Initial Population"
            } ]
          },
          "count": 1
        }, {
          "id": "1C145A56-9250-4444-A497-86C44F55CFDB",
          "code": {
            "coding": [ {
              "system": "http://terminology.hl7.org/CodeSystem/measure-population",
              "code": "denominator",
              "display": "Denominator"
            } ]
          },
          "count": 1
        }, {
          "id": "B1E0E3D2-D44E-4BFF-92F8-077CF1AE234F",
          "code": {
            "coding": [ {
              "system": "http://terminology.hl7.org/CodeSystem/measure-population",
              "code": "numerator",
              "display": "Numerator"
            } ]
          },
          "count": 0
        }, {
          "id": "A9552F46-139C-4270-835C-224132205362",
          "code": {
            "coding": [ {
              "system": "http://terminology.hl7.org/CodeSystem/measure-population",
              "code": "denominator-exception",
              "display": "Denominator Exception"
            } ]
          },
          "count": 0
        } ],
        "measureScore": {
          "value": 1.0
        }
      } ],
      "evaluatedResource": [ {
        "reference": "Patient/8068a81d-feca-4719-aa75-cb45df5428e7"
      }, {
        "reference": "Encounter/8e3c9477-ae2d-4b5b-b71c-65824a0ab855"
      }, {
        "reference": "Condition/6e70f1ac-dab7-4d80-8f02-c46cc70b843b"
      }, {
        "reference": "MedicationRequest/3de59096-a3b0-4277-a1ac-1342f8a463e4"
      }, {
        "reference": "ServiceRequest/690722af-e6e6-49b7-97f3-337c751bf625"
      }, {
        "reference": "Practitioner/907ba491-7d20-4302-9576-7d8b759fff15"
      } ]
    },
    "request": {
      "method": "PUT",
      "url": "MeasureReport/50161ea5-dba0-403f-8222-61bba0ce2275"
    }
  } ]
}