{
  "resourceType": "Bundle",
  "id": "612e6b2202c62a011f2ec9a3",
  "type": "transaction",
  "entry": [ {
    "fullUrl": "https://madie.cms.gov/Patient/afde2b2f-8e8e-455e-93ca-0823e7641d2a",
    "resource": {
      "resourceType": "Patient",
      "id": "afde2b2f-8e8e-455e-93ca-0823e7641d2a",
      "meta": {
        "profile": [ "http://hl7.org/fhir/us/qicore/StructureDefinition/qicore-patient" ]
      },
      "text": {
        "status": "generated",
        "div": "<div xmlns=\"http://www.w3.org/1999/xhtml\"><div class=\"hapiHeaderText\">SCIPUroSrgRank1ProRvltDTDrgEnc <b>DENEXPASS </b></div><table class=\"hapiPropertyTable\"><tbody><tr><td>Identifier</td><td>66c70c125db369967b4b164e75338304</td></tr><tr><td>Date of birth</td><td><span>01 September 2000</span></td></tr></tbody></table></div>"
      },
      "extension": [ {
        "url": "http://hl7.org/fhir/us/core/StructureDefinition/us-core-race",
        "extension": [ {
          "url": "ombCategory",
          "valueCoding": {
            "system": "urn:oid:2.16.840.1.113883.6.238",
            "code": "1002-5",
            "display": "American Indian or Alaska Native",
            "userSelected": true
          }
        }, {
          "url": "text",
          "valueString": "American Indian or Alaska Native"
        } ]
      }, {
        "url": "http://hl7.org/fhir/us/core/StructureDefinition/us-core-ethnicity",
        "extension": [ {
          "url": "ombCategory",
          "valueCoding": {
            "system": "urn:oid:2.16.840.1.113883.6.238",
            "code": "2135-2",
            "display": "Hispanic or Latino",
            "userSelected": true
          }
        }, {
          "url": "text",
          "valueString": "Hispanic or Latino"
        } ]
      } ],
      "identifier": [ {
        "type": {
          "coding": [ {
            "system": "http://terminology.hl7.org/CodeSystem/v2-0203",
            "code": "MR"
          } ]
        },
        "system": "https://bonnie-fhir.healthit.gov/",
        "value": "612e6b2202c62a011f2ec9a3"
      } ],
      "active": true,
      "name": [ {
        "use": "usual",
        "family": "DENEXPass",
        "given": [ "SCIPUroSrgRank1ProRvltDTDrgEnc" ]
      } ],
      "gender": "male",
      "birthDate": "2000-09-01"
    },
    "request": {
      "method": "PUT",
      "url": "Patient/afde2b2f-8e8e-455e-93ca-0823e7641d2a"
    }
  }, {
    "fullUrl": "https://madie.cms.gov/Encounter/7245ac34-772d-4e08-8fec-4bb6b9ca10d0",
    "resource": {
      "resourceType": "Encounter",
      "id": "7245ac34-772d-4e08-8fec-4bb6b9ca10d0",
      "meta": {
        "profile": [ "http://hl7.org/fhir/us/qicore/StructureDefinition/qicore-encounter" ]
      },
      "extension": [ {
        "url": "http://hl7.org/fhir/us/qicore/StructureDefinition/qicore-encounter-procedure",
        "extension": [ {
          "url": "type",
          "valueCodeableConcept": {
            "coding": [ {
              "system": "http://www.cms.gov/Medicare/Coding/ICD10",
              "code": "0T1607C"
            } ]
          }
        }, {
          "url": "rank",
          "valuePositiveInt": 1
        }, {
          "url": "procedure",
          "valueReference": {
            "reference": "Procedure/7ed708dc-40ba-4ad1-922b-73738e983ade"
          }
        } ]
      } ],
      "status": "finished",
      "class": {
        "system": "http://terminology.hl7.org/CodeSystem/v3-ActCode",
        "code": "IMP",
        "display": "inpatient encounter"
      },
      "type": [ {
        "coding": [ {
          "system": "http://snomed.info/sct",
          "code": "183452005"
        } ]
      } ],
      "subject": {
        "reference": "Patient/afde2b2f-8e8e-455e-93ca-0823e7641d2a"
      },
      "period": {
        "start": "2025-09-02T06:00:00+00:00",
        "end": "2025-12-31T12:59:00+00:00"
      },
      "length": {
        "value": 120.0,
        "unit": "days"
      }
    },
    "request": {
      "method": "PUT",
      "url": "Encounter/7245ac34-772d-4e08-8fec-4bb6b9ca10d0"
    }
  }, {
    "fullUrl": "https://madie.cms.gov/Coverage/d9bc4410-2bd9-41f7-b8f9-6d02f8c53d72",
    "resource": {
      "resourceType": "Coverage",
      "id": "d9bc4410-2bd9-41f7-b8f9-6d02f8c53d72",
      "status": "active",
      "beneficiary": {
        "reference": "Patient/afde2b2f-8e8e-455e-93ca-0823e7641d2a"
      },
      "period": {
        "start": "2000-09-01T08:00:00+00:00"
      },
      "payor": [ {
        "reference": "Organization/128bbf2d-77f5-488d-b83b-cafaa2f0f8aa"
      } ]
    },
    "request": {
      "method": "PUT",
      "url": "Coverage/d9bc4410-2bd9-41f7-b8f9-6d02f8c53d72"
    }
  }, {
    "fullUrl": "https://madie.cms.gov/Procedure/7ed708dc-40ba-4ad1-922b-73738e983ade",
    "resource": {
      "resourceType": "Procedure",
      "id": "7ed708dc-40ba-4ad1-922b-73738e983ade",
      "meta": {
        "profile": [ "http://hl7.org/fhir/us/qicore/StructureDefinition/qicore-procedure" ]
      },
      "extension": [ {
        "url": "http://hl7.org/fhir/us/qicore/StructureDefinition/qicore-recorded",
        "valueDateTime": "2012-09-02T09:35:00-04:00"
      } ],
      "status": "completed",
      "code": {
        "coding": [ {
          "system": "http://www.cms.gov/Medicare/Coding/ICD10",
          "code": "0T1607C"
        } ]
      },
      "subject": {
        "reference": "Patient/afde2b2f-8e8e-455e-93ca-0823e7641d2a"
      },
      "performedDateTime": "2025-09-02T09:00:00+00:00"
    },
    "request": {
      "method": "PUT",
      "url": "Procedure/7ed708dc-40ba-4ad1-922b-73738e983ade"
    }
  }, {
    "fullUrl": "https://madie.cms.gov/Organization/128bbf2d-77f5-488d-b83b-cafaa2f0f8aa",
    "resource": {
      "resourceType": "Organization",
      "id": "128bbf2d-77f5-488d-b83b-cafaa2f0f8aa",
      "meta": {
        "profile": [ "http://hl7.org/fhir/us/qicore/StructureDefinition/qicore-organization" ]
      },
      "identifier": [ {
        "use": "temp",
        "system": "urn:oid:2.16.840.1.113883.4.4",
        "value": "21-3259825"
      } ],
      "active": true,
      "type": [ {
        "coding": [ {
          "system": "http://terminology.hl7.org/CodeSystem/organization-type",
          "code": "pay",
          "display": "Payer"
        } ]
      } ],
      "name": "Blue Cross Blue Shield of Texas",
      "telecom": [ {
        "system": "phone",
        "value": "(+1) 972-766-6900"
      } ],
      "address": [ {
        "use": "billing",
        "type": "postal",
        "line": [ "P.O. Box 660044" ],
        "city": "Dallas",
        "state": "TX",
        "postalCode": "75266-0044",
        "country": "USA"
      } ]
    },
    "request": {
      "method": "PUT",
      "url": "Organization/128bbf2d-77f5-488d-b83b-cafaa2f0f8aa"
    }
  }, {
    "fullUrl": "https://madie.cms.gov/Practitioner/3288a01e-cc40-44e6-9a59-bf41805b4ca1",
    "resource": {
      "resourceType": "Practitioner",
      "id": "3288a01e-cc40-44e6-9a59-bf41805b4ca1",
      "identifier": [ {
        "system": "http://hl7.org/fhir/sid/us-npi",
        "value": "123456"
      } ],
      "name": [ {
        "family": "Evil",
        "prefix": [ "Dr" ]
      } ]
    },
    "request": {
      "method": "PUT",
      "url": "Practitioner/3288a01e-cc40-44e6-9a59-bf41805b4ca1"
    }
  }, {
    "fullUrl": "https://madie.cms.gov/MeasureReport/a83e8f6f-3cba-447f-b7e3-b1b5ff03ed16",
    "resource": {
      "resourceType": "MeasureReport",
      "id": "a83e8f6f-3cba-447f-b7e3-b1b5ff03ed16",
      "meta": {
        "profile": [ "http://hl7.org/fhir/us/cqfmeasures/StructureDefinition/test-case-cqfm" ]
      },
      "contained": [ {
        "resourceType": "Parameters",
        "id": "852ad0bc-9b75-4465-9c13-3393151b3551-parameters",
        "parameter": [ {
          "name": "subject",
          "valueString": "afde2b2f-8e8e-455e-93ca-0823e7641d2a"
        } ]
      } ],
      "extension": [ {
        "url": "http://hl7.org/fhir/us/cqfmeasures/StructureDefinition/cqfm-inputParameters",
        "valueReference": {
          "reference": "#852ad0bc-9b75-4465-9c13-3393151b3551-parameters"
        }
      }, {
        "url": "http://hl7.org/fhir/us/cqfmeasures/StructureDefinition/cqfm-testCaseDescription",
        "valueMarkdown": "Patient had SCIP -UrologicalSurg during Encounter and Rank =1\n"
      } ],
      "modifierExtension": [ {
        "url": "http://hl7.org/fhir/us/cqfmeasures/StructureDefinition/cqfm-isTestCase",
        "valueBoolean": true
      } ],
      "status": "complete",
      "type": "individual",
      "measure": "https://madie.cms.gov/Measure/VenousThromboembolismProphylaxisFHIR",
      "period": {
        "start": "2025-01-01",
        "end": "2025-12-31"
      },
      "group": [ {
        "population": [ {
          "code": {
            "coding": [ {
              "system": "http://terminology.hl7.org/CodeSystem/measure-population",
              "code": "initial-population",
              "display": "Initial Population"
            } ]
          },
          "count": 1
        }, {
          "code": {
            "coding": [ {
              "system": "http://terminology.hl7.org/CodeSystem/measure-population",
              "code": "denominator",
              "display": "Denominator"
            } ]
          },
          "count": 1
        }, {
          "code": {
            "coding": [ {
              "system": "http://terminology.hl7.org/CodeSystem/measure-population",
              "code": "denominator-exclusion",
              "display": "Denominator Exclusion"
            } ]
          },
          "count": 1
        }, {
          "code": {
            "coding": [ {
              "system": "http://terminology.hl7.org/CodeSystem/measure-population",
              "code": "numerator",
              "display": "Numerator"
            } ]
          },
          "count": 0
        } ]
      } ],
      "evaluatedResource": [ {
        "reference": "Patient/afde2b2f-8e8e-455e-93ca-0823e7641d2a"
      }, {
        "reference": "Encounter/7245ac34-772d-4e08-8fec-4bb6b9ca10d0"
      }, {
        "reference": "Coverage/d9bc4410-2bd9-41f7-b8f9-6d02f8c53d72"
      }, {
        "reference": "Procedure/7ed708dc-40ba-4ad1-922b-73738e983ade"
      }, {
        "reference": "Organization/128bbf2d-77f5-488d-b83b-cafaa2f0f8aa"
      }, {
        "reference": "Practitioner/3288a01e-cc40-44e6-9a59-bf41805b4ca1"
      } ]
    },
    "request": {
      "method": "PUT",
      "url": "MeasureReport/a83e8f6f-3cba-447f-b7e3-b1b5ff03ed16"
    }
  } ]
}