{
  "resourceType": "Bundle",
  "id": "62bb3859e8081f5ef5e199f5",
  "type": "transaction",
  "entry": [ {
    "fullUrl": "https://madie.cms.gov/Patient/9bb28ddd-6b34-407e-8891-ca415e894805",
    "resource": {
      "resourceType": "Patient",
      "id": "9bb28ddd-6b34-407e-8891-ca415e894805",
      "meta": {
        "profile": [ "http://hl7.org/fhir/us/qicore/StructureDefinition/qicore-patient" ]
      },
      "extension": [ {
        "url": "http://hl7.org/fhir/us/core/StructureDefinition/us-core-race",
        "extension": [ {
          "url": "ombCategory",
          "valueCoding": {
            "system": "urn:oid:2.16.840.1.113883.6.238",
            "code": "1002-5",
            "display": "American Indian or Alaska Native",
            "userSelected": true
          }
        }, {
          "url": "text",
          "valueString": "American Indian or Alaska Native"
        } ]
      }, {
        "url": "http://hl7.org/fhir/us/core/StructureDefinition/us-core-ethnicity",
        "extension": [ {
          "url": "ombCategory",
          "valueCoding": {
            "system": "urn:oid:2.16.840.1.113883.6.238",
            "code": "2135-2",
            "display": "Hispanic or Latino",
            "userSelected": true
          }
        }, {
          "url": "text",
          "valueString": "Hispanic or Latino"
        } ]
      } ],
      "identifier": [ {
        "type": {
          "coding": [ {
            "system": "http://terminology.hl7.org/CodeSystem/v2-0203",
            "code": "MR"
          } ]
        },
        "system": "https://bonnie-fhir.healthit.gov/",
        "value": "62bb3859e8081f5ef5e199f5"
      } ],
      "name": [ {
        "family": "IPPFail",
        "given": [ "PCaEnds1YrBeforeADT" ]
      } ],
      "gender": "male",
      "birthDate": "1962-07-19"
    },
    "request": {
      "method": "PUT",
      "url": "Patient/9bb28ddd-6b34-407e-8891-ca415e894805"
    }
  }, {
    "fullUrl": "https://madie.cms.gov/Encounter/ab5b8a39-8c13-4a57-ba77-5a0c67b59ee1",
    "resource": {
      "resourceType": "Encounter",
      "id": "ab5b8a39-8c13-4a57-ba77-5a0c67b59ee1",
      "meta": {
        "profile": [ "http://hl7.org/fhir/us/qicore/StructureDefinition/qicore-encounter" ]
      },
      "status": "finished",
      "class": {
        "system": "http://terminology.hl7.org/CodeSystem/v3-ActCode",
        "code": "AMB",
        "display": "ambulatory"
      },
      "type": [ {
        "coding": [ {
          "system": "http://snomed.info/sct",
          "version": "http://snomed.info/sct/731000124108/version/20240401",
          "code": "185463005",
          "display": "Visit out of hours (procedure)",
          "userSelected": true
        } ]
      } ],
      "subject": {
        "reference": "Patient/9bb28ddd-6b34-407e-8891-ca415e894805"
      },
      "period": {
        "start": "2026-03-03T08:00:00.000+00:00",
        "end": "2026-03-03T08:15:00.000+00:00"
      }
    },
    "request": {
      "method": "PUT",
      "url": "Encounter/ab5b8a39-8c13-4a57-ba77-5a0c67b59ee1"
    }
  }, {
    "fullUrl": "https://madie.cms.gov/Condition/f531589b-e1a7-42d3-9050-1960995b2082",
    "resource": {
      "resourceType": "Condition",
      "id": "f531589b-e1a7-42d3-9050-1960995b2082",
      "meta": {
        "profile": [ "http://hl7.org/fhir/us/qicore/StructureDefinition/qicore-condition-problems-health-concerns" ]
      },
      "clinicalStatus": {
        "coding": [ {
          "system": "http://terminology.hl7.org/CodeSystem/condition-clinical",
          "code": "inactive",
          "display": "inactive",
          "userSelected": true
        } ]
      },
      "verificationStatus": {
        "coding": [ {
          "system": "http://terminology.hl7.org/CodeSystem/condition-ver-status",
          "code": "confirmed",
          "display": "Confirmed",
          "userSelected": true
        } ]
      },
      "category": [ {
        "coding": [ {
          "system": "http://terminology.hl7.org/CodeSystem/condition-category",
          "code": "problem-list-item",
          "display": "Problem List Item"
        } ]
      } ],
      "code": {
        "coding": [ {
          "system": "http://snomed.info/sct",
          "version": "http://snomed.info/sct/731000124108/version/20240401",
          "code": "254900004",
          "display": "Carcinoma of prostate (disorder)",
          "userSelected": true
        } ]
      },
      "subject": {
        "reference": "Patient/9bb28ddd-6b34-407e-8891-ca415e894805"
      },
      "onsetPeriod": {
        "start": "2023-01-03T08:00:00.000+00:00",
        "end": "2024-12-03T08:00:00.000+00:00"
      },
      "abatementDateTime": "2025-12-31T08:00:00.000+00:00"
    },
    "request": {
      "method": "PUT",
      "url": "Condition/f531589b-e1a7-42d3-9050-1960995b2082"
    }
  }, {
    "fullUrl": "https://madie.cms.gov/MedicationRequest/9dd2a970-bbbb-457e-bab6-3f6e973573c8",
    "resource": {
      "resourceType": "MedicationRequest",
      "id": "9dd2a970-bbbb-457e-bab6-3f6e973573c8",
      "meta": {
        "profile": [ "http://hl7.org/fhir/us/qicore/StructureDefinition/qicore-medicationrequest" ]
      },
      "status": "active",
      "intent": "order",
      "medicationCodeableConcept": {
        "coding": [ {
          "system": "http://www.nlm.nih.gov/research/umls/rxnorm",
          "version": "2025-01",
          "code": "752884",
          "display": "0.375 ML leuprolide acetate 120 MG/ML Prefilled Syringe",
          "userSelected": true
        } ]
      },
      "subject": {
        "reference": "Patient/9bb28ddd-6b34-407e-8891-ca415e894805"
      },
      "authoredOn": "2026-03-02T08:00:00.000+00:00",
      "requester": {
        "reference": "http://myGoodHealthcare.com/fhir/Practitioner/646346"
      },
      "dosageInstruction": [ {
        "timing": {
          "repeat": {
            "boundsPeriod": {
              "start": "2026-03-02T08:00:00.000+00:00"
            }
          }
        }
      } ]
    },
    "request": {
      "method": "PUT",
      "url": "MedicationRequest/9dd2a970-bbbb-457e-bab6-3f6e973573c8"
    }
  }, {
    "fullUrl": "https://madie.cms.gov/ServiceRequest/bd8f5f08-c5bf-4ca2-8435-c2bd42e04b79",
    "resource": {
      "resourceType": "ServiceRequest",
      "id": "bd8f5f08-c5bf-4ca2-8435-c2bd42e04b79",
      "meta": {
        "profile": [ "http://hl7.org/fhir/us/qicore/StructureDefinition/qicore-servicerequest" ]
      },
      "status": "active",
      "intent": "order",
      "code": {
        "coding": [ {
          "system": "http://snomed.info/sct",
          "code": "456381000124102",
          "display": "Injection of leuprolide acetate for twelve month period (regime/therapy)",
          "userSelected": true
        } ]
      },
      "subject": {
        "reference": "Patient/9bb28ddd-6b34-407e-8891-ca415e894805"
      },
      "authoredOn": "2026-03-02T08:00:00.000+00:00"
    },
    "request": {
      "method": "PUT",
      "url": "ServiceRequest/bd8f5f08-c5bf-4ca2-8435-c2bd42e04b79"
    }
  }, {
    "fullUrl": "https://madie.cms.gov/MeasureReport/1a9b486c-99c6-48d5-84c3-d42f1316f35f",
    "resource": {
      "resourceType": "MeasureReport",
      "id": "1a9b486c-99c6-48d5-84c3-d42f1316f35f",
      "meta": {
        "profile": [ "http://hl7.org/fhir/us/cqfmeasures/StructureDefinition/test-case-cqfm" ]
      },
      "contained": [ {
        "resourceType": "Parameters",
        "id": "fd1e7d18-6ebf-4879-9549-4d9294e08ea8-parameters",
        "parameter": [ {
          "name": "subject",
          "valueString": "9bb28ddd-6b34-407e-8891-ca415e894805"
        } ]
      } ],
      "extension": [ {
        "url": "http://hl7.org/fhir/StructureDefinition/cqf-inputParameters",
        "valueReference": {
          "reference": "#fd1e7d18-6ebf-4879-9549-4d9294e08ea8-parameters"
        }
      }, {
        "url": "http://hl7.org/fhir/us/cqfmeasures/StructureDefinition/cqfm-testCaseDescription",
        "valueMarkdown": "Male with PCa that ends 1 year prior to MP,   ADT is given after PCa ends and procedure code is listed..  Should fail IPP."
      } ],
      "modifierExtension": [ {
        "url": "http://hl7.org/fhir/us/cqfmeasures/StructureDefinition/cqfm-isTestCase",
        "valueBoolean": true
      } ],
      "status": "complete",
      "type": "individual",
      "measure": "https://madie.cms.gov/Measure/BoneDensityProstateCancerAndrogenDeprivationTherapyFHIR6",
      "period": {
        "start": "2026-01-01",
        "end": "2026-12-31"
      },
      "group": [ {
        "id": "Group_1",
        "population": [ {
          "id": "InitialPopulation_1",
          "code": {
            "coding": [ {
              "system": "http://terminology.hl7.org/CodeSystem/measure-population",
              "code": "initial-population",
              "display": "Initial Population"
            } ]
          },
          "count": 0
        }, {
          "id": "Denominator_1",
          "code": {
            "coding": [ {
              "system": "http://terminology.hl7.org/CodeSystem/measure-population",
              "code": "denominator",
              "display": "Denominator"
            } ]
          },
          "count": 0
        }, {
          "id": "Numerator_1",
          "code": {
            "coding": [ {
              "system": "http://terminology.hl7.org/CodeSystem/measure-population",
              "code": "numerator",
              "display": "Numerator"
            } ]
          },
          "count": 0
        }, {
          "id": "DenominatorException_1",
          "code": {
            "coding": [ {
              "system": "http://terminology.hl7.org/CodeSystem/measure-population",
              "code": "denominator-exception",
              "display": "Denominator Exception"
            } ]
          },
          "count": 0
        } ],
        "measureScore": {
          "value": 1.0
        }
      } ],
      "evaluatedResource": [ {
        "reference": "Patient/9bb28ddd-6b34-407e-8891-ca415e894805"
      }, {
        "reference": "Encounter/ab5b8a39-8c13-4a57-ba77-5a0c67b59ee1"
      }, {
        "reference": "Condition/f531589b-e1a7-42d3-9050-1960995b2082"
      }, {
        "reference": "MedicationRequest/9dd2a970-bbbb-457e-bab6-3f6e973573c8"
      }, {
        "reference": "ServiceRequest/bd8f5f08-c5bf-4ca2-8435-c2bd42e04b79"
      } ]
    },
    "request": {
      "method": "PUT",
      "url": "MeasureReport/1a9b486c-99c6-48d5-84c3-d42f1316f35f"
    }
  } ]
}