{
  "resourceType": "Bundle",
  "id": "62bb3859e8081f5ef5e199f5",
  "type": "transaction",
  "entry": [ {
    "fullUrl": "https://madie.cms.gov/Patient/9bb28ddd-6b34-407e-8891-ca415e894805",
    "resource": {
      "resourceType": "Patient",
      "id": "9bb28ddd-6b34-407e-8891-ca415e894805",
      "meta": {
        "profile": [ "http://hl7.org/fhir/us/qicore/StructureDefinition/qicore-patient" ]
      },
      "extension": [ {
        "url": "http://hl7.org/fhir/us/core/StructureDefinition/us-core-race",
        "extension": [ {
          "url": "ombCategory",
          "valueCoding": {
            "system": "urn:oid:2.16.840.1.113883.6.238",
            "code": "1002-5",
            "display": "American Indian or Alaska Native",
            "userSelected": true
          }
        }, {
          "url": "text",
          "valueString": "American Indian or Alaska Native"
        } ]
      }, {
        "url": "http://hl7.org/fhir/us/core/StructureDefinition/us-core-ethnicity",
        "extension": [ {
          "url": "ombCategory",
          "valueCoding": {
            "system": "urn:oid:2.16.840.1.113883.6.238",
            "code": "2135-2",
            "display": "Hispanic or Latino",
            "userSelected": true
          }
        }, {
          "url": "text",
          "valueString": "Hispanic or Latino"
        } ]
      } ],
      "identifier": [ {
        "type": {
          "coding": [ {
            "system": "http://terminology.hl7.org/CodeSystem/v2-0203",
            "code": "MR"
          } ]
        },
        "system": "https://bonnie-fhir.healthit.gov/",
        "value": "62bb3859e8081f5ef5e199f5"
      } ],
      "name": [ {
        "family": "IPPFail",
        "given": [ "PCaEnds1YrBeforeADT" ]
      } ],
      "gender": "male",
      "birthDate": "1961-07-19"
    },
    "request": {
      "method": "PUT",
      "url": "Patient/9bb28ddd-6b34-407e-8891-ca415e894805"
    }
  }, {
    "fullUrl": "https://madie.cms.gov/Encounter/659fd147-213f-4d01-860e-0425ace02f4a",
    "resource": {
      "resourceType": "Encounter",
      "id": "659fd147-213f-4d01-860e-0425ace02f4a",
      "meta": {
        "profile": [ "http://hl7.org/fhir/us/qicore/StructureDefinition/qicore-encounter" ]
      },
      "status": "finished",
      "class": {
        "system": "http://terminology.hl7.org/CodeSystem/v3-ActCode",
        "code": "AMB",
        "display": "ambulatory"
      },
      "type": [ {
        "coding": [ {
          "system": "http://snomed.info/sct",
          "version": "http://snomed.info/sct/731000124108/version/20240401",
          "code": "185463005",
          "display": "Visit out of hours (procedure)",
          "userSelected": true
        } ]
      } ],
      "subject": {
        "reference": "Patient/9bb28ddd-6b34-407e-8891-ca415e894805"
      },
      "period": {
        "start": "2025-03-03T08:00:00.000+00:00",
        "end": "2025-03-03T08:15:00.000+00:00"
      }
    },
    "request": {
      "method": "PUT",
      "url": "Encounter/659fd147-213f-4d01-860e-0425ace02f4a"
    }
  }, {
    "fullUrl": "https://madie.cms.gov/Condition/55e12f9a-ba2a-4158-912d-77eb51d214af",
    "resource": {
      "resourceType": "Condition",
      "id": "55e12f9a-ba2a-4158-912d-77eb51d214af",
      "meta": {
        "profile": [ "http://hl7.org/fhir/us/qicore/StructureDefinition/qicore-condition-problems-health-concerns" ]
      },
      "clinicalStatus": {
        "coding": [ {
          "system": "http://terminology.hl7.org/CodeSystem/condition-clinical",
          "code": "inactive",
          "display": "inactive",
          "userSelected": true
        } ]
      },
      "verificationStatus": {
        "coding": [ {
          "system": "http://terminology.hl7.org/CodeSystem/condition-ver-status",
          "code": "confirmed",
          "display": "Confirmed",
          "userSelected": true
        } ]
      },
      "category": [ {
        "coding": [ {
          "system": "http://terminology.hl7.org/CodeSystem/condition-category",
          "code": "problem-list-item",
          "display": "Problem List Item"
        } ]
      } ],
      "code": {
        "coding": [ {
          "system": "http://snomed.info/sct",
          "version": "http://snomed.info/sct/731000124108/version/20240401",
          "code": "254900004",
          "display": "Carcinoma of prostate (disorder)",
          "userSelected": true
        } ]
      },
      "subject": {
        "reference": "Patient/9bb28ddd-6b34-407e-8891-ca415e894805"
      },
      "onsetPeriod": {
        "start": "2022-01-03T08:00:00.000+00:00",
        "end": "2023-12-03T08:00:00.000+00:00"
      },
      "abatementDateTime": "2024-12-31T08:00:00.000+00:00"
    },
    "request": {
      "method": "PUT",
      "url": "Condition/55e12f9a-ba2a-4158-912d-77eb51d214af"
    }
  }, {
    "fullUrl": "https://madie.cms.gov/MedicationRequest/a6329e6b-a494-49e5-b65d-59f0dee7d2dc",
    "resource": {
      "resourceType": "MedicationRequest",
      "id": "a6329e6b-a494-49e5-b65d-59f0dee7d2dc",
      "meta": {
        "profile": [ "http://hl7.org/fhir/us/qicore/StructureDefinition/qicore-medicationrequest" ]
      },
      "status": "active",
      "intent": "order",
      "medicationCodeableConcept": {
        "coding": [ {
          "system": "http://www.nlm.nih.gov/research/umls/rxnorm",
          "version": "2025-01",
          "code": "752884",
          "display": "0.375 ML leuprolide acetate 120 MG/ML Prefilled Syringe",
          "userSelected": true
        } ]
      },
      "subject": {
        "reference": "Patient/9bb28ddd-6b34-407e-8891-ca415e894805"
      },
      "authoredOn": "2025-03-02T08:00:00.000+00:00",
      "requester": {
        "reference": "http://myGoodHealthcare.com/fhir/Practitioner/646346"
      },
      "dosageInstruction": [ {
        "timing": {
          "repeat": {
            "boundsPeriod": {
              "start": "2025-03-02T08:00:00.000+00:00"
            }
          }
        }
      } ]
    },
    "request": {
      "method": "PUT",
      "url": "MedicationRequest/a6329e6b-a494-49e5-b65d-59f0dee7d2dc"
    }
  }, {
    "fullUrl": "https://madie.cms.gov/ServiceRequest/9201a9af-506d-47b7-9c7e-96219230ee0c",
    "resource": {
      "resourceType": "ServiceRequest",
      "id": "9201a9af-506d-47b7-9c7e-96219230ee0c",
      "meta": {
        "profile": [ "http://hl7.org/fhir/us/qicore/StructureDefinition/qicore-servicerequest" ]
      },
      "status": "active",
      "intent": "order",
      "code": {
        "coding": [ {
          "system": "http://snomed.info/sct",
          "code": "456381000124102",
          "display": "Injection of leuprolide acetate for twelve month period (regime/therapy)",
          "userSelected": true
        } ]
      },
      "subject": {
        "reference": "Patient/9bb28ddd-6b34-407e-8891-ca415e894805"
      },
      "authoredOn": "2025-03-02T08:00:00.000+00:00"
    },
    "request": {
      "method": "PUT",
      "url": "ServiceRequest/9201a9af-506d-47b7-9c7e-96219230ee0c"
    }
  }, {
    "fullUrl": "https://madie.cms.gov/MeasureReport/1b0b78f4-7320-4301-a881-d14216ff8778",
    "resource": {
      "resourceType": "MeasureReport",
      "id": "1b0b78f4-7320-4301-a881-d14216ff8778",
      "meta": {
        "profile": [ "http://hl7.org/fhir/us/cqfmeasures/StructureDefinition/test-case-cqfm" ]
      },
      "contained": [ {
        "resourceType": "Parameters",
        "id": "33e5403f-2aad-45d7-9acd-a158c427db41-parameters",
        "parameter": [ {
          "name": "subject",
          "valueString": "9bb28ddd-6b34-407e-8891-ca415e894805"
        } ]
      } ],
      "extension": [ {
        "url": "http://hl7.org/fhir/us/cqfmeasures/StructureDefinition/cqfm-inputParameters",
        "valueReference": {
          "reference": "#33e5403f-2aad-45d7-9acd-a158c427db41-parameters"
        }
      }, {
        "url": "http://hl7.org/fhir/us/cqfmeasures/StructureDefinition/cqfm-testCaseDescription",
        "valueMarkdown": "Male with PCa that ends 1 year prior to MP,   ADT is given after PCa ends and procedure code is listed..  Should fail IPP."
      } ],
      "modifierExtension": [ {
        "url": "http://hl7.org/fhir/us/cqfmeasures/StructureDefinition/cqfm-isTestCase",
        "valueBoolean": true
      } ],
      "status": "complete",
      "type": "individual",
      "measure": "https://madie.cms.gov/Measure/BoneDensityProstateCancerAndrogenDeprivationTherapyFHIR6",
      "period": {
        "start": "2025-01-01",
        "end": "2025-12-31"
      },
      "group": [ {
        "id": "67b61060a0d801640767a597",
        "population": [ {
          "id": "E8F25116-1779-4BA6-B606-34F12AE4F5BA",
          "code": {
            "coding": [ {
              "system": "http://terminology.hl7.org/CodeSystem/measure-population",
              "code": "initial-population",
              "display": "Initial Population"
            } ]
          },
          "count": 0
        }, {
          "id": "1C145A56-9250-4444-A497-86C44F55CFDB",
          "code": {
            "coding": [ {
              "system": "http://terminology.hl7.org/CodeSystem/measure-population",
              "code": "denominator",
              "display": "Denominator"
            } ]
          },
          "count": 0
        }, {
          "id": "B1E0E3D2-D44E-4BFF-92F8-077CF1AE234F",
          "code": {
            "coding": [ {
              "system": "http://terminology.hl7.org/CodeSystem/measure-population",
              "code": "numerator",
              "display": "Numerator"
            } ]
          },
          "count": 0
        }, {
          "id": "A9552F46-139C-4270-835C-224132205362",
          "code": {
            "coding": [ {
              "system": "http://terminology.hl7.org/CodeSystem/measure-population",
              "code": "denominator-exception",
              "display": "Denominator Exception"
            } ]
          },
          "count": 0
        } ],
        "measureScore": {
          "value": 1.0
        }
      } ],
      "evaluatedResource": [ {
        "reference": "Patient/9bb28ddd-6b34-407e-8891-ca415e894805"
      }, {
        "reference": "Encounter/659fd147-213f-4d01-860e-0425ace02f4a"
      }, {
        "reference": "Condition/55e12f9a-ba2a-4158-912d-77eb51d214af"
      }, {
        "reference": "MedicationRequest/a6329e6b-a494-49e5-b65d-59f0dee7d2dc"
      }, {
        "reference": "ServiceRequest/9201a9af-506d-47b7-9c7e-96219230ee0c"
      } ]
    },
    "request": {
      "method": "PUT",
      "url": "MeasureReport/1b0b78f4-7320-4301-a881-d14216ff8778"
    }
  } ]
}