{
  "resourceType": "Bundle",
  "id": "612e6b4e02c62a011f2ed3d2",
  "type": "transaction",
  "entry": [ {
    "fullUrl": "https://madie.cms.gov/Patient/b9b49699-aff6-49fe-9945-03143ac5984f",
    "resource": {
      "resourceType": "Patient",
      "id": "b9b49699-aff6-49fe-9945-03143ac5984f",
      "meta": {
        "profile": [ "http://hl7.org/fhir/us/qicore/StructureDefinition/qicore-patient" ]
      },
      "text": {
        "status": "generated",
        "div": "<div xmlns=\"http://www.w3.org/1999/xhtml\"><div class=\"hapiHeaderText\">INR3_0_DayOfAnesthesia <b>NUMERFAIL </b></div><table class=\"hapiPropertyTable\"><tbody><tr><td>Identifier</td><td>65ef0b32f324a9b2366603f2ef83d149</td></tr><tr><td>Date of birth</td><td><span>02 January 1974</span></td></tr></tbody></table></div>"
      },
      "extension": [ {
        "url": "http://hl7.org/fhir/us/core/StructureDefinition/us-core-race",
        "extension": [ {
          "url": "ombCategory",
          "valueCoding": {
            "system": "urn:oid:2.16.840.1.113883.6.238",
            "code": "1002-5",
            "display": "American Indian or Alaska Native",
            "userSelected": true
          }
        }, {
          "url": "text",
          "valueString": "American Indian or Alaska Native"
        } ]
      }, {
        "url": "http://hl7.org/fhir/us/core/StructureDefinition/us-core-ethnicity",
        "extension": [ {
          "url": "ombCategory",
          "valueCoding": {
            "system": "urn:oid:2.16.840.1.113883.6.238",
            "code": "2135-2",
            "display": "Hispanic or Latino",
            "userSelected": true
          }
        }, {
          "url": "text",
          "valueString": "Hispanic or Latino"
        } ]
      } ],
      "identifier": [ {
        "type": {
          "coding": [ {
            "system": "http://terminology.hl7.org/CodeSystem/v2-0203",
            "code": "MR"
          } ]
        },
        "system": "https://bonnie-fhir.healthit.gov/",
        "value": "612e6b4e02c62a011f2ed3d2"
      } ],
      "active": true,
      "name": [ {
        "use": "usual",
        "family": "NUMERFail",
        "given": [ "INR3_0_DayOfAnesthesia" ]
      } ],
      "gender": "male",
      "birthDate": "1974-01-02"
    },
    "request": {
      "method": "PUT",
      "url": "Patient/b9b49699-aff6-49fe-9945-03143ac5984f"
    }
  }, {
    "fullUrl": "https://madie.cms.gov/Encounter/c552cbbf-443c-4149-bfb2-3b42201f6937",
    "resource": {
      "resourceType": "Encounter",
      "id": "c552cbbf-443c-4149-bfb2-3b42201f6937",
      "meta": {
        "profile": [ "http://hl7.org/fhir/us/qicore/StructureDefinition/qicore-encounter" ]
      },
      "status": "finished",
      "class": {
        "system": "http://terminology.hl7.org/CodeSystem/v3-ActCode",
        "code": "IMP",
        "display": "inpatient encounter"
      },
      "type": [ {
        "coding": [ {
          "system": "http://snomed.info/sct",
          "code": "8715000"
        } ]
      } ],
      "subject": {
        "reference": "Patient/b9b49699-aff6-49fe-9945-03143ac5984f"
      },
      "period": {
        "start": "2025-11-01T08:00:00+00:00",
        "end": "2025-11-26T08:15:00+00:00"
      },
      "length": {
        "value": 25.0,
        "unit": "days"
      }
    },
    "request": {
      "method": "PUT",
      "url": "Encounter/c552cbbf-443c-4149-bfb2-3b42201f6937"
    }
  }, {
    "fullUrl": "https://madie.cms.gov/Coverage/8571037b-1f1e-4175-b8e2-c319508182ef",
    "resource": {
      "resourceType": "Coverage",
      "id": "8571037b-1f1e-4175-b8e2-c319508182ef",
      "status": "active",
      "beneficiary": {
        "reference": "Patient/b9b49699-aff6-49fe-9945-03143ac5984f"
      },
      "period": {
        "start": "1974-01-02T08:00:00+00:00"
      },
      "payor": [ {
        "reference": "Organization/db4abd83-b600-449c-9faf-009bcb015ba1"
      } ]
    },
    "request": {
      "method": "PUT",
      "url": "Coverage/8571037b-1f1e-4175-b8e2-c319508182ef"
    }
  }, {
    "fullUrl": "https://madie.cms.gov/Observation/6caf0a92-c667-4707-bc38-2b9b514f594f",
    "resource": {
      "resourceType": "Observation",
      "id": "6caf0a92-c667-4707-bc38-2b9b514f594f",
      "meta": {
        "profile": [ "http://hl7.org/fhir/us/core/StructureDefinition/us-core-observation-lab" ]
      },
      "status": "final",
      "category": [ {
        "coding": [ {
          "system": "http://terminology.hl7.org/CodeSystem/observation-category",
          "code": "laboratory",
          "display": "Laboratory"
        } ]
      } ],
      "code": {
        "coding": [ {
          "system": "http://loinc.org",
          "code": "34714-6"
        } ]
      },
      "subject": {
        "reference": "Patient/b9b49699-aff6-49fe-9945-03143ac5984f"
      },
      "issued": "2025-11-01T11:00:00.000+00:00",
      "valueQuantity": {
        "value": 3.0,
        "unit": "{INR}"
      }
    },
    "request": {
      "method": "PUT",
      "url": "Observation/6caf0a92-c667-4707-bc38-2b9b514f594f"
    }
  }, {
    "fullUrl": "https://madie.cms.gov/Procedure/23929140-d3e5-482a-b77f-1d4b41b29ef6",
    "resource": {
      "resourceType": "Procedure",
      "id": "23929140-d3e5-482a-b77f-1d4b41b29ef6",
      "meta": {
        "profile": [ "http://hl7.org/fhir/us/qicore/StructureDefinition/qicore-procedure" ]
      },
      "extension": [ {
        "url": "http://hl7.org/fhir/us/qicore/StructureDefinition/qicore-recorded",
        "valueDateTime": "2012-12-04T09:35:00-04:00"
      } ],
      "status": "completed",
      "code": {
        "coding": [ {
          "system": "http://www.icd10data.com/icd10pcs",
          "code": "3E030FZ"
        }, {
          "system": "http://snomed.info/sct",
          "code": "18946005"
        } ]
      },
      "subject": {
        "reference": "Patient/b9b49699-aff6-49fe-9945-03143ac5984f"
      },
      "performedPeriod": {
        "start": "2025-11-01T09:00:00+00:00",
        "end": "2025-11-01T09:15:00+00:00"
      }
    },
    "request": {
      "method": "PUT",
      "url": "Procedure/23929140-d3e5-482a-b77f-1d4b41b29ef6"
    }
  }, {
    "fullUrl": "https://madie.cms.gov/Organization/db4abd83-b600-449c-9faf-009bcb015ba1",
    "resource": {
      "resourceType": "Organization",
      "id": "db4abd83-b600-449c-9faf-009bcb015ba1",
      "meta": {
        "profile": [ "http://hl7.org/fhir/us/qicore/StructureDefinition/qicore-organization" ]
      },
      "identifier": [ {
        "use": "temp",
        "system": "urn:oid:2.16.840.1.113883.4.4",
        "value": "21-3259825"
      } ],
      "active": true,
      "type": [ {
        "coding": [ {
          "system": "http://terminology.hl7.org/CodeSystem/organization-type",
          "code": "pay",
          "display": "Payer"
        } ]
      } ],
      "name": "Blue Cross Blue Shield of Texas",
      "telecom": [ {
        "system": "phone",
        "value": "(+1) 972-766-6900"
      } ],
      "address": [ {
        "use": "billing",
        "type": "postal",
        "line": [ "P.O. Box 660044" ],
        "city": "Dallas",
        "state": "TX",
        "postalCode": "75266-0044",
        "country": "USA"
      } ]
    },
    "request": {
      "method": "PUT",
      "url": "Organization/db4abd83-b600-449c-9faf-009bcb015ba1"
    }
  }, {
    "fullUrl": "https://madie.cms.gov/Practitioner/a37c070a-459e-40cf-8c3e-5b4f99c21a78",
    "resource": {
      "resourceType": "Practitioner",
      "id": "a37c070a-459e-40cf-8c3e-5b4f99c21a78",
      "identifier": [ {
        "system": "http://hl7.org/fhir/sid/us-npi",
        "value": "123456"
      } ],
      "name": [ {
        "family": "Evil",
        "prefix": [ "Dr" ]
      } ]
    },
    "request": {
      "method": "PUT",
      "url": "Practitioner/a37c070a-459e-40cf-8c3e-5b4f99c21a78"
    }
  }, {
    "fullUrl": "https://madie.cms.gov/MeasureReport/88a3d6d5-f3c4-4c25-a477-89bb074b4114",
    "resource": {
      "resourceType": "MeasureReport",
      "id": "88a3d6d5-f3c4-4c25-a477-89bb074b4114",
      "meta": {
        "profile": [ "http://hl7.org/fhir/us/cqfmeasures/StructureDefinition/test-case-cqfm" ]
      },
      "contained": [ {
        "resourceType": "Parameters",
        "id": "a49c704b-f0d1-4e78-b896-d30908e652cd-parameters",
        "parameter": [ {
          "name": "subject",
          "valueString": "b9b49699-aff6-49fe-9945-03143ac5984f"
        } ]
      } ],
      "extension": [ {
        "url": "http://hl7.org/fhir/us/cqfmeasures/StructureDefinition/cqfm-inputParameters",
        "valueReference": {
          "reference": "#a49c704b-f0d1-4e78-b896-d30908e652cd-parameters"
        }
      }, {
        "url": "http://hl7.org/fhir/us/cqfmeasures/StructureDefinition/cqfm-testCaseDescription",
        "valueMarkdown": ">18, dx VTE, LOS<120 day,   LabResult INR=3.0,  day of anesthesia\n"
      } ],
      "modifierExtension": [ {
        "url": "http://hl7.org/fhir/us/cqfmeasures/StructureDefinition/cqfm-isTestCase",
        "valueBoolean": true
      } ],
      "status": "complete",
      "type": "individual",
      "measure": "https://madie.cms.gov/Measure/VenousThromboembolismProphylaxisFHIR",
      "period": {
        "start": "2025-01-01",
        "end": "2025-12-31"
      },
      "group": [ {
        "population": [ {
          "code": {
            "coding": [ {
              "system": "http://terminology.hl7.org/CodeSystem/measure-population",
              "code": "initial-population",
              "display": "Initial Population"
            } ]
          },
          "count": 1
        }, {
          "code": {
            "coding": [ {
              "system": "http://terminology.hl7.org/CodeSystem/measure-population",
              "code": "denominator",
              "display": "Denominator"
            } ]
          },
          "count": 1
        }, {
          "code": {
            "coding": [ {
              "system": "http://terminology.hl7.org/CodeSystem/measure-population",
              "code": "denominator-exclusion",
              "display": "Denominator Exclusion"
            } ]
          },
          "count": 0
        }, {
          "code": {
            "coding": [ {
              "system": "http://terminology.hl7.org/CodeSystem/measure-population",
              "code": "numerator",
              "display": "Numerator"
            } ]
          },
          "count": 0
        } ]
      } ],
      "evaluatedResource": [ {
        "reference": "Patient/b9b49699-aff6-49fe-9945-03143ac5984f"
      }, {
        "reference": "Encounter/c552cbbf-443c-4149-bfb2-3b42201f6937"
      }, {
        "reference": "Coverage/8571037b-1f1e-4175-b8e2-c319508182ef"
      }, {
        "reference": "Observation/6caf0a92-c667-4707-bc38-2b9b514f594f"
      }, {
        "reference": "Procedure/23929140-d3e5-482a-b77f-1d4b41b29ef6"
      }, {
        "reference": "Organization/db4abd83-b600-449c-9faf-009bcb015ba1"
      }, {
        "reference": "Practitioner/a37c070a-459e-40cf-8c3e-5b4f99c21a78"
      } ]
    },
    "request": {
      "method": "PUT",
      "url": "MeasureReport/88a3d6d5-f3c4-4c25-a477-89bb074b4114"
    }
  } ]
}