{
  "resourceType": "Bundle",
  "id": "62bb3859e8081f5ef5e199f5",
  "type": "transaction",
  "entry": [ {
    "fullUrl": "https://madie.cms.gov/Patient/9bb28ddd-6b34-407e-8891-ca415e894805",
    "resource": {
      "resourceType": "Patient",
      "id": "9bb28ddd-6b34-407e-8891-ca415e894805",
      "meta": {
        "profile": [ "http://hl7.org/fhir/us/qicore/StructureDefinition/qicore-patient" ]
      },
      "extension": [ {
        "url": "http://hl7.org/fhir/us/core/StructureDefinition/us-core-race",
        "extension": [ {
          "url": "ombCategory",
          "valueCoding": {
            "system": "urn:oid:2.16.840.1.113883.6.238",
            "code": "1002-5",
            "display": "American Indian or Alaska Native",
            "userSelected": true
          }
        }, {
          "url": "text",
          "valueString": "American Indian or Alaska Native"
        } ]
      }, {
        "url": "http://hl7.org/fhir/us/core/StructureDefinition/us-core-ethnicity",
        "extension": [ {
          "url": "ombCategory",
          "valueCoding": {
            "system": "urn:oid:2.16.840.1.113883.6.238",
            "code": "2135-2",
            "display": "Hispanic or Latino",
            "userSelected": true
          }
        }, {
          "url": "text",
          "valueString": "Hispanic or Latino"
        } ]
      } ],
      "identifier": [ {
        "type": {
          "coding": [ {
            "system": "http://terminology.hl7.org/CodeSystem/v2-0203",
            "code": "MR"
          } ]
        },
        "system": "https://bonnie-fhir.healthit.gov/",
        "value": "62bb3859e8081f5ef5e199f5"
      } ],
      "name": [ {
        "family": "IPPFail",
        "given": [ "PCaEnds1YrBeforeADT" ]
      } ],
      "gender": "male",
      "birthDate": "1962-07-19"
    },
    "request": {
      "method": "PUT",
      "url": "Patient/9bb28ddd-6b34-407e-8891-ca415e894805"
    }
  }, {
    "fullUrl": "https://madie.cms.gov/Encounter/6aa0da64-5742-474f-9549-05e74f95ecff",
    "resource": {
      "resourceType": "Encounter",
      "id": "6aa0da64-5742-474f-9549-05e74f95ecff",
      "meta": {
        "profile": [ "http://hl7.org/fhir/us/qicore/StructureDefinition/qicore-encounter" ]
      },
      "status": "finished",
      "class": {
        "system": "http://terminology.hl7.org/CodeSystem/v3-ActCode",
        "code": "AMB",
        "display": "ambulatory"
      },
      "type": [ {
        "coding": [ {
          "system": "http://snomed.info/sct",
          "version": "http://snomed.info/sct/731000124108/version/20240401",
          "code": "185463005",
          "display": "Visit out of hours (procedure)",
          "userSelected": true
        } ]
      } ],
      "subject": {
        "reference": "Patient/9bb28ddd-6b34-407e-8891-ca415e894805"
      },
      "period": {
        "start": "2026-03-03T08:00:00.000+00:00",
        "end": "2026-03-03T08:15:00.000+00:00"
      }
    },
    "request": {
      "method": "PUT",
      "url": "Encounter/6aa0da64-5742-474f-9549-05e74f95ecff"
    }
  }, {
    "fullUrl": "https://madie.cms.gov/Condition/bf9ea8d7-2c7a-4398-bc72-1243e7005b18",
    "resource": {
      "resourceType": "Condition",
      "id": "bf9ea8d7-2c7a-4398-bc72-1243e7005b18",
      "meta": {
        "profile": [ "http://hl7.org/fhir/us/qicore/StructureDefinition/qicore-condition-problems-health-concerns" ]
      },
      "clinicalStatus": {
        "coding": [ {
          "system": "http://terminology.hl7.org/CodeSystem/condition-clinical",
          "code": "inactive",
          "display": "inactive",
          "userSelected": true
        } ]
      },
      "verificationStatus": {
        "coding": [ {
          "system": "http://terminology.hl7.org/CodeSystem/condition-ver-status",
          "code": "confirmed",
          "display": "Confirmed",
          "userSelected": true
        } ]
      },
      "category": [ {
        "coding": [ {
          "system": "http://terminology.hl7.org/CodeSystem/condition-category",
          "code": "problem-list-item",
          "display": "Problem List Item"
        } ]
      } ],
      "code": {
        "coding": [ {
          "system": "http://snomed.info/sct",
          "version": "http://snomed.info/sct/731000124108/version/20250301",
          "code": "254900004",
          "display": "Carcinoma of prostate (disorder)",
          "userSelected": true
        } ]
      },
      "subject": {
        "reference": "Patient/9bb28ddd-6b34-407e-8891-ca415e894805"
      },
      "onsetPeriod": {
        "start": "2023-01-03T08:00:00.000+00:00",
        "end": "2024-12-03T08:00:00.000+00:00"
      },
      "abatementDateTime": "2025-12-31T08:00:00.000+00:00"
    },
    "request": {
      "method": "PUT",
      "url": "Condition/bf9ea8d7-2c7a-4398-bc72-1243e7005b18"
    }
  }, {
    "fullUrl": "https://madie.cms.gov/MedicationRequest/d948b6cd-49db-4eab-8f0e-654d60912363",
    "resource": {
      "resourceType": "MedicationRequest",
      "id": "d948b6cd-49db-4eab-8f0e-654d60912363",
      "meta": {
        "profile": [ "http://hl7.org/fhir/us/qicore/StructureDefinition/qicore-medicationrequest" ]
      },
      "status": "active",
      "intent": "order",
      "medicationCodeableConcept": {
        "coding": [ {
          "system": "http://www.nlm.nih.gov/research/umls/rxnorm",
          "version": "06052023",
          "code": "752884",
          "display": "0.375 ML leuprolide acetate 120 MG/ML Prefilled Syringe",
          "userSelected": true
        } ]
      },
      "subject": {
        "reference": "Patient/9bb28ddd-6b34-407e-8891-ca415e894805"
      },
      "authoredOn": "2026-03-02T08:00:00.000+00:00",
      "requester": {
        "reference": "http://myGoodHealthcare.com/fhir/Practitioner/646346"
      },
      "dosageInstruction": [ {
        "timing": {
          "repeat": {
            "boundsPeriod": {
              "start": "2026-03-02T08:00:00.000+00:00"
            }
          }
        }
      } ]
    },
    "request": {
      "method": "PUT",
      "url": "MedicationRequest/d948b6cd-49db-4eab-8f0e-654d60912363"
    }
  }, {
    "fullUrl": "https://madie.cms.gov/ServiceRequest/7d73d3cd-e0c1-4cd1-b6cb-8cef21030c7d",
    "resource": {
      "resourceType": "ServiceRequest",
      "id": "7d73d3cd-e0c1-4cd1-b6cb-8cef21030c7d",
      "meta": {
        "profile": [ "http://hl7.org/fhir/us/qicore/StructureDefinition/qicore-servicerequest" ]
      },
      "status": "active",
      "intent": "order",
      "code": {
        "coding": [ {
          "system": "http://snomed.info/sct",
          "version": "http://snomed.info/sct/731000124108/version/20250301",
          "code": "456381000124102",
          "display": "Injection of leuprolide acetate for twelve month period (regime/therapy)",
          "userSelected": true
        } ]
      },
      "subject": {
        "reference": "Patient/9bb28ddd-6b34-407e-8891-ca415e894805"
      },
      "authoredOn": "2026-03-02T08:00:00.000+00:00"
    },
    "request": {
      "method": "PUT",
      "url": "ServiceRequest/7d73d3cd-e0c1-4cd1-b6cb-8cef21030c7d"
    }
  }, {
    "fullUrl": "https://madie.cms.gov/MeasureReport/0acafb02-03a2-4be2-98bb-90d6b3fd02e3",
    "resource": {
      "resourceType": "MeasureReport",
      "id": "0acafb02-03a2-4be2-98bb-90d6b3fd02e3",
      "meta": {
        "profile": [ "http://hl7.org/fhir/us/cqfmeasures/StructureDefinition/test-case-cqfm" ]
      },
      "contained": [ {
        "resourceType": "Parameters",
        "id": "6408ee11-d786-462d-ab01-cf5b20ecc208-parameters",
        "parameter": [ {
          "name": "subject",
          "valueString": "9bb28ddd-6b34-407e-8891-ca415e894805"
        } ]
      } ],
      "extension": [ {
        "url": "http://hl7.org/fhir/StructureDefinition/cqf-inputParameters",
        "valueReference": {
          "reference": "#6408ee11-d786-462d-ab01-cf5b20ecc208-parameters"
        }
      }, {
        "url": "http://hl7.org/fhir/us/cqfmeasures/StructureDefinition/cqfm-testCaseDescription",
        "valueMarkdown": "Male with PCa that ends 1 year prior to MP,   ADT is given after PCa ends and procedure code is listed..  Should fail IPP."
      } ],
      "modifierExtension": [ {
        "url": "http://hl7.org/fhir/us/cqfmeasures/StructureDefinition/cqfm-isTestCase",
        "valueBoolean": true
      } ],
      "status": "complete",
      "type": "individual",
      "measure": "https://madie.cms.gov/Measure/CMS645FHIRBoneDensityPCADTherapy",
      "period": {
        "start": "2026-01-01",
        "end": "2026-12-31"
      },
      "group": [ {
        "id": "Group_1",
        "population": [ {
          "id": "InitialPopulation_1",
          "code": {
            "coding": [ {
              "system": "http://terminology.hl7.org/CodeSystem/measure-population",
              "code": "initial-population",
              "display": "Initial Population"
            } ]
          },
          "count": 0
        }, {
          "id": "Denominator_1",
          "code": {
            "coding": [ {
              "system": "http://terminology.hl7.org/CodeSystem/measure-population",
              "code": "denominator",
              "display": "Denominator"
            } ]
          },
          "count": 0
        }, {
          "id": "Numerator_1",
          "code": {
            "coding": [ {
              "system": "http://terminology.hl7.org/CodeSystem/measure-population",
              "code": "numerator",
              "display": "Numerator"
            } ]
          },
          "count": 0
        }, {
          "id": "DenominatorException_1",
          "code": {
            "coding": [ {
              "system": "http://terminology.hl7.org/CodeSystem/measure-population",
              "code": "denominator-exception",
              "display": "Denominator Exception"
            } ]
          },
          "count": 0
        } ],
        "measureScore": {
          "value": 1.0
        }
      } ],
      "evaluatedResource": [ {
        "reference": "Patient/9bb28ddd-6b34-407e-8891-ca415e894805"
      }, {
        "reference": "Encounter/6aa0da64-5742-474f-9549-05e74f95ecff"
      }, {
        "reference": "Condition/bf9ea8d7-2c7a-4398-bc72-1243e7005b18"
      }, {
        "reference": "MedicationRequest/d948b6cd-49db-4eab-8f0e-654d60912363"
      }, {
        "reference": "ServiceRequest/7d73d3cd-e0c1-4cd1-b6cb-8cef21030c7d"
      } ]
    },
    "request": {
      "method": "PUT",
      "url": "MeasureReport/0acafb02-03a2-4be2-98bb-90d6b3fd02e3"
    }
  } ]
}