{
  "resourceType": "Bundle",
  "id": "612e6b4002c62a011f2ed0d6",
  "type": "transaction",
  "entry": [ {
    "fullUrl": "https://madie.cms.gov/Patient/9dc494ae-cd78-4494-907d-accb1ff8d1ae",
    "resource": {
      "resourceType": "Patient",
      "id": "9dc494ae-cd78-4494-907d-accb1ff8d1ae",
      "meta": {
        "profile": [ "http://hl7.org/fhir/us/qicore/StructureDefinition/qicore-patient" ]
      },
      "text": {
        "status": "generated",
        "div": "<div xmlns=\"http://www.w3.org/1999/xhtml\"><div class=\"hapiHeaderText\">CMO_DayofAdmit <b>DENEXPASS </b></div><table class=\"hapiPropertyTable\"><tbody><tr><td>Identifier</td><td>0c49f8b1cebc43e2b12df0b5c8ac49c4</td></tr><tr><td>Date of birth</td><td><span>02 January 1974</span></td></tr></tbody></table></div>"
      },
      "extension": [ {
        "url": "http://hl7.org/fhir/us/core/StructureDefinition/us-core-race",
        "extension": [ {
          "url": "ombCategory",
          "valueCoding": {
            "system": "urn:oid:2.16.840.1.113883.6.238",
            "code": "1002-5",
            "display": "American Indian or Alaska Native",
            "userSelected": true
          }
        }, {
          "url": "text",
          "valueString": "American Indian or Alaska Native"
        } ]
      }, {
        "url": "http://hl7.org/fhir/us/core/StructureDefinition/us-core-ethnicity",
        "extension": [ {
          "url": "ombCategory",
          "valueCoding": {
            "system": "urn:oid:2.16.840.1.113883.6.238",
            "code": "2135-2",
            "display": "Hispanic or Latino",
            "userSelected": true
          }
        }, {
          "url": "text",
          "valueString": "Hispanic or Latino"
        } ]
      } ],
      "identifier": [ {
        "type": {
          "coding": [ {
            "system": "http://terminology.hl7.org/CodeSystem/v2-0203",
            "code": "MR"
          } ]
        },
        "system": "https://bonnie-fhir.healthit.gov/",
        "value": "612e6b4002c62a011f2ed0d6"
      } ],
      "active": true,
      "name": [ {
        "use": "usual",
        "family": "DENEXPass",
        "given": [ "CMO_DayofAdmit" ]
      } ],
      "gender": "male",
      "birthDate": "1974-01-02"
    },
    "request": {
      "method": "PUT",
      "url": "Patient/9dc494ae-cd78-4494-907d-accb1ff8d1ae"
    }
  }, {
    "fullUrl": "https://madie.cms.gov/Encounter/34ca7a26-f72b-4612-bf5c-0faf2c515960",
    "resource": {
      "resourceType": "Encounter",
      "id": "34ca7a26-f72b-4612-bf5c-0faf2c515960",
      "meta": {
        "profile": [ "http://hl7.org/fhir/us/qicore/StructureDefinition/qicore-encounter" ]
      },
      "status": "finished",
      "class": {
        "system": "http://terminology.hl7.org/CodeSystem/v3-ActCode",
        "code": "IMP",
        "display": "inpatient encounter"
      },
      "type": [ {
        "coding": [ {
          "system": "http://snomed.info/sct",
          "code": "8715000"
        } ]
      } ],
      "subject": {
        "reference": "Patient/9dc494ae-cd78-4494-907d-accb1ff8d1ae"
      },
      "period": {
        "start": "2025-10-19T08:00:00+00:00",
        "end": "2025-11-02T08:15:00+00:00"
      },
      "length": {
        "value": 14.0,
        "unit": "days"
      },
      "diagnosis": [ {
        "condition": {
          "reference": "Condition/97563cf9-63cd-4a75-bfe6-a942bb0eac1b"
        }
      } ]
    },
    "request": {
      "method": "PUT",
      "url": "Encounter/34ca7a26-f72b-4612-bf5c-0faf2c515960"
    }
  }, {
    "fullUrl": "https://madie.cms.gov/Encounter/4de5a3f5-4d93-42c2-afed-84f0163469c9",
    "resource": {
      "resourceType": "Encounter",
      "id": "4de5a3f5-4d93-42c2-afed-84f0163469c9",
      "meta": {
        "profile": [ "http://hl7.org/fhir/us/qicore/StructureDefinition/qicore-encounter" ]
      },
      "status": "finished",
      "class": {
        "system": "http://terminology.hl7.org/CodeSystem/v3-ActCode",
        "code": "IMP",
        "display": "inpatient encounter"
      },
      "type": [ {
        "coding": [ {
          "system": "http://snomed.info/sct",
          "code": "8715000"
        } ]
      } ],
      "subject": {
        "reference": "Patient/9dc494ae-cd78-4494-907d-accb1ff8d1ae"
      },
      "period": {
        "start": "2025-11-01T08:00:00+00:00",
        "end": "2025-11-26T08:15:00+00:00"
      },
      "length": {
        "value": 25.0,
        "unit": "days"
      }
    },
    "request": {
      "method": "PUT",
      "url": "Encounter/4de5a3f5-4d93-42c2-afed-84f0163469c9"
    }
  }, {
    "fullUrl": "https://madie.cms.gov/ServiceRequest/e919137e-f8b9-4c73-aa47-6f6b8397ed34",
    "resource": {
      "resourceType": "ServiceRequest",
      "id": "e919137e-f8b9-4c73-aa47-6f6b8397ed34",
      "meta": {
        "profile": [ "http://hl7.org/fhir/us/qicore/StructureDefinition/qicore-servicerequest" ]
      },
      "status": "completed",
      "intent": "order",
      "code": {
        "coding": [ {
          "system": "http://snomed.info/sct",
          "code": "133918004"
        } ]
      },
      "subject": {
        "reference": "Patient/9dc494ae-cd78-4494-907d-accb1ff8d1ae"
      },
      "authoredOn": "2025-11-01T11:00:00+00:00"
    },
    "request": {
      "method": "PUT",
      "url": "ServiceRequest/e919137e-f8b9-4c73-aa47-6f6b8397ed34"
    }
  }, {
    "fullUrl": "https://madie.cms.gov/Coverage/52a578fd-9672-47ce-a20d-506fdcd0e010",
    "resource": {
      "resourceType": "Coverage",
      "id": "52a578fd-9672-47ce-a20d-506fdcd0e010",
      "status": "active",
      "beneficiary": {
        "reference": "Patient/9dc494ae-cd78-4494-907d-accb1ff8d1ae"
      },
      "period": {
        "start": "1974-01-02T08:00:00+00:00"
      },
      "payor": [ {
        "reference": "Organization/19d091fa-16b0-4715-b42c-8be8e534e7fa"
      } ]
    },
    "request": {
      "method": "PUT",
      "url": "Coverage/52a578fd-9672-47ce-a20d-506fdcd0e010"
    }
  }, {
    "fullUrl": "https://madie.cms.gov/Condition/97563cf9-63cd-4a75-bfe6-a942bb0eac1b",
    "resource": {
      "resourceType": "Condition",
      "id": "97563cf9-63cd-4a75-bfe6-a942bb0eac1b",
      "meta": {
        "profile": [ "http://hl7.org/fhir/us/qicore/StructureDefinition/qicore-condition" ]
      },
      "category": [ {
        "coding": [ {
          "system": "http://terminology.hl7.org/CodeSystem/condition-category",
          "code": "encounter-diagnosis",
          "display": "Encounter Diagnosis"
        } ]
      } ],
      "code": {
        "coding": [ {
          "system": "http://snomed.info/sct",
          "version": "2025-03",
          "code": "1001000119102",
          "display": "Pulmonary embolism with pulmonary infarction (disorder)",
          "userSelected": true
        } ]
      },
      "subject": {
        "reference": "Patient/9dc494ae-cd78-4494-907d-accb1ff8d1ae"
      },
      "recordedDate": "2025-07-13T08:00:00.000+00:00"
    },
    "request": {
      "method": "PUT",
      "url": "Condition/97563cf9-63cd-4a75-bfe6-a942bb0eac1b"
    }
  }, {
    "fullUrl": "https://madie.cms.gov/Organization/19d091fa-16b0-4715-b42c-8be8e534e7fa",
    "resource": {
      "resourceType": "Organization",
      "id": "19d091fa-16b0-4715-b42c-8be8e534e7fa",
      "meta": {
        "profile": [ "http://hl7.org/fhir/us/qicore/StructureDefinition/qicore-organization" ]
      },
      "identifier": [ {
        "use": "temp",
        "system": "urn:oid:2.16.840.1.113883.4.4",
        "value": "21-3259825"
      } ],
      "active": true,
      "type": [ {
        "coding": [ {
          "system": "http://terminology.hl7.org/CodeSystem/organization-type",
          "code": "pay",
          "display": "Payer"
        } ]
      } ],
      "name": "Blue Cross Blue Shield of Texas",
      "telecom": [ {
        "system": "phone",
        "value": "(+1) 972-766-6900"
      } ],
      "address": [ {
        "use": "billing",
        "type": "postal",
        "line": [ "P.O. Box 660044" ],
        "city": "Dallas",
        "state": "TX",
        "postalCode": "75266-0044",
        "country": "USA"
      } ]
    },
    "request": {
      "method": "PUT",
      "url": "Organization/19d091fa-16b0-4715-b42c-8be8e534e7fa"
    }
  }, {
    "fullUrl": "https://madie.cms.gov/Practitioner/efac4402-329b-429c-8465-f5b9ab94dd70",
    "resource": {
      "resourceType": "Practitioner",
      "id": "efac4402-329b-429c-8465-f5b9ab94dd70",
      "identifier": [ {
        "system": "http://hl7.org/fhir/sid/us-npi",
        "value": "123456"
      } ],
      "name": [ {
        "family": "Evil",
        "prefix": [ "Dr" ]
      } ]
    },
    "request": {
      "method": "PUT",
      "url": "Practitioner/efac4402-329b-429c-8465-f5b9ab94dd70"
    }
  }, {
    "fullUrl": "https://madie.cms.gov/MeasureReport/1b982efa-16de-4fa8-a512-0058aca24aa5",
    "resource": {
      "resourceType": "MeasureReport",
      "id": "1b982efa-16de-4fa8-a512-0058aca24aa5",
      "meta": {
        "profile": [ "http://hl7.org/fhir/us/cqfmeasures/StructureDefinition/test-case-cqfm" ]
      },
      "contained": [ {
        "resourceType": "Parameters",
        "id": "0be4f480-4280-4e88-a51f-a78487ac3ba9-parameters",
        "parameter": [ {
          "name": "subject",
          "valueString": "9dc494ae-cd78-4494-907d-accb1ff8d1ae"
        } ]
      } ],
      "extension": [ {
        "url": "http://hl7.org/fhir/us/cqfmeasures/StructureDefinition/cqfm-inputParameters",
        "valueReference": {
          "reference": "#0be4f480-4280-4e88-a51f-a78487ac3ba9-parameters"
        }
      }, {
        "url": "http://hl7.org/fhir/us/cqfmeasures/StructureDefinition/cqfm-testCaseDescription",
        "valueMarkdown": "comfort measures order = 0 day after start of IP encounter\n"
      } ],
      "modifierExtension": [ {
        "url": "http://hl7.org/fhir/us/cqfmeasures/StructureDefinition/cqfm-isTestCase",
        "valueBoolean": true
      } ],
      "status": "complete",
      "type": "individual",
      "measure": "https://madie.cms.gov/Measure/VenousThromboembolismProphylaxisFHIR",
      "period": {
        "start": "2025-01-01",
        "end": "2025-12-31"
      },
      "group": [ {
        "population": [ {
          "code": {
            "coding": [ {
              "system": "http://terminology.hl7.org/CodeSystem/measure-population",
              "code": "initial-population",
              "display": "Initial Population"
            } ]
          },
          "count": 1
        }, {
          "code": {
            "coding": [ {
              "system": "http://terminology.hl7.org/CodeSystem/measure-population",
              "code": "denominator",
              "display": "Denominator"
            } ]
          },
          "count": 1
        }, {
          "code": {
            "coding": [ {
              "system": "http://terminology.hl7.org/CodeSystem/measure-population",
              "code": "denominator-exclusion",
              "display": "Denominator Exclusion"
            } ]
          },
          "count": 1
        }, {
          "code": {
            "coding": [ {
              "system": "http://terminology.hl7.org/CodeSystem/measure-population",
              "code": "numerator",
              "display": "Numerator"
            } ]
          },
          "count": 0
        } ]
      } ],
      "evaluatedResource": [ {
        "reference": "Patient/9dc494ae-cd78-4494-907d-accb1ff8d1ae"
      }, {
        "reference": "Encounter/34ca7a26-f72b-4612-bf5c-0faf2c515960"
      }, {
        "reference": "Encounter/4de5a3f5-4d93-42c2-afed-84f0163469c9"
      }, {
        "reference": "ServiceRequest/e919137e-f8b9-4c73-aa47-6f6b8397ed34"
      }, {
        "reference": "Coverage/52a578fd-9672-47ce-a20d-506fdcd0e010"
      }, {
        "reference": "Condition/97563cf9-63cd-4a75-bfe6-a942bb0eac1b"
      }, {
        "reference": "Organization/19d091fa-16b0-4715-b42c-8be8e534e7fa"
      }, {
        "reference": "Practitioner/efac4402-329b-429c-8465-f5b9ab94dd70"
      } ]
    },
    "request": {
      "method": "PUT",
      "url": "MeasureReport/1b982efa-16de-4fa8-a512-0058aca24aa5"
    }
  } ]
}