{
  "resourceType": "Bundle",
  "id": "60abda28bf0a01003e3f76bd",
  "type": "transaction",
  "entry": [ {
    "fullUrl": "https://madie.cms.gov/Patient/77b28b84-d0aa-4aa8-9a07-2922938394de",
    "resource": {
      "resourceType": "Patient",
      "id": "77b28b84-d0aa-4aa8-9a07-2922938394de",
      "meta": {
        "profile": [ "http://hl7.org/fhir/us/qicore/StructureDefinition/qicore-patient" ]
      },
      "extension": [ {
        "url": "http://hl7.org/fhir/us/core/StructureDefinition/us-core-race",
        "extension": [ {
          "url": "ombCategory",
          "valueCoding": {
            "system": "urn:oid:2.16.840.1.113883.6.238",
            "code": "2054-5",
            "display": "Black or African American"
          }
        }, {
          "url": "text",
          "valueString": "Black or African American"
        } ]
      }, {
        "url": "http://hl7.org/fhir/us/core/StructureDefinition/us-core-ethnicity",
        "extension": [ {
          "url": "ombCategory",
          "valueCoding": {
            "system": "urn:oid:2.16.840.1.113883.6.238",
            "code": "2186-5",
            "display": "Not Hispanic or Latino"
          }
        }, {
          "url": "text",
          "valueString": "Not Hispanic or Latino"
        } ]
      }, {
        "url": "http://hl7.org/fhir/us/core/StructureDefinition/us-core-sex",
        "valueCode": "248153007"
      } ],
      "identifier": [ {
        "type": {
          "coding": [ {
            "system": "http://terminology.hl7.org/CodeSystem/v2-0203",
            "code": "MR"
          } ]
        },
        "system": "https://bonnie-fhir.healthit.gov/",
        "value": "463131313187656"
      } ],
      "name": [ {
        "family": "NUMERFail",
        "given": [ "DEXA3MonthsAfterADTEdge" ]
      } ],
      "gender": "male",
      "birthDate": "1930-06-15"
    },
    "request": {
      "method": "PUT",
      "url": "Patient/77b28b84-d0aa-4aa8-9a07-2922938394de"
    }
  }, {
    "fullUrl": "https://madie.cms.gov/Encounter/b30ed671-2fa3-4d38-87b5-fed1ba1cdfdd",
    "resource": {
      "resourceType": "Encounter",
      "id": "b30ed671-2fa3-4d38-87b5-fed1ba1cdfdd",
      "meta": {
        "profile": [ "http://hl7.org/fhir/us/qicore/StructureDefinition/qicore-encounter" ]
      },
      "status": "finished",
      "class": {
        "system": "http://terminology.hl7.org/CodeSystem/v3-ActCode",
        "code": "AMB",
        "display": "ambulatory"
      },
      "type": [ {
        "coding": [ {
          "system": "http://snomed.info/sct",
          "version": "http://snomed.info/sct/731000124108/version/20240301",
          "code": "185463005",
          "display": "Visit out of hours (procedure)"
        } ]
      } ],
      "subject": {
        "reference": "Patient/77b28b84-d0aa-4aa8-9a07-2922938394de"
      },
      "period": {
        "start": "2026-02-04T08:00:00.000+00:00",
        "end": "2026-02-04T08:15:00.000+00:00"
      }
    },
    "request": {
      "method": "PUT",
      "url": "Encounter/b30ed671-2fa3-4d38-87b5-fed1ba1cdfdd"
    }
  }, {
    "fullUrl": "https://madie.cms.gov/Condition/5919561e-499f-4a69-853e-3f607ad03ff3",
    "resource": {
      "resourceType": "Condition",
      "id": "5919561e-499f-4a69-853e-3f607ad03ff3",
      "meta": {
        "profile": [ "http://hl7.org/fhir/us/qicore/StructureDefinition/qicore-condition-problems-health-concerns" ]
      },
      "clinicalStatus": {
        "coding": [ {
          "system": "http://terminology.hl7.org/CodeSystem/condition-clinical",
          "code": "active",
          "display": "Active",
          "userSelected": true
        } ]
      },
      "verificationStatus": {
        "coding": [ {
          "system": "http://terminology.hl7.org/CodeSystem/condition-ver-status",
          "code": "confirmed"
        } ]
      },
      "category": [ {
        "coding": [ {
          "system": "http://terminology.hl7.org/CodeSystem/condition-category",
          "code": "problem-list-item",
          "display": "Problem List Item"
        } ]
      } ],
      "code": {
        "coding": [ {
          "system": "http://snomed.info/sct",
          "version": "http://snomed.info/sct/731000124108/version/20240301",
          "code": "254900004",
          "display": "Carcinoma of prostate (disorder)"
        } ]
      },
      "subject": {
        "reference": "Patient/77b28b84-d0aa-4aa8-9a07-2922938394de"
      },
      "onsetPeriod": {
        "start": "2026-02-04T08:00:00.000+00:00"
      }
    },
    "request": {
      "method": "PUT",
      "url": "Condition/5919561e-499f-4a69-853e-3f607ad03ff3"
    }
  }, {
    "fullUrl": "https://madie.cms.gov/Observation/e76b87e4-d59e-4e6f-8655-dbd48d720a27",
    "resource": {
      "resourceType": "Observation",
      "id": "e76b87e4-d59e-4e6f-8655-dbd48d720a27",
      "meta": {
        "profile": [ "http://hl7.org/fhir/us/qicore/StructureDefinition/qicore-observation-lab" ]
      },
      "status": "final",
      "category": [ {
        "coding": [ {
          "system": "http://terminology.hl7.org/CodeSystem/observation-category",
          "code": "imaging",
          "display": "Imaging"
        } ]
      } ],
      "code": {
        "coding": [ {
          "system": "http://loinc.org",
          "version": "2.76",
          "code": "38250-5",
          "display": "DXA Radius and Ulna [T-score] Bone density"
        } ]
      },
      "subject": {
        "reference": "Patient/77b28b84-d0aa-4aa8-9a07-2922938394de"
      },
      "effectivePeriod": {
        "start": "2026-05-01T10:00:00.000+00:00"
      }
    },
    "request": {
      "method": "PUT",
      "url": "Observation/e76b87e4-d59e-4e6f-8655-dbd48d720a27"
    }
  }, {
    "fullUrl": "https://madie.cms.gov/Practitioner/bf0fb353-01aa-4770-91a5-9aba8dd0a3da",
    "resource": {
      "resourceType": "Practitioner",
      "id": "bf0fb353-01aa-4770-91a5-9aba8dd0a3da",
      "meta": {
        "profile": [ "http://hl7.org/fhir/us/qicore/StructureDefinition/qicore-practitioner" ]
      },
      "identifier": [ {
        "use": "temp",
        "system": "urn:oid:2.16.840.1.113883.4.336",
        "value": "Practitioner-23"
      } ],
      "active": true,
      "name": [ {
        "family": "Careful",
        "given": [ "Adam" ],
        "prefix": [ "Dr" ]
      } ],
      "address": [ {
        "use": "home",
        "line": [ "534 Erewhon St" ],
        "city": "PleasantVille",
        "state": "UT",
        "postalCode": "84414"
      } ],
      "qualification": [ {
        "identifier": [ {
          "system": "http://example.org/UniversityIdentifier",
          "value": "12345"
        } ],
        "code": {
          "coding": [ {
            "system": "http://terminology.hl7.org/CodeSystem/v2-0360|2.7",
            "code": "BS",
            "display": "Bachelor of Science"
          } ],
          "text": "Bachelor of Science"
        },
        "period": {
          "start": "1996"
        },
        "issuer": {
          "display": "Example University"
        }
      } ]
    },
    "request": {
      "method": "PUT",
      "url": "Practitioner/bf0fb353-01aa-4770-91a5-9aba8dd0a3da"
    }
  }, {
    "fullUrl": "https://madie.cms.gov/MedicationRequest/44c11190-a7a3-4f7f-94f5-e3fc0765aa8e",
    "resource": {
      "resourceType": "MedicationRequest",
      "id": "44c11190-a7a3-4f7f-94f5-e3fc0765aa8e",
      "meta": {
        "profile": [ "http://hl7.org/fhir/us/qicore/StructureDefinition/qicore-medicationrequest" ]
      },
      "status": "active",
      "intent": "order",
      "medicationCodeableConcept": {
        "coding": [ {
          "system": "http://www.nlm.nih.gov/research/umls/rxnorm",
          "version": "04012024",
          "code": "1115257",
          "display": "1.5 ML leuprolide acetate 30 MG/ML Prefilled Syringe"
        } ]
      },
      "subject": {
        "reference": "Patient/77b28b84-d0aa-4aa8-9a07-2922938394de"
      },
      "authoredOn": "2026-02-04T08:00:00.000+00:00",
      "requester": {
        "reference": "http://myGoodHealthcare.com/fhir/Practitioner/bf0fb353-01aa-4770-91a5-9aba8dd0a3da"
      },
      "dosageInstruction": [ {
        "timing": {
          "repeat": {
            "boundsPeriod": {
              "start": "2026-02-04T08:00:00.000+00:00",
              "end": "2026-03-04T08:00:00.000+00:00"
            }
          }
        }
      } ]
    },
    "request": {
      "method": "PUT",
      "url": "MedicationRequest/44c11190-a7a3-4f7f-94f5-e3fc0765aa8e"
    }
  }, {
    "fullUrl": "https://madie.cms.gov/ServiceRequest/b6054645-2dd1-4262-a0a9-9921f9da7505",
    "resource": {
      "resourceType": "ServiceRequest",
      "id": "b6054645-2dd1-4262-a0a9-9921f9da7505",
      "meta": {
        "profile": [ "http://hl7.org/fhir/us/qicore/StructureDefinition/qicore-servicerequest" ]
      },
      "status": "active",
      "intent": "order",
      "code": {
        "coding": [ {
          "system": "http://snomed.info/sct",
          "version": "http://snomed.info/sct/731000124108/version/20240301",
          "code": "456381000124102",
          "display": "Injection of leuprolide acetate for twelve month period (regime/therapy)"
        } ]
      },
      "subject": {
        "reference": "Patient/77b28b84-d0aa-4aa8-9a07-2922938394de"
      },
      "authoredOn": "2026-02-04T08:00:00.000+00:00"
    },
    "request": {
      "method": "PUT",
      "url": "ServiceRequest/b6054645-2dd1-4262-a0a9-9921f9da7505"
    }
  }, {
    "fullUrl": "https://madie.cms.gov/MeasureReport/e1bc598b-0d2a-4018-83a3-ef26e7cf88bc",
    "resource": {
      "resourceType": "MeasureReport",
      "id": "e1bc598b-0d2a-4018-83a3-ef26e7cf88bc",
      "meta": {
        "profile": [ "http://hl7.org/fhir/us/cqfmeasures/StructureDefinition/test-case-cqfm" ]
      },
      "contained": [ {
        "resourceType": "Parameters",
        "id": "cc1e46e5-fd61-4344-b558-79060477ff7f-parameters",
        "parameter": [ {
          "name": "subject",
          "valueString": "77b28b84-d0aa-4aa8-9a07-2922938394de"
        } ]
      } ],
      "extension": [ {
        "url": "http://hl7.org/fhir/StructureDefinition/cqf-inputParameters",
        "valueReference": {
          "reference": "#cc1e46e5-fd61-4344-b558-79060477ff7f-parameters"
        }
      }, {
        "url": "http://hl7.org/fhir/us/cqfmeasures/StructureDefinition/cqfm-testCaseDescription",
        "valueMarkdown": "Dx of Prostate Cancer. DEXA is within 3 month period, but uses Invalid Code.  Fails NUMER criteria."
      } ],
      "modifierExtension": [ {
        "url": "http://hl7.org/fhir/us/cqfmeasures/StructureDefinition/cqfm-isTestCase",
        "valueBoolean": true
      } ],
      "status": "complete",
      "type": "individual",
      "measure": "https://madie.cms.gov/Measure/CMS645FHIRBoneDensityProstateCancerAndrogenDeprivationTherapy",
      "period": {
        "start": "2026-01-01",
        "end": "2026-12-31"
      },
      "group": [ {
        "id": "Group_1",
        "population": [ {
          "id": "InitialPopulation_1",
          "code": {
            "coding": [ {
              "system": "http://terminology.hl7.org/CodeSystem/measure-population",
              "code": "initial-population",
              "display": "Initial Population"
            } ]
          },
          "count": 1
        }, {
          "id": "Denominator_1",
          "code": {
            "coding": [ {
              "system": "http://terminology.hl7.org/CodeSystem/measure-population",
              "code": "denominator",
              "display": "Denominator"
            } ]
          },
          "count": 1
        }, {
          "id": "Numerator_1",
          "code": {
            "coding": [ {
              "system": "http://terminology.hl7.org/CodeSystem/measure-population",
              "code": "numerator",
              "display": "Numerator"
            } ]
          },
          "count": 0
        }, {
          "id": "DenominatorException_1",
          "code": {
            "coding": [ {
              "system": "http://terminology.hl7.org/CodeSystem/measure-population",
              "code": "denominator-exception",
              "display": "Denominator Exception"
            } ]
          },
          "count": 0
        } ],
        "measureScore": {
          "value": 1.0
        }
      } ],
      "evaluatedResource": [ {
        "reference": "Patient/77b28b84-d0aa-4aa8-9a07-2922938394de"
      }, {
        "reference": "Encounter/b30ed671-2fa3-4d38-87b5-fed1ba1cdfdd"
      }, {
        "reference": "Condition/5919561e-499f-4a69-853e-3f607ad03ff3"
      }, {
        "reference": "Observation/e76b87e4-d59e-4e6f-8655-dbd48d720a27"
      }, {
        "reference": "Practitioner/bf0fb353-01aa-4770-91a5-9aba8dd0a3da"
      }, {
        "reference": "MedicationRequest/44c11190-a7a3-4f7f-94f5-e3fc0765aa8e"
      }, {
        "reference": "ServiceRequest/b6054645-2dd1-4262-a0a9-9921f9da7505"
      } ]
    },
    "request": {
      "method": "PUT",
      "url": "MeasureReport/e1bc598b-0d2a-4018-83a3-ef26e7cf88bc"
    }
  } ]
}