{
  "resourceType": "Bundle",
  "id": "62bb3859e8081f5ef5e199f5",
  "type": "transaction",
  "entry": [ {
    "fullUrl": "https://madie.cms.gov/Patient/72a0fde9-7145-4b6c-ac08-75d41d04f910",
    "resource": {
      "resourceType": "Patient",
      "id": "72a0fde9-7145-4b6c-ac08-75d41d04f910",
      "meta": {
        "profile": [ "http://hl7.org/fhir/us/qicore/StructureDefinition/qicore-patient" ]
      },
      "extension": [ {
        "url": "http://hl7.org/fhir/us/core/StructureDefinition/us-core-race",
        "extension": [ {
          "url": "ombCategory",
          "valueCoding": {
            "system": "urn:oid:2.16.840.1.113883.6.238",
            "code": "1002-5",
            "display": "American Indian or Alaska Native",
            "userSelected": true
          }
        }, {
          "url": "detailed",
          "valueCoding": {
            "system": "urn:oid:2.16.840.1.113883.6.238",
            "code": "1004-1",
            "display": "American Indian",
            "userSelected": true
          }
        }, {
          "url": "text",
          "valueString": "American Indian"
        } ]
      }, {
        "url": "http://hl7.org/fhir/us/core/StructureDefinition/us-core-ethnicity",
        "extension": [ {
          "url": "ombCategory",
          "valueCoding": {
            "system": "urn:oid:2.16.840.1.113883.6.238",
            "code": "2135-2",
            "display": "Hispanic or Latino",
            "userSelected": true
          }
        }, {
          "url": "detailed",
          "valueCoding": {
            "system": "urn:oid:2.16.840.1.113883.6.238",
            "code": "2153-5",
            "display": "Mexican American Indian",
            "userSelected": true
          }
        }, {
          "url": "text",
          "valueString": "Hispanic or Latino: Mexican American Indian"
        } ]
      } ],
      "identifier": [ {
        "type": {
          "coding": [ {
            "system": "http://terminology.hl7.org/CodeSystem/v2-0203",
            "code": "MR"
          } ]
        },
        "system": "https://bonnie-fhir.healthit.gov/",
        "value": "4161651341613146161"
      } ],
      "name": [ {
        "family": "DENOMPass",
        "given": [ "MedReqEventEndofMP" ]
      } ],
      "gender": "male",
      "birthDate": "1962-07-19"
    },
    "request": {
      "method": "PUT",
      "url": "Patient/72a0fde9-7145-4b6c-ac08-75d41d04f910"
    }
  }, {
    "fullUrl": "https://madie.cms.gov/Encounter/9370f8c0-d3e7-4c54-aa47-e0ae0260d4bd",
    "resource": {
      "resourceType": "Encounter",
      "id": "9370f8c0-d3e7-4c54-aa47-e0ae0260d4bd",
      "meta": {
        "profile": [ "http://hl7.org/fhir/us/qicore/StructureDefinition/qicore-encounter" ]
      },
      "status": "finished",
      "class": {
        "system": "http://terminology.hl7.org/CodeSystem/v3-ActCode",
        "code": "AMB",
        "display": "ambulatory"
      },
      "type": [ {
        "coding": [ {
          "system": "http://snomed.info/sct",
          "version": "http://snomed.info/sct/731000124108/version/20240401",
          "code": "185463005",
          "display": "Visit out of hours (procedure)",
          "userSelected": true
        } ]
      } ],
      "subject": {
        "reference": "Patient/72a0fde9-7145-4b6c-ac08-75d41d04f910"
      },
      "period": {
        "start": "2026-03-03T08:00:00.000+00:00",
        "end": "2026-03-03T08:15:00.000+00:00"
      }
    },
    "request": {
      "method": "PUT",
      "url": "Encounter/9370f8c0-d3e7-4c54-aa47-e0ae0260d4bd"
    }
  }, {
    "fullUrl": "https://madie.cms.gov/Condition/fa457014-aef2-4f89-ae90-2fac674c6d7e",
    "resource": {
      "resourceType": "Condition",
      "id": "fa457014-aef2-4f89-ae90-2fac674c6d7e",
      "meta": {
        "profile": [ "http://hl7.org/fhir/us/qicore/StructureDefinition/qicore-condition-problems-health-concerns" ]
      },
      "clinicalStatus": {
        "coding": [ {
          "system": "http://terminology.hl7.org/CodeSystem/condition-clinical",
          "code": "active",
          "display": "Active",
          "userSelected": true
        } ]
      },
      "verificationStatus": {
        "coding": [ {
          "system": "http://terminology.hl7.org/CodeSystem/condition-ver-status",
          "code": "confirmed",
          "display": "Confirmed",
          "userSelected": true
        } ]
      },
      "category": [ {
        "coding": [ {
          "system": "http://terminology.hl7.org/CodeSystem/condition-category",
          "code": "problem-list-item",
          "display": "Problem List Item"
        } ]
      } ],
      "code": {
        "coding": [ {
          "system": "http://snomed.info/sct",
          "version": "http://snomed.info/sct/731000124108/version/20250301",
          "code": "254900004",
          "display": "Carcinoma of prostate (disorder)",
          "userSelected": true
        } ]
      },
      "subject": {
        "reference": "Patient/72a0fde9-7145-4b6c-ac08-75d41d04f910"
      },
      "onsetPeriod": {
        "start": "2026-03-03T08:00:00.000+00:00"
      }
    },
    "request": {
      "method": "PUT",
      "url": "Condition/fa457014-aef2-4f89-ae90-2fac674c6d7e"
    }
  }, {
    "fullUrl": "https://madie.cms.gov/MedicationRequest/4b018259-a956-43e8-bf49-f1e8662ee11c",
    "resource": {
      "resourceType": "MedicationRequest",
      "id": "4b018259-a956-43e8-bf49-f1e8662ee11c",
      "meta": {
        "profile": [ "http://hl7.org/fhir/us/qicore/StructureDefinition/qicore-medicationrequest" ]
      },
      "status": "active",
      "intent": "order",
      "medicationCodeableConcept": {
        "coding": [ {
          "system": "http://www.nlm.nih.gov/research/umls/rxnorm",
          "version": "06052023",
          "code": "752884",
          "display": "0.375 ML leuprolide acetate 120 MG/ML Prefilled Syringe",
          "userSelected": true
        } ]
      },
      "subject": {
        "reference": "Patient/72a0fde9-7145-4b6c-ac08-75d41d04f910"
      },
      "authoredOn": "2026-03-03T08:00:00.000+00:00",
      "requester": {
        "reference": "http://myGoodHealthcare.com/fhir/Practitioner/646346"
      },
      "dosageInstruction": [ {
        "timing": {
          "event": [ "2027-01-03T08:00:00.000+00:00", "2026-12-03T08:00:00.000+00:00" ]
        }
      } ]
    },
    "request": {
      "method": "PUT",
      "url": "MedicationRequest/4b018259-a956-43e8-bf49-f1e8662ee11c"
    }
  }, {
    "fullUrl": "https://madie.cms.gov/ServiceRequest/8abb2cfc-90a5-47b9-8e72-0ad037b4df74",
    "resource": {
      "resourceType": "ServiceRequest",
      "id": "8abb2cfc-90a5-47b9-8e72-0ad037b4df74",
      "meta": {
        "profile": [ "http://hl7.org/fhir/us/qicore/StructureDefinition/qicore-servicerequest" ]
      },
      "status": "active",
      "intent": "order",
      "code": {
        "coding": [ {
          "system": "http://snomed.info/sct",
          "version": "http://snomed.info/sct/731000124108/version/20250301",
          "code": "456381000124102",
          "display": "Injection of leuprolide acetate for twelve month period (regime/therapy)"
        } ]
      },
      "subject": {
        "reference": "Patient/72a0fde9-7145-4b6c-ac08-75d41d04f910"
      },
      "authoredOn": "2026-03-03T08:00:00.000+00:00"
    },
    "request": {
      "method": "PUT",
      "url": "ServiceRequest/8abb2cfc-90a5-47b9-8e72-0ad037b4df74"
    }
  }, {
    "fullUrl": "https://madie.cms.gov/Coverage/b376d103-b962-424a-a33e-a39015ace56f",
    "resource": {
      "resourceType": "Coverage",
      "id": "b376d103-b962-424a-a33e-a39015ace56f",
      "meta": {
        "profile": [ "http://hl7.org/fhir/us/qicore/StructureDefinition/qicore-coverage" ]
      },
      "identifier": [ {
        "system": "http://benefitsinc.com/certificate",
        "value": "12345"
      } ],
      "status": "active",
      "type": {
        "coding": [ {
          "system": "https://nahdo.org/sopt",
          "version": "9.2",
          "code": "6",
          "display": "BLUE CROSS/BLUE SHIELD"
        } ]
      },
      "subscriberId": "123456",
      "beneficiary": {
        "reference": "Patient/72a0fde9-7145-4b6c-ac08-75d41d04f910"
      },
      "relationship": {
        "coding": [ {
          "system": "http://terminology.hl7.org/CodeSystem/subscriber-relationship",
          "code": "self",
          "display": "Self"
        } ]
      },
      "period": {
        "start": "2012-05-23"
      },
      "payor": [ {
        "reference": "Organization/22d3d450-95ee-4945-9aeb-477b0662f675"
      } ]
    },
    "request": {
      "method": "PUT",
      "url": "Coverage/b376d103-b962-424a-a33e-a39015ace56f"
    }
  }, {
    "fullUrl": "https://madie.cms.gov/Organization/22d3d450-95ee-4945-9aeb-477b0662f675",
    "resource": {
      "resourceType": "Organization",
      "id": "22d3d450-95ee-4945-9aeb-477b0662f675",
      "meta": {
        "profile": [ "http://hl7.org/fhir/us/qicore/StructureDefinition/qicore-organization" ]
      },
      "identifier": [ {
        "use": "temp",
        "system": "http://hl7.org/fhir/sid/us-npi",
        "value": "1689411712"
      } ],
      "active": true,
      "name": "Blue Cross Blue Shield Tennessee",
      "telecom": [ {
        "system": "phone",
        "value": "(+1) 800-468-9698"
      } ],
      "address": [ {
        "line": [ "1 Cameron Hill Circle, Suite 0002" ],
        "city": "Chattanooga",
        "state": "TN",
        "postalCode": "37402-0002",
        "country": "USA"
      } ]
    },
    "request": {
      "method": "PUT",
      "url": "Organization/22d3d450-95ee-4945-9aeb-477b0662f675"
    }
  }, {
    "fullUrl": "https://madie.cms.gov/MeasureReport/97417fcd-b80c-4e77-a626-0d4984a84fb0",
    "resource": {
      "resourceType": "MeasureReport",
      "id": "97417fcd-b80c-4e77-a626-0d4984a84fb0",
      "meta": {
        "profile": [ "http://hl7.org/fhir/us/cqfmeasures/StructureDefinition/test-case-cqfm" ]
      },
      "contained": [ {
        "resourceType": "Parameters",
        "id": "3a4e48c3-e9b4-41dd-b821-645132e4b944-parameters",
        "parameter": [ {
          "name": "subject",
          "valueString": "72a0fde9-7145-4b6c-ac08-75d41d04f910"
        } ]
      } ],
      "extension": [ {
        "url": "http://hl7.org/fhir/StructureDefinition/cqf-inputParameters",
        "valueReference": {
          "reference": "#3a4e48c3-e9b4-41dd-b821-645132e4b944-parameters"
        }
      }, {
        "url": "http://hl7.org/fhir/us/cqfmeasures/StructureDefinition/cqfm-testCaseDescription",
        "valueMarkdown": "Test of FirstADT definition medication request using event dates with order at end of measurement period and PCa with no end date. "
      } ],
      "modifierExtension": [ {
        "url": "http://hl7.org/fhir/us/cqfmeasures/StructureDefinition/cqfm-isTestCase",
        "valueBoolean": true
      } ],
      "status": "complete",
      "type": "individual",
      "measure": "https://madie.cms.gov/Measure/CMS645FHIRBoneDensityPCADTherapy",
      "period": {
        "start": "2026-01-01",
        "end": "2026-12-31"
      },
      "group": [ {
        "id": "Group_1",
        "population": [ {
          "id": "InitialPopulation_1",
          "code": {
            "coding": [ {
              "system": "http://terminology.hl7.org/CodeSystem/measure-population",
              "code": "initial-population",
              "display": "Initial Population"
            } ]
          },
          "count": 1
        }, {
          "id": "Denominator_1",
          "code": {
            "coding": [ {
              "system": "http://terminology.hl7.org/CodeSystem/measure-population",
              "code": "denominator",
              "display": "Denominator"
            } ]
          },
          "count": 1
        }, {
          "id": "Numerator_1",
          "code": {
            "coding": [ {
              "system": "http://terminology.hl7.org/CodeSystem/measure-population",
              "code": "numerator",
              "display": "Numerator"
            } ]
          },
          "count": 0
        }, {
          "id": "DenominatorException_1",
          "code": {
            "coding": [ {
              "system": "http://terminology.hl7.org/CodeSystem/measure-population",
              "code": "denominator-exception",
              "display": "Denominator Exception"
            } ]
          },
          "count": 0
        } ],
        "measureScore": {
          "value": 1.0
        }
      } ],
      "evaluatedResource": [ {
        "reference": "Patient/72a0fde9-7145-4b6c-ac08-75d41d04f910"
      }, {
        "reference": "Encounter/9370f8c0-d3e7-4c54-aa47-e0ae0260d4bd"
      }, {
        "reference": "Condition/fa457014-aef2-4f89-ae90-2fac674c6d7e"
      }, {
        "reference": "MedicationRequest/4b018259-a956-43e8-bf49-f1e8662ee11c"
      }, {
        "reference": "ServiceRequest/8abb2cfc-90a5-47b9-8e72-0ad037b4df74"
      }, {
        "reference": "Coverage/b376d103-b962-424a-a33e-a39015ace56f"
      }, {
        "reference": "Organization/22d3d450-95ee-4945-9aeb-477b0662f675"
      } ]
    },
    "request": {
      "method": "PUT",
      "url": "MeasureReport/97417fcd-b80c-4e77-a626-0d4984a84fb0"
    }
  } ]
}