{
  "resourceType": "Bundle",
  "id": "62bb3859e8081f5ef5e199f5",
  "type": "transaction",
  "entry": [ {
    "fullUrl": "https://madie.cms.gov/Patient/72a0fde9-7145-4b6c-ac08-75d41d04f910",
    "resource": {
      "resourceType": "Patient",
      "id": "72a0fde9-7145-4b6c-ac08-75d41d04f910",
      "meta": {
        "profile": [ "http://hl7.org/fhir/us/qicore/StructureDefinition/qicore-patient" ]
      },
      "extension": [ {
        "url": "http://hl7.org/fhir/us/core/StructureDefinition/us-core-race",
        "extension": [ {
          "url": "ombCategory",
          "valueCoding": {
            "system": "urn:oid:2.16.840.1.113883.6.238",
            "code": "1002-5",
            "display": "American Indian or Alaska Native",
            "userSelected": true
          }
        }, {
          "url": "detailed",
          "valueCoding": {
            "system": "urn:oid:2.16.840.1.113883.6.238",
            "code": "1004-1",
            "display": "American Indian",
            "userSelected": true
          }
        }, {
          "url": "text",
          "valueString": "American Indian"
        } ]
      }, {
        "url": "http://hl7.org/fhir/us/core/StructureDefinition/us-core-ethnicity",
        "extension": [ {
          "url": "ombCategory",
          "valueCoding": {
            "system": "urn:oid:2.16.840.1.113883.6.238",
            "code": "2135-2",
            "display": "Hispanic or Latino",
            "userSelected": true
          }
        }, {
          "url": "detailed",
          "valueCoding": {
            "system": "urn:oid:2.16.840.1.113883.6.238",
            "code": "2153-5",
            "display": "Mexican American Indian",
            "userSelected": true
          }
        }, {
          "url": "text",
          "valueString": "Hispanic or Latino: Mexican American Indian"
        } ]
      } ],
      "identifier": [ {
        "type": {
          "coding": [ {
            "system": "http://terminology.hl7.org/CodeSystem/v2-0203",
            "code": "MR"
          } ]
        },
        "system": "https://bonnie-fhir.healthit.gov/",
        "value": "4161651341613146161"
      } ],
      "name": [ {
        "family": "DENOMPass",
        "given": [ "MedReqEventEndofMP" ]
      } ],
      "gender": "male",
      "birthDate": "1962-07-19"
    },
    "request": {
      "method": "PUT",
      "url": "Patient/72a0fde9-7145-4b6c-ac08-75d41d04f910"
    }
  }, {
    "fullUrl": "https://madie.cms.gov/Encounter/41dee60e-de88-43c4-b96b-82ae4aded8be",
    "resource": {
      "resourceType": "Encounter",
      "id": "41dee60e-de88-43c4-b96b-82ae4aded8be",
      "meta": {
        "profile": [ "http://hl7.org/fhir/us/qicore/StructureDefinition/qicore-encounter" ]
      },
      "status": "finished",
      "class": {
        "system": "http://terminology.hl7.org/CodeSystem/v3-ActCode",
        "code": "AMB",
        "display": "ambulatory"
      },
      "type": [ {
        "coding": [ {
          "system": "http://snomed.info/sct",
          "version": "http://snomed.info/sct/731000124108/version/20240401",
          "code": "185463005",
          "display": "Visit out of hours (procedure)",
          "userSelected": true
        } ]
      } ],
      "subject": {
        "reference": "Patient/72a0fde9-7145-4b6c-ac08-75d41d04f910"
      },
      "period": {
        "start": "2026-03-03T08:00:00.000+00:00",
        "end": "2026-03-03T08:15:00.000+00:00"
      }
    },
    "request": {
      "method": "PUT",
      "url": "Encounter/41dee60e-de88-43c4-b96b-82ae4aded8be"
    }
  }, {
    "fullUrl": "https://madie.cms.gov/Condition/27a2391d-e658-4503-9ab6-15e2f475c2b1",
    "resource": {
      "resourceType": "Condition",
      "id": "27a2391d-e658-4503-9ab6-15e2f475c2b1",
      "meta": {
        "profile": [ "http://hl7.org/fhir/us/qicore/StructureDefinition/qicore-condition-problems-health-concerns" ]
      },
      "clinicalStatus": {
        "coding": [ {
          "system": "http://terminology.hl7.org/CodeSystem/condition-clinical",
          "code": "active",
          "display": "Active",
          "userSelected": true
        } ]
      },
      "verificationStatus": {
        "coding": [ {
          "system": "http://terminology.hl7.org/CodeSystem/condition-ver-status",
          "code": "confirmed",
          "display": "Confirmed",
          "userSelected": true
        } ]
      },
      "category": [ {
        "coding": [ {
          "system": "http://terminology.hl7.org/CodeSystem/condition-category",
          "code": "problem-list-item",
          "display": "Problem List Item"
        } ]
      } ],
      "code": {
        "coding": [ {
          "system": "http://snomed.info/sct",
          "version": "http://snomed.info/sct/731000124108/version/20240401",
          "code": "254900004",
          "display": "Carcinoma of prostate (disorder)",
          "userSelected": true
        } ]
      },
      "subject": {
        "reference": "Patient/72a0fde9-7145-4b6c-ac08-75d41d04f910"
      },
      "onsetPeriod": {
        "start": "2026-03-03T08:00:00.000+00:00"
      }
    },
    "request": {
      "method": "PUT",
      "url": "Condition/27a2391d-e658-4503-9ab6-15e2f475c2b1"
    }
  }, {
    "fullUrl": "https://madie.cms.gov/MedicationRequest/4676e969-b6b4-44b2-a107-f47b906cdcaa",
    "resource": {
      "resourceType": "MedicationRequest",
      "id": "4676e969-b6b4-44b2-a107-f47b906cdcaa",
      "meta": {
        "profile": [ "http://hl7.org/fhir/us/qicore/StructureDefinition/qicore-medicationrequest" ]
      },
      "status": "active",
      "intent": "order",
      "medicationCodeableConcept": {
        "coding": [ {
          "system": "http://www.nlm.nih.gov/research/umls/rxnorm",
          "version": "2025-01",
          "code": "752884",
          "display": "0.375 ML leuprolide acetate 120 MG/ML Prefilled Syringe",
          "userSelected": true
        } ]
      },
      "subject": {
        "reference": "Patient/72a0fde9-7145-4b6c-ac08-75d41d04f910"
      },
      "authoredOn": "2026-03-03T08:00:00.000+00:00",
      "requester": {
        "reference": "http://myGoodHealthcare.com/fhir/Practitioner/646346"
      },
      "dosageInstruction": [ {
        "timing": {
          "event": [ "2027-01-03T08:00:00.000+00:00", "2026-12-03T08:00:00.000+00:00" ]
        }
      } ]
    },
    "request": {
      "method": "PUT",
      "url": "MedicationRequest/4676e969-b6b4-44b2-a107-f47b906cdcaa"
    }
  }, {
    "fullUrl": "https://madie.cms.gov/ServiceRequest/2c826ba5-5cbf-4006-acd5-e92b82916572",
    "resource": {
      "resourceType": "ServiceRequest",
      "id": "2c826ba5-5cbf-4006-acd5-e92b82916572",
      "meta": {
        "profile": [ "http://hl7.org/fhir/us/qicore/StructureDefinition/qicore-servicerequest" ]
      },
      "status": "active",
      "intent": "order",
      "code": {
        "coding": [ {
          "system": "http://snomed.info/sct",
          "code": "456381000124102",
          "display": "Injection of leuprolide acetate for twelve month period (regime/therapy)"
        } ]
      },
      "subject": {
        "reference": "Patient/72a0fde9-7145-4b6c-ac08-75d41d04f910"
      },
      "authoredOn": "2026-03-03T08:00:00.000+00:00"
    },
    "request": {
      "method": "PUT",
      "url": "ServiceRequest/2c826ba5-5cbf-4006-acd5-e92b82916572"
    }
  }, {
    "fullUrl": "https://madie.cms.gov/Coverage/4615934e-ec8c-40b7-962d-6504bcaa0ffb",
    "resource": {
      "resourceType": "Coverage",
      "id": "4615934e-ec8c-40b7-962d-6504bcaa0ffb",
      "meta": {
        "profile": [ "http://hl7.org/fhir/us/qicore/StructureDefinition/qicore-coverage" ]
      },
      "identifier": [ {
        "system": "http://benefitsinc.com/certificate",
        "value": "12345"
      } ],
      "status": "active",
      "type": {
        "coding": [ {
          "system": "https://nahdo.org/sopt",
          "version": "9.2",
          "code": "6",
          "display": "BLUE CROSS/BLUE SHIELD"
        } ]
      },
      "beneficiary": {
        "reference": "Patient/72a0fde9-7145-4b6c-ac08-75d41d04f910"
      },
      "period": {
        "start": "2012-05-23"
      },
      "payor": [ {
        "reference": "Organization/2761df78-c63c-44b2-992c-627d9aa721c8"
      } ]
    },
    "request": {
      "method": "PUT",
      "url": "Coverage/4615934e-ec8c-40b7-962d-6504bcaa0ffb"
    }
  }, {
    "fullUrl": "https://madie.cms.gov/Organization/2761df78-c63c-44b2-992c-627d9aa721c8",
    "resource": {
      "resourceType": "Organization",
      "id": "2761df78-c63c-44b2-992c-627d9aa721c8",
      "meta": {
        "profile": [ "http://hl7.org/fhir/us/qicore/StructureDefinition/qicore-organization" ]
      },
      "identifier": [ {
        "use": "temp",
        "system": "http://hl7.org/fhir/sid/us-npi",
        "value": "BCBST-NPI"
      } ],
      "active": true,
      "name": "Blue Cross Blue Shield Tennessee",
      "telecom": [ {
        "system": "phone",
        "value": "(+1) 800-468-9698"
      } ],
      "address": [ {
        "line": [ "1 Cameron Hill Circle, Suite 0002" ],
        "city": "Chattanooga",
        "state": "TN",
        "postalCode": "37402-0002",
        "country": "USA"
      } ]
    },
    "request": {
      "method": "PUT",
      "url": "Organization/2761df78-c63c-44b2-992c-627d9aa721c8"
    }
  }, {
    "fullUrl": "https://madie.cms.gov/MeasureReport/2b0bc432-66f6-4a0b-a4f8-290eb549349c",
    "resource": {
      "resourceType": "MeasureReport",
      "id": "2b0bc432-66f6-4a0b-a4f8-290eb549349c",
      "meta": {
        "profile": [ "http://hl7.org/fhir/us/cqfmeasures/StructureDefinition/test-case-cqfm" ]
      },
      "contained": [ {
        "resourceType": "Parameters",
        "id": "1dfd3601-d7ef-4351-9eb1-610736868171-parameters",
        "parameter": [ {
          "name": "subject",
          "valueString": "72a0fde9-7145-4b6c-ac08-75d41d04f910"
        } ]
      } ],
      "extension": [ {
        "url": "http://hl7.org/fhir/StructureDefinition/cqf-inputParameters",
        "valueReference": {
          "reference": "#1dfd3601-d7ef-4351-9eb1-610736868171-parameters"
        }
      }, {
        "url": "http://hl7.org/fhir/us/cqfmeasures/StructureDefinition/cqfm-testCaseDescription",
        "valueMarkdown": "Test of FirstADT definition medication request using event dates with order at end of measurement period and PCa with no end date. "
      } ],
      "modifierExtension": [ {
        "url": "http://hl7.org/fhir/us/cqfmeasures/StructureDefinition/cqfm-isTestCase",
        "valueBoolean": true
      } ],
      "status": "complete",
      "type": "individual",
      "measure": "https://madie.cms.gov/Measure/BoneDensityProstateCancerAndrogenDeprivationTherapyFHIR6",
      "period": {
        "start": "2026-01-01",
        "end": "2026-12-31"
      },
      "group": [ {
        "id": "Group_1",
        "population": [ {
          "id": "InitialPopulation_1",
          "code": {
            "coding": [ {
              "system": "http://terminology.hl7.org/CodeSystem/measure-population",
              "code": "initial-population",
              "display": "Initial Population"
            } ]
          },
          "count": 1
        }, {
          "id": "Denominator_1",
          "code": {
            "coding": [ {
              "system": "http://terminology.hl7.org/CodeSystem/measure-population",
              "code": "denominator",
              "display": "Denominator"
            } ]
          },
          "count": 1
        }, {
          "id": "Numerator_1",
          "code": {
            "coding": [ {
              "system": "http://terminology.hl7.org/CodeSystem/measure-population",
              "code": "numerator",
              "display": "Numerator"
            } ]
          },
          "count": 0
        }, {
          "id": "DenominatorException_1",
          "code": {
            "coding": [ {
              "system": "http://terminology.hl7.org/CodeSystem/measure-population",
              "code": "denominator-exception",
              "display": "Denominator Exception"
            } ]
          },
          "count": 0
        } ],
        "measureScore": {
          "value": 1.0
        }
      } ],
      "evaluatedResource": [ {
        "reference": "Patient/72a0fde9-7145-4b6c-ac08-75d41d04f910"
      }, {
        "reference": "Encounter/41dee60e-de88-43c4-b96b-82ae4aded8be"
      }, {
        "reference": "Condition/27a2391d-e658-4503-9ab6-15e2f475c2b1"
      }, {
        "reference": "MedicationRequest/4676e969-b6b4-44b2-a107-f47b906cdcaa"
      }, {
        "reference": "ServiceRequest/2c826ba5-5cbf-4006-acd5-e92b82916572"
      }, {
        "reference": "Coverage/4615934e-ec8c-40b7-962d-6504bcaa0ffb"
      }, {
        "reference": "Organization/2761df78-c63c-44b2-992c-627d9aa721c8"
      } ]
    },
    "request": {
      "method": "PUT",
      "url": "MeasureReport/2b0bc432-66f6-4a0b-a4f8-290eb549349c"
    }
  } ]
}