{
  "resourceType": "Bundle",
  "id": "62bb3859e8081f5ef5e199f5",
  "type": "transaction",
  "entry": [ {
    "fullUrl": "https://madie.cms.gov/Patient/72a0fde9-7145-4b6c-ac08-75d41d04f910",
    "resource": {
      "resourceType": "Patient",
      "id": "72a0fde9-7145-4b6c-ac08-75d41d04f910",
      "meta": {
        "profile": [ "http://hl7.org/fhir/us/qicore/StructureDefinition/qicore-patient" ]
      },
      "extension": [ {
        "url": "http://hl7.org/fhir/us/core/StructureDefinition/us-core-race",
        "extension": [ {
          "url": "ombCategory",
          "valueCoding": {
            "system": "urn:oid:2.16.840.1.113883.6.238",
            "code": "1002-5",
            "display": "American Indian or Alaska Native",
            "userSelected": true
          }
        }, {
          "url": "detailed",
          "valueCoding": {
            "system": "urn:oid:2.16.840.1.113883.6.238",
            "code": "1004-1",
            "display": "American Indian",
            "userSelected": true
          }
        }, {
          "url": "text",
          "valueString": "American Indian"
        } ]
      }, {
        "url": "http://hl7.org/fhir/us/core/StructureDefinition/us-core-ethnicity",
        "extension": [ {
          "url": "ombCategory",
          "valueCoding": {
            "system": "urn:oid:2.16.840.1.113883.6.238",
            "code": "2135-2",
            "display": "Hispanic or Latino",
            "userSelected": true
          }
        }, {
          "url": "detailed",
          "valueCoding": {
            "system": "urn:oid:2.16.840.1.113883.6.238",
            "code": "2153-5",
            "display": "Mexican American Indian",
            "userSelected": true
          }
        }, {
          "url": "text",
          "valueString": "Hispanic or Latino: Mexican American Indian"
        } ]
      } ],
      "identifier": [ {
        "type": {
          "coding": [ {
            "system": "http://terminology.hl7.org/CodeSystem/v2-0203",
            "code": "MR"
          } ]
        },
        "system": "https://bonnie-fhir.healthit.gov/",
        "value": "4161651341613146161"
      } ],
      "name": [ {
        "family": "DENOMPass",
        "given": [ "MedReqEventEndofMP" ]
      } ],
      "gender": "male",
      "birthDate": "1961-07-19"
    },
    "request": {
      "method": "PUT",
      "url": "Patient/72a0fde9-7145-4b6c-ac08-75d41d04f910"
    }
  }, {
    "fullUrl": "https://madie.cms.gov/Encounter/d0c2b76d-6d22-4d94-a433-2bbfc198462d",
    "resource": {
      "resourceType": "Encounter",
      "id": "d0c2b76d-6d22-4d94-a433-2bbfc198462d",
      "meta": {
        "profile": [ "http://hl7.org/fhir/us/qicore/StructureDefinition/qicore-encounter" ]
      },
      "status": "finished",
      "class": {
        "system": "http://terminology.hl7.org/CodeSystem/v3-ActCode",
        "code": "AMB",
        "display": "ambulatory"
      },
      "type": [ {
        "coding": [ {
          "system": "http://snomed.info/sct",
          "version": "http://snomed.info/sct/731000124108/version/20240401",
          "code": "185463005",
          "display": "Visit out of hours (procedure)",
          "userSelected": true
        } ]
      } ],
      "subject": {
        "reference": "Patient/72a0fde9-7145-4b6c-ac08-75d41d04f910"
      },
      "period": {
        "start": "2025-03-03T08:00:00.000+00:00",
        "end": "2025-03-03T08:15:00.000+00:00"
      }
    },
    "request": {
      "method": "PUT",
      "url": "Encounter/d0c2b76d-6d22-4d94-a433-2bbfc198462d"
    }
  }, {
    "fullUrl": "https://madie.cms.gov/Condition/07a4beb5-5c5e-4ea7-9cd2-e1600d4b4490",
    "resource": {
      "resourceType": "Condition",
      "id": "07a4beb5-5c5e-4ea7-9cd2-e1600d4b4490",
      "meta": {
        "profile": [ "http://hl7.org/fhir/us/qicore/StructureDefinition/qicore-condition-problems-health-concerns" ]
      },
      "clinicalStatus": {
        "coding": [ {
          "system": "http://terminology.hl7.org/CodeSystem/condition-clinical",
          "code": "active",
          "display": "Active",
          "userSelected": true
        } ]
      },
      "verificationStatus": {
        "coding": [ {
          "system": "http://terminology.hl7.org/CodeSystem/condition-ver-status",
          "code": "confirmed",
          "display": "Confirmed",
          "userSelected": true
        } ]
      },
      "category": [ {
        "coding": [ {
          "system": "http://terminology.hl7.org/CodeSystem/condition-category",
          "code": "problem-list-item",
          "display": "Problem List Item"
        } ]
      } ],
      "code": {
        "coding": [ {
          "system": "http://snomed.info/sct",
          "version": "http://snomed.info/sct/731000124108/version/20240401",
          "code": "254900004",
          "display": "Carcinoma of prostate (disorder)",
          "userSelected": true
        } ]
      },
      "subject": {
        "reference": "Patient/72a0fde9-7145-4b6c-ac08-75d41d04f910"
      },
      "onsetPeriod": {
        "start": "2025-03-03T08:00:00.000+00:00"
      }
    },
    "request": {
      "method": "PUT",
      "url": "Condition/07a4beb5-5c5e-4ea7-9cd2-e1600d4b4490"
    }
  }, {
    "fullUrl": "https://madie.cms.gov/MedicationRequest/2b23cacc-a36c-4f8e-a32d-d36864a97c51",
    "resource": {
      "resourceType": "MedicationRequest",
      "id": "2b23cacc-a36c-4f8e-a32d-d36864a97c51",
      "meta": {
        "profile": [ "http://hl7.org/fhir/us/qicore/StructureDefinition/qicore-medicationrequest" ]
      },
      "status": "active",
      "intent": "order",
      "medicationCodeableConcept": {
        "coding": [ {
          "system": "http://www.nlm.nih.gov/research/umls/rxnorm",
          "version": "2025-01",
          "code": "752884",
          "display": "0.375 ML leuprolide acetate 120 MG/ML Prefilled Syringe",
          "userSelected": true
        } ]
      },
      "subject": {
        "reference": "Patient/72a0fde9-7145-4b6c-ac08-75d41d04f910"
      },
      "authoredOn": "2025-03-03T08:00:00.000+00:00",
      "requester": {
        "reference": "http://myGoodHealthcare.com/fhir/Practitioner/646346"
      },
      "dosageInstruction": [ {
        "timing": {
          "event": [ "2026-01-03T08:00:00.000+00:00", "2025-12-03T08:00:00.000+00:00" ]
        }
      } ]
    },
    "request": {
      "method": "PUT",
      "url": "MedicationRequest/2b23cacc-a36c-4f8e-a32d-d36864a97c51"
    }
  }, {
    "fullUrl": "https://madie.cms.gov/ServiceRequest/42d79091-4888-4240-b04a-d5633dc0e1fa",
    "resource": {
      "resourceType": "ServiceRequest",
      "id": "42d79091-4888-4240-b04a-d5633dc0e1fa",
      "meta": {
        "profile": [ "http://hl7.org/fhir/us/qicore/StructureDefinition/qicore-servicerequest" ]
      },
      "status": "active",
      "intent": "order",
      "code": {
        "coding": [ {
          "system": "http://snomed.info/sct",
          "code": "456381000124102",
          "display": "Injection of leuprolide acetate for twelve month period (regime/therapy)"
        } ]
      },
      "subject": {
        "reference": "Patient/72a0fde9-7145-4b6c-ac08-75d41d04f910"
      },
      "authoredOn": "2025-03-03T08:00:00.000+00:00"
    },
    "request": {
      "method": "PUT",
      "url": "ServiceRequest/42d79091-4888-4240-b04a-d5633dc0e1fa"
    }
  }, {
    "fullUrl": "https://madie.cms.gov/Coverage/bf2f186d-266e-44c8-8ee8-f50c536a133a",
    "resource": {
      "resourceType": "Coverage",
      "id": "bf2f186d-266e-44c8-8ee8-f50c536a133a",
      "meta": {
        "profile": [ "http://hl7.org/fhir/us/qicore/StructureDefinition/qicore-coverage" ]
      },
      "identifier": [ {
        "system": "http://benefitsinc.com/certificate",
        "value": "12345"
      } ],
      "status": "active",
      "type": {
        "coding": [ {
          "system": "https://nahdo.org/sopt",
          "version": "9.2",
          "code": "6",
          "display": "BLUE CROSS/BLUE SHIELD"
        } ]
      },
      "beneficiary": {
        "reference": "Patient/72a0fde9-7145-4b6c-ac08-75d41d04f910"
      },
      "period": {
        "start": "2011-05-23"
      },
      "payor": [ {
        "reference": "Organization/1b914211-b792-466a-8edc-9739be7d5441"
      } ]
    },
    "request": {
      "method": "PUT",
      "url": "Coverage/bf2f186d-266e-44c8-8ee8-f50c536a133a"
    }
  }, {
    "fullUrl": "https://madie.cms.gov/Organization/1b914211-b792-466a-8edc-9739be7d5441",
    "resource": {
      "resourceType": "Organization",
      "id": "1b914211-b792-466a-8edc-9739be7d5441",
      "meta": {
        "profile": [ "http://hl7.org/fhir/us/qicore/StructureDefinition/qicore-organization" ]
      },
      "identifier": [ {
        "use": "temp",
        "system": "http://hl7.org/fhir/sid/us-npi",
        "value": "BCBST-NPI"
      } ],
      "active": true,
      "name": "Blue Cross Blue Shield Tennessee",
      "telecom": [ {
        "system": "phone",
        "value": "(+1) 800-468-9698"
      } ],
      "address": [ {
        "line": [ "1 Cameron Hill Circle, Suite 0002" ],
        "city": "Chattanooga",
        "state": "TN",
        "postalCode": "37402-0002",
        "country": "USA"
      } ]
    },
    "request": {
      "method": "PUT",
      "url": "Organization/1b914211-b792-466a-8edc-9739be7d5441"
    }
  }, {
    "fullUrl": "https://madie.cms.gov/MeasureReport/a262b1a7-412a-4154-b766-04154110fdaa",
    "resource": {
      "resourceType": "MeasureReport",
      "id": "a262b1a7-412a-4154-b766-04154110fdaa",
      "meta": {
        "profile": [ "http://hl7.org/fhir/us/cqfmeasures/StructureDefinition/test-case-cqfm" ]
      },
      "contained": [ {
        "resourceType": "Parameters",
        "id": "c7064573-6a59-4837-b475-cfd08212aeb8-parameters",
        "parameter": [ {
          "name": "subject",
          "valueString": "72a0fde9-7145-4b6c-ac08-75d41d04f910"
        } ]
      } ],
      "extension": [ {
        "url": "http://hl7.org/fhir/us/cqfmeasures/StructureDefinition/cqfm-inputParameters",
        "valueReference": {
          "reference": "#c7064573-6a59-4837-b475-cfd08212aeb8-parameters"
        }
      }, {
        "url": "http://hl7.org/fhir/us/cqfmeasures/StructureDefinition/cqfm-testCaseDescription",
        "valueMarkdown": "Test of FirstADT definition medication request using event dates with order at end of measurement period and PCa with no end date. "
      } ],
      "modifierExtension": [ {
        "url": "http://hl7.org/fhir/us/cqfmeasures/StructureDefinition/cqfm-isTestCase",
        "valueBoolean": true
      } ],
      "status": "complete",
      "type": "individual",
      "measure": "https://madie.cms.gov/Measure/BoneDensityProstateCancerAndrogenDeprivationTherapyFHIR6",
      "period": {
        "start": "2025-01-01",
        "end": "2025-12-31"
      },
      "group": [ {
        "id": "67b61060a0d801640767a597",
        "population": [ {
          "id": "E8F25116-1779-4BA6-B606-34F12AE4F5BA",
          "code": {
            "coding": [ {
              "system": "http://terminology.hl7.org/CodeSystem/measure-population",
              "code": "initial-population",
              "display": "Initial Population"
            } ]
          },
          "count": 1
        }, {
          "id": "1C145A56-9250-4444-A497-86C44F55CFDB",
          "code": {
            "coding": [ {
              "system": "http://terminology.hl7.org/CodeSystem/measure-population",
              "code": "denominator",
              "display": "Denominator"
            } ]
          },
          "count": 1
        }, {
          "id": "B1E0E3D2-D44E-4BFF-92F8-077CF1AE234F",
          "code": {
            "coding": [ {
              "system": "http://terminology.hl7.org/CodeSystem/measure-population",
              "code": "numerator",
              "display": "Numerator"
            } ]
          },
          "count": 0
        }, {
          "id": "A9552F46-139C-4270-835C-224132205362",
          "code": {
            "coding": [ {
              "system": "http://terminology.hl7.org/CodeSystem/measure-population",
              "code": "denominator-exception",
              "display": "Denominator Exception"
            } ]
          },
          "count": 0
        } ],
        "measureScore": {
          "value": 1.0
        }
      } ],
      "evaluatedResource": [ {
        "reference": "Patient/72a0fde9-7145-4b6c-ac08-75d41d04f910"
      }, {
        "reference": "Encounter/d0c2b76d-6d22-4d94-a433-2bbfc198462d"
      }, {
        "reference": "Condition/07a4beb5-5c5e-4ea7-9cd2-e1600d4b4490"
      }, {
        "reference": "MedicationRequest/2b23cacc-a36c-4f8e-a32d-d36864a97c51"
      }, {
        "reference": "ServiceRequest/42d79091-4888-4240-b04a-d5633dc0e1fa"
      }, {
        "reference": "Coverage/bf2f186d-266e-44c8-8ee8-f50c536a133a"
      }, {
        "reference": "Organization/1b914211-b792-466a-8edc-9739be7d5441"
      } ]
    },
    "request": {
      "method": "PUT",
      "url": "MeasureReport/a262b1a7-412a-4154-b766-04154110fdaa"
    }
  } ]
}