{
  "resourceType": "Bundle",
  "id": "60abda28bf0a01003e3f76bd",
  "type": "transaction",
  "entry": [ {
    "fullUrl": "https://madie.cms.gov/Patient/1dc53422-497d-492a-8aa4-8a165264a14d",
    "resource": {
      "resourceType": "Patient",
      "id": "1dc53422-497d-492a-8aa4-8a165264a14d",
      "meta": {
        "profile": [ "http://hl7.org/fhir/us/qicore/StructureDefinition/qicore-patient" ]
      },
      "extension": [ {
        "url": "http://hl7.org/fhir/us/core/StructureDefinition/us-core-race",
        "extension": [ {
          "url": "ombCategory",
          "valueCoding": {
            "system": "urn:oid:2.16.840.1.113883.6.238",
            "code": "2054-5",
            "display": "Black or African American"
          }
        }, {
          "url": "text",
          "valueString": "Black or African American"
        } ]
      }, {
        "url": "http://hl7.org/fhir/us/core/StructureDefinition/us-core-ethnicity",
        "extension": [ {
          "url": "ombCategory",
          "valueCoding": {
            "system": "urn:oid:2.16.840.1.113883.6.238",
            "code": "2186-5",
            "display": "Not Hispanic or Latino"
          }
        }, {
          "url": "text",
          "valueString": "Not Hispanic or Latino"
        } ]
      } ],
      "identifier": [ {
        "type": {
          "coding": [ {
            "system": "http://terminology.hl7.org/CodeSystem/v2-0203",
            "code": "MR"
          } ]
        },
        "system": "https://bonnie-fhir.healthit.gov/",
        "value": "463131313187656"
      } ],
      "name": [ {
        "family": "NUMERPass",
        "given": [ "DEXA3MonthsorLessAfterADT" ]
      } ],
      "gender": "male",
      "birthDate": "1930-06-15"
    },
    "request": {
      "method": "PUT",
      "url": "Patient/1dc53422-497d-492a-8aa4-8a165264a14d"
    }
  }, {
    "fullUrl": "https://madie.cms.gov/Encounter/d0edd23d-6ed0-476f-8273-8885d635f4b5",
    "resource": {
      "resourceType": "Encounter",
      "id": "d0edd23d-6ed0-476f-8273-8885d635f4b5",
      "meta": {
        "profile": [ "http://hl7.org/fhir/us/qicore/StructureDefinition/qicore-encounter" ]
      },
      "status": "finished",
      "class": {
        "system": "http://terminology.hl7.org/CodeSystem/v3-ActCode",
        "code": "AMB",
        "display": "ambulatory"
      },
      "type": [ {
        "coding": [ {
          "system": "http://snomed.info/sct",
          "version": "http://snomed.info/sct/731000124108/version/20240301",
          "code": "185463005",
          "display": "Visit out of hours (procedure)"
        } ]
      } ],
      "subject": {
        "reference": "Patient/1dc53422-497d-492a-8aa4-8a165264a14d"
      },
      "period": {
        "start": "2026-02-04T08:00:00.000+00:00",
        "end": "2026-02-04T08:15:00.000+00:00"
      }
    },
    "request": {
      "method": "PUT",
      "url": "Encounter/d0edd23d-6ed0-476f-8273-8885d635f4b5"
    }
  }, {
    "fullUrl": "https://madie.cms.gov/Condition/2ac9697e-72cb-4c4c-bde9-07419ece1108",
    "resource": {
      "resourceType": "Condition",
      "id": "2ac9697e-72cb-4c4c-bde9-07419ece1108",
      "meta": {
        "profile": [ "http://hl7.org/fhir/us/qicore/StructureDefinition/qicore-condition-problems-health-concerns" ]
      },
      "clinicalStatus": {
        "coding": [ {
          "system": "http://terminology.hl7.org/CodeSystem/condition-clinical",
          "code": "active",
          "display": "Active",
          "userSelected": true
        } ]
      },
      "verificationStatus": {
        "coding": [ {
          "system": "http://terminology.hl7.org/CodeSystem/condition-ver-status",
          "code": "confirmed"
        } ]
      },
      "category": [ {
        "coding": [ {
          "system": "http://terminology.hl7.org/CodeSystem/condition-category",
          "code": "problem-list-item",
          "display": "Problem List Item"
        } ]
      } ],
      "code": {
        "coding": [ {
          "system": "http://snomed.info/sct",
          "version": "http://snomed.info/sct/731000124108/version/20250301",
          "code": "254900004",
          "display": "Carcinoma of prostate (disorder)"
        } ]
      },
      "subject": {
        "reference": "Patient/1dc53422-497d-492a-8aa4-8a165264a14d"
      },
      "onsetDateTime": "2026-02-04T08:00:00.000+00:00"
    },
    "request": {
      "method": "PUT",
      "url": "Condition/2ac9697e-72cb-4c4c-bde9-07419ece1108"
    }
  }, {
    "fullUrl": "https://madie.cms.gov/Observation/5d4f1d20-e74c-4300-8097-453a35afd5eb",
    "resource": {
      "resourceType": "Observation",
      "id": "5d4f1d20-e74c-4300-8097-453a35afd5eb",
      "meta": {
        "profile": [ "http://hl7.org/fhir/us/qicore/StructureDefinition/qicore-observation-clinical-result" ]
      },
      "status": "final",
      "category": [ {
        "coding": [ {
          "system": "http://terminology.hl7.org/CodeSystem/observation-category",
          "code": "imaging",
          "display": "Imaging"
        } ]
      }, {
        "coding": [ {
          "system": "http://terminology.hl7.org/CodeSystem/observation-category",
          "code": "survey"
        } ]
      } ],
      "code": {
        "coding": [ {
          "system": "http://loinc.org",
          "version": "2.76",
          "code": "38265-5",
          "display": "DXA Radius and Ulna [T-score] Bone density"
        } ]
      },
      "subject": {
        "reference": "Patient/1dc53422-497d-492a-8aa4-8a165264a14d"
      },
      "effectivePeriod": {
        "start": "2026-04-04T10:00:00.000+00:00"
      },
      "dataAbsentReason": {
        "coding": [ {
          "system": "http://terminology.hl7.org/CodeSystem/data-absent-reason",
          "code": "unknown",
          "display": "Unknown"
        } ]
      }
    },
    "request": {
      "method": "PUT",
      "url": "Observation/5d4f1d20-e74c-4300-8097-453a35afd5eb"
    }
  }, {
    "fullUrl": "https://madie.cms.gov/Practitioner/77483bdb-4203-4594-ada2-be21b90dafd4",
    "resource": {
      "resourceType": "Practitioner",
      "id": "77483bdb-4203-4594-ada2-be21b90dafd4",
      "meta": {
        "profile": [ "http://hl7.org/fhir/us/qicore/StructureDefinition/qicore-practitioner" ]
      },
      "identifier": [ {
        "use": "temp",
        "system": "urn:oid:2.16.840.1.113883.4.336",
        "value": "Practitioner-23"
      } ],
      "active": true,
      "name": [ {
        "family": "Careful",
        "given": [ "Adam" ],
        "prefix": [ "Dr" ]
      } ],
      "address": [ {
        "use": "home",
        "line": [ "534 Erewhon St" ],
        "city": "PleasantVille",
        "state": "UT",
        "postalCode": "84414"
      } ],
      "qualification": [ {
        "identifier": [ {
          "system": "http://example.org/UniversityIdentifier",
          "value": "12345"
        } ],
        "code": {
          "coding": [ {
            "system": "http://terminology.hl7.org/CodeSystem/v2-0360|2.7",
            "code": "BS",
            "display": "Bachelor of Science"
          } ],
          "text": "Bachelor of Science"
        },
        "period": {
          "start": "1996"
        },
        "issuer": {
          "display": "Example University"
        }
      } ]
    },
    "request": {
      "method": "PUT",
      "url": "Practitioner/77483bdb-4203-4594-ada2-be21b90dafd4"
    }
  }, {
    "fullUrl": "https://madie.cms.gov/MedicationRequest/3f0c4181-9e4c-4e21-a685-4169a4ad5ac2",
    "resource": {
      "resourceType": "MedicationRequest",
      "id": "3f0c4181-9e4c-4e21-a685-4169a4ad5ac2",
      "meta": {
        "profile": [ "http://hl7.org/fhir/us/qicore/StructureDefinition/qicore-medicationrequest" ]
      },
      "status": "active",
      "intent": "order",
      "medicationCodeableConcept": {
        "coding": [ {
          "system": "http://www.nlm.nih.gov/research/umls/rxnorm",
          "version": "06052023",
          "code": "1115257",
          "display": "1.5 ML leuprolide acetate 30 MG/ML Prefilled Syringe"
        } ]
      },
      "subject": {
        "reference": "Patient/1dc53422-497d-492a-8aa4-8a165264a14d"
      },
      "authoredOn": "2026-02-04T08:00:00.000+00:00",
      "requester": {
        "reference": "http://myGoodHealthcare.com/fhir/Practitioner/77483bdb-4203-4594-ada2-be21b90dafd4"
      },
      "dosageInstruction": [ {
        "timing": {
          "repeat": {
            "boundsPeriod": {
              "start": "2026-02-04T08:00:00.000+00:00",
              "end": "2026-03-04T08:00:00.000+00:00"
            }
          }
        }
      } ]
    },
    "request": {
      "method": "PUT",
      "url": "MedicationRequest/3f0c4181-9e4c-4e21-a685-4169a4ad5ac2"
    }
  }, {
    "fullUrl": "https://madie.cms.gov/ServiceRequest/51fed4d7-aa84-461b-b353-b5c8dd58105c",
    "resource": {
      "resourceType": "ServiceRequest",
      "id": "51fed4d7-aa84-461b-b353-b5c8dd58105c",
      "meta": {
        "profile": [ "http://hl7.org/fhir/us/qicore/StructureDefinition/qicore-servicerequest" ]
      },
      "status": "active",
      "intent": "order",
      "code": {
        "coding": [ {
          "system": "http://snomed.info/sct",
          "version": "http://snomed.info/sct/731000124108/version/20250301",
          "code": "456381000124102",
          "display": "Injection of leuprolide acetate for twelve month period (regime/therapy)"
        } ]
      },
      "subject": {
        "reference": "Patient/1dc53422-497d-492a-8aa4-8a165264a14d"
      },
      "authoredOn": "2026-02-04T08:00:00.000+00:00"
    },
    "request": {
      "method": "PUT",
      "url": "ServiceRequest/51fed4d7-aa84-461b-b353-b5c8dd58105c"
    }
  }, {
    "fullUrl": "https://madie.cms.gov/MeasureReport/3c3c829d-43e2-4e75-bb4c-25b8194c827f",
    "resource": {
      "resourceType": "MeasureReport",
      "id": "3c3c829d-43e2-4e75-bb4c-25b8194c827f",
      "meta": {
        "profile": [ "http://hl7.org/fhir/us/cqfmeasures/StructureDefinition/test-case-cqfm" ]
      },
      "contained": [ {
        "resourceType": "Parameters",
        "id": "f12b5159-157c-418c-8c4a-cb1e368b0225-parameters",
        "parameter": [ {
          "name": "subject",
          "valueString": "1dc53422-497d-492a-8aa4-8a165264a14d"
        } ]
      } ],
      "extension": [ {
        "url": "http://hl7.org/fhir/StructureDefinition/cqf-inputParameters",
        "valueReference": {
          "reference": "#f12b5159-157c-418c-8c4a-cb1e368b0225-parameters"
        }
      }, {
        "url": "http://hl7.org/fhir/us/cqfmeasures/StructureDefinition/cqfm-testCaseDescription",
        "valueMarkdown": "Encounter Office Visit in MP.  Dx Prostate Cancer in MP. Procedure \nOrder. Medication Active: Androgen Deprivation Therapy For Urology Care. Dexa 3 months after ADT.  Passes NUMER as expected."
      } ],
      "modifierExtension": [ {
        "url": "http://hl7.org/fhir/us/cqfmeasures/StructureDefinition/cqfm-isTestCase",
        "valueBoolean": true
      } ],
      "status": "complete",
      "type": "individual",
      "measure": "https://madie.cms.gov/Measure/CMS645FHIRBoneDensityPCADTherapy",
      "period": {
        "start": "2026-01-01",
        "end": "2026-12-31"
      },
      "group": [ {
        "id": "Group_1",
        "population": [ {
          "id": "InitialPopulation_1",
          "code": {
            "coding": [ {
              "system": "http://terminology.hl7.org/CodeSystem/measure-population",
              "code": "initial-population",
              "display": "Initial Population"
            } ]
          },
          "count": 1
        }, {
          "id": "Denominator_1",
          "code": {
            "coding": [ {
              "system": "http://terminology.hl7.org/CodeSystem/measure-population",
              "code": "denominator",
              "display": "Denominator"
            } ]
          },
          "count": 1
        }, {
          "id": "Numerator_1",
          "code": {
            "coding": [ {
              "system": "http://terminology.hl7.org/CodeSystem/measure-population",
              "code": "numerator",
              "display": "Numerator"
            } ]
          },
          "count": 1
        }, {
          "id": "DenominatorException_1",
          "code": {
            "coding": [ {
              "system": "http://terminology.hl7.org/CodeSystem/measure-population",
              "code": "denominator-exception",
              "display": "Denominator Exception"
            } ]
          },
          "count": 0
        } ],
        "measureScore": {
          "value": 1.0
        }
      } ],
      "evaluatedResource": [ {
        "reference": "Patient/1dc53422-497d-492a-8aa4-8a165264a14d"
      }, {
        "reference": "Encounter/d0edd23d-6ed0-476f-8273-8885d635f4b5"
      }, {
        "reference": "Condition/2ac9697e-72cb-4c4c-bde9-07419ece1108"
      }, {
        "reference": "Observation/5d4f1d20-e74c-4300-8097-453a35afd5eb"
      }, {
        "reference": "Practitioner/77483bdb-4203-4594-ada2-be21b90dafd4"
      }, {
        "reference": "MedicationRequest/3f0c4181-9e4c-4e21-a685-4169a4ad5ac2"
      }, {
        "reference": "ServiceRequest/51fed4d7-aa84-461b-b353-b5c8dd58105c"
      } ]
    },
    "request": {
      "method": "PUT",
      "url": "MeasureReport/3c3c829d-43e2-4e75-bb4c-25b8194c827f"
    }
  } ]
}