{
  "resourceType": "Bundle",
  "id": "DENEXPass-HospiceEncOverlapsMP",
  "type": "collection",
  "entry": [ {
    "fullUrl": "https://madie.cms.gov/Patient/a42cd354-1966-45d5-aec2-2d42225e6911",
    "resource": {
      "resourceType": "Patient",
      "id": "a42cd354-1966-45d5-aec2-2d42225e6911",
      "meta": {
        "profile": [ "http://hl7.org/fhir/us/qicore/StructureDefinition/qicore-patient" ]
      },
      "identifier": [ {
        "system": "http://hospital.smarthealthit.org",
        "value": "999999995"
      } ],
      "name": [ {
        "family": "Bertha",
        "given": [ "Betty" ]
      } ],
      "gender": "female",
      "birthDate": "2005-01-01"
    }
  }, {
    "fullUrl": "https://madie.cms.gov/Encounter/7222e8b2-2c41-4f0e-9ef8-f70cd49d8539",
    "resource": {
      "resourceType": "Encounter",
      "id": "7222e8b2-2c41-4f0e-9ef8-f70cd49d8539",
      "meta": {
        "profile": [ "http://hl7.org/fhir/us/qicore/StructureDefinition/qicore-encounter" ]
      },
      "status": "finished",
      "class": {
        "system": "http://terminology.hl7.org/CodeSystem/v3-ActCode",
        "code": "AMB",
        "display": "ambulatory"
      },
      "type": [ {
        "coding": [ {
          "system": "http://www.ada.org/cdt",
          "code": "D0120",
          "display": "periodic oral evaluation - established patient"
        } ]
      } ],
      "subject": {
        "reference": "Patient/a42cd354-1966-45d5-aec2-2d42225e6911"
      },
      "period": {
        "start": "2025-01-01T00:00:00.000Z",
        "end": "2025-01-01T01:15:00.000Z"
      }
    }
  }, {
    "fullUrl": "https://madie.cms.gov/Encounter/7222e8b2-2c41-4f0e-9ef8-f70cd49d8539.1",
    "resource": {
      "resourceType": "Encounter",
      "id": "7222e8b2-2c41-4f0e-9ef8-f70cd49d8539.1",
      "meta": {
        "profile": [ "http://hl7.org/fhir/us/qicore/StructureDefinition/qicore-encounter" ]
      },
      "status": "finished",
      "class": {
        "system": "http://terminology.hl7.org/CodeSystem/v3-ActCode",
        "code": "AMB",
        "display": "ambulatory"
      },
      "type": [ {
        "coding": [ {
          "system": "http://snomed.info/sct",
          "code": "183921001",
          "display": "Admission to hospice for respite (procedure)"
        } ]
      } ],
      "subject": {
        "reference": "Patient/a42cd354-1966-45d5-aec2-2d42225e6911"
      },
      "period": {
        "start": "2024-12-31T23:59:59.000Z",
        "end": "2025-01-01T01:00:00.000Z"
      }
    }
  }, {
    "fullUrl": "https://madie.cms.gov/MeasureReport/6f8d304d-9f8d-4edd-a684-a44373263366",
    "resource": {
      "resourceType": "MeasureReport",
      "id": "6f8d304d-9f8d-4edd-a684-a44373263366",
      "meta": {
        "profile": [ "http://hl7.org/fhir/us/cqfmeasures/StructureDefinition/test-case-cqfm" ]
      },
      "contained": [ {
        "resourceType": "Parameters",
        "id": "57d0086b-0e17-4f69-b1fc-bdaec80a9207-parameters",
        "parameter": [ {
          "name": "subject",
          "valueString": "a42cd354-1966-45d5-aec2-2d42225e6911"
        } ]
      } ],
      "extension": [ {
        "url": "http://hl7.org/fhir/us/cqfmeasures/StructureDefinition/cqfm-inputParameters",
        "valueReference": {
          "reference": "#57d0086b-0e17-4f69-b1fc-bdaec80a9207-parameters"
        }
      }, {
        "url": "http://hl7.org/fhir/us/cqfmeasures/StructureDefinition/cqfm-testCaseDescription",
        "valueMarkdown": "Hospice Encounter Overlaps - For meeting 100% coverage"
      } ],
      "modifierExtension": [ {
        "url": "http://hl7.org/fhir/us/cqfmeasures/StructureDefinition/cqfm-isTestCase",
        "valueBoolean": true
      } ],
      "status": "complete",
      "type": "individual",
      "measure": "https://madie.cms.gov/Measure/ChildrenWhoHaveDentalDecayOrCavitiesFHIR",
      "period": {
        "start": "2025-01-01",
        "end": "2025-12-31"
      },
      "group": [ {
        "population": [ {
          "code": {
            "coding": [ {
              "system": "http://terminology.hl7.org/CodeSystem/measure-population",
              "code": "initial-population",
              "display": "Initial Population"
            } ]
          },
          "count": 1
        }, {
          "code": {
            "coding": [ {
              "system": "http://terminology.hl7.org/CodeSystem/measure-population",
              "code": "denominator",
              "display": "Denominator"
            } ]
          },
          "count": 1
        }, {
          "code": {
            "coding": [ {
              "system": "http://terminology.hl7.org/CodeSystem/measure-population",
              "code": "denominator-exclusion",
              "display": "Denominator Exclusion"
            } ]
          },
          "count": 1
        }, {
          "code": {
            "coding": [ {
              "system": "http://terminology.hl7.org/CodeSystem/measure-population",
              "code": "numerator",
              "display": "Numerator"
            } ]
          },
          "count": 0
        } ]
      } ],
      "evaluatedResource": [ {
        "reference": "Patient/a42cd354-1966-45d5-aec2-2d42225e6911"
      }, {
        "reference": "Encounter/7222e8b2-2c41-4f0e-9ef8-f70cd49d8539"
      }, {
        "reference": "Encounter/7222e8b2-2c41-4f0e-9ef8-f70cd49d8539.1"
      } ]
    }
  } ]
}