{
  "resourceType": "Bundle",
  "id": "612e6ae102c62a011f2eb904",
  "type": "transaction",
  "entry": [ {
    "fullUrl": "https://madie.cms.gov/Patient/fe17d54e-4c88-4960-8222-d1da55c5c557",
    "resource": {
      "resourceType": "Patient",
      "id": "fe17d54e-4c88-4960-8222-d1da55c5c557",
      "meta": {
        "profile": [ "http://hl7.org/fhir/us/qicore/StructureDefinition/qicore-patient" ]
      },
      "text": {
        "status": "generated",
        "div": "<div xmlns=\"http://www.w3.org/1999/xhtml\"><div class=\"hapiHeaderText\">CMODuringED_ED2HrsBFAdm_1dayBFAdm <b>DENEXFAIL </b></div><table class=\"hapiPropertyTable\"><tbody><tr><td>Identifier</td><td>ead0ddb93e3aec5cd1a2e4f9ca117f88390f7b5b27357b3f94949816bb9c030c</td></tr><tr><td>Date of birth</td><td><span>02 January 1974</span></td></tr></tbody></table></div>"
      },
      "extension": [ {
        "url": "http://hl7.org/fhir/us/core/StructureDefinition/us-core-race",
        "extension": [ {
          "url": "ombCategory",
          "valueCoding": {
            "system": "urn:oid:2.16.840.1.113883.6.238",
            "code": "1002-5",
            "display": "American Indian or Alaska Native",
            "userSelected": true
          }
        }, {
          "url": "text",
          "valueString": "American Indian or Alaska Native"
        } ]
      }, {
        "url": "http://hl7.org/fhir/us/core/StructureDefinition/us-core-ethnicity",
        "extension": [ {
          "url": "ombCategory",
          "valueCoding": {
            "system": "urn:oid:2.16.840.1.113883.6.238",
            "code": "2135-2",
            "display": "Hispanic or Latino",
            "userSelected": true
          }
        }, {
          "url": "text",
          "valueString": "Hispanic or Latino"
        } ]
      } ],
      "identifier": [ {
        "type": {
          "coding": [ {
            "system": "http://terminology.hl7.org/CodeSystem/v2-0203",
            "code": "MR"
          } ]
        },
        "system": "https://bonnie-fhir.healthit.gov/",
        "value": "612e6ae102c62a011f2eb904"
      } ],
      "active": true,
      "name": [ {
        "use": "usual",
        "family": "DENEXFail",
        "given": [ "CMODuringED_ED2HrsBFAdm_1dayBFAdm" ]
      } ],
      "gender": "male",
      "birthDate": "1974-01-02"
    },
    "request": {
      "method": "PUT",
      "url": "Patient/fe17d54e-4c88-4960-8222-d1da55c5c557"
    }
  }, {
    "fullUrl": "https://madie.cms.gov/Encounter/048de3e6-2c9f-4556-af27-b2287450c8ba",
    "resource": {
      "resourceType": "Encounter",
      "id": "048de3e6-2c9f-4556-af27-b2287450c8ba",
      "meta": {
        "profile": [ "http://hl7.org/fhir/us/qicore/StructureDefinition/qicore-encounter" ]
      },
      "status": "finished",
      "class": {
        "system": "http://terminology.hl7.org/CodeSystem/v3-ActCode",
        "code": "EMER",
        "display": "emergency"
      },
      "type": [ {
        "coding": [ {
          "system": "http://snomed.info/sct",
          "code": "4525004"
        } ]
      } ],
      "subject": {
        "reference": "Patient/fe17d54e-4c88-4960-8222-d1da55c5c557"
      },
      "period": {
        "start": "2025-10-30T08:00:00+00:00",
        "end": "2025-11-01T07:15:00+00:00"
      },
      "length": {
        "value": 2.0,
        "unit": "days"
      }
    },
    "request": {
      "method": "PUT",
      "url": "Encounter/048de3e6-2c9f-4556-af27-b2287450c8ba"
    }
  }, {
    "fullUrl": "https://madie.cms.gov/Encounter/29cb56b1-0c63-497a-9a8d-23b08882f50c",
    "resource": {
      "resourceType": "Encounter",
      "id": "29cb56b1-0c63-497a-9a8d-23b08882f50c",
      "meta": {
        "profile": [ "http://hl7.org/fhir/us/qicore/StructureDefinition/qicore-encounter" ]
      },
      "status": "finished",
      "class": {
        "system": "http://terminology.hl7.org/CodeSystem/v3-ActCode",
        "code": "IMP",
        "display": "inpatient encounter"
      },
      "type": [ {
        "coding": [ {
          "system": "http://snomed.info/sct",
          "code": "8715000"
        } ]
      } ],
      "subject": {
        "reference": "Patient/fe17d54e-4c88-4960-8222-d1da55c5c557"
      },
      "period": {
        "start": "2025-11-01T10:00:00+00:00",
        "end": "2025-11-26T08:15:00+00:00"
      },
      "length": {
        "value": 25.0,
        "unit": "days"
      }
    },
    "request": {
      "method": "PUT",
      "url": "Encounter/29cb56b1-0c63-497a-9a8d-23b08882f50c"
    }
  }, {
    "fullUrl": "https://madie.cms.gov/ServiceRequest/7a89135f-ea2d-417d-91b9-9ac7ee393a35",
    "resource": {
      "resourceType": "ServiceRequest",
      "id": "7a89135f-ea2d-417d-91b9-9ac7ee393a35",
      "meta": {
        "profile": [ "http://hl7.org/fhir/us/qicore/StructureDefinition/qicore-servicerequest" ]
      },
      "status": "completed",
      "intent": "order",
      "code": {
        "coding": [ {
          "system": "http://snomed.info/sct",
          "code": "133918004"
        } ]
      },
      "subject": {
        "reference": "Patient/fe17d54e-4c88-4960-8222-d1da55c5c557"
      },
      "authoredOn": "2025-10-31T07:00:00+00:00"
    },
    "request": {
      "method": "PUT",
      "url": "ServiceRequest/7a89135f-ea2d-417d-91b9-9ac7ee393a35"
    }
  }, {
    "fullUrl": "https://madie.cms.gov/Coverage/66b5ae39-e48b-4b80-8e59-09bccc2069c7",
    "resource": {
      "resourceType": "Coverage",
      "id": "66b5ae39-e48b-4b80-8e59-09bccc2069c7",
      "status": "active",
      "beneficiary": {
        "reference": "Patient/fe17d54e-4c88-4960-8222-d1da55c5c557"
      },
      "period": {
        "start": "1974-01-02T08:00:00+00:00"
      },
      "payor": [ {
        "reference": "Organization/61472706-56a9-430f-a790-7d558d60c8b3"
      } ]
    },
    "request": {
      "method": "PUT",
      "url": "Coverage/66b5ae39-e48b-4b80-8e59-09bccc2069c7"
    }
  }, {
    "fullUrl": "https://madie.cms.gov/Organization/61472706-56a9-430f-a790-7d558d60c8b3",
    "resource": {
      "resourceType": "Organization",
      "id": "61472706-56a9-430f-a790-7d558d60c8b3",
      "meta": {
        "profile": [ "http://hl7.org/fhir/us/qicore/StructureDefinition/qicore-organization" ]
      },
      "identifier": [ {
        "use": "temp",
        "system": "urn:oid:2.16.840.1.113883.4.4",
        "value": "21-3259825"
      } ],
      "active": true,
      "type": [ {
        "coding": [ {
          "system": "http://terminology.hl7.org/CodeSystem/organization-type",
          "code": "pay",
          "display": "Payer"
        } ]
      } ],
      "name": "Blue Cross Blue Shield of Texas",
      "telecom": [ {
        "system": "phone",
        "value": "(+1) 972-766-6900"
      } ],
      "address": [ {
        "use": "billing",
        "type": "postal",
        "line": [ "P.O. Box 660044" ],
        "city": "Dallas",
        "state": "TX",
        "postalCode": "75266-0044",
        "country": "USA"
      } ]
    },
    "request": {
      "method": "PUT",
      "url": "Organization/61472706-56a9-430f-a790-7d558d60c8b3"
    }
  }, {
    "fullUrl": "https://madie.cms.gov/Practitioner/9b7fbe09-de5f-4ce0-99bd-086c9e1a9012",
    "resource": {
      "resourceType": "Practitioner",
      "id": "9b7fbe09-de5f-4ce0-99bd-086c9e1a9012",
      "identifier": [ {
        "system": "http://hl7.org/fhir/sid/us-npi",
        "value": "123456"
      } ],
      "name": [ {
        "family": "Evil",
        "prefix": [ "Dr" ]
      } ]
    },
    "request": {
      "method": "PUT",
      "url": "Practitioner/9b7fbe09-de5f-4ce0-99bd-086c9e1a9012"
    }
  }, {
    "fullUrl": "https://madie.cms.gov/MeasureReport/3bbb6a73-cfaf-4414-a9e0-58372bcd9a44",
    "resource": {
      "resourceType": "MeasureReport",
      "id": "3bbb6a73-cfaf-4414-a9e0-58372bcd9a44",
      "meta": {
        "profile": [ "http://hl7.org/fhir/us/cqfmeasures/StructureDefinition/test-case-cqfm" ]
      },
      "contained": [ {
        "resourceType": "Parameters",
        "id": "d02cab02-2e1c-4de0-94ac-0a721e29890f-parameters",
        "parameter": [ {
          "name": "subject",
          "valueString": "fe17d54e-4c88-4960-8222-d1da55c5c557"
        } ]
      } ],
      "extension": [ {
        "url": "http://hl7.org/fhir/us/cqfmeasures/StructureDefinition/cqfm-inputParameters",
        "valueReference": {
          "reference": "#d02cab02-2e1c-4de0-94ac-0a721e29890f-parameters"
        }
      }, {
        "url": "http://hl7.org/fhir/us/cqfmeasures/StructureDefinition/cqfm-testCaseDescription",
        "valueMarkdown": "CMO occurs in ED that ED ends > 1 hour before Adm. this case fail because CMO was 1 day before adm date\n"
      } ],
      "modifierExtension": [ {
        "url": "http://hl7.org/fhir/us/cqfmeasures/StructureDefinition/cqfm-isTestCase",
        "valueBoolean": true
      } ],
      "status": "complete",
      "type": "individual",
      "measure": "https://madie.cms.gov/Measure/VenousThromboembolismProphylaxisFHIR",
      "period": {
        "start": "2025-01-01",
        "end": "2025-12-31"
      },
      "group": [ {
        "population": [ {
          "code": {
            "coding": [ {
              "system": "http://terminology.hl7.org/CodeSystem/measure-population",
              "code": "initial-population",
              "display": "Initial Population"
            } ]
          },
          "count": 1
        }, {
          "code": {
            "coding": [ {
              "system": "http://terminology.hl7.org/CodeSystem/measure-population",
              "code": "denominator",
              "display": "Denominator"
            } ]
          },
          "count": 1
        }, {
          "code": {
            "coding": [ {
              "system": "http://terminology.hl7.org/CodeSystem/measure-population",
              "code": "denominator-exclusion",
              "display": "Denominator Exclusion"
            } ]
          },
          "count": 0
        }, {
          "code": {
            "coding": [ {
              "system": "http://terminology.hl7.org/CodeSystem/measure-population",
              "code": "numerator",
              "display": "Numerator"
            } ]
          },
          "count": 0
        } ]
      } ],
      "evaluatedResource": [ {
        "reference": "Patient/fe17d54e-4c88-4960-8222-d1da55c5c557"
      }, {
        "reference": "Encounter/048de3e6-2c9f-4556-af27-b2287450c8ba"
      }, {
        "reference": "Encounter/29cb56b1-0c63-497a-9a8d-23b08882f50c"
      }, {
        "reference": "ServiceRequest/7a89135f-ea2d-417d-91b9-9ac7ee393a35"
      }, {
        "reference": "Coverage/66b5ae39-e48b-4b80-8e59-09bccc2069c7"
      }, {
        "reference": "Organization/61472706-56a9-430f-a790-7d558d60c8b3"
      }, {
        "reference": "Practitioner/9b7fbe09-de5f-4ce0-99bd-086c9e1a9012"
      } ]
    },
    "request": {
      "method": "PUT",
      "url": "MeasureReport/3bbb6a73-cfaf-4414-a9e0-58372bcd9a44"
    }
  } ]
}