{
  "resourceType": "Bundle",
  "id": "62bb26fce8081f5ef5e199d3",
  "type": "transaction",
  "entry": [ {
    "fullUrl": "https://madie.cms.gov/Patient/97b72f42-08ae-4f6e-a7c9-1aa42f33ca90",
    "resource": {
      "resourceType": "Patient",
      "id": "97b72f42-08ae-4f6e-a7c9-1aa42f33ca90",
      "meta": {
        "profile": [ "http://hl7.org/fhir/us/qicore/StructureDefinition/qicore-patient" ]
      },
      "extension": [ {
        "url": "http://hl7.org/fhir/us/core/StructureDefinition/us-core-race",
        "extension": [ {
          "url": "ombCategory",
          "valueCoding": {
            "system": "urn:oid:2.16.840.1.113883.6.238",
            "code": "2054-5",
            "display": "Black or African American",
            "userSelected": true
          }
        }, {
          "url": "text",
          "valueString": "Black or African American"
        } ]
      }, {
        "url": "http://hl7.org/fhir/us/core/StructureDefinition/us-core-ethnicity",
        "extension": [ {
          "url": "ombCategory",
          "valueCoding": {
            "system": "urn:oid:2.16.840.1.113883.6.238",
            "code": "2135-2",
            "display": "Hispanic or Latino",
            "userSelected": true
          }
        }, {
          "url": "text",
          "valueString": "Hispanic or Latino"
        } ]
      } ],
      "identifier": [ {
        "type": {
          "coding": [ {
            "system": "http://terminology.hl7.org/CodeSystem/v2-0203",
            "code": "MR"
          } ]
        },
        "system": "https://bonnie-fhir.healthit.gov/",
        "value": "6077319098086b6fb8f00ab2"
      } ],
      "active": true,
      "name": [ {
        "family": "DENEXCEPFail",
        "given": [ "DEXAPerformedPtRefused4MonthsAfter" ]
      } ],
      "gender": "male",
      "birthDate": "1943-12-15"
    },
    "request": {
      "method": "PUT",
      "url": "Patient/97b72f42-08ae-4f6e-a7c9-1aa42f33ca90"
    }
  }, {
    "fullUrl": "https://madie.cms.gov/Encounter/5452fee4-6356-4756-9338-db520f480dca",
    "resource": {
      "resourceType": "Encounter",
      "id": "5452fee4-6356-4756-9338-db520f480dca",
      "meta": {
        "profile": [ "http://hl7.org/fhir/us/qicore/StructureDefinition/qicore-encounter" ]
      },
      "status": "finished",
      "class": {
        "system": "http://terminology.hl7.org/CodeSystem/v3-ActCode",
        "code": "AMB",
        "display": "ambulatory"
      },
      "type": [ {
        "coding": [ {
          "system": "http://www.ama-assn.org/go/cpt",
          "code": "99203"
        } ]
      } ],
      "subject": {
        "reference": "Patient/97b72f42-08ae-4f6e-a7c9-1aa42f33ca90"
      },
      "period": {
        "start": "2025-04-04T08:00:00.000+00:00",
        "end": "2025-04-04T08:15:00.000+00:00"
      }
    },
    "request": {
      "method": "PUT",
      "url": "Encounter/5452fee4-6356-4756-9338-db520f480dca"
    }
  }, {
    "fullUrl": "https://madie.cms.gov/Condition/e6a72c4e-d418-4b7c-99cd-f97944106fb2",
    "resource": {
      "resourceType": "Condition",
      "id": "e6a72c4e-d418-4b7c-99cd-f97944106fb2",
      "meta": {
        "profile": [ "http://hl7.org/fhir/us/qicore/StructureDefinition/qicore-condition-problems-health-concerns" ]
      },
      "clinicalStatus": {
        "coding": [ {
          "system": "http://terminology.hl7.org/CodeSystem/condition-clinical",
          "code": "active"
        } ]
      },
      "verificationStatus": {
        "coding": [ {
          "system": "http://terminology.hl7.org/CodeSystem/condition-ver-status",
          "code": "confirmed"
        } ]
      },
      "category": [ {
        "coding": [ {
          "system": "http://terminology.hl7.org/CodeSystem/condition-category",
          "code": "problem-list-item",
          "display": "Problem List Item"
        } ]
      } ],
      "code": {
        "coding": [ {
          "system": "http://snomed.info/sct",
          "version": "http://snomed.info/sct/731000124108/version/20240401",
          "code": "254900004",
          "display": "Carcinoma of prostate (disorder)"
        } ]
      },
      "subject": {
        "reference": "Patient/97b72f42-08ae-4f6e-a7c9-1aa42f33ca90"
      },
      "onsetPeriod": {
        "start": "2025-04-04T08:00:00.000+00:00"
      }
    },
    "request": {
      "method": "PUT",
      "url": "Condition/e6a72c4e-d418-4b7c-99cd-f97944106fb2"
    }
  }, {
    "fullUrl": "https://madie.cms.gov/MedicationRequest/471ab036-0975-4e50-8dd2-19e930eff25d",
    "resource": {
      "resourceType": "MedicationRequest",
      "id": "471ab036-0975-4e50-8dd2-19e930eff25d",
      "meta": {
        "profile": [ "http://hl7.org/fhir/us/qicore/StructureDefinition/qicore-medicationrequest" ]
      },
      "status": "active",
      "intent": "order",
      "medicationCodeableConcept": {
        "coding": [ {
          "system": "http://www.nlm.nih.gov/research/umls/rxnorm",
          "code": "1115257",
          "display": "1.5 ML leuprolide acetate 30 MG/ML Prefilled Syringe"
        } ]
      },
      "subject": {
        "reference": "Patient/97b72f42-08ae-4f6e-a7c9-1aa42f33ca90"
      },
      "authoredOn": "2025-04-04T08:00:00.000+00:00",
      "requester": {
        "reference": "http://myGoodHealthcare.com/fhir/Practitioner/66412aa9-aa06-41ac-8111-5e9b13a0fb76"
      },
      "dosageInstruction": [ {
        "timing": {
          "repeat": {
            "boundsPeriod": {
              "start": "2025-04-04T08:00:00.000+00:00"
            }
          }
        }
      } ]
    },
    "request": {
      "method": "PUT",
      "url": "MedicationRequest/471ab036-0975-4e50-8dd2-19e930eff25d"
    }
  }, {
    "fullUrl": "https://madie.cms.gov/Practitioner/66412aa9-aa06-41ac-8111-5e9b13a0fb76",
    "resource": {
      "resourceType": "Practitioner",
      "id": "66412aa9-aa06-41ac-8111-5e9b13a0fb76",
      "meta": {
        "profile": [ "http://hl7.org/fhir/us/qicore/StructureDefinition/qicore-practitioner" ]
      },
      "identifier": [ {
        "use": "temp",
        "system": "urn:oid:2.16.840.1.113883.4.336",
        "value": "Practitioner-23"
      } ],
      "active": true,
      "name": [ {
        "family": "Careful",
        "given": [ "Adam" ],
        "prefix": [ "Dr" ]
      } ],
      "address": [ {
        "use": "home",
        "line": [ "534 Erewhon St" ],
        "city": "PleasantVille",
        "state": "UT",
        "postalCode": "84414"
      } ],
      "qualification": [ {
        "identifier": [ {
          "system": "http://example.org/UniversityIdentifier",
          "value": "12345"
        } ],
        "code": {
          "coding": [ {
            "system": "http://terminology.hl7.org/CodeSystem/v2-0360|2.7",
            "code": "BS",
            "display": "Bachelor of Science"
          } ],
          "text": "Bachelor of Science"
        },
        "period": {
          "start": "1995"
        },
        "issuer": {
          "display": "Example University"
        }
      } ]
    },
    "request": {
      "method": "PUT",
      "url": "Practitioner/66412aa9-aa06-41ac-8111-5e9b13a0fb76"
    }
  }, {
    "fullUrl": "https://madie.cms.gov/ServiceRequest/63628e35-901c-4ddd-8d76-2bed613d8ea1",
    "resource": {
      "resourceType": "ServiceRequest",
      "id": "63628e35-901c-4ddd-8d76-2bed613d8ea1",
      "meta": {
        "profile": [ "http://hl7.org/fhir/us/qicore/StructureDefinition/qicore-servicerequest" ]
      },
      "status": "active",
      "intent": "order",
      "code": {
        "coding": [ {
          "system": "http://snomed.info/sct",
          "code": "456381000124102",
          "display": "Injection of leuprolide acetate for twelve month period (regime/therapy)"
        } ]
      },
      "subject": {
        "reference": "Patient/97b72f42-08ae-4f6e-a7c9-1aa42f33ca90"
      },
      "authoredOn": "2025-08-04T08:00:00.000+00:00"
    },
    "request": {
      "method": "PUT",
      "url": "ServiceRequest/63628e35-901c-4ddd-8d76-2bed613d8ea1"
    }
  }, {
    "fullUrl": "https://madie.cms.gov/ServiceRequest/63a99e61-c26e-42a5-81a9-9efdb5fa11c1",
    "resource": {
      "resourceType": "ServiceRequest",
      "id": "63a99e61-c26e-42a5-81a9-9efdb5fa11c1",
      "meta": {
        "profile": [ "http://hl7.org/fhir/us/qicore/StructureDefinition/qicore-servicerequest" ]
      },
      "extension": [ {
        "url": "http://hl7.org/fhir/us/qicore/StructureDefinition/qicore-doNotPerformReason",
        "valueCodeableConcept": {
          "coding": [ {
            "system": "http://snomed.info/sct",
            "code": "105480006",
            "display": "Refusal of treatment by patient (situation)",
            "userSelected": true
          } ]
        }
      } ],
      "status": "completed",
      "intent": "order",
      "doNotPerform": false,
      "code": {
        "coding": [ {
          "system": "http://loinc.org",
          "version": "2.71",
          "code": "38265-5",
          "display": "DXA Radius and Ulna [T-score] Bone density",
          "userSelected": true
        } ]
      },
      "subject": {
        "reference": "Patient/97b72f42-08ae-4f6e-a7c9-1aa42f33ca90"
      },
      "authoredOn": "2025-08-04T08:00:00.000+00:00"
    },
    "request": {
      "method": "PUT",
      "url": "ServiceRequest/63a99e61-c26e-42a5-81a9-9efdb5fa11c1"
    }
  }, {
    "fullUrl": "https://madie.cms.gov/MeasureReport/0cdb5165-4093-4e5f-ad74-9070316f673b",
    "resource": {
      "resourceType": "MeasureReport",
      "id": "0cdb5165-4093-4e5f-ad74-9070316f673b",
      "meta": {
        "profile": [ "http://hl7.org/fhir/us/cqfmeasures/StructureDefinition/test-case-cqfm" ]
      },
      "contained": [ {
        "resourceType": "Parameters",
        "id": "992dc3ab-1db4-4c96-bb3c-19b6313c2593-parameters",
        "parameter": [ {
          "name": "subject",
          "valueString": "97b72f42-08ae-4f6e-a7c9-1aa42f33ca90"
        } ]
      } ],
      "extension": [ {
        "url": "http://hl7.org/fhir/us/cqfmeasures/StructureDefinition/cqfm-inputParameters",
        "valueReference": {
          "reference": "#992dc3ab-1db4-4c96-bb3c-19b6313c2593-parameters"
        }
      }, {
        "url": "http://hl7.org/fhir/us/cqfmeasures/StructureDefinition/cqfm-testCaseDescription",
        "valueMarkdown": "Dx of Prostate Cancer, and Androgen deprivation therapy for Urology Care is not null.  DEXA performed with patient refusal 4 mo after.  Fails DENEXCEP. .  "
      } ],
      "modifierExtension": [ {
        "url": "http://hl7.org/fhir/us/cqfmeasures/StructureDefinition/cqfm-isTestCase",
        "valueBoolean": true
      } ],
      "status": "complete",
      "type": "individual",
      "measure": "https://madie.cms.gov/Measure/BoneDensityProstateCancerAndrogenDeprivationTherapyFHIR6",
      "period": {
        "start": "2025-01-01",
        "end": "2025-12-31"
      },
      "group": [ {
        "id": "67b61060a0d801640767a597",
        "population": [ {
          "id": "E8F25116-1779-4BA6-B606-34F12AE4F5BA",
          "code": {
            "coding": [ {
              "system": "http://terminology.hl7.org/CodeSystem/measure-population",
              "code": "initial-population",
              "display": "Initial Population"
            } ]
          },
          "count": 1
        }, {
          "id": "1C145A56-9250-4444-A497-86C44F55CFDB",
          "code": {
            "coding": [ {
              "system": "http://terminology.hl7.org/CodeSystem/measure-population",
              "code": "denominator",
              "display": "Denominator"
            } ]
          },
          "count": 1
        }, {
          "id": "B1E0E3D2-D44E-4BFF-92F8-077CF1AE234F",
          "code": {
            "coding": [ {
              "system": "http://terminology.hl7.org/CodeSystem/measure-population",
              "code": "numerator",
              "display": "Numerator"
            } ]
          },
          "count": 1
        }, {
          "id": "A9552F46-139C-4270-835C-224132205362",
          "code": {
            "coding": [ {
              "system": "http://terminology.hl7.org/CodeSystem/measure-population",
              "code": "denominator-exception",
              "display": "Denominator Exception"
            } ]
          },
          "count": 0
        } ],
        "measureScore": {
          "value": 1.0
        }
      } ],
      "evaluatedResource": [ {
        "reference": "Patient/97b72f42-08ae-4f6e-a7c9-1aa42f33ca90"
      }, {
        "reference": "Encounter/5452fee4-6356-4756-9338-db520f480dca"
      }, {
        "reference": "Condition/e6a72c4e-d418-4b7c-99cd-f97944106fb2"
      }, {
        "reference": "MedicationRequest/471ab036-0975-4e50-8dd2-19e930eff25d"
      }, {
        "reference": "Practitioner/66412aa9-aa06-41ac-8111-5e9b13a0fb76"
      }, {
        "reference": "ServiceRequest/63628e35-901c-4ddd-8d76-2bed613d8ea1"
      }, {
        "reference": "ServiceRequest/63a99e61-c26e-42a5-81a9-9efdb5fa11c1"
      } ]
    },
    "request": {
      "method": "PUT",
      "url": "MeasureReport/0cdb5165-4093-4e5f-ad74-9070316f673b"
    }
  } ]
}