{
  "resourceType": "Bundle",
  "id": "612e6b4d02c62a011f2ed391",
  "type": "transaction",
  "entry": [ {
    "fullUrl": "https://madie.cms.gov/Patient/3aea1332-20e6-4a5d-a826-18916372ef57",
    "resource": {
      "resourceType": "Patient",
      "id": "3aea1332-20e6-4a5d-a826-18916372ef57",
      "meta": {
        "profile": [ "http://hl7.org/fhir/us/qicore/StructureDefinition/qicore-patient" ]
      },
      "text": {
        "status": "generated",
        "div": "<div xmlns=\"http://www.w3.org/1999/xhtml\"><div class=\"hapiHeaderText\">INR3_DayAFAnes2DayAFAdm <b>NUMERFAIL </b></div><table class=\"hapiPropertyTable\"><tbody><tr><td>Identifier</td><td>8bd671bd3428c0f81ecc641fa9a09fe5</td></tr><tr><td>Date of birth</td><td><span>02 January 1974</span></td></tr></tbody></table></div>"
      },
      "extension": [ {
        "url": "http://hl7.org/fhir/us/core/StructureDefinition/us-core-race",
        "extension": [ {
          "url": "ombCategory",
          "valueCoding": {
            "system": "urn:oid:2.16.840.1.113883.6.238",
            "code": "1002-5",
            "display": "American Indian or Alaska Native",
            "userSelected": true
          }
        }, {
          "url": "text",
          "valueString": "American Indian or Alaska Native"
        } ]
      }, {
        "url": "http://hl7.org/fhir/us/core/StructureDefinition/us-core-ethnicity",
        "extension": [ {
          "url": "ombCategory",
          "valueCoding": {
            "system": "urn:oid:2.16.840.1.113883.6.238",
            "code": "2135-2",
            "display": "Hispanic or Latino",
            "userSelected": true
          }
        }, {
          "url": "text",
          "valueString": "Hispanic or Latino"
        } ]
      } ],
      "identifier": [ {
        "type": {
          "coding": [ {
            "system": "http://terminology.hl7.org/CodeSystem/v2-0203",
            "code": "MR"
          } ]
        },
        "system": "https://bonnie-fhir.healthit.gov/",
        "value": "612e6b4d02c62a011f2ed391"
      } ],
      "active": true,
      "name": [ {
        "use": "usual",
        "family": "NUMERFail",
        "given": [ "INR3_DayAFAnes2DayAFAdm" ]
      } ],
      "gender": "male",
      "birthDate": "1974-01-02"
    },
    "request": {
      "method": "PUT",
      "url": "Patient/3aea1332-20e6-4a5d-a826-18916372ef57"
    }
  }, {
    "fullUrl": "https://madie.cms.gov/Encounter/7f1a69ae-ad6b-4f6d-9e20-abef29a882c3",
    "resource": {
      "resourceType": "Encounter",
      "id": "7f1a69ae-ad6b-4f6d-9e20-abef29a882c3",
      "meta": {
        "profile": [ "http://hl7.org/fhir/us/qicore/StructureDefinition/qicore-encounter" ]
      },
      "status": "finished",
      "class": {
        "system": "http://terminology.hl7.org/CodeSystem/v3-ActCode",
        "code": "IMP",
        "display": "inpatient encounter"
      },
      "type": [ {
        "coding": [ {
          "system": "http://snomed.info/sct",
          "code": "8715000"
        } ]
      } ],
      "subject": {
        "reference": "Patient/3aea1332-20e6-4a5d-a826-18916372ef57"
      },
      "period": {
        "start": "2025-11-01T08:00:00+00:00",
        "end": "2025-11-26T08:15:00+00:00"
      },
      "length": {
        "value": 25.0,
        "unit": "days"
      }
    },
    "request": {
      "method": "PUT",
      "url": "Encounter/7f1a69ae-ad6b-4f6d-9e20-abef29a882c3"
    }
  }, {
    "fullUrl": "https://madie.cms.gov/Coverage/505b6c28-792a-4fed-8a4c-b2069b9d2bfc",
    "resource": {
      "resourceType": "Coverage",
      "id": "505b6c28-792a-4fed-8a4c-b2069b9d2bfc",
      "status": "active",
      "beneficiary": {
        "reference": "Patient/3aea1332-20e6-4a5d-a826-18916372ef57"
      },
      "period": {
        "start": "1974-01-02T08:00:00+00:00"
      },
      "payor": [ {
        "reference": "Organization/b678208c-7a3f-4a2f-a03d-45d2ed76ebcf"
      } ]
    },
    "request": {
      "method": "PUT",
      "url": "Coverage/505b6c28-792a-4fed-8a4c-b2069b9d2bfc"
    }
  }, {
    "fullUrl": "https://madie.cms.gov/Observation/fe566869-5824-4858-ae49-d10a84f94d9a",
    "resource": {
      "resourceType": "Observation",
      "id": "fe566869-5824-4858-ae49-d10a84f94d9a",
      "meta": {
        "profile": [ "http://hl7.org/fhir/us/core/StructureDefinition/us-core-observation-lab" ]
      },
      "status": "final",
      "category": [ {
        "coding": [ {
          "system": "http://terminology.hl7.org/CodeSystem/observation-category",
          "code": "laboratory",
          "display": "Laboratory"
        } ]
      } ],
      "code": {
        "coding": [ {
          "system": "http://loinc.org",
          "code": "34714-6"
        } ]
      },
      "subject": {
        "reference": "Patient/3aea1332-20e6-4a5d-a826-18916372ef57"
      },
      "issued": "2025-11-03T11:00:00.000+00:00",
      "valueQuantity": {
        "value": 3.0,
        "unit": "{INR}"
      }
    },
    "request": {
      "method": "PUT",
      "url": "Observation/fe566869-5824-4858-ae49-d10a84f94d9a"
    }
  }, {
    "fullUrl": "https://madie.cms.gov/Procedure/49a97a1e-0141-4cdc-9c7d-0d202d78fbb6",
    "resource": {
      "resourceType": "Procedure",
      "id": "49a97a1e-0141-4cdc-9c7d-0d202d78fbb6",
      "meta": {
        "profile": [ "http://hl7.org/fhir/us/qicore/StructureDefinition/qicore-procedure" ]
      },
      "extension": [ {
        "url": "http://hl7.org/fhir/us/qicore/StructureDefinition/qicore-recorded",
        "valueDateTime": "2012-12-04T09:35:00-04:00"
      } ],
      "status": "completed",
      "code": {
        "coding": [ {
          "system": "http://www.icd10data.com/icd10pcs",
          "code": "3E030FZ"
        }, {
          "system": "http://snomed.info/sct",
          "code": "18946005"
        } ]
      },
      "subject": {
        "reference": "Patient/3aea1332-20e6-4a5d-a826-18916372ef57"
      },
      "performedPeriod": {
        "start": "2025-11-02T09:00:00+00:00",
        "end": "2025-11-02T09:15:00+00:00"
      }
    },
    "request": {
      "method": "PUT",
      "url": "Procedure/49a97a1e-0141-4cdc-9c7d-0d202d78fbb6"
    }
  }, {
    "fullUrl": "https://madie.cms.gov/Organization/b678208c-7a3f-4a2f-a03d-45d2ed76ebcf",
    "resource": {
      "resourceType": "Organization",
      "id": "b678208c-7a3f-4a2f-a03d-45d2ed76ebcf",
      "meta": {
        "profile": [ "http://hl7.org/fhir/us/qicore/StructureDefinition/qicore-organization" ]
      },
      "identifier": [ {
        "use": "temp",
        "system": "urn:oid:2.16.840.1.113883.4.4",
        "value": "21-3259825"
      } ],
      "active": true,
      "type": [ {
        "coding": [ {
          "system": "http://terminology.hl7.org/CodeSystem/organization-type",
          "code": "pay",
          "display": "Payer"
        } ]
      } ],
      "name": "Blue Cross Blue Shield of Texas",
      "telecom": [ {
        "system": "phone",
        "value": "(+1) 972-766-6900"
      } ],
      "address": [ {
        "use": "billing",
        "type": "postal",
        "line": [ "P.O. Box 660044" ],
        "city": "Dallas",
        "state": "TX",
        "postalCode": "75266-0044",
        "country": "USA"
      } ]
    },
    "request": {
      "method": "PUT",
      "url": "Organization/b678208c-7a3f-4a2f-a03d-45d2ed76ebcf"
    }
  }, {
    "fullUrl": "https://madie.cms.gov/Practitioner/4b4fe976-4699-421f-885d-ad6c4b9a8869",
    "resource": {
      "resourceType": "Practitioner",
      "id": "4b4fe976-4699-421f-885d-ad6c4b9a8869",
      "identifier": [ {
        "system": "http://hl7.org/fhir/sid/us-npi",
        "value": "123456"
      } ],
      "name": [ {
        "family": "Evil",
        "prefix": [ "Dr" ]
      } ]
    },
    "request": {
      "method": "PUT",
      "url": "Practitioner/4b4fe976-4699-421f-885d-ad6c4b9a8869"
    }
  }, {
    "fullUrl": "https://madie.cms.gov/MeasureReport/abb50dac-7848-431d-aaa4-6ad12e275304",
    "resource": {
      "resourceType": "MeasureReport",
      "id": "abb50dac-7848-431d-aaa4-6ad12e275304",
      "meta": {
        "profile": [ "http://hl7.org/fhir/us/cqfmeasures/StructureDefinition/test-case-cqfm" ]
      },
      "contained": [ {
        "resourceType": "Parameters",
        "id": "b586ced0-7253-4c5c-9f8e-ac07d0033c3d-parameters",
        "parameter": [ {
          "name": "subject",
          "valueString": "3aea1332-20e6-4a5d-a826-18916372ef57"
        } ]
      } ],
      "extension": [ {
        "url": "http://hl7.org/fhir/us/cqfmeasures/StructureDefinition/cqfm-inputParameters",
        "valueReference": {
          "reference": "#b586ced0-7253-4c5c-9f8e-ac07d0033c3d-parameters"
        }
      }, {
        "url": "http://hl7.org/fhir/us/cqfmeasures/StructureDefinition/cqfm-testCaseDescription",
        "valueMarkdown": ">18, dx VTE, LOS<120 day,   LabResult INR=3 no decimal,  day After surgery, 2 day after Adm\n"
      } ],
      "modifierExtension": [ {
        "url": "http://hl7.org/fhir/us/cqfmeasures/StructureDefinition/cqfm-isTestCase",
        "valueBoolean": true
      } ],
      "status": "complete",
      "type": "individual",
      "measure": "https://madie.cms.gov/Measure/VenousThromboembolismProphylaxisFHIR",
      "period": {
        "start": "2025-01-01",
        "end": "2025-12-31"
      },
      "group": [ {
        "population": [ {
          "code": {
            "coding": [ {
              "system": "http://terminology.hl7.org/CodeSystem/measure-population",
              "code": "initial-population",
              "display": "Initial Population"
            } ]
          },
          "count": 1
        }, {
          "code": {
            "coding": [ {
              "system": "http://terminology.hl7.org/CodeSystem/measure-population",
              "code": "denominator",
              "display": "Denominator"
            } ]
          },
          "count": 1
        }, {
          "code": {
            "coding": [ {
              "system": "http://terminology.hl7.org/CodeSystem/measure-population",
              "code": "denominator-exclusion",
              "display": "Denominator Exclusion"
            } ]
          },
          "count": 0
        }, {
          "code": {
            "coding": [ {
              "system": "http://terminology.hl7.org/CodeSystem/measure-population",
              "code": "numerator",
              "display": "Numerator"
            } ]
          },
          "count": 0
        } ]
      } ],
      "evaluatedResource": [ {
        "reference": "Patient/3aea1332-20e6-4a5d-a826-18916372ef57"
      }, {
        "reference": "Encounter/7f1a69ae-ad6b-4f6d-9e20-abef29a882c3"
      }, {
        "reference": "Coverage/505b6c28-792a-4fed-8a4c-b2069b9d2bfc"
      }, {
        "reference": "Observation/fe566869-5824-4858-ae49-d10a84f94d9a"
      }, {
        "reference": "Procedure/49a97a1e-0141-4cdc-9c7d-0d202d78fbb6"
      }, {
        "reference": "Organization/b678208c-7a3f-4a2f-a03d-45d2ed76ebcf"
      }, {
        "reference": "Practitioner/4b4fe976-4699-421f-885d-ad6c4b9a8869"
      } ]
    },
    "request": {
      "method": "PUT",
      "url": "MeasureReport/abb50dac-7848-431d-aaa4-6ad12e275304"
    }
  } ]
}