{
  "resourceType": "Bundle",
  "id": "351354132152464",
  "type": "transaction",
  "entry": [ {
    "fullUrl": "https://madie.cms.gov/Patient/b3cad3db-a17d-4eec-8852-851b438b7964",
    "resource": {
      "resourceType": "Patient",
      "id": "b3cad3db-a17d-4eec-8852-851b438b7964",
      "meta": {
        "profile": [ "http://hl7.org/fhir/us/qicore/StructureDefinition/qicore-patient" ]
      },
      "extension": [ {
        "url": "http://hl7.org/fhir/us/core/StructureDefinition/us-core-race",
        "extension": [ {
          "url": "ombCategory",
          "valueCoding": {
            "system": "urn:oid:2.16.840.1.113883.6.238",
            "code": "1002-5",
            "display": "American Indian or Alaska Native",
            "userSelected": true
          }
        }, {
          "url": "text",
          "valueString": "American Indian or Alaska Native"
        } ]
      }, {
        "url": "http://hl7.org/fhir/us/core/StructureDefinition/us-core-ethnicity",
        "extension": [ {
          "url": "ombCategory",
          "valueCoding": {
            "system": "urn:oid:2.16.840.1.113883.6.238",
            "code": "2135-2",
            "display": "Hispanic or Latino",
            "userSelected": true
          }
        }, {
          "url": "text",
          "valueString": "Hispanic or Latino"
        } ]
      } ],
      "identifier": [ {
        "type": {
          "coding": [ {
            "system": "http://terminology.hl7.org/CodeSystem/v2-0203",
            "code": "MR"
          } ]
        },
        "system": "https://bonnie-fhir.healthit.gov/",
        "value": "62bc55a63e113102f8cedc5b"
      } ],
      "name": [ {
        "family": "DENEXCEPPass",
        "given": [ "PtRefusedDEXA" ]
      } ],
      "gender": "male",
      "birthDate": "1958-08-09"
    },
    "request": {
      "method": "PUT",
      "url": "Patient/b3cad3db-a17d-4eec-8852-851b438b7964"
    }
  }, {
    "fullUrl": "https://madie.cms.gov/Encounter/23b5059e-92b3-4333-ae80-f29b493648ca",
    "resource": {
      "resourceType": "Encounter",
      "id": "23b5059e-92b3-4333-ae80-f29b493648ca",
      "meta": {
        "profile": [ "http://hl7.org/fhir/us/qicore/StructureDefinition/qicore-encounter" ]
      },
      "status": "finished",
      "class": {
        "system": "http://terminology.hl7.org/CodeSystem/v3-ActCode",
        "code": "AMB",
        "display": "ambulatory"
      },
      "type": [ {
        "coding": [ {
          "system": "http://snomed.info/sct",
          "version": "2020-09",
          "code": "185463005",
          "display": "Visit out of hours (procedure)"
        } ]
      } ],
      "subject": {
        "reference": "Patient/b3cad3db-a17d-4eec-8852-851b438b7964"
      },
      "period": {
        "start": "2025-02-03T08:00:00.000+00:00",
        "end": "2025-02-03T08:15:00.000+00:00"
      }
    },
    "request": {
      "method": "PUT",
      "url": "Encounter/23b5059e-92b3-4333-ae80-f29b493648ca"
    }
  }, {
    "fullUrl": "https://madie.cms.gov/Condition/921a10d9-331c-452b-8277-0cda96d9760b",
    "resource": {
      "resourceType": "Condition",
      "id": "921a10d9-331c-452b-8277-0cda96d9760b",
      "meta": {
        "profile": [ "http://hl7.org/fhir/us/qicore/StructureDefinition/qicore-condition-problems-health-concerns" ]
      },
      "clinicalStatus": {
        "coding": [ {
          "system": "http://terminology.hl7.org/CodeSystem/condition-clinical",
          "code": "active"
        } ]
      },
      "verificationStatus": {
        "coding": [ {
          "system": "http://terminology.hl7.org/CodeSystem/condition-ver-status",
          "code": "confirmed"
        } ]
      },
      "category": [ {
        "coding": [ {
          "system": "http://terminology.hl7.org/CodeSystem/condition-category",
          "code": "problem-list-item",
          "display": "Problem List Item"
        } ]
      } ],
      "code": {
        "coding": [ {
          "system": "http://snomed.info/sct",
          "version": "2020-09",
          "code": "254900004",
          "display": "Carcinoma of prostate (disorder)",
          "userSelected": true
        } ]
      },
      "subject": {
        "reference": "Patient/b3cad3db-a17d-4eec-8852-851b438b7964"
      },
      "onsetDateTime": "2025-02-03T08:00:00.000+00:00"
    },
    "request": {
      "method": "PUT",
      "url": "Condition/921a10d9-331c-452b-8277-0cda96d9760b"
    }
  }, {
    "fullUrl": "https://madie.cms.gov/MedicationRequest/520e8672-8448-4b96-be05-2a5a74ce453f",
    "resource": {
      "resourceType": "MedicationRequest",
      "id": "520e8672-8448-4b96-be05-2a5a74ce453f",
      "meta": {
        "profile": [ "http://hl7.org/fhir/us/qicore/StructureDefinition/qicore-medicationrequest" ]
      },
      "status": "active",
      "intent": "order",
      "medicationCodeableConcept": {
        "coding": [ {
          "system": "http://www.nlm.nih.gov/research/umls/rxnorm",
          "code": "1115257",
          "display": "1.5 ML leuprolide acetate 30 MG/ML Prefilled Syringe",
          "userSelected": true
        } ]
      },
      "subject": {
        "reference": "Patient/b3cad3db-a17d-4eec-8852-851b438b7964"
      },
      "authoredOn": "2025-02-03T08:00:00.000+00:00",
      "requester": {
        "reference": "http://myGoodHealthcare.com/fhir/Practitioner/3fb7b65d-7dc3-475e-954b-f75db378e92d"
      },
      "dosageInstruction": [ {
        "timing": {
          "repeat": {
            "boundsPeriod": {
              "start": "2025-02-03T08:00:00.000+00:00",
              "end": "2025-03-03T08:00:00.000+00:00"
            }
          }
        }
      } ]
    },
    "request": {
      "method": "PUT",
      "url": "MedicationRequest/520e8672-8448-4b96-be05-2a5a74ce453f"
    }
  }, {
    "fullUrl": "https://madie.cms.gov/Observation/e849911a-5711-454a-bf43-4643c9d659c5",
    "resource": {
      "resourceType": "Observation",
      "id": "e849911a-5711-454a-bf43-4643c9d659c5",
      "meta": {
        "profile": [ "http://hl7.org/fhir/us/qicore/StructureDefinition/qicore-observationcancelled" ]
      },
      "extension": [ {
        "url": "http://hl7.org/fhir/us/qicore/StructureDefinition/qicore-notDoneReason",
        "valueCodeableConcept": {
          "coding": [ {
            "system": "http://snomed.info/sct",
            "code": "105480006",
            "display": "Refusal of treatment by patient (situation)",
            "userSelected": true
          } ]
        }
      } ],
      "status": "cancelled",
      "category": [ {
        "coding": [ {
          "system": "http://terminology.hl7.org/CodeSystem/observation-category",
          "code": "laboratory",
          "display": "Laboratory"
        } ]
      } ],
      "code": {
        "coding": [ {
          "system": "http://loinc.org",
          "version": "2.71",
          "code": "38265-5",
          "display": "DXA Radius and Ulna [T-score] Bone density",
          "userSelected": true
        } ]
      },
      "subject": {
        "reference": "Patient/b3cad3db-a17d-4eec-8852-851b438b7964"
      },
      "issued": "2025-05-03T08:00:00.000+00:00"
    },
    "request": {
      "method": "PUT",
      "url": "Observation/e849911a-5711-454a-bf43-4643c9d659c5"
    }
  }, {
    "fullUrl": "https://madie.cms.gov/ServiceRequest/41c94ecf-2daa-47e8-b9e3-8484e7b00b56",
    "resource": {
      "resourceType": "ServiceRequest",
      "id": "41c94ecf-2daa-47e8-b9e3-8484e7b00b56",
      "meta": {
        "profile": [ "http://hl7.org/fhir/us/qicore/StructureDefinition/qicore-servicerequest" ]
      },
      "status": "active",
      "intent": "order",
      "code": {
        "coding": [ {
          "system": "http://snomed.info/sct",
          "code": "456381000124102",
          "display": "Injection of leuprolide acetate for twelve month period (regime/therapy)"
        } ]
      },
      "subject": {
        "reference": "Patient/b3cad3db-a17d-4eec-8852-851b438b7964"
      },
      "authoredOn": "2025-02-03T08:00:00.000+00:00"
    },
    "request": {
      "method": "PUT",
      "url": "ServiceRequest/41c94ecf-2daa-47e8-b9e3-8484e7b00b56"
    }
  }, {
    "fullUrl": "https://madie.cms.gov/Practitioner/3fb7b65d-7dc3-475e-954b-f75db378e92d",
    "resource": {
      "resourceType": "Practitioner",
      "id": "3fb7b65d-7dc3-475e-954b-f75db378e92d",
      "meta": {
        "profile": [ "http://hl7.org/fhir/us/qicore/StructureDefinition/qicore-practitioner" ]
      },
      "identifier": [ {
        "use": "temp",
        "system": "urn:oid:2.16.840.1.113883.4.336",
        "value": "Practitioner-23"
      } ],
      "active": true,
      "name": [ {
        "family": "Careful",
        "given": [ "Adam" ],
        "prefix": [ "Dr" ]
      } ],
      "address": [ {
        "use": "home",
        "line": [ "534 Erewhon St" ],
        "city": "PleasantVille",
        "state": "UT",
        "postalCode": "84414"
      } ],
      "qualification": [ {
        "identifier": [ {
          "system": "http://example.org/UniversityIdentifier",
          "value": "12345"
        } ],
        "code": {
          "coding": [ {
            "system": "http://terminology.hl7.org/CodeSystem/v2-0360|2.7",
            "code": "BS",
            "display": "Bachelor of Science"
          } ],
          "text": "Bachelor of Science"
        },
        "period": {
          "start": "1995"
        },
        "issuer": {
          "display": "Example University"
        }
      } ]
    },
    "request": {
      "method": "PUT",
      "url": "Practitioner/3fb7b65d-7dc3-475e-954b-f75db378e92d"
    }
  }, {
    "fullUrl": "https://madie.cms.gov/MeasureReport/7d649d8c-99ca-41f8-8331-20e30169936c",
    "resource": {
      "resourceType": "MeasureReport",
      "id": "7d649d8c-99ca-41f8-8331-20e30169936c",
      "meta": {
        "profile": [ "http://hl7.org/fhir/us/cqfmeasures/StructureDefinition/test-case-cqfm" ]
      },
      "contained": [ {
        "resourceType": "Parameters",
        "id": "90869c54-6149-43af-9a81-ed01f7300044-parameters",
        "parameter": [ {
          "name": "subject",
          "valueString": "b3cad3db-a17d-4eec-8852-851b438b7964"
        } ]
      } ],
      "extension": [ {
        "url": "http://hl7.org/fhir/us/cqfmeasures/StructureDefinition/cqfm-inputParameters",
        "valueReference": {
          "reference": "#90869c54-6149-43af-9a81-ed01f7300044-parameters"
        }
      }, {
        "url": "http://hl7.org/fhir/us/cqfmeasures/StructureDefinition/cqfm-testCaseDescription",
        "valueMarkdown": "Dx of Prostate Cancer. Patient refused DEXA at 3 months after ADT. Edge. Note: This will need modified when execution engine contains update for Negation"
      } ],
      "modifierExtension": [ {
        "url": "http://hl7.org/fhir/us/cqfmeasures/StructureDefinition/cqfm-isTestCase",
        "valueBoolean": true
      } ],
      "status": "complete",
      "type": "individual",
      "measure": "https://madie.cms.gov/Measure/BoneDensityProstateCancerAndrogenDeprivationTherapyFHIR6",
      "period": {
        "start": "2025-01-01",
        "end": "2025-12-31"
      },
      "group": [ {
        "id": "67b61060a0d801640767a597",
        "population": [ {
          "id": "E8F25116-1779-4BA6-B606-34F12AE4F5BA",
          "code": {
            "coding": [ {
              "system": "http://terminology.hl7.org/CodeSystem/measure-population",
              "code": "initial-population",
              "display": "Initial Population"
            } ]
          },
          "count": 1
        }, {
          "id": "1C145A56-9250-4444-A497-86C44F55CFDB",
          "code": {
            "coding": [ {
              "system": "http://terminology.hl7.org/CodeSystem/measure-population",
              "code": "denominator",
              "display": "Denominator"
            } ]
          },
          "count": 1
        }, {
          "id": "B1E0E3D2-D44E-4BFF-92F8-077CF1AE234F",
          "code": {
            "coding": [ {
              "system": "http://terminology.hl7.org/CodeSystem/measure-population",
              "code": "numerator",
              "display": "Numerator"
            } ]
          },
          "count": 0
        }, {
          "id": "A9552F46-139C-4270-835C-224132205362",
          "code": {
            "coding": [ {
              "system": "http://terminology.hl7.org/CodeSystem/measure-population",
              "code": "denominator-exception",
              "display": "Denominator Exception"
            } ]
          },
          "count": 0
        } ],
        "measureScore": {
          "value": 1.0
        }
      } ],
      "evaluatedResource": [ {
        "reference": "Patient/b3cad3db-a17d-4eec-8852-851b438b7964"
      }, {
        "reference": "Encounter/23b5059e-92b3-4333-ae80-f29b493648ca"
      }, {
        "reference": "Condition/921a10d9-331c-452b-8277-0cda96d9760b"
      }, {
        "reference": "MedicationRequest/520e8672-8448-4b96-be05-2a5a74ce453f"
      }, {
        "reference": "Observation/e849911a-5711-454a-bf43-4643c9d659c5"
      }, {
        "reference": "ServiceRequest/41c94ecf-2daa-47e8-b9e3-8484e7b00b56"
      }, {
        "reference": "Practitioner/3fb7b65d-7dc3-475e-954b-f75db378e92d"
      } ]
    },
    "request": {
      "method": "PUT",
      "url": "MeasureReport/7d649d8c-99ca-41f8-8331-20e30169936c"
    }
  } ]
}