{
  "resourceType": "Bundle",
  "id": "13546451asdf3513541654FF",
  "type": "transaction",
  "entry": [ {
    "fullUrl": "https://madie.cms.gov/Patient/d07cf359-d46c-4adf-b2d4-e02a2f43b78e",
    "resource": {
      "resourceType": "Patient",
      "id": "d07cf359-d46c-4adf-b2d4-e02a2f43b78e",
      "meta": {
        "profile": [ "http://hl7.org/fhir/us/qicore/StructureDefinition/qicore-patient" ]
      },
      "extension": [ {
        "url": "http://hl7.org/fhir/us/core/StructureDefinition/us-core-race",
        "extension": [ {
          "url": "ombCategory",
          "valueCoding": {
            "system": "urn:oid:2.16.840.1.113883.6.238",
            "code": "2028-9",
            "display": "Asian",
            "userSelected": true
          }
        }, {
          "url": "text",
          "valueString": "Asian"
        } ]
      }, {
        "url": "http://hl7.org/fhir/us/core/StructureDefinition/us-core-ethnicity",
        "extension": [ {
          "url": "ombCategory",
          "valueCoding": {
            "system": "urn:oid:2.16.840.1.113883.6.238",
            "code": "2186-5",
            "display": "Not Hispanic or Latino",
            "userSelected": true
          }
        }, {
          "url": "text",
          "valueString": "Not Hispanic or Latino"
        } ]
      } ],
      "identifier": [ {
        "type": {
          "coding": [ {
            "system": "http://terminology.hl7.org/CodeSystem/v2-0203",
            "code": "MR"
          } ]
        },
        "system": "https://bonnie-fhir.healthit.gov/",
        "value": "60d4d72c410233651461d7bd"
      } ],
      "name": [ {
        "family": "DENEXCEPPass",
        "given": [ "DEXANotPerformedPtRefused" ]
      } ],
      "gender": "male",
      "birthDate": "1934-12-15"
    },
    "request": {
      "method": "PUT",
      "url": "Patient/d07cf359-d46c-4adf-b2d4-e02a2f43b78e"
    }
  }, {
    "fullUrl": "https://madie.cms.gov/Encounter/75023180-e8e0-4556-859e-5469afec4572",
    "resource": {
      "resourceType": "Encounter",
      "id": "75023180-e8e0-4556-859e-5469afec4572",
      "meta": {
        "profile": [ "http://hl7.org/fhir/us/qicore/StructureDefinition/qicore-encounter" ]
      },
      "status": "finished",
      "class": {
        "system": "http://terminology.hl7.org/CodeSystem/v3-ActCode",
        "code": "AMB",
        "display": "ambulatory"
      },
      "type": [ {
        "coding": [ {
          "system": "http://snomed.info/sct",
          "version": "2021-09",
          "code": "185463005",
          "display": "Visit out of hours (procedure)",
          "userSelected": true
        } ]
      } ],
      "subject": {
        "reference": "Patient/d07cf359-d46c-4adf-b2d4-e02a2f43b78e"
      },
      "period": {
        "start": "2026-04-04T08:00:00.000+00:00",
        "end": "2026-04-04T08:15:00.000+00:00"
      }
    },
    "request": {
      "method": "PUT",
      "url": "Encounter/75023180-e8e0-4556-859e-5469afec4572"
    }
  }, {
    "fullUrl": "https://madie.cms.gov/Condition/55aacd05-bc5f-45e0-982f-0ac871ab82f0",
    "resource": {
      "resourceType": "Condition",
      "id": "55aacd05-bc5f-45e0-982f-0ac871ab82f0",
      "meta": {
        "profile": [ "http://hl7.org/fhir/us/qicore/StructureDefinition/qicore-condition-problems-health-concerns" ]
      },
      "clinicalStatus": {
        "coding": [ {
          "system": "http://terminology.hl7.org/CodeSystem/condition-clinical",
          "code": "active"
        } ]
      },
      "verificationStatus": {
        "coding": [ {
          "system": "http://terminology.hl7.org/CodeSystem/condition-ver-status",
          "code": "confirmed"
        } ]
      },
      "category": [ {
        "coding": [ {
          "system": "http://terminology.hl7.org/CodeSystem/condition-category",
          "code": "problem-list-item",
          "display": "Problem List Item"
        } ]
      } ],
      "code": {
        "coding": [ {
          "system": "http://snomed.info/sct",
          "version": "http://snomed.info/sct/731000124108/version/20250301",
          "code": "254900004",
          "display": "Carcinoma of prostate (disorder)",
          "userSelected": true
        } ]
      },
      "subject": {
        "reference": "Patient/d07cf359-d46c-4adf-b2d4-e02a2f43b78e"
      },
      "onsetPeriod": {
        "start": "2026-04-04T08:00:00.000+00:00"
      }
    },
    "request": {
      "method": "PUT",
      "url": "Condition/55aacd05-bc5f-45e0-982f-0ac871ab82f0"
    }
  }, {
    "fullUrl": "https://madie.cms.gov/MedicationRequest/1b93a987-5870-44d1-a3a2-3569388b6fc7",
    "resource": {
      "resourceType": "MedicationRequest",
      "id": "1b93a987-5870-44d1-a3a2-3569388b6fc7",
      "meta": {
        "profile": [ "http://hl7.org/fhir/us/qicore/StructureDefinition/qicore-medicationrequest" ]
      },
      "status": "active",
      "intent": "order",
      "medicationCodeableConcept": {
        "coding": [ {
          "system": "http://www.nlm.nih.gov/research/umls/rxnorm",
          "code": "1115257",
          "display": "1.5 ML leuprolide acetate 30 MG/ML Prefilled Syringe",
          "userSelected": true
        } ]
      },
      "subject": {
        "reference": "Patient/d07cf359-d46c-4adf-b2d4-e02a2f43b78e"
      },
      "authoredOn": "2026-04-04T08:00:00.000+00:00",
      "requester": {
        "reference": "http://myGoodHealthcare.com/fhir/Practitioner/8e3b5281-575e-4d64-8a3d-bff86f2f846a"
      },
      "dosageInstruction": [ {
        "timing": {
          "repeat": {
            "boundsPeriod": {
              "start": "2026-04-04T08:00:00.000+00:00",
              "end": "2026-05-04T08:00:00.000+00:00"
            }
          }
        }
      } ]
    },
    "request": {
      "method": "PUT",
      "url": "MedicationRequest/1b93a987-5870-44d1-a3a2-3569388b6fc7"
    }
  }, {
    "fullUrl": "https://madie.cms.gov/ServiceRequest/ed09d017-0dae-4d23-a81c-3416579bce70",
    "resource": {
      "resourceType": "ServiceRequest",
      "id": "ed09d017-0dae-4d23-a81c-3416579bce70",
      "meta": {
        "profile": [ "http://hl7.org/fhir/us/qicore/StructureDefinition/qicore-servicerequest" ]
      },
      "status": "active",
      "intent": "order",
      "code": {
        "coding": [ {
          "system": "http://snomed.info/sct",
          "version": "http://snomed.info/sct/731000124108/version/20250301",
          "code": "456381000124102",
          "display": "Injection of leuprolide acetate for twelve month period (regime/therapy)",
          "userSelected": true
        } ]
      },
      "subject": {
        "reference": "Patient/d07cf359-d46c-4adf-b2d4-e02a2f43b78e"
      },
      "authoredOn": "2026-04-04T08:00:00.000+00:00"
    },
    "request": {
      "method": "PUT",
      "url": "ServiceRequest/ed09d017-0dae-4d23-a81c-3416579bce70"
    }
  }, {
    "fullUrl": "https://madie.cms.gov/ServiceRequest/ae6b3fd5-888f-4944-943f-86e43a730cf5",
    "resource": {
      "resourceType": "ServiceRequest",
      "id": "ae6b3fd5-888f-4944-943f-86e43a730cf5",
      "meta": {
        "profile": [ "http://hl7.org/fhir/us/qicore/StructureDefinition/qicore-servicenotrequested" ]
      },
      "extension": [ {
        "url": "http://hl7.org/fhir/us/qicore/StructureDefinition/qicore-doNotPerformReason",
        "valueCodeableConcept": {
          "coding": [ {
            "system": "http://snomed.info/sct",
            "code": "105480006",
            "display": "Refusal of treatment by patient",
            "userSelected": true
          } ]
        }
      } ],
      "status": "completed",
      "intent": "order",
      "doNotPerform": true,
      "code": {
        "coding": [ {
          "system": "http://loinc.org",
          "version": "2.71",
          "code": "38265-5",
          "display": "DXA Radius and Ulna [T-score] Bone density",
          "userSelected": true
        } ]
      },
      "subject": {
        "reference": "Patient/d07cf359-d46c-4adf-b2d4-e02a2f43b78e"
      },
      "authoredOn": "2026-04-06T08:00:00.000+00:00"
    },
    "request": {
      "method": "PUT",
      "url": "ServiceRequest/ae6b3fd5-888f-4944-943f-86e43a730cf5"
    }
  }, {
    "fullUrl": "https://madie.cms.gov/Practitioner/8e3b5281-575e-4d64-8a3d-bff86f2f846a",
    "resource": {
      "resourceType": "Practitioner",
      "id": "8e3b5281-575e-4d64-8a3d-bff86f2f846a",
      "meta": {
        "profile": [ "http://hl7.org/fhir/us/qicore/StructureDefinition/qicore-practitioner" ]
      },
      "identifier": [ {
        "use": "temp",
        "system": "urn:oid:2.16.840.1.113883.4.336",
        "value": "Practitioner-23"
      } ],
      "active": true,
      "name": [ {
        "family": "Careful",
        "given": [ "Adam" ],
        "prefix": [ "Dr" ]
      } ],
      "address": [ {
        "use": "home",
        "line": [ "534 Erewhon St" ],
        "city": "PleasantVille",
        "state": "UT",
        "postalCode": "84414"
      } ],
      "qualification": [ {
        "identifier": [ {
          "system": "http://example.org/UniversityIdentifier",
          "value": "12345"
        } ],
        "code": {
          "coding": [ {
            "system": "http://terminology.hl7.org/CodeSystem/v2-0360|2.7",
            "code": "BS",
            "display": "Bachelor of Science"
          } ],
          "text": "Bachelor of Science"
        },
        "period": {
          "start": "1996"
        },
        "issuer": {
          "display": "Example University"
        }
      } ]
    },
    "request": {
      "method": "PUT",
      "url": "Practitioner/8e3b5281-575e-4d64-8a3d-bff86f2f846a"
    }
  }, {
    "fullUrl": "https://madie.cms.gov/MeasureReport/a9ec33c5-ea41-45eb-80ce-af154c55f428",
    "resource": {
      "resourceType": "MeasureReport",
      "id": "a9ec33c5-ea41-45eb-80ce-af154c55f428",
      "meta": {
        "profile": [ "http://hl7.org/fhir/us/cqfmeasures/StructureDefinition/test-case-cqfm" ]
      },
      "contained": [ {
        "resourceType": "Parameters",
        "id": "704620d7-4eda-48b2-b8c0-99d0cc6c7924-parameters",
        "parameter": [ {
          "name": "subject",
          "valueString": "d07cf359-d46c-4adf-b2d4-e02a2f43b78e"
        } ]
      } ],
      "extension": [ {
        "url": "http://hl7.org/fhir/StructureDefinition/cqf-inputParameters",
        "valueReference": {
          "reference": "#704620d7-4eda-48b2-b8c0-99d0cc6c7924-parameters"
        }
      }, {
        "url": "http://hl7.org/fhir/us/cqfmeasures/StructureDefinition/cqfm-testCaseDescription",
        "valueMarkdown": "Dx of Prostate Cancer, DEXA not performed due to patient refused. DENEXCEP passes as expected."
      } ],
      "modifierExtension": [ {
        "url": "http://hl7.org/fhir/us/cqfmeasures/StructureDefinition/cqfm-isTestCase",
        "valueBoolean": true
      } ],
      "status": "complete",
      "type": "individual",
      "measure": "https://madie.cms.gov/Measure/CMS645FHIRBoneDensityPCADTherapy",
      "period": {
        "start": "2026-01-01",
        "end": "2026-12-31"
      },
      "group": [ {
        "id": "Group_1",
        "population": [ {
          "id": "InitialPopulation_1",
          "code": {
            "coding": [ {
              "system": "http://terminology.hl7.org/CodeSystem/measure-population",
              "code": "initial-population",
              "display": "Initial Population"
            } ]
          },
          "count": 1
        }, {
          "id": "Denominator_1",
          "code": {
            "coding": [ {
              "system": "http://terminology.hl7.org/CodeSystem/measure-population",
              "code": "denominator",
              "display": "Denominator"
            } ]
          },
          "count": 1
        }, {
          "id": "Numerator_1",
          "code": {
            "coding": [ {
              "system": "http://terminology.hl7.org/CodeSystem/measure-population",
              "code": "numerator",
              "display": "Numerator"
            } ]
          },
          "count": 0
        }, {
          "id": "DenominatorException_1",
          "code": {
            "coding": [ {
              "system": "http://terminology.hl7.org/CodeSystem/measure-population",
              "code": "denominator-exception",
              "display": "Denominator Exception"
            } ]
          },
          "count": 0
        } ],
        "measureScore": {
          "value": 1.0
        }
      } ],
      "evaluatedResource": [ {
        "reference": "Patient/d07cf359-d46c-4adf-b2d4-e02a2f43b78e"
      }, {
        "reference": "Encounter/75023180-e8e0-4556-859e-5469afec4572"
      }, {
        "reference": "Condition/55aacd05-bc5f-45e0-982f-0ac871ab82f0"
      }, {
        "reference": "MedicationRequest/1b93a987-5870-44d1-a3a2-3569388b6fc7"
      }, {
        "reference": "ServiceRequest/ed09d017-0dae-4d23-a81c-3416579bce70"
      }, {
        "reference": "ServiceRequest/ae6b3fd5-888f-4944-943f-86e43a730cf5"
      }, {
        "reference": "Practitioner/8e3b5281-575e-4d64-8a3d-bff86f2f846a"
      } ]
    },
    "request": {
      "method": "PUT",
      "url": "MeasureReport/a9ec33c5-ea41-45eb-80ce-af154c55f428"
    }
  } ]
}