{
  "resourceType": "Bundle",
  "id": "612e6a6002c62a011f2e9dfd",
  "type": "transaction",
  "entry": [ {
    "fullUrl": "https://madie.cms.gov/Patient/1ad4f0db-28c7-4c50-b19a-f2fea83b9fb6",
    "resource": {
      "resourceType": "Patient",
      "id": "1ad4f0db-28c7-4c50-b19a-f2fea83b9fb6",
      "meta": {
        "profile": [ "http://hl7.org/fhir/us/qicore/StructureDefinition/qicore-patient" ]
      },
      "text": {
        "status": "generated",
        "div": "<div xmlns=\"http://www.w3.org/1999/xhtml\"><div class=\"hapiHeaderText\">PtRef_MA_InjXa_DayOfAnes <b>NUMERPASS </b></div><table class=\"hapiPropertyTable\"><tbody><tr><td>Identifier</td><td>bec2580a47ed4bf7691b191e0654b2de</td></tr><tr><td>Date of birth</td><td><span>02 January 1974</span></td></tr></tbody></table></div>"
      },
      "extension": [ {
        "url": "http://hl7.org/fhir/us/core/StructureDefinition/us-core-race",
        "extension": [ {
          "url": "ombCategory",
          "valueCoding": {
            "system": "urn:oid:2.16.840.1.113883.6.238",
            "code": "1002-5",
            "display": "American Indian or Alaska Native",
            "userSelected": true
          }
        }, {
          "url": "text",
          "valueString": "American Indian or Alaska Native"
        } ]
      }, {
        "url": "http://hl7.org/fhir/us/core/StructureDefinition/us-core-ethnicity",
        "extension": [ {
          "url": "ombCategory",
          "valueCoding": {
            "system": "urn:oid:2.16.840.1.113883.6.238",
            "code": "2135-2",
            "display": "Hispanic or Latino",
            "userSelected": true
          }
        }, {
          "url": "text",
          "valueString": "Hispanic or Latino"
        } ]
      } ],
      "identifier": [ {
        "type": {
          "coding": [ {
            "system": "http://terminology.hl7.org/CodeSystem/v2-0203",
            "code": "MR"
          } ]
        },
        "system": "https://bonnie-fhir.healthit.gov/",
        "value": "612e6a6002c62a011f2e9dfd"
      } ],
      "active": true,
      "name": [ {
        "use": "usual",
        "family": "NUMERPass",
        "given": [ "MA_PtRef_InjXa_DayOfAnes" ]
      } ],
      "gender": "male",
      "birthDate": "1974-01-02"
    },
    "request": {
      "method": "PUT",
      "url": "Patient/1ad4f0db-28c7-4c50-b19a-f2fea83b9fb6"
    }
  }, {
    "fullUrl": "https://madie.cms.gov/Encounter/1ea13a45-dc71-41c5-9df7-85ea07b1fca2",
    "resource": {
      "resourceType": "Encounter",
      "id": "1ea13a45-dc71-41c5-9df7-85ea07b1fca2",
      "meta": {
        "profile": [ "http://hl7.org/fhir/us/qicore/StructureDefinition/qicore-encounter" ]
      },
      "status": "finished",
      "class": {
        "system": "http://terminology.hl7.org/CodeSystem/v3-ActCode",
        "code": "IMP",
        "display": "inpatient encounter"
      },
      "type": [ {
        "coding": [ {
          "system": "http://snomed.info/sct",
          "code": "8715000"
        } ]
      } ],
      "subject": {
        "reference": "Patient/1ad4f0db-28c7-4c50-b19a-f2fea83b9fb6"
      },
      "period": {
        "start": "2025-11-01T08:00:00+00:00",
        "end": "2025-11-26T08:15:00+00:00"
      },
      "length": {
        "value": 25,
        "unit": "days"
      }
    },
    "request": {
      "method": "PUT",
      "url": "Encounter/1ea13a45-dc71-41c5-9df7-85ea07b1fca2"
    }
  }, {
    "fullUrl": "https://madie.cms.gov/Coverage/034c39ec-601e-44ce-8a16-7b5eea8f1312",
    "resource": {
      "resourceType": "Coverage",
      "id": "034c39ec-601e-44ce-8a16-7b5eea8f1312",
      "status": "active",
      "beneficiary": {
        "reference": "Patient/1ad4f0db-28c7-4c50-b19a-f2fea83b9fb6"
      },
      "period": {
        "start": "1974-01-02T08:00:00+00:00"
      },
      "payor": [ {
        "reference": "Organization/b9c90d44-1e03-4a99-a12a-6e4a5b4b1eff"
      } ]
    },
    "request": {
      "method": "PUT",
      "url": "Coverage/034c39ec-601e-44ce-8a16-7b5eea8f1312"
    }
  }, {
    "fullUrl": "https://madie.cms.gov/MedicationAdministration/d7150972-6f38-4050-8c7a-ff0a5bee2c23",
    "resource": {
      "resourceType": "MedicationAdministration",
      "id": "d7150972-6f38-4050-8c7a-ff0a5bee2c23",
      "meta": {
        "profile": [ "http://hl7.org/fhir/us/qicore/StructureDefinition/qicore-mednotadministered" ]
      },
      "extension": [ {
        "url": "http://hl7.org/fhir/us/qicore/StructureDefinition/qicore-recorded",
        "valueDateTime": "2025-11-02T11:00:00+00:00"
      } ],
      "status": "not-done",
      "statusReason": [ {
        "coding": [ {
          "system": "http://snomed.info/sct",
          "code": "443390004",
          "display": "Refusal of treatment by patient (situation)"
        } ]
      } ],
      "medicationCodeableConcept": {
        "coding": [ {
          "system": "http://www.nlm.nih.gov/research/umls/rxnorm",
          "code": "861356"
        } ]
      },
      "subject": {
        "reference": "Patient/1ad4f0db-28c7-4c50-b19a-f2fea83b9fb6"
      },
      "effectivePeriod": {
        "start": "2025-11-02T11:00:00+00:00"
      }
    },
    "request": {
      "method": "PUT",
      "url": "MedicationAdministration/d7150972-6f38-4050-8c7a-ff0a5bee2c23"
    }
  }, {
    "fullUrl": "https://madie.cms.gov/Procedure/cab9e18b-1fe2-4953-8e2f-4a4fb398b863",
    "resource": {
      "resourceType": "Procedure",
      "id": "cab9e18b-1fe2-4953-8e2f-4a4fb398b863",
      "meta": {
        "profile": [ "http://hl7.org/fhir/us/qicore/StructureDefinition/qicore-procedure" ]
      },
      "extension": [ {
        "url": "http://hl7.org/fhir/us/qicore/StructureDefinition/qicore-recorded",
        "valueDateTime": "2012-11-19T09:35:00-04:00"
      } ],
      "status": "completed",
      "code": {
        "coding": [ {
          "system": "http://snomed.info/sct",
          "code": "18946005"
        } ]
      },
      "subject": {
        "reference": "Patient/1ad4f0db-28c7-4c50-b19a-f2fea83b9fb6"
      },
      "performedPeriod": {
        "start": "2025-11-02T09:00:00+00:00",
        "end": "2025-11-02T09:15:00+00:00"
      }
    },
    "request": {
      "method": "PUT",
      "url": "Procedure/cab9e18b-1fe2-4953-8e2f-4a4fb398b863"
    }
  }, {
    "fullUrl": "https://madie.cms.gov/Organization/b9c90d44-1e03-4a99-a12a-6e4a5b4b1eff",
    "resource": {
      "resourceType": "Organization",
      "id": "b9c90d44-1e03-4a99-a12a-6e4a5b4b1eff",
      "meta": {
        "profile": [ "http://hl7.org/fhir/us/qicore/StructureDefinition/qicore-organization" ]
      },
      "identifier": [ {
        "use": "temp",
        "system": "urn:oid:2.16.840.1.113883.4.4",
        "value": "21-3259825"
      } ],
      "active": true,
      "type": [ {
        "coding": [ {
          "system": "http://terminology.hl7.org/CodeSystem/organization-type",
          "code": "pay",
          "display": "Payer"
        } ]
      } ],
      "name": "Blue Cross Blue Shield of Texas",
      "telecom": [ {
        "system": "phone",
        "value": "(+1) 972-766-6900"
      } ],
      "address": [ {
        "use": "billing",
        "type": "postal",
        "line": [ "P.O. Box 660044" ],
        "city": "Dallas",
        "state": "TX",
        "postalCode": "75266-0044",
        "country": "USA"
      } ]
    },
    "request": {
      "method": "PUT",
      "url": "Organization/b9c90d44-1e03-4a99-a12a-6e4a5b4b1eff"
    }
  }, {
    "fullUrl": "https://madie.cms.gov/Practitioner/487cca34-0daa-40a8-a53e-c95dff489ac5",
    "resource": {
      "resourceType": "Practitioner",
      "id": "487cca34-0daa-40a8-a53e-c95dff489ac5",
      "identifier": [ {
        "system": "http://hl7.org/fhir/sid/us-npi",
        "value": "123456"
      } ],
      "name": [ {
        "family": "Evil",
        "prefix": [ "Dr" ]
      } ]
    },
    "request": {
      "method": "PUT",
      "url": "Practitioner/487cca34-0daa-40a8-a53e-c95dff489ac5"
    }
  }, {
    "fullUrl": "https://madie.cms.gov/MeasureReport/e79691cc-e488-4b85-a562-eb95fb0e3f51",
    "resource": {
      "resourceType": "MeasureReport",
      "id": "e79691cc-e488-4b85-a562-eb95fb0e3f51",
      "meta": {
        "profile": [ "http://hl7.org/fhir/us/cqfmeasures/StructureDefinition/test-case-cqfm" ]
      },
      "contained": [ {
        "resourceType": "Parameters",
        "id": "c10dea97-d7dc-4e27-92c4-0701c2a4c556-parameters",
        "parameter": [ {
          "name": "subject",
          "valueString": "1ad4f0db-28c7-4c50-b19a-f2fea83b9fb6"
        } ]
      } ],
      "extension": [ {
        "url": "http://hl7.org/fhir/us/cqfmeasures/StructureDefinition/cqfm-inputParameters",
        "valueReference": {
          "reference": "#c10dea97-d7dc-4e27-92c4-0701c2a4c556-parameters"
        }
      }, {
        "url": "http://hl7.org/fhir/us/cqfmeasures/StructureDefinition/cqfm-testCaseDescription",
        "valueMarkdown": "factor Xa refused <= 1 day after end of anesthesia\n"
      } ],
      "modifierExtension": [ {
        "url": "http://hl7.org/fhir/us/cqfmeasures/StructureDefinition/cqfm-isTestCase",
        "valueBoolean": true
      } ],
      "status": "complete",
      "type": "individual",
      "measure": "https://madie.cms.gov/Measure/VenousThromboembolismProphylaxisFHIR",
      "period": {
        "start": "2025-01-01",
        "end": "2025-12-31"
      },
      "group": [ {
        "population": [ {
          "code": {
            "coding": [ {
              "system": "http://terminology.hl7.org/CodeSystem/measure-population",
              "code": "initial-population",
              "display": "Initial Population"
            } ]
          },
          "count": 1
        }, {
          "code": {
            "coding": [ {
              "system": "http://terminology.hl7.org/CodeSystem/measure-population",
              "code": "denominator",
              "display": "Denominator"
            } ]
          },
          "count": 1
        }, {
          "code": {
            "coding": [ {
              "system": "http://terminology.hl7.org/CodeSystem/measure-population",
              "code": "denominator-exclusion",
              "display": "Denominator Exclusion"
            } ]
          },
          "count": 0
        }, {
          "code": {
            "coding": [ {
              "system": "http://terminology.hl7.org/CodeSystem/measure-population",
              "code": "numerator",
              "display": "Numerator"
            } ]
          },
          "count": 1
        } ]
      } ],
      "evaluatedResource": [ {
        "reference": "Patient/1ad4f0db-28c7-4c50-b19a-f2fea83b9fb6"
      }, {
        "reference": "Encounter/1ea13a45-dc71-41c5-9df7-85ea07b1fca2"
      }, {
        "reference": "Coverage/034c39ec-601e-44ce-8a16-7b5eea8f1312"
      }, {
        "reference": "MedicationAdministration/d7150972-6f38-4050-8c7a-ff0a5bee2c23"
      }, {
        "reference": "Procedure/cab9e18b-1fe2-4953-8e2f-4a4fb398b863"
      }, {
        "reference": "Organization/b9c90d44-1e03-4a99-a12a-6e4a5b4b1eff"
      }, {
        "reference": "Practitioner/487cca34-0daa-40a8-a53e-c95dff489ac5"
      } ]
    },
    "request": {
      "method": "PUT",
      "url": "MeasureReport/e79691cc-e488-4b85-a562-eb95fb0e3f51"
    }
  } ]
}