{
  "resourceType": "Bundle",
  "id": "612e6a9802c62a011f2ea828",
  "type": "transaction",
  "entry": [ {
    "fullUrl": "https://madie.cms.gov/Patient/2abed069-61cc-40b2-a962-0785597a2c43",
    "resource": {
      "resourceType": "Patient",
      "id": "2abed069-61cc-40b2-a962-0785597a2c43",
      "meta": {
        "profile": [ "http://hl7.org/fhir/us/qicore/StructureDefinition/qicore-patient" ]
      },
      "text": {
        "status": "generated",
        "div": "<div xmlns=\"http://www.w3.org/1999/xhtml\"><div class=\"hapiHeaderText\">MedReason_MO_LMWHep_DO_GSC_DayOfAnes <b>NUMERPASS </b></div><table class=\"hapiPropertyTable\"><tbody><tr><td>Identifier</td><td>7e62c5832c05e34e66418ee66816965a</td></tr><tr><td>Date of birth</td><td><span>02 January 1974</span></td></tr></tbody></table></div>"
      },
      "extension": [ {
        "url": "http://hl7.org/fhir/us/core/StructureDefinition/us-core-race",
        "extension": [ {
          "url": "ombCategory",
          "valueCoding": {
            "system": "urn:oid:2.16.840.1.113883.6.238",
            "code": "1002-5",
            "display": "American Indian or Alaska Native",
            "userSelected": true
          }
        }, {
          "url": "text",
          "valueString": "American Indian or Alaska Native"
        } ]
      }, {
        "url": "http://hl7.org/fhir/us/core/StructureDefinition/us-core-ethnicity",
        "extension": [ {
          "url": "ombCategory",
          "valueCoding": {
            "system": "urn:oid:2.16.840.1.113883.6.238",
            "code": "2135-2",
            "display": "Hispanic or Latino",
            "userSelected": true
          }
        }, {
          "url": "text",
          "valueString": "Hispanic or Latino"
        } ]
      } ],
      "identifier": [ {
        "type": {
          "coding": [ {
            "system": "http://terminology.hl7.org/CodeSystem/v2-0203",
            "code": "MR"
          } ]
        },
        "system": "https://bonnie-fhir.healthit.gov/",
        "value": "612e6a9802c62a011f2ea828"
      } ],
      "active": true,
      "name": [ {
        "use": "usual",
        "family": "NUMERPass",
        "given": [ "MedReason_MO_LMWHep_DO_GSC_DayOfAnes" ]
      } ],
      "gender": "male",
      "birthDate": "1974-01-02"
    },
    "request": {
      "method": "PUT",
      "url": "Patient/2abed069-61cc-40b2-a962-0785597a2c43"
    }
  }, {
    "fullUrl": "https://madie.cms.gov/Encounter/4b925af8-88ca-4f8f-8ff8-dfd51c3a1248",
    "resource": {
      "resourceType": "Encounter",
      "id": "4b925af8-88ca-4f8f-8ff8-dfd51c3a1248",
      "meta": {
        "profile": [ "http://hl7.org/fhir/us/qicore/StructureDefinition/qicore-encounter" ]
      },
      "status": "finished",
      "class": {
        "system": "http://terminology.hl7.org/CodeSystem/v3-ActCode",
        "code": "IMP",
        "display": "inpatient encounter"
      },
      "type": [ {
        "coding": [ {
          "system": "http://snomed.info/sct",
          "code": "8715000"
        } ]
      } ],
      "subject": {
        "reference": "Patient/2abed069-61cc-40b2-a962-0785597a2c43"
      },
      "period": {
        "start": "2025-11-01T08:00:00+00:00",
        "end": "2025-11-26T08:15:00+00:00"
      },
      "length": {
        "value": 25.0,
        "unit": "days"
      }
    },
    "request": {
      "method": "PUT",
      "url": "Encounter/4b925af8-88ca-4f8f-8ff8-dfd51c3a1248"
    }
  }, {
    "fullUrl": "https://madie.cms.gov/Coverage/ec5c20a7-8905-4d48-9456-5decbe3a5f33",
    "resource": {
      "resourceType": "Coverage",
      "id": "ec5c20a7-8905-4d48-9456-5decbe3a5f33",
      "status": "active",
      "beneficiary": {
        "reference": "Patient/2abed069-61cc-40b2-a962-0785597a2c43"
      },
      "period": {
        "start": "1974-01-02T08:00:00+00:00"
      },
      "payor": [ {
        "reference": "Organization/33937e6d-f0f2-46c6-81bf-258e6fa5c3c0"
      } ]
    },
    "request": {
      "method": "PUT",
      "url": "Coverage/ec5c20a7-8905-4d48-9456-5decbe3a5f33"
    }
  }, {
    "fullUrl": "https://madie.cms.gov/MedicationRequest/cae1b985-e880-4332-9010-5bd246ddb57f",
    "resource": {
      "resourceType": "MedicationRequest",
      "id": "cae1b985-e880-4332-9010-5bd246ddb57f",
      "meta": {
        "profile": [ "http://hl7.org/fhir/us/qicore/StructureDefinition/qicore-mednotrequested" ]
      },
      "status": "completed",
      "intent": "order",
      "category": [ {
        "coding": [ {
          "system": "http://terminology.hl7.org/CodeSystem/medicationrequest-category",
          "code": "community"
        } ]
      } ],
      "doNotPerform": true,
      "medicationCodeableConcept": {
        "coding": [ {
          "system": "http://www.nlm.nih.gov/research/umls/rxnorm",
          "code": "854228"
        } ]
      },
      "subject": {
        "reference": "Patient/2abed069-61cc-40b2-a962-0785597a2c43"
      },
      "authoredOn": "2025-11-02T10:00:00.000+00:00",
      "requester": {
        "reference": "Practitioner/123456"
      },
      "reasonCode": [ {
        "coding": [ {
          "system": "http://snomed.info/sct",
          "code": "183932001",
          "display": "Procedure contraindicated (situation)",
          "userSelected": true
        } ]
      } ]
    },
    "request": {
      "method": "PUT",
      "url": "MedicationRequest/cae1b985-e880-4332-9010-5bd246ddb57f"
    }
  }, {
    "fullUrl": "https://madie.cms.gov/Procedure/71f17c11-480d-47d9-9236-438eaf7c21f2",
    "resource": {
      "resourceType": "Procedure",
      "id": "71f17c11-480d-47d9-9236-438eaf7c21f2",
      "meta": {
        "profile": [ "http://hl7.org/fhir/us/qicore/StructureDefinition/qicore-procedure" ]
      },
      "extension": [ {
        "url": "http://hl7.org/fhir/us/qicore/StructureDefinition/qicore-recorded",
        "valueDateTime": "2012-11-02T09:35:00-04:00"
      } ],
      "status": "completed",
      "code": {
        "coding": [ {
          "system": "http://snomed.info/sct",
          "code": "18946005"
        } ]
      },
      "subject": {
        "reference": "Patient/2abed069-61cc-40b2-a962-0785597a2c43"
      },
      "performedPeriod": {
        "start": "2025-11-02T09:00:00.000+00:00",
        "end": "2025-11-02T09:15:00.000+00:00"
      }
    },
    "request": {
      "method": "PUT",
      "url": "Procedure/71f17c11-480d-47d9-9236-438eaf7c21f2"
    }
  }, {
    "fullUrl": "https://madie.cms.gov/ServiceRequest/686f04c1-7933-4dc5-b225-c921855aa2cb",
    "resource": {
      "resourceType": "ServiceRequest",
      "id": "686f04c1-7933-4dc5-b225-c921855aa2cb",
      "meta": {
        "profile": [ "http://hl7.org/fhir/us/qicore/StructureDefinition/qicore-servicenotrequested" ]
      },
      "extension": [ {
        "url": "http://hl7.org/fhir/us/qicore/StructureDefinition/qicore-doNotPerformReason",
        "valueCodeableConcept": {
          "coding": [ {
            "system": "http://snomed.info/sct",
            "code": "183932001",
            "display": "Procedure contraindicated (situation)"
          } ]
        }
      } ],
      "status": "completed",
      "intent": "order",
      "doNotPerform": true,
      "code": {
        "coding": [ {
          "system": "http://snomed.info/sct",
          "version": "2025-03",
          "code": "348681001",
          "display": "Graduated compression elastic hosiery (physical object)",
          "userSelected": true
        } ]
      },
      "subject": {
        "reference": "Patient/2abed069-61cc-40b2-a962-0785597a2c43"
      },
      "authoredOn": "2025-11-02T10:00:00+00:00"
    },
    "request": {
      "method": "PUT",
      "url": "ServiceRequest/686f04c1-7933-4dc5-b225-c921855aa2cb"
    }
  }, {
    "fullUrl": "https://madie.cms.gov/Organization/33937e6d-f0f2-46c6-81bf-258e6fa5c3c0",
    "resource": {
      "resourceType": "Organization",
      "id": "33937e6d-f0f2-46c6-81bf-258e6fa5c3c0",
      "meta": {
        "profile": [ "http://hl7.org/fhir/us/qicore/StructureDefinition/qicore-organization" ]
      },
      "identifier": [ {
        "use": "temp",
        "system": "urn:oid:2.16.840.1.113883.4.4",
        "value": "21-3259825"
      } ],
      "active": true,
      "type": [ {
        "coding": [ {
          "system": "http://terminology.hl7.org/CodeSystem/organization-type",
          "code": "pay",
          "display": "Payer"
        } ]
      } ],
      "name": "Blue Cross Blue Shield of Texas",
      "telecom": [ {
        "system": "phone",
        "value": "(+1) 972-766-6900"
      } ],
      "address": [ {
        "use": "billing",
        "type": "postal",
        "line": [ "P.O. Box 660044" ],
        "city": "Dallas",
        "state": "TX",
        "postalCode": "75266-0044",
        "country": "USA"
      } ]
    },
    "request": {
      "method": "PUT",
      "url": "Organization/33937e6d-f0f2-46c6-81bf-258e6fa5c3c0"
    }
  }, {
    "fullUrl": "https://madie.cms.gov/Practitioner/011424e0-322c-4779-92ec-da41d9e4f8ba",
    "resource": {
      "resourceType": "Practitioner",
      "id": "011424e0-322c-4779-92ec-da41d9e4f8ba",
      "identifier": [ {
        "system": "http://hl7.org/fhir/sid/us-npi",
        "value": "123456"
      } ],
      "name": [ {
        "family": "Evil",
        "prefix": [ "Dr" ]
      } ]
    },
    "request": {
      "method": "PUT",
      "url": "Practitioner/011424e0-322c-4779-92ec-da41d9e4f8ba"
    }
  }, {
    "fullUrl": "https://madie.cms.gov/MeasureReport/1231912d-8525-497b-baf2-27a4cbf2d1a2",
    "resource": {
      "resourceType": "MeasureReport",
      "id": "1231912d-8525-497b-baf2-27a4cbf2d1a2",
      "meta": {
        "profile": [ "http://hl7.org/fhir/us/cqfmeasures/StructureDefinition/test-case-cqfm" ]
      },
      "contained": [ {
        "resourceType": "Parameters",
        "id": "9f4cb466-8ed8-468b-9cf5-4b42d16a318b-parameters",
        "parameter": [ {
          "name": "subject",
          "valueString": "2abed069-61cc-40b2-a962-0785597a2c43"
        } ]
      } ],
      "extension": [ {
        "url": "http://hl7.org/fhir/us/cqfmeasures/StructureDefinition/cqfm-inputParameters",
        "valueReference": {
          "reference": "#9f4cb466-8ed8-468b-9cf5-4b42d16a318b-parameters"
        }
      }, {
        "url": "http://hl7.org/fhir/us/cqfmeasures/StructureDefinition/cqfm-testCaseDescription",
        "valueMarkdown": "lmwh and GCS not ordered due to medical reason <= 1 day after end of  anesthesia\n"
      } ],
      "modifierExtension": [ {
        "url": "http://hl7.org/fhir/us/cqfmeasures/StructureDefinition/cqfm-isTestCase",
        "valueBoolean": true
      } ],
      "status": "complete",
      "type": "individual",
      "measure": "https://madie.cms.gov/Measure/VenousThromboembolismProphylaxisFHIR",
      "period": {
        "start": "2025-01-01",
        "end": "2025-12-31"
      },
      "group": [ {
        "population": [ {
          "code": {
            "coding": [ {
              "system": "http://terminology.hl7.org/CodeSystem/measure-population",
              "code": "initial-population",
              "display": "Initial Population"
            } ]
          },
          "count": 1
        }, {
          "code": {
            "coding": [ {
              "system": "http://terminology.hl7.org/CodeSystem/measure-population",
              "code": "denominator",
              "display": "Denominator"
            } ]
          },
          "count": 1
        }, {
          "code": {
            "coding": [ {
              "system": "http://terminology.hl7.org/CodeSystem/measure-population",
              "code": "denominator-exclusion",
              "display": "Denominator Exclusion"
            } ]
          },
          "count": 0
        }, {
          "code": {
            "coding": [ {
              "system": "http://terminology.hl7.org/CodeSystem/measure-population",
              "code": "numerator",
              "display": "Numerator"
            } ]
          },
          "count": 1
        } ]
      } ],
      "evaluatedResource": [ {
        "reference": "Patient/2abed069-61cc-40b2-a962-0785597a2c43"
      }, {
        "reference": "Encounter/4b925af8-88ca-4f8f-8ff8-dfd51c3a1248"
      }, {
        "reference": "Coverage/ec5c20a7-8905-4d48-9456-5decbe3a5f33"
      }, {
        "reference": "MedicationRequest/cae1b985-e880-4332-9010-5bd246ddb57f"
      }, {
        "reference": "Procedure/71f17c11-480d-47d9-9236-438eaf7c21f2"
      }, {
        "reference": "ServiceRequest/686f04c1-7933-4dc5-b225-c921855aa2cb"
      }, {
        "reference": "Organization/33937e6d-f0f2-46c6-81bf-258e6fa5c3c0"
      }, {
        "reference": "Practitioner/011424e0-322c-4779-92ec-da41d9e4f8ba"
      } ]
    },
    "request": {
      "method": "PUT",
      "url": "MeasureReport/1231912d-8525-497b-baf2-27a4cbf2d1a2"
    }
  } ]
}