{
  "resourceType": "Bundle",
  "id": "351354132152464",
  "type": "transaction",
  "entry": [ {
    "fullUrl": "https://madie.cms.gov/Patient/b3cad3db-a17d-4eec-8852-851b438b7964",
    "resource": {
      "resourceType": "Patient",
      "id": "b3cad3db-a17d-4eec-8852-851b438b7964",
      "meta": {
        "profile": [ "http://hl7.org/fhir/us/qicore/StructureDefinition/qicore-patient" ]
      },
      "extension": [ {
        "url": "http://hl7.org/fhir/us/core/StructureDefinition/us-core-race",
        "extension": [ {
          "url": "ombCategory",
          "valueCoding": {
            "system": "urn:oid:2.16.840.1.113883.6.238",
            "code": "1002-5",
            "display": "American Indian or Alaska Native",
            "userSelected": true
          }
        }, {
          "url": "text",
          "valueString": "American Indian or Alaska Native"
        } ]
      }, {
        "url": "http://hl7.org/fhir/us/core/StructureDefinition/us-core-ethnicity",
        "extension": [ {
          "url": "ombCategory",
          "valueCoding": {
            "system": "urn:oid:2.16.840.1.113883.6.238",
            "code": "2135-2",
            "display": "Hispanic or Latino",
            "userSelected": true
          }
        }, {
          "url": "text",
          "valueString": "Hispanic or Latino"
        } ]
      } ],
      "identifier": [ {
        "type": {
          "coding": [ {
            "system": "http://terminology.hl7.org/CodeSystem/v2-0203",
            "code": "MR"
          } ]
        },
        "system": "https://bonnie-fhir.healthit.gov/",
        "value": "62bc55a63e113102f8cedc5b"
      } ],
      "name": [ {
        "family": "DENEXCEPPass",
        "given": [ "PtRefusedDEXA" ]
      } ],
      "gender": "male",
      "birthDate": "1959-08-09"
    },
    "request": {
      "method": "PUT",
      "url": "Patient/b3cad3db-a17d-4eec-8852-851b438b7964"
    }
  }, {
    "fullUrl": "https://madie.cms.gov/Encounter/4606bcde-bdc0-4b14-8778-5f0a15ce478d",
    "resource": {
      "resourceType": "Encounter",
      "id": "4606bcde-bdc0-4b14-8778-5f0a15ce478d",
      "meta": {
        "profile": [ "http://hl7.org/fhir/us/qicore/StructureDefinition/qicore-encounter" ]
      },
      "status": "finished",
      "class": {
        "system": "http://terminology.hl7.org/CodeSystem/v3-ActCode",
        "code": "AMB",
        "display": "ambulatory"
      },
      "type": [ {
        "coding": [ {
          "system": "http://snomed.info/sct",
          "version": "2020-09",
          "code": "185463005",
          "display": "Visit out of hours (procedure)"
        } ]
      } ],
      "subject": {
        "reference": "Patient/b3cad3db-a17d-4eec-8852-851b438b7964"
      },
      "period": {
        "start": "2026-02-03T08:00:00.000+00:00",
        "end": "2026-02-03T08:15:00.000+00:00"
      }
    },
    "request": {
      "method": "PUT",
      "url": "Encounter/4606bcde-bdc0-4b14-8778-5f0a15ce478d"
    }
  }, {
    "fullUrl": "https://madie.cms.gov/Condition/db17d0ac-17e9-4a8d-a640-59b8088b97c7",
    "resource": {
      "resourceType": "Condition",
      "id": "db17d0ac-17e9-4a8d-a640-59b8088b97c7",
      "meta": {
        "profile": [ "http://hl7.org/fhir/us/qicore/StructureDefinition/qicore-condition-problems-health-concerns" ]
      },
      "clinicalStatus": {
        "coding": [ {
          "system": "http://terminology.hl7.org/CodeSystem/condition-clinical",
          "code": "active"
        } ]
      },
      "verificationStatus": {
        "coding": [ {
          "system": "http://terminology.hl7.org/CodeSystem/condition-ver-status",
          "code": "confirmed"
        } ]
      },
      "category": [ {
        "coding": [ {
          "system": "http://terminology.hl7.org/CodeSystem/condition-category",
          "code": "problem-list-item",
          "display": "Problem List Item"
        } ]
      } ],
      "code": {
        "coding": [ {
          "system": "http://snomed.info/sct",
          "version": "http://snomed.info/sct/731000124108/version/20250301",
          "code": "254900004",
          "display": "Carcinoma of prostate (disorder)",
          "userSelected": true
        } ]
      },
      "subject": {
        "reference": "Patient/b3cad3db-a17d-4eec-8852-851b438b7964"
      },
      "onsetDateTime": "2026-02-03T08:00:00.000+00:00"
    },
    "request": {
      "method": "PUT",
      "url": "Condition/db17d0ac-17e9-4a8d-a640-59b8088b97c7"
    }
  }, {
    "fullUrl": "https://madie.cms.gov/MedicationRequest/c10156c4-1c99-46fd-8d05-17ac05ad4074",
    "resource": {
      "resourceType": "MedicationRequest",
      "id": "c10156c4-1c99-46fd-8d05-17ac05ad4074",
      "meta": {
        "profile": [ "http://hl7.org/fhir/us/qicore/StructureDefinition/qicore-medicationrequest" ]
      },
      "status": "active",
      "intent": "order",
      "medicationCodeableConcept": {
        "coding": [ {
          "system": "http://www.nlm.nih.gov/research/umls/rxnorm",
          "code": "1115257",
          "display": "1.5 ML leuprolide acetate 30 MG/ML Prefilled Syringe",
          "userSelected": true
        } ]
      },
      "subject": {
        "reference": "Patient/b3cad3db-a17d-4eec-8852-851b438b7964"
      },
      "authoredOn": "2026-02-03T08:00:00.000+00:00",
      "requester": {
        "reference": "http://myGoodHealthcare.com/fhir/Practitioner/83a74da9-c959-4640-bf70-b3657611f6ea"
      },
      "dosageInstruction": [ {
        "timing": {
          "repeat": {
            "boundsPeriod": {
              "start": "2026-02-03T08:00:00.000+00:00",
              "end": "2026-03-03T08:00:00.000+00:00"
            }
          }
        }
      } ]
    },
    "request": {
      "method": "PUT",
      "url": "MedicationRequest/c10156c4-1c99-46fd-8d05-17ac05ad4074"
    }
  }, {
    "fullUrl": "https://madie.cms.gov/Observation/50ccb4d3-886e-45f8-9705-d3e7996a4c2f",
    "resource": {
      "resourceType": "Observation",
      "id": "50ccb4d3-886e-45f8-9705-d3e7996a4c2f",
      "meta": {
        "profile": [ "http://hl7.org/fhir/us/qicore/StructureDefinition/qicore-observationcancelled" ]
      },
      "extension": [ {
        "url": "http://hl7.org/fhir/us/qicore/StructureDefinition/qicore-notDoneReason",
        "valueCodeableConcept": {
          "coding": [ {
            "system": "http://snomed.info/sct",
            "code": "1296859006",
            "display": "Procedure declined (situation)",
            "userSelected": true
          } ]
        }
      } ],
      "status": "cancelled",
      "category": [ {
        "coding": [ {
          "system": "http://terminology.hl7.org/CodeSystem/observation-category",
          "code": "laboratory",
          "display": "Laboratory"
        } ]
      }, {
        "coding": [ {
          "system": "http://terminology.hl7.org/CodeSystem/observation-category",
          "code": "survey"
        } ]
      } ],
      "code": {
        "coding": [ {
          "system": "http://loinc.org",
          "version": "2.71",
          "code": "38265-5",
          "display": "DXA Radius and Ulna [T-score] Bone density",
          "userSelected": true
        } ]
      },
      "subject": {
        "reference": "Patient/b3cad3db-a17d-4eec-8852-851b438b7964"
      },
      "issued": "2026-05-03T08:00:00.000+00:00",
      "dataAbsentReason": {
        "coding": [ {
          "system": "http://terminology.hl7.org/CodeSystem/data-absent-reason",
          "code": "unknown",
          "display": "Unknown"
        } ]
      }
    },
    "request": {
      "method": "PUT",
      "url": "Observation/50ccb4d3-886e-45f8-9705-d3e7996a4c2f"
    }
  }, {
    "fullUrl": "https://madie.cms.gov/ServiceRequest/b5ea950a-8b78-42a5-a6fc-22e96cb7b609",
    "resource": {
      "resourceType": "ServiceRequest",
      "id": "b5ea950a-8b78-42a5-a6fc-22e96cb7b609",
      "meta": {
        "profile": [ "http://hl7.org/fhir/us/qicore/StructureDefinition/qicore-servicerequest" ]
      },
      "status": "active",
      "intent": "order",
      "code": {
        "coding": [ {
          "system": "http://snomed.info/sct",
          "version": "http://snomed.info/sct/731000124108/version/20250301",
          "code": "456381000124102",
          "display": "Injection of leuprolide acetate for twelve month period (regime/therapy)"
        } ]
      },
      "subject": {
        "reference": "Patient/b3cad3db-a17d-4eec-8852-851b438b7964"
      },
      "authoredOn": "2026-02-03T08:00:00.000+00:00"
    },
    "request": {
      "method": "PUT",
      "url": "ServiceRequest/b5ea950a-8b78-42a5-a6fc-22e96cb7b609"
    }
  }, {
    "fullUrl": "https://madie.cms.gov/Practitioner/83a74da9-c959-4640-bf70-b3657611f6ea",
    "resource": {
      "resourceType": "Practitioner",
      "id": "83a74da9-c959-4640-bf70-b3657611f6ea",
      "meta": {
        "profile": [ "http://hl7.org/fhir/us/qicore/StructureDefinition/qicore-practitioner" ]
      },
      "identifier": [ {
        "use": "temp",
        "system": "urn:oid:2.16.840.1.113883.4.336",
        "value": "Practitioner-23"
      } ],
      "active": true,
      "name": [ {
        "family": "Careful",
        "given": [ "Adam" ],
        "prefix": [ "Dr" ]
      } ],
      "address": [ {
        "use": "home",
        "line": [ "534 Erewhon St" ],
        "city": "PleasantVille",
        "state": "UT",
        "postalCode": "84414"
      } ],
      "qualification": [ {
        "identifier": [ {
          "system": "http://example.org/UniversityIdentifier",
          "value": "12345"
        } ],
        "code": {
          "coding": [ {
            "system": "http://terminology.hl7.org/CodeSystem/v2-0360|2.7",
            "code": "BS",
            "display": "Bachelor of Science"
          } ],
          "text": "Bachelor of Science"
        },
        "period": {
          "start": "1996"
        },
        "issuer": {
          "display": "Example University"
        }
      } ]
    },
    "request": {
      "method": "PUT",
      "url": "Practitioner/83a74da9-c959-4640-bf70-b3657611f6ea"
    }
  }, {
    "fullUrl": "https://madie.cms.gov/MeasureReport/942fcc34-ae1d-4734-83b2-3fb6fe278e2a",
    "resource": {
      "resourceType": "MeasureReport",
      "id": "942fcc34-ae1d-4734-83b2-3fb6fe278e2a",
      "meta": {
        "profile": [ "http://hl7.org/fhir/us/cqfmeasures/StructureDefinition/test-case-cqfm" ]
      },
      "contained": [ {
        "resourceType": "Parameters",
        "id": "b6c83606-4eb8-4903-b8f2-90e07d9b8adc-parameters",
        "parameter": [ {
          "name": "subject",
          "valueString": "b3cad3db-a17d-4eec-8852-851b438b7964"
        } ]
      } ],
      "extension": [ {
        "url": "http://hl7.org/fhir/StructureDefinition/cqf-inputParameters",
        "valueReference": {
          "reference": "#b6c83606-4eb8-4903-b8f2-90e07d9b8adc-parameters"
        }
      }, {
        "url": "http://hl7.org/fhir/us/cqfmeasures/StructureDefinition/cqfm-testCaseDescription",
        "valueMarkdown": "Dx of Prostate Cancer. Patient refused DEXA at 3 months after ADT. Edge. Note: This will need modified when execution engine contains update for Negation"
      } ],
      "modifierExtension": [ {
        "url": "http://hl7.org/fhir/us/cqfmeasures/StructureDefinition/cqfm-isTestCase",
        "valueBoolean": true
      } ],
      "status": "complete",
      "type": "individual",
      "measure": "https://madie.cms.gov/Measure/CMS645FHIRBoneDensityPCADTherapy",
      "period": {
        "start": "2026-01-01",
        "end": "2026-12-31"
      },
      "group": [ {
        "id": "Group_1",
        "population": [ {
          "id": "InitialPopulation_1",
          "code": {
            "coding": [ {
              "system": "http://terminology.hl7.org/CodeSystem/measure-population",
              "code": "initial-population",
              "display": "Initial Population"
            } ]
          },
          "count": 1
        }, {
          "id": "Denominator_1",
          "code": {
            "coding": [ {
              "system": "http://terminology.hl7.org/CodeSystem/measure-population",
              "code": "denominator",
              "display": "Denominator"
            } ]
          },
          "count": 1
        }, {
          "id": "Numerator_1",
          "code": {
            "coding": [ {
              "system": "http://terminology.hl7.org/CodeSystem/measure-population",
              "code": "numerator",
              "display": "Numerator"
            } ]
          },
          "count": 0
        }, {
          "id": "DenominatorException_1",
          "code": {
            "coding": [ {
              "system": "http://terminology.hl7.org/CodeSystem/measure-population",
              "code": "denominator-exception",
              "display": "Denominator Exception"
            } ]
          },
          "count": 1
        } ],
        "measureScore": {
          "value": 1.0
        }
      } ],
      "evaluatedResource": [ {
        "reference": "Patient/b3cad3db-a17d-4eec-8852-851b438b7964"
      }, {
        "reference": "Encounter/4606bcde-bdc0-4b14-8778-5f0a15ce478d"
      }, {
        "reference": "Condition/db17d0ac-17e9-4a8d-a640-59b8088b97c7"
      }, {
        "reference": "MedicationRequest/c10156c4-1c99-46fd-8d05-17ac05ad4074"
      }, {
        "reference": "Observation/50ccb4d3-886e-45f8-9705-d3e7996a4c2f"
      }, {
        "reference": "ServiceRequest/b5ea950a-8b78-42a5-a6fc-22e96cb7b609"
      }, {
        "reference": "Practitioner/83a74da9-c959-4640-bf70-b3657611f6ea"
      } ]
    },
    "request": {
      "method": "PUT",
      "url": "MeasureReport/942fcc34-ae1d-4734-83b2-3fb6fe278e2a"
    }
  } ]
}