{
  "resourceType": "Bundle",
  "id": "612e6a6302c62a011f2e9eca",
  "type": "transaction",
  "entry": [ {
    "fullUrl": "https://madie.cms.gov/Patient/fbe54cf1-456e-4086-aa56-52badffcc5a9",
    "resource": {
      "resourceType": "Patient",
      "id": "fbe54cf1-456e-4086-aa56-52badffcc5a9",
      "meta": {
        "profile": [ "http://hl7.org/fhir/us/qicore/StructureDefinition/qicore-patient" ]
      },
      "text": {
        "status": "generated",
        "div": "<div xmlns=\"http://www.w3.org/1999/xhtml\"><div class=\"hapiHeaderText\">MA_OralXaOnDayAFAnes_MedAdmDT <b>NUMERPASS </b></div><table class=\"hapiPropertyTable\"><tbody><tr><td>Identifier</td><td>a47c3099d7a3ac0ff12b569e6d2221d4</td></tr><tr><td>Date of birth</td><td><span>02 January 1974</span></td></tr></tbody></table></div>"
      },
      "extension": [ {
        "url": "http://hl7.org/fhir/us/core/StructureDefinition/us-core-race",
        "extension": [ {
          "url": "ombCategory",
          "valueCoding": {
            "system": "urn:oid:2.16.840.1.113883.6.238",
            "code": "1002-5",
            "display": "American Indian or Alaska Native",
            "userSelected": true
          }
        }, {
          "url": "text",
          "valueString": "American Indian or Alaska Native"
        } ]
      }, {
        "url": "http://hl7.org/fhir/us/core/StructureDefinition/us-core-ethnicity",
        "extension": [ {
          "url": "ombCategory",
          "valueCoding": {
            "system": "urn:oid:2.16.840.1.113883.6.238",
            "code": "2135-2",
            "display": "Hispanic or Latino",
            "userSelected": true
          }
        }, {
          "url": "text",
          "valueString": "Hispanic or Latino"
        } ]
      } ],
      "identifier": [ {
        "type": {
          "coding": [ {
            "system": "http://terminology.hl7.org/CodeSystem/v2-0203",
            "code": "MR"
          } ]
        },
        "system": "https://bonnie-fhir.healthit.gov/",
        "value": "612e6a6302c62a011f2e9eca"
      } ],
      "active": true,
      "name": [ {
        "use": "usual",
        "family": "NUMERPass",
        "given": [ "MA_OralXaOnDayAFAnes_MedAdmDT" ]
      } ],
      "gender": "male",
      "birthDate": "1974-01-02"
    },
    "request": {
      "method": "PUT",
      "url": "Patient/fbe54cf1-456e-4086-aa56-52badffcc5a9"
    }
  }, {
    "fullUrl": "https://madie.cms.gov/Encounter/1cd26882-83dc-4e94-a622-b51ef9c6e6f3",
    "resource": {
      "resourceType": "Encounter",
      "id": "1cd26882-83dc-4e94-a622-b51ef9c6e6f3",
      "meta": {
        "profile": [ "http://hl7.org/fhir/us/qicore/StructureDefinition/qicore-encounter" ]
      },
      "status": "finished",
      "class": {
        "system": "http://terminology.hl7.org/CodeSystem/v3-ActCode",
        "code": "IMP",
        "display": "inpatient encounter"
      },
      "type": [ {
        "coding": [ {
          "system": "http://snomed.info/sct",
          "code": "8715000"
        } ]
      } ],
      "subject": {
        "reference": "Patient/fbe54cf1-456e-4086-aa56-52badffcc5a9"
      },
      "period": {
        "start": "2025-11-01T08:00:00+00:00",
        "end": "2025-11-26T08:15:00+00:00"
      },
      "length": {
        "value": 25.0,
        "unit": "days"
      }
    },
    "request": {
      "method": "PUT",
      "url": "Encounter/1cd26882-83dc-4e94-a622-b51ef9c6e6f3"
    }
  }, {
    "fullUrl": "https://madie.cms.gov/Coverage/34af129e-139e-4980-ba03-f3144a4a15b0",
    "resource": {
      "resourceType": "Coverage",
      "id": "34af129e-139e-4980-ba03-f3144a4a15b0",
      "status": "active",
      "beneficiary": {
        "reference": "Patient/fbe54cf1-456e-4086-aa56-52badffcc5a9"
      },
      "period": {
        "start": "1974-01-02T08:00:00+00:00"
      },
      "payor": [ {
        "reference": "Organization/650d6475-1812-47a9-a746-a5de3922bf97"
      } ]
    },
    "request": {
      "method": "PUT",
      "url": "Coverage/34af129e-139e-4980-ba03-f3144a4a15b0"
    }
  }, {
    "fullUrl": "https://madie.cms.gov/Condition/cfbbb846-ef6f-40bd-9785-f60a83ec4af8",
    "resource": {
      "resourceType": "Condition",
      "id": "cfbbb846-ef6f-40bd-9785-f60a83ec4af8",
      "meta": {
        "profile": [ "http://hl7.org/fhir/us/qicore/StructureDefinition/qicore-condition" ]
      },
      "clinicalStatus": {
        "coding": [ {
          "system": "http://terminology.hl7.org/CodeSystem/condition-clinical",
          "code": "active",
          "display": "active",
          "userSelected": true
        } ]
      },
      "verificationStatus": {
        "coding": [ {
          "system": "http://terminology.hl7.org/CodeSystem/condition-ver-status",
          "code": "confirmed",
          "display": "confirmed",
          "userSelected": true
        } ]
      },
      "category": [ {
        "coding": [ {
          "system": "http://terminology.hl7.org/CodeSystem/condition-category",
          "code": "problem-list-item",
          "display": "Problem List Item"
        } ]
      } ],
      "code": {
        "coding": [ {
          "system": "http://hl7.org/fhir/sid/icd-9-cm",
          "code": "427.31"
        }, {
          "system": "http://hl7.org/fhir/sid/icd-10-cm",
          "code": "I48.0"
        }, {
          "system": "http://snomed.info/sct",
          "code": "5370000"
        } ]
      },
      "subject": {
        "reference": "Patient/fbe54cf1-456e-4086-aa56-52badffcc5a9"
      },
      "onsetPeriod": {
        "start": "2025-10-09T08:00:00+00:00",
        "end": "2025-10-09T08:15:00+00:00"
      }
    },
    "request": {
      "method": "PUT",
      "url": "Condition/cfbbb846-ef6f-40bd-9785-f60a83ec4af8"
    }
  }, {
    "fullUrl": "https://madie.cms.gov/MedicationAdministration/2f32b06f-2c94-4d59-81c5-d5d99f8f348d",
    "resource": {
      "resourceType": "MedicationAdministration",
      "id": "2f32b06f-2c94-4d59-81c5-d5d99f8f348d",
      "meta": {
        "profile": [ "http://hl7.org/fhir/us/qicore/StructureDefinition/qicore-medicationadministration" ]
      },
      "status": "completed",
      "medicationCodeableConcept": {
        "coding": [ {
          "system": "http://www.nlm.nih.gov/research/umls/rxnorm",
          "code": "1992427",
          "display": "{74 (apixaban 5 MG Oral Tablet) } Pack"
        } ]
      },
      "subject": {
        "reference": "Patient/fbe54cf1-456e-4086-aa56-52badffcc5a9"
      },
      "effectiveDateTime": "2025-11-03T11:00:00+00:00"
    },
    "request": {
      "method": "PUT",
      "url": "MedicationAdministration/2f32b06f-2c94-4d59-81c5-d5d99f8f348d"
    }
  }, {
    "fullUrl": "https://madie.cms.gov/Procedure/ece05b9c-d0f1-48f5-8ea6-272acf864962",
    "resource": {
      "resourceType": "Procedure",
      "id": "ece05b9c-d0f1-48f5-8ea6-272acf864962",
      "meta": {
        "profile": [ "http://hl7.org/fhir/us/qicore/StructureDefinition/qicore-procedure" ]
      },
      "extension": [ {
        "url": "http://hl7.org/fhir/us/qicore/StructureDefinition/qicore-recorded",
        "valueDateTime": "2012-11-19T09:35:00-04:00"
      } ],
      "status": "completed",
      "code": {
        "coding": [ {
          "system": "http://www.cms.gov/Medicare/Coding/ICD10",
          "code": "3E030FZ"
        } ]
      },
      "subject": {
        "reference": "Patient/fbe54cf1-456e-4086-aa56-52badffcc5a9"
      },
      "performedPeriod": {
        "start": "2025-11-02T09:00:00+00:00",
        "end": "2025-11-02T09:15:00+00:00"
      }
    },
    "request": {
      "method": "PUT",
      "url": "Procedure/ece05b9c-d0f1-48f5-8ea6-272acf864962"
    }
  }, {
    "fullUrl": "https://madie.cms.gov/Organization/650d6475-1812-47a9-a746-a5de3922bf97",
    "resource": {
      "resourceType": "Organization",
      "id": "650d6475-1812-47a9-a746-a5de3922bf97",
      "meta": {
        "profile": [ "http://hl7.org/fhir/us/qicore/StructureDefinition/qicore-organization" ]
      },
      "identifier": [ {
        "use": "temp",
        "system": "urn:oid:2.16.840.1.113883.4.4",
        "value": "21-3259825"
      } ],
      "active": true,
      "type": [ {
        "coding": [ {
          "system": "http://terminology.hl7.org/CodeSystem/organization-type",
          "code": "pay",
          "display": "Payer"
        } ]
      } ],
      "name": "Blue Cross Blue Shield of Texas",
      "telecom": [ {
        "system": "phone",
        "value": "(+1) 972-766-6900"
      } ],
      "address": [ {
        "use": "billing",
        "type": "postal",
        "line": [ "P.O. Box 660044" ],
        "city": "Dallas",
        "state": "TX",
        "postalCode": "75266-0044",
        "country": "USA"
      } ]
    },
    "request": {
      "method": "PUT",
      "url": "Organization/650d6475-1812-47a9-a746-a5de3922bf97"
    }
  }, {
    "fullUrl": "https://madie.cms.gov/Practitioner/533e6c61-0df8-46cf-990f-ba1cb6f747b3",
    "resource": {
      "resourceType": "Practitioner",
      "id": "533e6c61-0df8-46cf-990f-ba1cb6f747b3",
      "identifier": [ {
        "system": "http://hl7.org/fhir/sid/us-npi",
        "value": "123456"
      } ],
      "name": [ {
        "family": "Evil",
        "prefix": [ "Dr" ]
      } ]
    },
    "request": {
      "method": "PUT",
      "url": "Practitioner/533e6c61-0df8-46cf-990f-ba1cb6f747b3"
    }
  }, {
    "fullUrl": "https://madie.cms.gov/MeasureReport/6ed6d63d-b97d-4cfb-beed-dd40d71ce5f2",
    "resource": {
      "resourceType": "MeasureReport",
      "id": "6ed6d63d-b97d-4cfb-beed-dd40d71ce5f2",
      "meta": {
        "profile": [ "http://hl7.org/fhir/us/cqfmeasures/StructureDefinition/test-case-cqfm" ]
      },
      "contained": [ {
        "resourceType": "Parameters",
        "id": "277a43a5-e151-4b0e-a7f2-64748b274527-parameters",
        "parameter": [ {
          "name": "subject",
          "valueString": "fbe54cf1-456e-4086-aa56-52badffcc5a9"
        } ]
      } ],
      "extension": [ {
        "url": "http://hl7.org/fhir/us/cqfmeasures/StructureDefinition/cqfm-inputParameters",
        "valueReference": {
          "reference": "#277a43a5-e151-4b0e-a7f2-64748b274527-parameters"
        }
      }, {
        "url": "http://hl7.org/fhir/us/cqfmeasures/StructureDefinition/cqfm-testCaseDescription",
        "valueMarkdown": "oral factor Xa administered =0 day after end of anesthesia with MedicationAdm. effectiveDateTime\n"
      } ],
      "modifierExtension": [ {
        "url": "http://hl7.org/fhir/us/cqfmeasures/StructureDefinition/cqfm-isTestCase",
        "valueBoolean": true
      } ],
      "status": "complete",
      "type": "individual",
      "measure": "https://madie.cms.gov/Measure/VenousThromboembolismProphylaxisFHIR",
      "period": {
        "start": "2025-01-01",
        "end": "2025-12-31"
      },
      "group": [ {
        "population": [ {
          "code": {
            "coding": [ {
              "system": "http://terminology.hl7.org/CodeSystem/measure-population",
              "code": "initial-population",
              "display": "Initial Population"
            } ]
          },
          "count": 1
        }, {
          "code": {
            "coding": [ {
              "system": "http://terminology.hl7.org/CodeSystem/measure-population",
              "code": "denominator",
              "display": "Denominator"
            } ]
          },
          "count": 1
        }, {
          "code": {
            "coding": [ {
              "system": "http://terminology.hl7.org/CodeSystem/measure-population",
              "code": "denominator-exclusion",
              "display": "Denominator Exclusion"
            } ]
          },
          "count": 0
        }, {
          "code": {
            "coding": [ {
              "system": "http://terminology.hl7.org/CodeSystem/measure-population",
              "code": "numerator",
              "display": "Numerator"
            } ]
          },
          "count": 1
        } ]
      } ],
      "evaluatedResource": [ {
        "reference": "Patient/fbe54cf1-456e-4086-aa56-52badffcc5a9"
      }, {
        "reference": "Encounter/1cd26882-83dc-4e94-a622-b51ef9c6e6f3"
      }, {
        "reference": "Coverage/34af129e-139e-4980-ba03-f3144a4a15b0"
      }, {
        "reference": "Condition/cfbbb846-ef6f-40bd-9785-f60a83ec4af8"
      }, {
        "reference": "MedicationAdministration/2f32b06f-2c94-4d59-81c5-d5d99f8f348d"
      }, {
        "reference": "Procedure/ece05b9c-d0f1-48f5-8ea6-272acf864962"
      }, {
        "reference": "Organization/650d6475-1812-47a9-a746-a5de3922bf97"
      }, {
        "reference": "Practitioner/533e6c61-0df8-46cf-990f-ba1cb6f747b3"
      } ]
    },
    "request": {
      "method": "PUT",
      "url": "MeasureReport/6ed6d63d-b97d-4cfb-beed-dd40d71ce5f2"
    }
  } ]
}