{
  "resourceType": "Bundle",
  "id": "612e6ad002c62a011f2eb4ec",
  "type": "transaction",
  "entry": [ {
    "fullUrl": "https://madie.cms.gov/Patient/1fe5b7b1-2cbb-49cc-b104-aba66a1b5173",
    "resource": {
      "resourceType": "Patient",
      "id": "1fe5b7b1-2cbb-49cc-b104-aba66a1b5173",
      "meta": {
        "profile": [ "http://hl7.org/fhir/us/qicore/StructureDefinition/qicore-patient" ]
      },
      "text": {
        "status": "generated",
        "div": "<div xmlns=\"http://www.w3.org/1999/xhtml\"><div class=\"hapiHeaderText\">MedRsnMOInjXaDOIPCOnAnesEndTime <b>NUMERPASS </b></div><table class=\"hapiPropertyTable\"><tbody><tr><td>Identifier</td><td>d807935b54e02b33e4279bc51c4ec66c</td></tr><tr><td>Date of birth</td><td><span>02 January 1974</span></td></tr></tbody></table></div>"
      },
      "extension": [ {
        "url": "http://hl7.org/fhir/us/core/StructureDefinition/us-core-race",
        "extension": [ {
          "url": "ombCategory",
          "valueCoding": {
            "system": "urn:oid:2.16.840.1.113883.6.238",
            "code": "1002-5",
            "display": "American Indian or Alaska Native",
            "userSelected": true
          }
        }, {
          "url": "text",
          "valueString": "American Indian or Alaska Native"
        } ]
      }, {
        "url": "http://hl7.org/fhir/us/core/StructureDefinition/us-core-ethnicity",
        "extension": [ {
          "url": "ombCategory",
          "valueCoding": {
            "system": "urn:oid:2.16.840.1.113883.6.238",
            "code": "2135-2",
            "display": "Hispanic or Latino",
            "userSelected": true
          }
        }, {
          "url": "text",
          "valueString": "Hispanic or Latino"
        } ]
      } ],
      "identifier": [ {
        "type": {
          "coding": [ {
            "system": "http://terminology.hl7.org/CodeSystem/v2-0203",
            "code": "MR"
          } ]
        },
        "system": "https://bonnie-fhir.healthit.gov/",
        "value": "612e6ad002c62a011f2eb4ec"
      } ],
      "active": true,
      "name": [ {
        "use": "usual",
        "family": "NUMERPass",
        "given": [ "MedRsnMOInjXaDOIPCOnAnesEndTime" ]
      } ],
      "gender": "male",
      "birthDate": "1974-01-02"
    },
    "request": {
      "method": "PUT",
      "url": "Patient/1fe5b7b1-2cbb-49cc-b104-aba66a1b5173"
    }
  }, {
    "fullUrl": "https://madie.cms.gov/Encounter/27c1c3a6-4fcd-47af-b9be-3ce13cc58899",
    "resource": {
      "resourceType": "Encounter",
      "id": "27c1c3a6-4fcd-47af-b9be-3ce13cc58899",
      "meta": {
        "profile": [ "http://hl7.org/fhir/us/qicore/StructureDefinition/qicore-encounter" ]
      },
      "status": "finished",
      "class": {
        "system": "http://terminology.hl7.org/CodeSystem/v3-ActCode",
        "code": "IMP",
        "display": "inpatient encounter"
      },
      "type": [ {
        "coding": [ {
          "system": "http://snomed.info/sct",
          "code": "8715000"
        } ]
      } ],
      "subject": {
        "reference": "Patient/1fe5b7b1-2cbb-49cc-b104-aba66a1b5173"
      },
      "period": {
        "start": "2025-11-01T08:00:00+00:00",
        "end": "2025-11-26T08:15:00+00:00"
      },
      "length": {
        "value": 25.0,
        "unit": "days"
      }
    },
    "request": {
      "method": "PUT",
      "url": "Encounter/27c1c3a6-4fcd-47af-b9be-3ce13cc58899"
    }
  }, {
    "fullUrl": "https://madie.cms.gov/Coverage/3299a568-9260-45b9-b3ba-82ba91816c6e",
    "resource": {
      "resourceType": "Coverage",
      "id": "3299a568-9260-45b9-b3ba-82ba91816c6e",
      "status": "active",
      "beneficiary": {
        "reference": "Patient/1fe5b7b1-2cbb-49cc-b104-aba66a1b5173"
      },
      "period": {
        "start": "1974-01-02T08:00:00+00:00"
      },
      "payor": [ {
        "reference": "Organization/60dd828f-3b6c-4656-815c-cb83dd56afcc"
      } ]
    },
    "request": {
      "method": "PUT",
      "url": "Coverage/3299a568-9260-45b9-b3ba-82ba91816c6e"
    }
  }, {
    "fullUrl": "https://madie.cms.gov/ServiceRequest/eca5abda-786a-4a94-9dba-44b2f622d032",
    "resource": {
      "resourceType": "ServiceRequest",
      "id": "eca5abda-786a-4a94-9dba-44b2f622d032",
      "meta": {
        "profile": [ "http://hl7.org/fhir/us/qicore/StructureDefinition/qicore-servicenotrequested" ]
      },
      "extension": [ {
        "url": "http://hl7.org/fhir/us/qicore/StructureDefinition/qicore-doNotPerformReason",
        "valueCodeableConcept": {
          "coding": [ {
            "system": "http://snomed.info/sct",
            "code": "183932001",
            "display": "Procedure contraindicated (situation)"
          } ]
        }
      } ],
      "status": "completed",
      "intent": "order",
      "doNotPerform": true,
      "code": {
        "coding": [ {
          "system": "http://snomed.info/sct",
          "code": "432441000124100",
          "display": "Intermittent pneumatic compression device (physical object)",
          "userSelected": true
        } ]
      },
      "subject": {
        "reference": "Patient/1fe5b7b1-2cbb-49cc-b104-aba66a1b5173"
      },
      "authoredOn": "2025-11-02T09:15:00+00:00"
    },
    "request": {
      "method": "PUT",
      "url": "ServiceRequest/eca5abda-786a-4a94-9dba-44b2f622d032"
    }
  }, {
    "fullUrl": "https://madie.cms.gov/MedicationRequest/c73fa6df-7203-4f7a-9121-aa9527a8b1a3",
    "resource": {
      "resourceType": "MedicationRequest",
      "id": "c73fa6df-7203-4f7a-9121-aa9527a8b1a3",
      "meta": {
        "profile": [ "http://hl7.org/fhir/us/qicore/StructureDefinition/qicore-mednotrequested" ]
      },
      "status": "completed",
      "intent": "order",
      "category": [ {
        "coding": [ {
          "system": "http://terminology.hl7.org/CodeSystem/medicationrequest-category",
          "code": "community"
        } ]
      } ],
      "doNotPerform": true,
      "medicationCodeableConcept": {
        "coding": [ {
          "system": "http://www.nlm.nih.gov/research/umls/rxnorm",
          "code": "861363"
        } ]
      },
      "subject": {
        "reference": "Patient/1fe5b7b1-2cbb-49cc-b104-aba66a1b5173"
      },
      "authoredOn": "2025-11-02T09:15:00+00:00",
      "requester": {
        "reference": "Practitioner/123456"
      },
      "reasonCode": [ {
        "coding": [ {
          "system": "http://snomed.info/sct",
          "code": "183932001",
          "display": "Procedure contraindicated (situation)",
          "userSelected": true
        } ]
      } ],
      "dosageInstruction": [ {
        "timing": {
          "repeat": {
            "boundsPeriod": {
              "start": "2025-11-03T09:00:00+00:00"
            }
          }
        }
      } ]
    },
    "request": {
      "method": "PUT",
      "url": "MedicationRequest/c73fa6df-7203-4f7a-9121-aa9527a8b1a3"
    }
  }, {
    "fullUrl": "https://madie.cms.gov/Procedure/a9ec56fe-acd9-4d22-8886-ae479b009131",
    "resource": {
      "resourceType": "Procedure",
      "id": "a9ec56fe-acd9-4d22-8886-ae479b009131",
      "status": "completed",
      "code": {
        "coding": [ {
          "system": "http://snomed.info/sct",
          "code": "18946005"
        } ]
      },
      "subject": {
        "reference": "Patient/1fe5b7b1-2cbb-49cc-b104-aba66a1b5173"
      },
      "performedPeriod": {
        "start": "2025-11-02T09:00:00+00:00",
        "end": "2025-11-02T09:15:00+00:00"
      }
    },
    "request": {
      "method": "PUT",
      "url": "Procedure/a9ec56fe-acd9-4d22-8886-ae479b009131"
    }
  }, {
    "fullUrl": "https://madie.cms.gov/Organization/60dd828f-3b6c-4656-815c-cb83dd56afcc",
    "resource": {
      "resourceType": "Organization",
      "id": "60dd828f-3b6c-4656-815c-cb83dd56afcc",
      "meta": {
        "profile": [ "http://hl7.org/fhir/us/qicore/StructureDefinition/qicore-organization" ]
      },
      "identifier": [ {
        "use": "temp",
        "system": "urn:oid:2.16.840.1.113883.4.4",
        "value": "21-3259825"
      } ],
      "active": true,
      "type": [ {
        "coding": [ {
          "system": "http://terminology.hl7.org/CodeSystem/organization-type",
          "code": "pay",
          "display": "Payer"
        } ]
      } ],
      "name": "Blue Cross Blue Shield of Texas",
      "telecom": [ {
        "system": "phone",
        "value": "(+1) 972-766-6900"
      } ],
      "address": [ {
        "use": "billing",
        "type": "postal",
        "line": [ "P.O. Box 660044" ],
        "city": "Dallas",
        "state": "TX",
        "postalCode": "75266-0044",
        "country": "USA"
      } ]
    },
    "request": {
      "method": "PUT",
      "url": "Organization/60dd828f-3b6c-4656-815c-cb83dd56afcc"
    }
  }, {
    "fullUrl": "https://madie.cms.gov/Practitioner/517f85b8-6662-4536-93fa-e10948116000",
    "resource": {
      "resourceType": "Practitioner",
      "id": "517f85b8-6662-4536-93fa-e10948116000",
      "identifier": [ {
        "system": "http://hl7.org/fhir/sid/us-npi",
        "value": "123456"
      } ],
      "name": [ {
        "family": "Evil",
        "prefix": [ "Dr" ]
      } ]
    },
    "request": {
      "method": "PUT",
      "url": "Practitioner/517f85b8-6662-4536-93fa-e10948116000"
    }
  }, {
    "fullUrl": "https://madie.cms.gov/MeasureReport/801d518b-5a1c-4a3d-8bf1-3c9c3bdd810b",
    "resource": {
      "resourceType": "MeasureReport",
      "id": "801d518b-5a1c-4a3d-8bf1-3c9c3bdd810b",
      "meta": {
        "profile": [ "http://hl7.org/fhir/us/cqfmeasures/StructureDefinition/test-case-cqfm" ]
      },
      "contained": [ {
        "resourceType": "Parameters",
        "id": "dddad3e6-7565-45fe-8ae9-e9e61cdf2e1f-parameters",
        "parameter": [ {
          "name": "subject",
          "valueString": "1fe5b7b1-2cbb-49cc-b104-aba66a1b5173"
        } ]
      } ],
      "extension": [ {
        "url": "http://hl7.org/fhir/us/cqfmeasures/StructureDefinition/cqfm-inputParameters",
        "valueReference": {
          "reference": "#dddad3e6-7565-45fe-8ae9-e9e61cdf2e1f-parameters"
        }
      }, {
        "url": "http://hl7.org/fhir/us/cqfmeasures/StructureDefinition/cqfm-testCaseDescription",
        "valueMarkdown": "injectable factor Xa and IPC not ordered due to medical reason OnAnesEndTime\n"
      } ],
      "modifierExtension": [ {
        "url": "http://hl7.org/fhir/us/cqfmeasures/StructureDefinition/cqfm-isTestCase",
        "valueBoolean": true
      } ],
      "status": "complete",
      "type": "individual",
      "measure": "https://madie.cms.gov/Measure/VenousThromboembolismProphylaxisFHIR",
      "period": {
        "start": "2025-01-01",
        "end": "2025-12-31"
      },
      "group": [ {
        "population": [ {
          "code": {
            "coding": [ {
              "system": "http://terminology.hl7.org/CodeSystem/measure-population",
              "code": "initial-population",
              "display": "Initial Population"
            } ]
          },
          "count": 1
        }, {
          "code": {
            "coding": [ {
              "system": "http://terminology.hl7.org/CodeSystem/measure-population",
              "code": "denominator",
              "display": "Denominator"
            } ]
          },
          "count": 1
        }, {
          "code": {
            "coding": [ {
              "system": "http://terminology.hl7.org/CodeSystem/measure-population",
              "code": "denominator-exclusion",
              "display": "Denominator Exclusion"
            } ]
          },
          "count": 0
        }, {
          "code": {
            "coding": [ {
              "system": "http://terminology.hl7.org/CodeSystem/measure-population",
              "code": "numerator",
              "display": "Numerator"
            } ]
          },
          "count": 1
        } ]
      } ],
      "evaluatedResource": [ {
        "reference": "Patient/1fe5b7b1-2cbb-49cc-b104-aba66a1b5173"
      }, {
        "reference": "Encounter/27c1c3a6-4fcd-47af-b9be-3ce13cc58899"
      }, {
        "reference": "Coverage/3299a568-9260-45b9-b3ba-82ba91816c6e"
      }, {
        "reference": "ServiceRequest/eca5abda-786a-4a94-9dba-44b2f622d032"
      }, {
        "reference": "MedicationRequest/c73fa6df-7203-4f7a-9121-aa9527a8b1a3"
      }, {
        "reference": "Procedure/a9ec56fe-acd9-4d22-8886-ae479b009131"
      }, {
        "reference": "Organization/60dd828f-3b6c-4656-815c-cb83dd56afcc"
      }, {
        "reference": "Practitioner/517f85b8-6662-4536-93fa-e10948116000"
      } ]
    },
    "request": {
      "method": "PUT",
      "url": "MeasureReport/801d518b-5a1c-4a3d-8bf1-3c9c3bdd810b"
    }
  } ]
}