{
  "resourceType": "Bundle",
  "id": "60abda28bf0a01003e3f76bd",
  "type": "transaction",
  "entry": [ {
    "fullUrl": "https://madie.cms.gov/Patient/2ac59cce-81b8-4060-9452-9a35fe580c6a",
    "resource": {
      "resourceType": "Patient",
      "id": "2ac59cce-81b8-4060-9452-9a35fe580c6a",
      "meta": {
        "profile": [ "http://hl7.org/fhir/us/qicore/StructureDefinition/qicore-patient" ]
      },
      "extension": [ {
        "url": "http://hl7.org/fhir/us/core/StructureDefinition/us-core-race",
        "extension": [ {
          "url": "ombCategory",
          "valueCoding": {
            "system": "urn:oid:2.16.840.1.113883.6.238",
            "code": "2054-5",
            "display": "Black or African American"
          }
        }, {
          "url": "text",
          "valueString": "Black or African American"
        } ]
      }, {
        "url": "http://hl7.org/fhir/us/core/StructureDefinition/us-core-ethnicity",
        "extension": [ {
          "url": "ombCategory",
          "valueCoding": {
            "system": "urn:oid:2.16.840.1.113883.6.238",
            "code": "2186-5",
            "display": "Not Hispanic or Latino"
          }
        }, {
          "url": "text",
          "valueString": "Not Hispanic or Latino"
        } ]
      } ],
      "identifier": [ {
        "type": {
          "coding": [ {
            "system": "http://terminology.hl7.org/CodeSystem/v2-0203",
            "code": "MR"
          } ]
        },
        "system": "https://bonnie-fhir.healthit.gov/",
        "value": "463131313187656"
      } ],
      "name": [ {
        "family": "NUMERFail",
        "given": [ "DEXA6MonthsAfterADT" ]
      } ],
      "gender": "male",
      "birthDate": "1959-06-15"
    },
    "request": {
      "method": "PUT",
      "url": "Patient/2ac59cce-81b8-4060-9452-9a35fe580c6a"
    }
  }, {
    "fullUrl": "https://madie.cms.gov/Encounter/7144062d-3304-4b2d-86ab-aa4e7617c329",
    "resource": {
      "resourceType": "Encounter",
      "id": "7144062d-3304-4b2d-86ab-aa4e7617c329",
      "meta": {
        "profile": [ "http://hl7.org/fhir/us/qicore/StructureDefinition/qicore-encounter" ]
      },
      "status": "finished",
      "class": {
        "system": "http://terminology.hl7.org/CodeSystem/v3-ActCode",
        "code": "AMB",
        "display": "ambulatory"
      },
      "type": [ {
        "coding": [ {
          "system": "http://snomed.info/sct",
          "version": "http://snomed.info/sct/731000124108/version/20240301",
          "code": "185463005",
          "display": "Visit out of hours (procedure)"
        } ]
      } ],
      "subject": {
        "reference": "Patient/2ac59cce-81b8-4060-9452-9a35fe580c6a"
      },
      "period": {
        "start": "2025-03-04T08:00:00.000+00:00",
        "end": "2025-03-04T08:15:00.000+00:00"
      }
    },
    "request": {
      "method": "PUT",
      "url": "Encounter/7144062d-3304-4b2d-86ab-aa4e7617c329"
    }
  }, {
    "fullUrl": "https://madie.cms.gov/Condition/04651db6-8e3c-42ff-8adc-d4279a05b418",
    "resource": {
      "resourceType": "Condition",
      "id": "04651db6-8e3c-42ff-8adc-d4279a05b418",
      "meta": {
        "profile": [ "http://hl7.org/fhir/us/qicore/StructureDefinition/qicore-condition-problems-health-concerns" ]
      },
      "clinicalStatus": {
        "coding": [ {
          "system": "http://terminology.hl7.org/CodeSystem/condition-clinical",
          "code": "active",
          "display": "Active",
          "userSelected": true
        } ]
      },
      "verificationStatus": {
        "coding": [ {
          "system": "http://terminology.hl7.org/CodeSystem/condition-ver-status",
          "code": "confirmed"
        } ]
      },
      "category": [ {
        "coding": [ {
          "system": "http://terminology.hl7.org/CodeSystem/condition-category",
          "code": "problem-list-item",
          "display": "Problem List Item"
        } ]
      } ],
      "code": {
        "coding": [ {
          "system": "http://snomed.info/sct",
          "version": "http://snomed.info/sct/731000124108/version/20240301",
          "code": "254900004",
          "display": "Carcinoma of prostate (disorder)"
        } ]
      },
      "subject": {
        "reference": "Patient/2ac59cce-81b8-4060-9452-9a35fe580c6a"
      },
      "onsetPeriod": {
        "start": "2025-03-04T08:00:00.000+00:00"
      }
    },
    "request": {
      "method": "PUT",
      "url": "Condition/04651db6-8e3c-42ff-8adc-d4279a05b418"
    }
  }, {
    "fullUrl": "https://madie.cms.gov/Observation/ba6924e2-f8d0-4680-8212-a0e3afc23f0a",
    "resource": {
      "resourceType": "Observation",
      "id": "ba6924e2-f8d0-4680-8212-a0e3afc23f0a",
      "meta": {
        "profile": [ "http://hl7.org/fhir/us/qicore/StructureDefinition/qicore-observation-lab" ]
      },
      "status": "final",
      "category": [ {
        "coding": [ {
          "system": "http://terminology.hl7.org/CodeSystem/observation-category",
          "code": "imaging",
          "display": "Imaging"
        } ]
      } ],
      "code": {
        "coding": [ {
          "system": "http://loinc.org",
          "version": "2.76",
          "code": "38265-5",
          "display": "DXA Radius and Ulna [T-score] Bone density"
        } ]
      },
      "subject": {
        "reference": "Patient/2ac59cce-81b8-4060-9452-9a35fe580c6a"
      },
      "effectivePeriod": {
        "start": "2025-09-01T10:00:00.000+00:00"
      }
    },
    "request": {
      "method": "PUT",
      "url": "Observation/ba6924e2-f8d0-4680-8212-a0e3afc23f0a"
    }
  }, {
    "fullUrl": "https://madie.cms.gov/Practitioner/e89aea5e-f3a3-4cc0-9707-3e1627578739",
    "resource": {
      "resourceType": "Practitioner",
      "id": "e89aea5e-f3a3-4cc0-9707-3e1627578739",
      "meta": {
        "profile": [ "http://hl7.org/fhir/us/qicore/StructureDefinition/qicore-practitioner" ]
      },
      "identifier": [ {
        "use": "temp",
        "system": "urn:oid:2.16.840.1.113883.4.336",
        "value": "Practitioner-23"
      } ],
      "active": true,
      "name": [ {
        "family": "Careful",
        "given": [ "Adam" ],
        "prefix": [ "Dr" ]
      } ],
      "address": [ {
        "use": "home",
        "line": [ "534 Erewhon St" ],
        "city": "PleasantVille",
        "state": "UT",
        "postalCode": "84414"
      } ],
      "qualification": [ {
        "identifier": [ {
          "system": "http://example.org/UniversityIdentifier",
          "value": "12345"
        } ],
        "code": {
          "coding": [ {
            "system": "http://terminology.hl7.org/CodeSystem/v2-0360|2.7",
            "code": "BS",
            "display": "Bachelor of Science"
          } ],
          "text": "Bachelor of Science"
        },
        "period": {
          "start": "1995"
        },
        "issuer": {
          "display": "Example University"
        }
      } ]
    },
    "request": {
      "method": "PUT",
      "url": "Practitioner/e89aea5e-f3a3-4cc0-9707-3e1627578739"
    }
  }, {
    "fullUrl": "https://madie.cms.gov/MedicationRequest/b496f599-aaf2-4507-966e-6040ddba2be2",
    "resource": {
      "resourceType": "MedicationRequest",
      "id": "b496f599-aaf2-4507-966e-6040ddba2be2",
      "meta": {
        "profile": [ "http://hl7.org/fhir/us/qicore/StructureDefinition/qicore-medicationrequest" ]
      },
      "status": "active",
      "intent": "order",
      "medicationCodeableConcept": {
        "coding": [ {
          "system": "http://www.nlm.nih.gov/research/umls/rxnorm",
          "version": "04012024",
          "code": "1115257",
          "display": "1.5 ML leuprolide acetate 30 MG/ML Prefilled Syringe"
        } ]
      },
      "subject": {
        "reference": "Patient/2ac59cce-81b8-4060-9452-9a35fe580c6a"
      },
      "authoredOn": "2025-03-04T08:00:00.000+00:00",
      "requester": {
        "reference": "http://myGoodHealthcare.com/fhir/Practitioner/e89aea5e-f3a3-4cc0-9707-3e1627578739"
      },
      "dosageInstruction": [ {
        "timing": {
          "repeat": {
            "boundsPeriod": {
              "start": "2025-03-04T08:00:00.000+00:00",
              "end": "2025-04-04T08:00:00.000+00:00"
            }
          }
        }
      } ]
    },
    "request": {
      "method": "PUT",
      "url": "MedicationRequest/b496f599-aaf2-4507-966e-6040ddba2be2"
    }
  }, {
    "fullUrl": "https://madie.cms.gov/ServiceRequest/29598e8d-7f14-4318-89a9-e45e9ae5a92e",
    "resource": {
      "resourceType": "ServiceRequest",
      "id": "29598e8d-7f14-4318-89a9-e45e9ae5a92e",
      "meta": {
        "profile": [ "http://hl7.org/fhir/us/qicore/StructureDefinition/qicore-servicerequest" ]
      },
      "status": "active",
      "intent": "order",
      "code": {
        "coding": [ {
          "system": "http://snomed.info/sct",
          "version": "http://snomed.info/sct/731000124108/version/20240301",
          "code": "456381000124102",
          "display": "Injection of leuprolide acetate for twelve month period (regime/therapy)"
        } ]
      },
      "subject": {
        "reference": "Patient/2ac59cce-81b8-4060-9452-9a35fe580c6a"
      },
      "authoredOn": "2025-03-04T08:00:00.000+00:00"
    },
    "request": {
      "method": "PUT",
      "url": "ServiceRequest/29598e8d-7f14-4318-89a9-e45e9ae5a92e"
    }
  }, {
    "fullUrl": "https://madie.cms.gov/MeasureReport/d1097957-48dd-46f1-87c4-33b7202078ed",
    "resource": {
      "resourceType": "MeasureReport",
      "id": "d1097957-48dd-46f1-87c4-33b7202078ed",
      "meta": {
        "profile": [ "http://hl7.org/fhir/us/cqfmeasures/StructureDefinition/test-case-cqfm" ]
      },
      "contained": [ {
        "resourceType": "Parameters",
        "id": "2b2dc7c3-4660-40f3-912c-bfd02ef85383-parameters",
        "parameter": [ {
          "name": "subject",
          "valueString": "2ac59cce-81b8-4060-9452-9a35fe580c6a"
        } ]
      } ],
      "extension": [ {
        "url": "http://hl7.org/fhir/us/cqfmeasures/StructureDefinition/cqfm-inputParameters",
        "valueReference": {
          "reference": "#2b2dc7c3-4660-40f3-912c-bfd02ef85383-parameters"
        }
      }, {
        "url": "http://hl7.org/fhir/us/cqfmeasures/StructureDefinition/cqfm-testCaseDescription",
        "valueMarkdown": "Dx of Prostate Cancer with qualifying encounter(s) in MP. DEXA performed 6 months after ADT.  Fails NUMER Criteria"
      } ],
      "modifierExtension": [ {
        "url": "http://hl7.org/fhir/us/cqfmeasures/StructureDefinition/cqfm-isTestCase",
        "valueBoolean": true
      } ],
      "status": "complete",
      "type": "individual",
      "measure": "https://madie.cms.gov/Measure/BoneDensityProstateCancerAndrogenDeprivationTherapyFHIR6",
      "period": {
        "start": "2025-01-01",
        "end": "2025-12-31"
      },
      "group": [ {
        "id": "67b61060a0d801640767a597",
        "population": [ {
          "id": "E8F25116-1779-4BA6-B606-34F12AE4F5BA",
          "code": {
            "coding": [ {
              "system": "http://terminology.hl7.org/CodeSystem/measure-population",
              "code": "initial-population",
              "display": "Initial Population"
            } ]
          },
          "count": 1
        }, {
          "id": "1C145A56-9250-4444-A497-86C44F55CFDB",
          "code": {
            "coding": [ {
              "system": "http://terminology.hl7.org/CodeSystem/measure-population",
              "code": "denominator",
              "display": "Denominator"
            } ]
          },
          "count": 1
        }, {
          "id": "B1E0E3D2-D44E-4BFF-92F8-077CF1AE234F",
          "code": {
            "coding": [ {
              "system": "http://terminology.hl7.org/CodeSystem/measure-population",
              "code": "numerator",
              "display": "Numerator"
            } ]
          },
          "count": 0
        }, {
          "id": "A9552F46-139C-4270-835C-224132205362",
          "code": {
            "coding": [ {
              "system": "http://terminology.hl7.org/CodeSystem/measure-population",
              "code": "denominator-exception",
              "display": "Denominator Exception"
            } ]
          },
          "count": 0
        } ],
        "measureScore": {
          "value": 1.0
        }
      } ],
      "evaluatedResource": [ {
        "reference": "Patient/2ac59cce-81b8-4060-9452-9a35fe580c6a"
      }, {
        "reference": "Encounter/7144062d-3304-4b2d-86ab-aa4e7617c329"
      }, {
        "reference": "Condition/04651db6-8e3c-42ff-8adc-d4279a05b418"
      }, {
        "reference": "Observation/ba6924e2-f8d0-4680-8212-a0e3afc23f0a"
      }, {
        "reference": "Practitioner/e89aea5e-f3a3-4cc0-9707-3e1627578739"
      }, {
        "reference": "MedicationRequest/b496f599-aaf2-4507-966e-6040ddba2be2"
      }, {
        "reference": "ServiceRequest/29598e8d-7f14-4318-89a9-e45e9ae5a92e"
      } ]
    },
    "request": {
      "method": "PUT",
      "url": "MeasureReport/d1097957-48dd-46f1-87c4-33b7202078ed"
    }
  } ]
}