{
  "resourceType": "Bundle",
  "id": "60abda28bf0a01003e3f76bd",
  "type": "transaction",
  "entry": [ {
    "fullUrl": "https://madie.cms.gov/Patient/f67164ab-356d-4fb6-afcb-169aaa7fe3f4",
    "resource": {
      "resourceType": "Patient",
      "id": "f67164ab-356d-4fb6-afcb-169aaa7fe3f4",
      "meta": {
        "profile": [ "http://hl7.org/fhir/us/qicore/StructureDefinition/qicore-patient" ]
      },
      "extension": [ {
        "url": "http://hl7.org/fhir/us/core/StructureDefinition/us-core-race",
        "extension": [ {
          "url": "ombCategory",
          "valueCoding": {
            "system": "urn:oid:2.16.840.1.113883.6.238",
            "code": "2054-5",
            "display": "Black or African American"
          }
        }, {
          "url": "text",
          "valueString": "Black or African American"
        } ]
      }, {
        "url": "http://hl7.org/fhir/us/core/StructureDefinition/us-core-ethnicity",
        "extension": [ {
          "url": "ombCategory",
          "valueCoding": {
            "system": "urn:oid:2.16.840.1.113883.6.238",
            "code": "2186-5",
            "display": "Not Hispanic or Latino"
          }
        }, {
          "url": "text",
          "valueString": "Not Hispanic or Latino"
        } ]
      } ],
      "identifier": [ {
        "type": {
          "coding": [ {
            "system": "http://terminology.hl7.org/CodeSystem/v2-0203",
            "code": "MR"
          } ]
        },
        "system": "https://bonnie-fhir.healthit.gov/",
        "value": "463131313187656"
      } ],
      "name": [ {
        "family": "NUMERPass",
        "given": [ "DEXA3MonthsAfterADTEdge" ]
      } ],
      "gender": "male",
      "birthDate": "1929-06-15"
    },
    "request": {
      "method": "PUT",
      "url": "Patient/f67164ab-356d-4fb6-afcb-169aaa7fe3f4"
    }
  }, {
    "fullUrl": "https://madie.cms.gov/Encounter/08728592-55ff-4546-8d2e-7cafd2b40188",
    "resource": {
      "resourceType": "Encounter",
      "id": "08728592-55ff-4546-8d2e-7cafd2b40188",
      "meta": {
        "profile": [ "http://hl7.org/fhir/us/qicore/StructureDefinition/qicore-encounter" ]
      },
      "status": "finished",
      "class": {
        "system": "http://terminology.hl7.org/CodeSystem/v3-ActCode",
        "code": "AMB",
        "display": "ambulatory"
      },
      "type": [ {
        "coding": [ {
          "system": "http://snomed.info/sct",
          "version": "http://snomed.info/sct/731000124108/version/20240301",
          "code": "185463005",
          "display": "Visit out of hours (procedure)"
        } ]
      } ],
      "subject": {
        "reference": "Patient/f67164ab-356d-4fb6-afcb-169aaa7fe3f4"
      },
      "period": {
        "start": "2025-02-04T08:00:00.000+00:00",
        "end": "2025-02-04T08:15:00.000+00:00"
      }
    },
    "request": {
      "method": "PUT",
      "url": "Encounter/08728592-55ff-4546-8d2e-7cafd2b40188"
    }
  }, {
    "fullUrl": "https://madie.cms.gov/Condition/b06487a3-cf65-4e40-8fa1-ba3a0a436160",
    "resource": {
      "resourceType": "Condition",
      "id": "b06487a3-cf65-4e40-8fa1-ba3a0a436160",
      "meta": {
        "profile": [ "http://hl7.org/fhir/us/qicore/StructureDefinition/qicore-condition-problems-health-concerns" ]
      },
      "clinicalStatus": {
        "coding": [ {
          "system": "http://terminology.hl7.org/CodeSystem/condition-clinical",
          "code": "active",
          "display": "Active",
          "userSelected": true
        } ]
      },
      "verificationStatus": {
        "coding": [ {
          "system": "http://terminology.hl7.org/CodeSystem/condition-ver-status",
          "code": "confirmed"
        } ]
      },
      "category": [ {
        "coding": [ {
          "system": "http://terminology.hl7.org/CodeSystem/condition-category",
          "code": "problem-list-item",
          "display": "Problem List Item"
        } ]
      } ],
      "code": {
        "coding": [ {
          "system": "http://snomed.info/sct",
          "version": "http://snomed.info/sct/731000124108/version/20240301",
          "code": "254900004",
          "display": "Carcinoma of prostate (disorder)"
        } ]
      },
      "subject": {
        "reference": "Patient/f67164ab-356d-4fb6-afcb-169aaa7fe3f4"
      },
      "onsetDateTime": "2025-02-04T08:00:00.000+00:00"
    },
    "request": {
      "method": "PUT",
      "url": "Condition/b06487a3-cf65-4e40-8fa1-ba3a0a436160"
    }
  }, {
    "fullUrl": "https://madie.cms.gov/Observation/7c41b327-4a50-4f88-a67d-f14f74a4c66f",
    "resource": {
      "resourceType": "Observation",
      "id": "7c41b327-4a50-4f88-a67d-f14f74a4c66f",
      "meta": {
        "profile": [ "http://hl7.org/fhir/us/qicore/StructureDefinition/qicore-observation-lab" ]
      },
      "status": "final",
      "category": [ {
        "coding": [ {
          "system": "http://terminology.hl7.org/CodeSystem/observation-category",
          "code": "imaging",
          "display": "Imaging"
        } ]
      } ],
      "code": {
        "coding": [ {
          "system": "http://loinc.org",
          "version": "2.76",
          "code": "38265-5",
          "display": "DXA Radius and Ulna [T-score] Bone density"
        } ]
      },
      "subject": {
        "reference": "Patient/f67164ab-356d-4fb6-afcb-169aaa7fe3f4"
      },
      "effectivePeriod": {
        "start": "2025-05-01T10:00:00.000+00:00"
      }
    },
    "request": {
      "method": "PUT",
      "url": "Observation/7c41b327-4a50-4f88-a67d-f14f74a4c66f"
    }
  }, {
    "fullUrl": "https://madie.cms.gov/Practitioner/a1698506-7d17-4420-9cde-0bb734440110",
    "resource": {
      "resourceType": "Practitioner",
      "id": "a1698506-7d17-4420-9cde-0bb734440110",
      "meta": {
        "profile": [ "http://hl7.org/fhir/us/qicore/StructureDefinition/qicore-practitioner" ]
      },
      "identifier": [ {
        "use": "temp",
        "system": "urn:oid:2.16.840.1.113883.4.336",
        "value": "Practitioner-23"
      } ],
      "active": true,
      "name": [ {
        "family": "Careful",
        "given": [ "Adam" ],
        "prefix": [ "Dr" ]
      } ],
      "address": [ {
        "use": "home",
        "line": [ "534 Erewhon St" ],
        "city": "PleasantVille",
        "state": "UT",
        "postalCode": "84414"
      } ],
      "qualification": [ {
        "identifier": [ {
          "system": "http://example.org/UniversityIdentifier",
          "value": "12345"
        } ],
        "code": {
          "coding": [ {
            "system": "http://terminology.hl7.org/CodeSystem/v2-0360|2.7",
            "code": "BS",
            "display": "Bachelor of Science"
          } ],
          "text": "Bachelor of Science"
        },
        "period": {
          "start": "1995"
        },
        "issuer": {
          "display": "Example University"
        }
      } ]
    },
    "request": {
      "method": "PUT",
      "url": "Practitioner/a1698506-7d17-4420-9cde-0bb734440110"
    }
  }, {
    "fullUrl": "https://madie.cms.gov/MedicationRequest/57edb386-44ce-4d7f-956d-4bb498589fac",
    "resource": {
      "resourceType": "MedicationRequest",
      "id": "57edb386-44ce-4d7f-956d-4bb498589fac",
      "meta": {
        "profile": [ "http://hl7.org/fhir/us/qicore/StructureDefinition/qicore-medicationrequest" ]
      },
      "status": "active",
      "intent": "order",
      "medicationCodeableConcept": {
        "coding": [ {
          "system": "http://www.nlm.nih.gov/research/umls/rxnorm",
          "version": "04012024",
          "code": "1115257",
          "display": "1.5 ML leuprolide acetate 30 MG/ML Prefilled Syringe"
        } ]
      },
      "subject": {
        "reference": "Patient/f67164ab-356d-4fb6-afcb-169aaa7fe3f4"
      },
      "authoredOn": "2025-02-04T08:00:00.000+00:00",
      "requester": {
        "reference": "http://myGoodHealthcare.com/fhir/Practitioner/a1698506-7d17-4420-9cde-0bb734440110"
      },
      "dosageInstruction": [ {
        "timing": {
          "repeat": {
            "boundsPeriod": {
              "start": "2025-02-04T08:00:00.000+00:00",
              "end": "2025-03-04T08:00:00.000+00:00"
            }
          }
        }
      } ]
    },
    "request": {
      "method": "PUT",
      "url": "MedicationRequest/57edb386-44ce-4d7f-956d-4bb498589fac"
    }
  }, {
    "fullUrl": "https://madie.cms.gov/ServiceRequest/4508f2c6-a07a-4a55-8941-99f30ee15687",
    "resource": {
      "resourceType": "ServiceRequest",
      "id": "4508f2c6-a07a-4a55-8941-99f30ee15687",
      "meta": {
        "profile": [ "http://hl7.org/fhir/us/qicore/StructureDefinition/qicore-servicerequest" ]
      },
      "status": "active",
      "intent": "order",
      "code": {
        "coding": [ {
          "system": "http://snomed.info/sct",
          "version": "http://snomed.info/sct/731000124108/version/20240301",
          "code": "456381000124102",
          "display": "Injection of leuprolide acetate for twelve month period (regime/therapy)"
        } ]
      },
      "subject": {
        "reference": "Patient/f67164ab-356d-4fb6-afcb-169aaa7fe3f4"
      },
      "authoredOn": "2025-02-04T08:00:00.000+00:00"
    },
    "request": {
      "method": "PUT",
      "url": "ServiceRequest/4508f2c6-a07a-4a55-8941-99f30ee15687"
    }
  }, {
    "fullUrl": "https://madie.cms.gov/MeasureReport/1c6f0eb9-8f61-4e35-8704-de4e344989d5",
    "resource": {
      "resourceType": "MeasureReport",
      "id": "1c6f0eb9-8f61-4e35-8704-de4e344989d5",
      "meta": {
        "profile": [ "http://hl7.org/fhir/us/cqfmeasures/StructureDefinition/test-case-cqfm" ]
      },
      "contained": [ {
        "resourceType": "Parameters",
        "id": "b72347ac-7634-40fa-aea8-4618749d370d-parameters",
        "parameter": [ {
          "name": "subject",
          "valueString": "f67164ab-356d-4fb6-afcb-169aaa7fe3f4"
        } ]
      } ],
      "extension": [ {
        "url": "http://hl7.org/fhir/us/cqfmeasures/StructureDefinition/cqfm-inputParameters",
        "valueReference": {
          "reference": "#b72347ac-7634-40fa-aea8-4618749d370d-parameters"
        }
      }, {
        "url": "http://hl7.org/fhir/us/cqfmeasures/StructureDefinition/cqfm-testCaseDescription",
        "valueMarkdown": "Encounter Office Visit in MP.  Dx Prostate Cancer in MP. Procedure \nOrder. Dexa 3 months after ADT.  Edge. Passes NUMER as expected."
      } ],
      "modifierExtension": [ {
        "url": "http://hl7.org/fhir/us/cqfmeasures/StructureDefinition/cqfm-isTestCase",
        "valueBoolean": true
      } ],
      "status": "complete",
      "type": "individual",
      "measure": "https://madie.cms.gov/Measure/BoneDensityProstateCancerAndrogenDeprivationTherapyFHIR6",
      "period": {
        "start": "2025-01-01",
        "end": "2025-12-31"
      },
      "group": [ {
        "id": "67b61060a0d801640767a597",
        "population": [ {
          "id": "E8F25116-1779-4BA6-B606-34F12AE4F5BA",
          "code": {
            "coding": [ {
              "system": "http://terminology.hl7.org/CodeSystem/measure-population",
              "code": "initial-population",
              "display": "Initial Population"
            } ]
          },
          "count": 1
        }, {
          "id": "1C145A56-9250-4444-A497-86C44F55CFDB",
          "code": {
            "coding": [ {
              "system": "http://terminology.hl7.org/CodeSystem/measure-population",
              "code": "denominator",
              "display": "Denominator"
            } ]
          },
          "count": 1
        }, {
          "id": "B1E0E3D2-D44E-4BFF-92F8-077CF1AE234F",
          "code": {
            "coding": [ {
              "system": "http://terminology.hl7.org/CodeSystem/measure-population",
              "code": "numerator",
              "display": "Numerator"
            } ]
          },
          "count": 1
        }, {
          "id": "A9552F46-139C-4270-835C-224132205362",
          "code": {
            "coding": [ {
              "system": "http://terminology.hl7.org/CodeSystem/measure-population",
              "code": "denominator-exception",
              "display": "Denominator Exception"
            } ]
          },
          "count": 0
        } ],
        "measureScore": {
          "value": 1.0
        }
      } ],
      "evaluatedResource": [ {
        "reference": "Patient/f67164ab-356d-4fb6-afcb-169aaa7fe3f4"
      }, {
        "reference": "Encounter/08728592-55ff-4546-8d2e-7cafd2b40188"
      }, {
        "reference": "Condition/b06487a3-cf65-4e40-8fa1-ba3a0a436160"
      }, {
        "reference": "Observation/7c41b327-4a50-4f88-a67d-f14f74a4c66f"
      }, {
        "reference": "Practitioner/a1698506-7d17-4420-9cde-0bb734440110"
      }, {
        "reference": "MedicationRequest/57edb386-44ce-4d7f-956d-4bb498589fac"
      }, {
        "reference": "ServiceRequest/4508f2c6-a07a-4a55-8941-99f30ee15687"
      } ]
    },
    "request": {
      "method": "PUT",
      "url": "MeasureReport/1c6f0eb9-8f61-4e35-8704-de4e344989d5"
    }
  } ]
}