{
  "resourceType": "Bundle",
  "id": "60abda28bf0a01003e3f76bd",
  "type": "transaction",
  "entry": [ {
    "fullUrl": "https://madie.cms.gov/Patient/449eb3e6-3c46-439c-95cd-125aadd27e82",
    "resource": {
      "resourceType": "Patient",
      "id": "449eb3e6-3c46-439c-95cd-125aadd27e82",
      "meta": {
        "profile": [ "http://hl7.org/fhir/us/qicore/StructureDefinition/qicore-patient" ]
      },
      "extension": [ {
        "url": "http://hl7.org/fhir/us/core/StructureDefinition/us-core-race",
        "extension": [ {
          "url": "ombCategory",
          "valueCoding": {
            "system": "urn:oid:2.16.840.1.113883.6.238",
            "code": "2054-5",
            "display": "Black or African American",
            "userSelected": true
          }
        }, {
          "url": "text",
          "valueString": "Black or African American"
        } ]
      }, {
        "url": "http://hl7.org/fhir/us/core/StructureDefinition/us-core-ethnicity",
        "extension": [ {
          "url": "ombCategory",
          "valueCoding": {
            "system": "urn:oid:2.16.840.1.113883.6.238",
            "code": "2186-5",
            "display": "Not Hispanic or Latino",
            "userSelected": true
          }
        }, {
          "url": "text",
          "valueString": "Not Hispanic or Latino"
        } ]
      } ],
      "identifier": [ {
        "type": {
          "coding": [ {
            "system": "http://terminology.hl7.org/CodeSystem/v2-0203",
            "code": "MR"
          } ]
        },
        "system": "https://bonnie-fhir.healthit.gov/",
        "value": "60abda28bf0a01003e3f76bd"
      } ],
      "name": [ {
        "family": "NUMERPass",
        "given": [ "DEXA1YearBeforeADT" ]
      } ],
      "gender": "male",
      "birthDate": "1930-06-15"
    },
    "request": {
      "method": "PUT",
      "url": "Patient/449eb3e6-3c46-439c-95cd-125aadd27e82"
    }
  }, {
    "fullUrl": "https://madie.cms.gov/Encounter/237cc78c-5aef-4c5e-b864-eea7d598a94f",
    "resource": {
      "resourceType": "Encounter",
      "id": "237cc78c-5aef-4c5e-b864-eea7d598a94f",
      "meta": {
        "profile": [ "http://hl7.org/fhir/us/qicore/StructureDefinition/qicore-encounter" ]
      },
      "status": "finished",
      "class": {
        "system": "http://terminology.hl7.org/CodeSystem/v3-ActCode",
        "code": "AMB",
        "display": "ambulatory"
      },
      "type": [ {
        "coding": [ {
          "system": "http://snomed.info/sct",
          "version": "2021-09",
          "code": "185463005",
          "display": "Visit out of hours (procedure)",
          "userSelected": true
        } ]
      } ],
      "subject": {
        "reference": "Patient/449eb3e6-3c46-439c-95cd-125aadd27e82"
      },
      "period": {
        "start": "2026-08-04T08:00:00.000+00:00",
        "end": "2026-08-04T08:15:00.000+00:00"
      }
    },
    "request": {
      "method": "PUT",
      "url": "Encounter/237cc78c-5aef-4c5e-b864-eea7d598a94f"
    }
  }, {
    "fullUrl": "https://madie.cms.gov/Condition/397bd4dd-5aff-449c-be9f-a9ae9414d77f",
    "resource": {
      "resourceType": "Condition",
      "id": "397bd4dd-5aff-449c-be9f-a9ae9414d77f",
      "meta": {
        "profile": [ "http://hl7.org/fhir/us/qicore/StructureDefinition/qicore-condition-problems-health-concerns" ]
      },
      "clinicalStatus": {
        "coding": [ {
          "system": "http://terminology.hl7.org/CodeSystem/condition-clinical",
          "code": "active",
          "display": "Active",
          "userSelected": true
        } ]
      },
      "verificationStatus": {
        "coding": [ {
          "system": "http://terminology.hl7.org/CodeSystem/condition-ver-status",
          "code": "confirmed"
        } ]
      },
      "category": [ {
        "coding": [ {
          "system": "http://terminology.hl7.org/CodeSystem/condition-category",
          "code": "problem-list-item",
          "display": "Problem List Item"
        } ]
      } ],
      "code": {
        "coding": [ {
          "system": "http://snomed.info/sct",
          "version": "http://snomed.info/sct/731000124108/version/20250301",
          "code": "254900004",
          "display": "Carcinoma of prostate (disorder)",
          "userSelected": true
        } ]
      },
      "subject": {
        "reference": "Patient/449eb3e6-3c46-439c-95cd-125aadd27e82"
      },
      "onsetPeriod": {
        "start": "2026-08-04T08:00:00.000+00:00"
      }
    },
    "request": {
      "method": "PUT",
      "url": "Condition/397bd4dd-5aff-449c-be9f-a9ae9414d77f"
    }
  }, {
    "fullUrl": "https://madie.cms.gov/Observation/a1b2555f-d273-4d1f-b2eb-cbbffbe60e0d",
    "resource": {
      "resourceType": "Observation",
      "id": "a1b2555f-d273-4d1f-b2eb-cbbffbe60e0d",
      "meta": {
        "profile": [ "http://hl7.org/fhir/us/qicore/StructureDefinition/qicore-observation-clinical-result" ]
      },
      "status": "final",
      "category": [ {
        "coding": [ {
          "system": "http://terminology.hl7.org/CodeSystem/observation-category",
          "code": "imaging",
          "display": "Imaging"
        } ]
      }, {
        "coding": [ {
          "system": "http://terminology.hl7.org/CodeSystem/observation-category",
          "code": "survey"
        } ]
      } ],
      "code": {
        "coding": [ {
          "system": "http://loinc.org",
          "version": "2.69",
          "code": "38265-5",
          "display": "DXA Radius and Ulna [T-score] Bone density",
          "userSelected": true
        } ]
      },
      "subject": {
        "reference": "Patient/449eb3e6-3c46-439c-95cd-125aadd27e82"
      },
      "effectivePeriod": {
        "start": "2025-09-01T10:00:00.000+00:00",
        "end": "2025-09-01T11:00:00.000+00:00"
      },
      "dataAbsentReason": {
        "coding": [ {
          "system": "http://terminology.hl7.org/CodeSystem/data-absent-reason",
          "code": "unknown",
          "display": "Unknown"
        } ]
      }
    },
    "request": {
      "method": "PUT",
      "url": "Observation/a1b2555f-d273-4d1f-b2eb-cbbffbe60e0d"
    }
  }, {
    "fullUrl": "https://madie.cms.gov/Practitioner/3157ccf5-af6a-4023-95cf-098ccb342c23",
    "resource": {
      "resourceType": "Practitioner",
      "id": "3157ccf5-af6a-4023-95cf-098ccb342c23",
      "meta": {
        "profile": [ "http://hl7.org/fhir/us/qicore/StructureDefinition/qicore-practitioner" ]
      },
      "identifier": [ {
        "use": "temp",
        "system": "urn:oid:2.16.840.1.113883.4.336",
        "value": "Practitioner-23"
      } ],
      "active": true,
      "name": [ {
        "family": "Careful",
        "given": [ "Adam" ],
        "prefix": [ "Dr" ]
      } ],
      "address": [ {
        "use": "home",
        "line": [ "534 Erewhon St" ],
        "city": "PleasantVille",
        "state": "UT",
        "postalCode": "84414"
      } ],
      "qualification": [ {
        "identifier": [ {
          "system": "http://example.org/UniversityIdentifier",
          "value": "12345"
        } ],
        "code": {
          "coding": [ {
            "system": "http://terminology.hl7.org/CodeSystem/v2-0360|2.7",
            "code": "BS",
            "display": "Bachelor of Science"
          } ],
          "text": "Bachelor of Science"
        },
        "period": {
          "start": "1996"
        },
        "issuer": {
          "display": "Example University"
        }
      } ]
    },
    "request": {
      "method": "PUT",
      "url": "Practitioner/3157ccf5-af6a-4023-95cf-098ccb342c23"
    }
  }, {
    "fullUrl": "https://madie.cms.gov/MedicationRequest/f7350a61-03e7-4c84-b57b-620a2e40be54",
    "resource": {
      "resourceType": "MedicationRequest",
      "id": "f7350a61-03e7-4c84-b57b-620a2e40be54",
      "meta": {
        "profile": [ "http://hl7.org/fhir/us/qicore/StructureDefinition/qicore-medicationrequest" ]
      },
      "status": "active",
      "intent": "order",
      "medicationCodeableConcept": {
        "coding": [ {
          "system": "http://www.nlm.nih.gov/research/umls/rxnorm",
          "code": "1115257",
          "display": "1.5 ML leuprolide acetate 30 MG/ML Prefilled Syringe",
          "userSelected": true
        } ]
      },
      "subject": {
        "reference": "Patient/449eb3e6-3c46-439c-95cd-125aadd27e82"
      },
      "authoredOn": "2026-08-28T08:00:00.000+00:00",
      "requester": {
        "reference": "http://myGoodHealthcare.com/fhir/Practitioner/3157ccf5-af6a-4023-95cf-098ccb342c23"
      },
      "dosageInstruction": [ {
        "timing": {
          "repeat": {
            "boundsPeriod": {
              "start": "2026-08-31T08:00:00.000+00:00"
            }
          }
        }
      } ]
    },
    "request": {
      "method": "PUT",
      "url": "MedicationRequest/f7350a61-03e7-4c84-b57b-620a2e40be54"
    }
  }, {
    "fullUrl": "https://madie.cms.gov/ServiceRequest/a06880d4-d496-47d9-8a62-49ced7b2b0b9",
    "resource": {
      "resourceType": "ServiceRequest",
      "id": "a06880d4-d496-47d9-8a62-49ced7b2b0b9",
      "meta": {
        "profile": [ "http://hl7.org/fhir/us/qicore/StructureDefinition/qicore-servicerequest" ]
      },
      "status": "active",
      "intent": "order",
      "code": {
        "coding": [ {
          "system": "http://snomed.info/sct",
          "version": "http://snomed.info/sct/731000124108/version/20250301",
          "code": "456381000124102",
          "display": "Injection of leuprolide acetate for twelve month period (regime/therapy)",
          "userSelected": true
        } ]
      },
      "subject": {
        "reference": "Patient/449eb3e6-3c46-439c-95cd-125aadd27e82"
      },
      "authoredOn": "2026-08-31T08:00:00.000+00:00"
    },
    "request": {
      "method": "PUT",
      "url": "ServiceRequest/a06880d4-d496-47d9-8a62-49ced7b2b0b9"
    }
  }, {
    "fullUrl": "https://madie.cms.gov/MeasureReport/4e5d5d0b-c1d9-41ca-b2ab-1a4fd99564df",
    "resource": {
      "resourceType": "MeasureReport",
      "id": "4e5d5d0b-c1d9-41ca-b2ab-1a4fd99564df",
      "meta": {
        "profile": [ "http://hl7.org/fhir/us/cqfmeasures/StructureDefinition/test-case-cqfm" ]
      },
      "contained": [ {
        "resourceType": "Parameters",
        "id": "34c60849-2078-4bcb-83a7-3ab3191a526a-parameters",
        "parameter": [ {
          "name": "subject",
          "valueString": "449eb3e6-3c46-439c-95cd-125aadd27e82"
        } ]
      } ],
      "extension": [ {
        "url": "http://hl7.org/fhir/StructureDefinition/cqf-inputParameters",
        "valueReference": {
          "reference": "#34c60849-2078-4bcb-83a7-3ab3191a526a-parameters"
        }
      }, {
        "url": "http://hl7.org/fhir/us/cqfmeasures/StructureDefinition/cqfm-testCaseDescription",
        "valueMarkdown": "Dx of Prostate Cancer with qualifying encounter(s) in MP.  DEXA 1 year prior to Prostate cancer diagnosis and ADT.  Passes NUMER criteria"
      } ],
      "modifierExtension": [ {
        "url": "http://hl7.org/fhir/us/cqfmeasures/StructureDefinition/cqfm-isTestCase",
        "valueBoolean": true
      } ],
      "status": "complete",
      "type": "individual",
      "measure": "https://madie.cms.gov/Measure/CMS645FHIRBoneDensityPCADTherapy",
      "period": {
        "start": "2026-01-01",
        "end": "2026-12-31"
      },
      "group": [ {
        "id": "Group_1",
        "population": [ {
          "id": "InitialPopulation_1",
          "code": {
            "coding": [ {
              "system": "http://terminology.hl7.org/CodeSystem/measure-population",
              "code": "initial-population",
              "display": "Initial Population"
            } ]
          },
          "count": 1
        }, {
          "id": "Denominator_1",
          "code": {
            "coding": [ {
              "system": "http://terminology.hl7.org/CodeSystem/measure-population",
              "code": "denominator",
              "display": "Denominator"
            } ]
          },
          "count": 1
        }, {
          "id": "Numerator_1",
          "code": {
            "coding": [ {
              "system": "http://terminology.hl7.org/CodeSystem/measure-population",
              "code": "numerator",
              "display": "Numerator"
            } ]
          },
          "count": 1
        }, {
          "id": "DenominatorException_1",
          "code": {
            "coding": [ {
              "system": "http://terminology.hl7.org/CodeSystem/measure-population",
              "code": "denominator-exception",
              "display": "Denominator Exception"
            } ]
          },
          "count": 0
        } ],
        "measureScore": {
          "value": 1.0
        }
      } ],
      "evaluatedResource": [ {
        "reference": "Patient/449eb3e6-3c46-439c-95cd-125aadd27e82"
      }, {
        "reference": "Encounter/237cc78c-5aef-4c5e-b864-eea7d598a94f"
      }, {
        "reference": "Condition/397bd4dd-5aff-449c-be9f-a9ae9414d77f"
      }, {
        "reference": "Observation/a1b2555f-d273-4d1f-b2eb-cbbffbe60e0d"
      }, {
        "reference": "Practitioner/3157ccf5-af6a-4023-95cf-098ccb342c23"
      }, {
        "reference": "MedicationRequest/f7350a61-03e7-4c84-b57b-620a2e40be54"
      }, {
        "reference": "ServiceRequest/a06880d4-d496-47d9-8a62-49ced7b2b0b9"
      } ]
    },
    "request": {
      "method": "PUT",
      "url": "MeasureReport/4e5d5d0b-c1d9-41ca-b2ab-1a4fd99564df"
    }
  } ]
}