{
  "resourceType": "Bundle",
  "id": "62bb3859e8081f5ef5e199f5",
  "type": "transaction",
  "entry": [ {
    "fullUrl": "https://madie.cms.gov/Patient/b5663718-0277-4e04-8ddf-b70b07893b6d",
    "resource": {
      "resourceType": "Patient",
      "id": "b5663718-0277-4e04-8ddf-b70b07893b6d",
      "meta": {
        "profile": [ "http://hl7.org/fhir/us/qicore/StructureDefinition/qicore-patient" ]
      },
      "extension": [ {
        "url": "http://hl7.org/fhir/us/core/StructureDefinition/us-core-race",
        "extension": [ {
          "url": "ombCategory",
          "valueCoding": {
            "system": "urn:oid:2.16.840.1.113883.6.238",
            "code": "1002-5",
            "display": "American Indian or Alaska Native",
            "userSelected": true
          }
        }, {
          "url": "text",
          "valueString": "American Indian or Alaska Native"
        } ]
      }, {
        "url": "http://hl7.org/fhir/us/core/StructureDefinition/us-core-ethnicity",
        "extension": [ {
          "url": "ombCategory",
          "valueCoding": {
            "system": "urn:oid:2.16.840.1.113883.6.238",
            "code": "2135-2",
            "display": "Hispanic or Latino",
            "userSelected": true
          }
        }, {
          "url": "text",
          "valueString": "Hispanic or Latino"
        } ]
      } ],
      "identifier": [ {
        "type": {
          "coding": [ {
            "system": "http://terminology.hl7.org/CodeSystem/v2-0203",
            "code": "MR"
          } ]
        },
        "system": "https://bonnie-fhir.healthit.gov/",
        "value": "62bb3859e8081f5ef5e199f5"
      } ],
      "name": [ {
        "family": "DENOMFail",
        "given": [ "CancerDxUnconfirmed" ]
      } ],
      "gender": "male",
      "birthDate": "1952-07-19"
    },
    "request": {
      "method": "PUT",
      "url": "Patient/b5663718-0277-4e04-8ddf-b70b07893b6d"
    }
  }, {
    "fullUrl": "https://madie.cms.gov/Encounter/ee69f845-d1d6-439a-9d26-b69692e79256",
    "resource": {
      "resourceType": "Encounter",
      "id": "ee69f845-d1d6-439a-9d26-b69692e79256",
      "meta": {
        "profile": [ "http://hl7.org/fhir/us/qicore/StructureDefinition/qicore-encounter" ]
      },
      "status": "finished",
      "class": {
        "system": "http://terminology.hl7.org/CodeSystem/v3-ActCode",
        "code": "AMB",
        "display": "ambulatory"
      },
      "type": [ {
        "coding": [ {
          "system": "http://snomed.info/sct",
          "version": "http://snomed.info/sct/731000124108/version/20240401",
          "code": "185463005",
          "display": "Visit out of hours (procedure)",
          "userSelected": true
        } ]
      } ],
      "subject": {
        "reference": "Patient/b5663718-0277-4e04-8ddf-b70b07893b6d"
      },
      "period": {
        "start": "2026-03-03T08:00:00.000+00:00",
        "end": "2026-03-03T08:15:00.000+00:00"
      }
    },
    "request": {
      "method": "PUT",
      "url": "Encounter/ee69f845-d1d6-439a-9d26-b69692e79256"
    }
  }, {
    "fullUrl": "https://madie.cms.gov/Condition/30004133-1e42-436b-b5a5-f22b485e1752",
    "resource": {
      "resourceType": "Condition",
      "id": "30004133-1e42-436b-b5a5-f22b485e1752",
      "meta": {
        "profile": [ "http://hl7.org/fhir/us/qicore/StructureDefinition/qicore-condition-problems-health-concerns" ]
      },
      "clinicalStatus": {
        "coding": [ {
          "system": "http://terminology.hl7.org/CodeSystem/condition-clinical",
          "code": "active",
          "display": "Active",
          "userSelected": true
        } ]
      },
      "verificationStatus": {
        "coding": [ {
          "system": "http://terminology.hl7.org/CodeSystem/condition-ver-status",
          "code": "confirmed",
          "display": "Confirmed",
          "userSelected": true
        } ]
      },
      "category": [ {
        "coding": [ {
          "system": "http://terminology.hl7.org/CodeSystem/condition-category",
          "code": "problem-list-item",
          "display": "Problem List Item"
        } ]
      } ],
      "code": {
        "coding": [ {
          "system": "http://snomed.info/sct",
          "version": "http://snomed.info/sct/731000124108/version/20250301",
          "code": "254900004",
          "display": "Carcinoma of prostate (disorder)",
          "userSelected": true
        } ]
      },
      "subject": {
        "reference": "Patient/b5663718-0277-4e04-8ddf-b70b07893b6d"
      },
      "onsetPeriod": {
        "start": "2026-03-03T08:00:00.000+00:00"
      }
    },
    "request": {
      "method": "PUT",
      "url": "Condition/30004133-1e42-436b-b5a5-f22b485e1752"
    }
  }, {
    "fullUrl": "https://madie.cms.gov/MedicationRequest/118f20de-7126-4f0b-aeb8-b7ccfb7ce1f6",
    "resource": {
      "resourceType": "MedicationRequest",
      "id": "118f20de-7126-4f0b-aeb8-b7ccfb7ce1f6",
      "meta": {
        "profile": [ "http://hl7.org/fhir/us/qicore/StructureDefinition/qicore-medicationrequest" ]
      },
      "status": "active",
      "intent": "order",
      "medicationCodeableConcept": {
        "coding": [ {
          "system": "http://www.nlm.nih.gov/research/umls/rxnorm",
          "version": "06052023",
          "code": "752884",
          "display": "0.375 ML leuprolide acetate 120 MG/ML Prefilled Syringe",
          "userSelected": true
        } ]
      },
      "subject": {
        "reference": "Patient/b5663718-0277-4e04-8ddf-b70b07893b6d"
      },
      "authoredOn": "2025-09-03T08:00:00.000+00:00",
      "requester": {
        "reference": "http://myGoodHealthcare.com/fhir/Practitioner/646346"
      },
      "dosageInstruction": [ {
        "timing": {
          "repeat": {
            "boundsPeriod": {
              "start": "2025-09-03T08:00:00.000+00:00"
            }
          }
        }
      } ]
    },
    "request": {
      "method": "PUT",
      "url": "MedicationRequest/118f20de-7126-4f0b-aeb8-b7ccfb7ce1f6"
    }
  }, {
    "fullUrl": "https://madie.cms.gov/ServiceRequest/7262cf24-7322-48f5-bb22-477045896502",
    "resource": {
      "resourceType": "ServiceRequest",
      "id": "7262cf24-7322-48f5-bb22-477045896502",
      "meta": {
        "profile": [ "http://hl7.org/fhir/us/qicore/StructureDefinition/qicore-servicerequest" ]
      },
      "status": "active",
      "intent": "order",
      "code": {
        "coding": [ {
          "system": "http://snomed.info/sct",
          "version": "http://snomed.info/sct/731000124108/version/20250301",
          "code": "456381000124102",
          "display": "Injection of leuprolide acetate for twelve month period (regime/therapy)",
          "userSelected": true
        } ]
      },
      "subject": {
        "reference": "Patient/b5663718-0277-4e04-8ddf-b70b07893b6d"
      },
      "authoredOn": "2025-09-03T08:00:00.000+00:00"
    },
    "request": {
      "method": "PUT",
      "url": "ServiceRequest/7262cf24-7322-48f5-bb22-477045896502"
    }
  }, {
    "fullUrl": "https://madie.cms.gov/MeasureReport/c4af8705-5edf-4b47-9059-c09590eaf5c8",
    "resource": {
      "resourceType": "MeasureReport",
      "id": "c4af8705-5edf-4b47-9059-c09590eaf5c8",
      "meta": {
        "profile": [ "http://hl7.org/fhir/us/cqfmeasures/StructureDefinition/test-case-cqfm" ]
      },
      "contained": [ {
        "resourceType": "Parameters",
        "id": "e0d21f52-5f10-479d-bbbe-625a2ddcf051-parameters",
        "parameter": [ {
          "name": "subject",
          "valueString": "b5663718-0277-4e04-8ddf-b70b07893b6d"
        } ]
      } ],
      "extension": [ {
        "url": "http://hl7.org/fhir/StructureDefinition/cqf-inputParameters",
        "valueReference": {
          "reference": "#e0d21f52-5f10-479d-bbbe-625a2ddcf051-parameters"
        }
      }, {
        "url": "http://hl7.org/fhir/us/cqfmeasures/StructureDefinition/cqfm-testCaseDescription",
        "valueMarkdown": "Prostate cancer diagnosis unconfirmed. "
      } ],
      "modifierExtension": [ {
        "url": "http://hl7.org/fhir/us/cqfmeasures/StructureDefinition/cqfm-isTestCase",
        "valueBoolean": true
      } ],
      "status": "complete",
      "type": "individual",
      "measure": "https://madie.cms.gov/Measure/CMS645FHIRBoneDensityPCADTherapy",
      "period": {
        "start": "2026-01-01",
        "end": "2026-12-31"
      },
      "group": [ {
        "id": "Group_1",
        "population": [ {
          "id": "InitialPopulation_1",
          "code": {
            "coding": [ {
              "system": "http://terminology.hl7.org/CodeSystem/measure-population",
              "code": "initial-population",
              "display": "Initial Population"
            } ]
          },
          "count": 0
        }, {
          "id": "Denominator_1",
          "code": {
            "coding": [ {
              "system": "http://terminology.hl7.org/CodeSystem/measure-population",
              "code": "denominator",
              "display": "Denominator"
            } ]
          },
          "count": 0
        }, {
          "id": "Numerator_1",
          "code": {
            "coding": [ {
              "system": "http://terminology.hl7.org/CodeSystem/measure-population",
              "code": "numerator",
              "display": "Numerator"
            } ]
          },
          "count": 0
        }, {
          "id": "DenominatorException_1",
          "code": {
            "coding": [ {
              "system": "http://terminology.hl7.org/CodeSystem/measure-population",
              "code": "denominator-exception",
              "display": "Denominator Exception"
            } ]
          },
          "count": 0
        } ],
        "measureScore": {
          "value": 1.0
        }
      } ],
      "evaluatedResource": [ {
        "reference": "Patient/b5663718-0277-4e04-8ddf-b70b07893b6d"
      }, {
        "reference": "Encounter/ee69f845-d1d6-439a-9d26-b69692e79256"
      }, {
        "reference": "Condition/30004133-1e42-436b-b5a5-f22b485e1752"
      }, {
        "reference": "MedicationRequest/118f20de-7126-4f0b-aeb8-b7ccfb7ce1f6"
      }, {
        "reference": "ServiceRequest/7262cf24-7322-48f5-bb22-477045896502"
      } ]
    },
    "request": {
      "method": "PUT",
      "url": "MeasureReport/c4af8705-5edf-4b47-9059-c09590eaf5c8"
    }
  } ]
}