{
  "resourceType": "Bundle",
  "id": "135f1a32f4135431232d",
  "type": "transaction",
  "entry": [ {
    "fullUrl": "https://madie.cms.gov/Patient/a5307581-654f-415f-912f-cec5e9dc00dc",
    "resource": {
      "resourceType": "Patient",
      "id": "a5307581-654f-415f-912f-cec5e9dc00dc",
      "meta": {
        "profile": [ "http://hl7.org/fhir/us/qicore/StructureDefinition/qicore-patient" ]
      },
      "extension": [ {
        "url": "http://hl7.org/fhir/us/core/StructureDefinition/us-core-race",
        "extension": [ {
          "url": "ombCategory",
          "valueCoding": {
            "system": "urn:oid:2.16.840.1.113883.6.238",
            "code": "1002-5",
            "display": "American Indian or Alaska Native",
            "userSelected": true
          }
        }, {
          "url": "text",
          "valueString": "American Indian or Alaska Native"
        } ]
      }, {
        "url": "http://hl7.org/fhir/us/core/StructureDefinition/us-core-ethnicity",
        "extension": [ {
          "url": "ombCategory",
          "valueCoding": {
            "system": "urn:oid:2.16.840.1.113883.6.238",
            "code": "2135-2",
            "display": "Hispanic or Latino",
            "userSelected": true
          }
        }, {
          "url": "text",
          "valueString": "Hispanic or Latino"
        } ]
      } ],
      "identifier": [ {
        "type": {
          "coding": [ {
            "system": "http://terminology.hl7.org/CodeSystem/v2-0203",
            "code": "MR"
          } ]
        },
        "system": "https://bonnie-fhir.healthit.gov",
        "value": "62bc61713e113102f8cedc8b"
      } ],
      "active": true,
      "name": [ {
        "family": "DENOMPass",
        "given": [ "MedReqBoundsEndofMP" ]
      } ],
      "gender": "male",
      "birthDate": "1951-10-10"
    },
    "request": {
      "method": "PUT",
      "url": "Patient/a5307581-654f-415f-912f-cec5e9dc00dc"
    }
  }, {
    "fullUrl": "https://madie.cms.gov/Encounter/9fade968-65af-462b-95f6-b235a5ba9f46",
    "resource": {
      "resourceType": "Encounter",
      "id": "9fade968-65af-462b-95f6-b235a5ba9f46",
      "meta": {
        "profile": [ "http://hl7.org/fhir/us/qicore/StructureDefinition/qicore-encounter" ]
      },
      "status": "finished",
      "class": {
        "system": "http://terminology.hl7.org/CodeSystem/v3-ActCode",
        "code": "AMB",
        "display": "ambulatory"
      },
      "type": [ {
        "coding": [ {
          "system": "http://www.ama-assn.org/go/cpt",
          "code": "99203"
        } ]
      } ],
      "subject": {
        "reference": "Patient/a5307581-654f-415f-912f-cec5e9dc00dc"
      },
      "period": {
        "start": "2025-08-01T08:00:00+00:00",
        "end": "2025-08-01T08:15:00+00:00"
      }
    },
    "request": {
      "method": "PUT",
      "url": "Encounter/9fade968-65af-462b-95f6-b235a5ba9f46"
    }
  }, {
    "fullUrl": "https://madie.cms.gov/Condition/64daea09-7164-41a0-9b51-70db1a0c16c5",
    "resource": {
      "resourceType": "Condition",
      "id": "64daea09-7164-41a0-9b51-70db1a0c16c5",
      "meta": {
        "profile": [ "http://hl7.org/fhir/us/qicore/StructureDefinition/qicore-condition-problems-health-concerns" ]
      },
      "clinicalStatus": {
        "coding": [ {
          "system": "http://terminology.hl7.org/CodeSystem/condition-clinical",
          "code": "active"
        } ]
      },
      "verificationStatus": {
        "coding": [ {
          "system": "http://terminology.hl7.org/CodeSystem/condition-ver-status",
          "code": "confirmed"
        } ]
      },
      "category": [ {
        "coding": [ {
          "system": "http://terminology.hl7.org/CodeSystem/condition-category",
          "code": "problem-list-item",
          "display": "Problem List Item"
        } ]
      } ],
      "code": {
        "coding": [ {
          "system": "http://snomed.info/sct",
          "version": "http://snomed.info/sct/731000124108/version/20240401",
          "code": "254900004",
          "display": "Carcinoma of prostate (disorder)"
        } ]
      },
      "subject": {
        "reference": "Patient/a5307581-654f-415f-912f-cec5e9dc00dc"
      },
      "onsetPeriod": {
        "start": "2025-03-15T08:00:00.000+00:00"
      }
    },
    "request": {
      "method": "PUT",
      "url": "Condition/64daea09-7164-41a0-9b51-70db1a0c16c5"
    }
  }, {
    "fullUrl": "https://madie.cms.gov/MedicationRequest/19740d42-1594-4aed-9847-aa6a0f26aa92",
    "resource": {
      "resourceType": "MedicationRequest",
      "id": "19740d42-1594-4aed-9847-aa6a0f26aa92",
      "meta": {
        "profile": [ "http://hl7.org/fhir/us/qicore/StructureDefinition/qicore-medicationrequest" ]
      },
      "status": "active",
      "intent": "order",
      "medicationCodeableConcept": {
        "coding": [ {
          "system": "http://www.nlm.nih.gov/research/umls/rxnorm",
          "code": "1115257",
          "display": "1.5 ML leuprolide acetate 30 MG/ML Prefilled Syringe"
        } ]
      },
      "subject": {
        "reference": "Patient/a5307581-654f-415f-912f-cec5e9dc00dc"
      },
      "authoredOn": "2025-09-10T08:00:00.000+00:00",
      "requester": {
        "reference": "http://myGoodHealthcare.com/fhir/Practitioner/d9bb0287-663a-4b31-be47-e85e14f1cf82"
      },
      "dosageInstruction": [ {
        "timing": {
          "repeat": {
            "boundsPeriod": {
              "start": "2025-09-30T08:00:00.000+00:00",
              "end": "2025-09-30T08:15:00.000+00:00"
            }
          }
        }
      } ]
    },
    "request": {
      "method": "PUT",
      "url": "MedicationRequest/19740d42-1594-4aed-9847-aa6a0f26aa92"
    }
  }, {
    "fullUrl": "https://madie.cms.gov/ServiceRequest/a9a8d41f-0aa9-44fe-b8cf-4edcbd9be309",
    "resource": {
      "resourceType": "ServiceRequest",
      "id": "a9a8d41f-0aa9-44fe-b8cf-4edcbd9be309",
      "meta": {
        "profile": [ "http://hl7.org/fhir/us/qicore/StructureDefinition/qicore-servicerequest" ]
      },
      "status": "active",
      "intent": "order",
      "code": {
        "coding": [ {
          "system": "http://snomed.info/sct",
          "code": "456381000124102",
          "display": "Injection of leuprolide acetate for twelve month period (regime/therapy)"
        } ]
      },
      "subject": {
        "reference": "Patient/a5307581-654f-415f-912f-cec5e9dc00dc"
      },
      "authoredOn": "2025-09-30T08:00:00.000+00:00"
    },
    "request": {
      "method": "PUT",
      "url": "ServiceRequest/a9a8d41f-0aa9-44fe-b8cf-4edcbd9be309"
    }
  }, {
    "fullUrl": "https://madie.cms.gov/Practitioner/d9bb0287-663a-4b31-be47-e85e14f1cf82",
    "resource": {
      "resourceType": "Practitioner",
      "id": "d9bb0287-663a-4b31-be47-e85e14f1cf82",
      "meta": {
        "profile": [ "http://hl7.org/fhir/us/qicore/StructureDefinition/qicore-practitioner" ]
      },
      "identifier": [ {
        "use": "temp",
        "system": "urn:oid:2.16.840.1.113883.4.336",
        "value": "Practitioner-23"
      } ],
      "active": true,
      "name": [ {
        "family": "Careful",
        "given": [ "Adam" ],
        "prefix": [ "Dr" ]
      } ],
      "address": [ {
        "use": "home",
        "line": [ "534 Erewhon St" ],
        "city": "PleasantVille",
        "state": "UT",
        "postalCode": "84414"
      } ],
      "qualification": [ {
        "identifier": [ {
          "system": "http://example.org/UniversityIdentifier",
          "value": "12345"
        } ],
        "code": {
          "coding": [ {
            "system": "http://terminology.hl7.org/CodeSystem/v2-0360|2.7",
            "code": "BS",
            "display": "Bachelor of Science"
          } ],
          "text": "Bachelor of Science"
        },
        "period": {
          "start": "1995"
        },
        "issuer": {
          "display": "Example University"
        }
      } ]
    },
    "request": {
      "method": "PUT",
      "url": "Practitioner/d9bb0287-663a-4b31-be47-e85e14f1cf82"
    }
  }, {
    "fullUrl": "https://madie.cms.gov/MeasureReport/5f3b1cd2-cd51-46bc-9575-bd64a041c16d",
    "resource": {
      "resourceType": "MeasureReport",
      "id": "5f3b1cd2-cd51-46bc-9575-bd64a041c16d",
      "meta": {
        "profile": [ "http://hl7.org/fhir/us/cqfmeasures/StructureDefinition/test-case-cqfm" ]
      },
      "contained": [ {
        "resourceType": "Parameters",
        "id": "9612f816-777e-46f2-8949-871a14c8652f-parameters",
        "parameter": [ {
          "name": "subject",
          "valueString": "a5307581-654f-415f-912f-cec5e9dc00dc"
        } ]
      } ],
      "extension": [ {
        "url": "http://hl7.org/fhir/us/cqfmeasures/StructureDefinition/cqfm-inputParameters",
        "valueReference": {
          "reference": "#9612f816-777e-46f2-8949-871a14c8652f-parameters"
        }
      }, {
        "url": "http://hl7.org/fhir/us/cqfmeasures/StructureDefinition/cqfm-testCaseDescription",
        "valueMarkdown": "Test of FirstADT definition procedure order with order at end of measurement period and PCa with no end date. Performs as expected - passes IPP and DENOM"
      } ],
      "modifierExtension": [ {
        "url": "http://hl7.org/fhir/us/cqfmeasures/StructureDefinition/cqfm-isTestCase",
        "valueBoolean": true
      } ],
      "status": "complete",
      "type": "individual",
      "measure": "https://madie.cms.gov/Measure/BoneDensityProstateCancerAndrogenDeprivationTherapyFHIR6",
      "period": {
        "start": "2025-01-01",
        "end": "2025-12-31"
      },
      "group": [ {
        "id": "67b61060a0d801640767a597",
        "population": [ {
          "id": "E8F25116-1779-4BA6-B606-34F12AE4F5BA",
          "code": {
            "coding": [ {
              "system": "http://terminology.hl7.org/CodeSystem/measure-population",
              "code": "initial-population",
              "display": "Initial Population"
            } ]
          },
          "count": 1
        }, {
          "id": "1C145A56-9250-4444-A497-86C44F55CFDB",
          "code": {
            "coding": [ {
              "system": "http://terminology.hl7.org/CodeSystem/measure-population",
              "code": "denominator",
              "display": "Denominator"
            } ]
          },
          "count": 1
        }, {
          "id": "B1E0E3D2-D44E-4BFF-92F8-077CF1AE234F",
          "code": {
            "coding": [ {
              "system": "http://terminology.hl7.org/CodeSystem/measure-population",
              "code": "numerator",
              "display": "Numerator"
            } ]
          },
          "count": 0
        }, {
          "id": "A9552F46-139C-4270-835C-224132205362",
          "code": {
            "coding": [ {
              "system": "http://terminology.hl7.org/CodeSystem/measure-population",
              "code": "denominator-exception",
              "display": "Denominator Exception"
            } ]
          },
          "count": 0
        } ],
        "measureScore": {
          "value": 1.0
        }
      } ],
      "evaluatedResource": [ {
        "reference": "Patient/a5307581-654f-415f-912f-cec5e9dc00dc"
      }, {
        "reference": "Encounter/9fade968-65af-462b-95f6-b235a5ba9f46"
      }, {
        "reference": "Condition/64daea09-7164-41a0-9b51-70db1a0c16c5"
      }, {
        "reference": "MedicationRequest/19740d42-1594-4aed-9847-aa6a0f26aa92"
      }, {
        "reference": "ServiceRequest/a9a8d41f-0aa9-44fe-b8cf-4edcbd9be309"
      }, {
        "reference": "Practitioner/d9bb0287-663a-4b31-be47-e85e14f1cf82"
      } ]
    },
    "request": {
      "method": "PUT",
      "url": "MeasureReport/5f3b1cd2-cd51-46bc-9575-bd64a041c16d"
    }
  } ]
}