{
  "resourceType": "Bundle",
  "id": "612e6b0202c62a011f2ec156",
  "type": "transaction",
  "entry": [ {
    "fullUrl": "https://madie.cms.gov/Patient/9b4b6906-d0c5-4fbc-a0f5-ffa57167438c",
    "resource": {
      "resourceType": "Patient",
      "id": "9b4b6906-d0c5-4fbc-a0f5-ffa57167438c",
      "meta": {
        "profile": [ "http://hl7.org/fhir/us/qicore/StructureDefinition/qicore-patient" ]
      },
      "text": {
        "status": "generated",
        "div": "<div xmlns=\"http://www.w3.org/1999/xhtml\"><div class=\"hapiHeaderText\">SCIP_HipFxRank1_SMDCT <b>DENEXPASS </b></div><table class=\"hapiPropertyTable\"><tbody><tr><td>Identifier</td><td>66c70c125db369967b4b164e75338304</td></tr><tr><td>Date of birth</td><td><span>01 September 2000</span></td></tr></tbody></table></div>"
      },
      "extension": [ {
        "url": "http://hl7.org/fhir/us/core/StructureDefinition/us-core-race",
        "extension": [ {
          "url": "ombCategory",
          "valueCoding": {
            "system": "urn:oid:2.16.840.1.113883.6.238",
            "code": "1002-5",
            "display": "American Indian or Alaska Native",
            "userSelected": true
          }
        }, {
          "url": "text",
          "valueString": "American Indian or Alaska Native"
        } ]
      }, {
        "url": "http://hl7.org/fhir/us/core/StructureDefinition/us-core-ethnicity",
        "extension": [ {
          "url": "ombCategory",
          "valueCoding": {
            "system": "urn:oid:2.16.840.1.113883.6.238",
            "code": "2135-2",
            "display": "Hispanic or Latino",
            "userSelected": true
          }
        }, {
          "url": "text",
          "valueString": "Hispanic or Latino"
        } ]
      } ],
      "identifier": [ {
        "type": {
          "coding": [ {
            "system": "http://terminology.hl7.org/CodeSystem/v2-0203",
            "code": "MR"
          } ]
        },
        "system": "https://bonnie-fhir.healthit.gov/",
        "value": "612e6b0202c62a011f2ec156"
      } ],
      "active": true,
      "name": [ {
        "use": "usual",
        "family": "DENEXPass ",
        "given": [ "SCIP_HipFxRank1_SMDCT" ]
      } ],
      "gender": "male",
      "birthDate": "2000-09-01"
    },
    "request": {
      "method": "PUT",
      "url": "Patient/9b4b6906-d0c5-4fbc-a0f5-ffa57167438c"
    }
  }, {
    "fullUrl": "https://madie.cms.gov/Encounter/3ca70cae-a192-4d5a-adb7-748346a20371",
    "resource": {
      "resourceType": "Encounter",
      "id": "3ca70cae-a192-4d5a-adb7-748346a20371",
      "meta": {
        "profile": [ "http://hl7.org/fhir/us/qicore/StructureDefinition/qicore-encounter" ]
      },
      "extension": [ {
        "url": "http://hl7.org/fhir/us/qicore/StructureDefinition/qicore-encounter-procedure",
        "extension": [ {
          "url": "type",
          "valueCodeableConcept": {
            "coding": [ {
              "system": "http://snomed.info/sct",
              "code": "239500004"
            } ]
          }
        }, {
          "url": "rank",
          "valuePositiveInt": 1
        }, {
          "url": "procedure",
          "valueReference": {
            "reference": "Procedure/cd54b1fb-8ab8-4428-a212-1e0c046a2342"
          }
        } ]
      } ],
      "status": "finished",
      "class": {
        "system": "http://terminology.hl7.org/CodeSystem/v3-ActCode",
        "code": "IMP",
        "display": "inpatient encounter"
      },
      "type": [ {
        "coding": [ {
          "system": "http://snomed.info/sct",
          "code": "183452005"
        } ]
      } ],
      "subject": {
        "reference": "Patient/9b4b6906-d0c5-4fbc-a0f5-ffa57167438c"
      },
      "period": {
        "start": "2025-09-02T06:00:00+00:00",
        "end": "2025-12-31T12:59:00+00:00"
      },
      "length": {
        "value": 120.0,
        "unit": "days"
      }
    },
    "request": {
      "method": "PUT",
      "url": "Encounter/3ca70cae-a192-4d5a-adb7-748346a20371"
    }
  }, {
    "fullUrl": "https://madie.cms.gov/Coverage/f21d0260-5473-4db1-bd04-dc9275869fef",
    "resource": {
      "resourceType": "Coverage",
      "id": "f21d0260-5473-4db1-bd04-dc9275869fef",
      "status": "active",
      "beneficiary": {
        "reference": "Patient/9b4b6906-d0c5-4fbc-a0f5-ffa57167438c"
      },
      "period": {
        "start": "2000-09-01T08:00:00+00:00"
      },
      "payor": [ {
        "reference": "Organization/da35f61c-385d-4813-be7f-324393a7ed8f"
      } ]
    },
    "request": {
      "method": "PUT",
      "url": "Coverage/f21d0260-5473-4db1-bd04-dc9275869fef"
    }
  }, {
    "fullUrl": "https://madie.cms.gov/Procedure/cd54b1fb-8ab8-4428-a212-1e0c046a2342",
    "resource": {
      "resourceType": "Procedure",
      "id": "cd54b1fb-8ab8-4428-a212-1e0c046a2342",
      "meta": {
        "profile": [ "http://hl7.org/fhir/us/qicore/StructureDefinition/qicore-procedure" ]
      },
      "extension": [ {
        "url": "http://hl7.org/fhir/us/qicore/StructureDefinition/qicore-recorded",
        "valueDateTime": "2012-09-02T09:35:00-04:00"
      } ],
      "status": "completed",
      "code": {
        "coding": [ {
          "system": "http://snomed.info/sct",
          "code": "239500004"
        } ]
      },
      "subject": {
        "reference": "Patient/9b4b6906-d0c5-4fbc-a0f5-ffa57167438c"
      },
      "performedPeriod": {
        "start": "2025-09-02T09:00:00+00:00",
        "end": "2025-09-02T12:59:00+00:00"
      }
    },
    "request": {
      "method": "PUT",
      "url": "Procedure/cd54b1fb-8ab8-4428-a212-1e0c046a2342"
    }
  }, {
    "fullUrl": "https://madie.cms.gov/Organization/da35f61c-385d-4813-be7f-324393a7ed8f",
    "resource": {
      "resourceType": "Organization",
      "id": "da35f61c-385d-4813-be7f-324393a7ed8f",
      "meta": {
        "profile": [ "http://hl7.org/fhir/us/qicore/StructureDefinition/qicore-organization" ]
      },
      "identifier": [ {
        "use": "temp",
        "system": "urn:oid:2.16.840.1.113883.4.4",
        "value": "21-3259825"
      } ],
      "active": true,
      "type": [ {
        "coding": [ {
          "system": "http://terminology.hl7.org/CodeSystem/organization-type",
          "code": "pay",
          "display": "Payer"
        } ]
      } ],
      "name": "Blue Cross Blue Shield of Texas",
      "telecom": [ {
        "system": "phone",
        "value": "(+1) 972-766-6900"
      } ],
      "address": [ {
        "use": "billing",
        "type": "postal",
        "line": [ "P.O. Box 660044" ],
        "city": "Dallas",
        "state": "TX",
        "postalCode": "75266-0044",
        "country": "USA"
      } ]
    },
    "request": {
      "method": "PUT",
      "url": "Organization/da35f61c-385d-4813-be7f-324393a7ed8f"
    }
  }, {
    "fullUrl": "https://madie.cms.gov/Practitioner/cbc3881c-f8ab-4281-9e74-1d7ed8f97d41",
    "resource": {
      "resourceType": "Practitioner",
      "id": "cbc3881c-f8ab-4281-9e74-1d7ed8f97d41",
      "identifier": [ {
        "system": "http://hl7.org/fhir/sid/us-npi",
        "value": "123456"
      } ],
      "name": [ {
        "family": "Evil",
        "prefix": [ "Dr" ]
      } ]
    },
    "request": {
      "method": "PUT",
      "url": "Practitioner/cbc3881c-f8ab-4281-9e74-1d7ed8f97d41"
    }
  }, {
    "fullUrl": "https://madie.cms.gov/MeasureReport/4e9fbdf2-8c5c-44a4-83e6-528b75622ca7",
    "resource": {
      "resourceType": "MeasureReport",
      "id": "4e9fbdf2-8c5c-44a4-83e6-528b75622ca7",
      "meta": {
        "profile": [ "http://hl7.org/fhir/us/cqfmeasures/StructureDefinition/test-case-cqfm" ]
      },
      "contained": [ {
        "resourceType": "Parameters",
        "id": "c7e64aa5-7cf6-4d3d-b0c8-181aa1dc0cde-parameters",
        "parameter": [ {
          "name": "subject",
          "valueString": "9b4b6906-d0c5-4fbc-a0f5-ffa57167438c"
        } ]
      } ],
      "extension": [ {
        "url": "http://hl7.org/fhir/us/cqfmeasures/StructureDefinition/cqfm-inputParameters",
        "valueReference": {
          "reference": "#c7e64aa5-7cf6-4d3d-b0c8-181aa1dc0cde-parameters"
        }
      }, {
        "url": "http://hl7.org/fhir/us/cqfmeasures/StructureDefinition/cqfm-testCaseDescription",
        "valueMarkdown": "Duplicate case by using SNOMDCT "
      } ],
      "modifierExtension": [ {
        "url": "http://hl7.org/fhir/us/cqfmeasures/StructureDefinition/cqfm-isTestCase",
        "valueBoolean": true
      } ],
      "status": "complete",
      "type": "individual",
      "measure": "https://madie.cms.gov/Measure/VenousThromboembolismProphylaxisFHIR",
      "period": {
        "start": "2025-01-01",
        "end": "2025-12-31"
      },
      "group": [ {
        "population": [ {
          "code": {
            "coding": [ {
              "system": "http://terminology.hl7.org/CodeSystem/measure-population",
              "code": "initial-population",
              "display": "Initial Population"
            } ]
          },
          "count": 1
        }, {
          "code": {
            "coding": [ {
              "system": "http://terminology.hl7.org/CodeSystem/measure-population",
              "code": "denominator",
              "display": "Denominator"
            } ]
          },
          "count": 1
        }, {
          "code": {
            "coding": [ {
              "system": "http://terminology.hl7.org/CodeSystem/measure-population",
              "code": "denominator-exclusion",
              "display": "Denominator Exclusion"
            } ]
          },
          "count": 1
        }, {
          "code": {
            "coding": [ {
              "system": "http://terminology.hl7.org/CodeSystem/measure-population",
              "code": "numerator",
              "display": "Numerator"
            } ]
          },
          "count": 0
        } ]
      } ],
      "evaluatedResource": [ {
        "reference": "Patient/9b4b6906-d0c5-4fbc-a0f5-ffa57167438c"
      }, {
        "reference": "Encounter/3ca70cae-a192-4d5a-adb7-748346a20371"
      }, {
        "reference": "Coverage/f21d0260-5473-4db1-bd04-dc9275869fef"
      }, {
        "reference": "Procedure/cd54b1fb-8ab8-4428-a212-1e0c046a2342"
      }, {
        "reference": "Organization/da35f61c-385d-4813-be7f-324393a7ed8f"
      }, {
        "reference": "Practitioner/cbc3881c-f8ab-4281-9e74-1d7ed8f97d41"
      } ]
    },
    "request": {
      "method": "PUT",
      "url": "MeasureReport/4e9fbdf2-8c5c-44a4-83e6-528b75622ca7"
    }
  } ]
}