{
  "resourceType": "Bundle",
  "id": "13161321321351024",
  "type": "transaction",
  "entry": [ {
    "fullUrl": "https://madie.cms.gov/Patient/ee053d16-adcb-4760-9305-6a553d789d9a",
    "resource": {
      "resourceType": "Patient",
      "id": "ee053d16-adcb-4760-9305-6a553d789d9a",
      "meta": {
        "profile": [ "http://hl7.org/fhir/us/qicore/StructureDefinition/qicore-patient" ]
      },
      "extension": [ {
        "url": "http://hl7.org/fhir/us/core/StructureDefinition/us-core-race",
        "extension": [ {
          "url": "ombCategory",
          "valueCoding": {
            "system": "urn:oid:2.16.840.1.113883.6.238",
            "code": "2076-8",
            "display": "Native Hawaiian or Other Pacific Islander"
          }
        }, {
          "url": "text",
          "valueString": "Other Race"
        } ]
      }, {
        "url": "http://hl7.org/fhir/us/core/StructureDefinition/us-core-ethnicity",
        "extension": [ {
          "url": "ombCategory",
          "valueCoding": {
            "system": "urn:oid:2.16.840.1.113883.6.238",
            "code": "2135-2",
            "display": "Hispanic or Latino",
            "userSelected": true
          }
        }, {
          "url": "text",
          "valueString": "Hispanic or Latino"
        } ]
      } ],
      "identifier": [ {
        "type": {
          "coding": [ {
            "system": "http://terminology.hl7.org/CodeSystem/v2-0203",
            "code": "MR"
          } ]
        },
        "system": "https://bonnie-fhir.healthit.gov/",
        "value": "60abce8bcd7f9706e4189cfd"
      } ],
      "name": [ {
        "family": "DENOMPass",
        "given": [ "MedReqBoundsPriorToPCa" ]
      } ],
      "gender": "male",
      "birthDate": "1950-07-09"
    },
    "request": {
      "method": "PUT",
      "url": "Patient/ee053d16-adcb-4760-9305-6a553d789d9a"
    }
  }, {
    "fullUrl": "https://madie.cms.gov/Encounter/6f17dc75-ab44-41b4-a761-44e9b70226e5",
    "resource": {
      "resourceType": "Encounter",
      "id": "6f17dc75-ab44-41b4-a761-44e9b70226e5",
      "meta": {
        "profile": [ "http://hl7.org/fhir/us/qicore/StructureDefinition/qicore-encounter" ]
      },
      "status": "finished",
      "class": {
        "system": "http://terminology.hl7.org/CodeSystem/v3-ActCode",
        "code": "AMB",
        "display": "ambulatory"
      },
      "type": [ {
        "coding": [ {
          "system": "http://snomed.info/sct",
          "version": "2022-09",
          "code": "185463005",
          "display": "Visit out of hours (procedure)"
        } ]
      } ],
      "subject": {
        "reference": "Patient/ee053d16-adcb-4760-9305-6a553d789d9a"
      },
      "period": {
        "start": "2026-02-03T08:00:00.000+00:00",
        "end": "2026-02-03T08:45:00.000+00:00"
      }
    },
    "request": {
      "method": "PUT",
      "url": "Encounter/6f17dc75-ab44-41b4-a761-44e9b70226e5"
    }
  }, {
    "fullUrl": "https://madie.cms.gov/MedicationRequest/29a5cc3b-5986-4efd-a203-02e213867c8e",
    "resource": {
      "resourceType": "MedicationRequest",
      "id": "29a5cc3b-5986-4efd-a203-02e213867c8e",
      "meta": {
        "profile": [ "http://hl7.org/fhir/us/qicore/StructureDefinition/qicore-medicationrequest" ]
      },
      "status": "active",
      "intent": "order",
      "doNotPerform": false,
      "medicationCodeableConcept": {
        "coding": [ {
          "system": "http://www.nlm.nih.gov/research/umls/rxnorm",
          "version": "06052023",
          "code": "314008",
          "display": "goserelin 10.8 MG Drug Implant"
        } ]
      },
      "subject": {
        "reference": "Patient/ee053d16-adcb-4760-9305-6a553d789d9a"
      },
      "authoredOn": "2025-11-01T08:00:00.000+00:00",
      "requester": {
        "reference": "http://myGoodHealthcare.com/fhir/Practitioner/fb0441ba-580c-4563-a095-2937d1d6e93a"
      },
      "dosageInstruction": [ {
        "timing": {
          "repeat": {
            "boundsPeriod": {
              "start": "2025-11-03T08:00:00.000+00:00",
              "end": "2025-11-03T09:00:00.000+00:00"
            }
          }
        }
      } ]
    },
    "request": {
      "method": "PUT",
      "url": "MedicationRequest/29a5cc3b-5986-4efd-a203-02e213867c8e"
    }
  }, {
    "fullUrl": "https://madie.cms.gov/Condition/ba02b360-0e47-4c11-bf0f-19445601cdb0",
    "resource": {
      "resourceType": "Condition",
      "id": "ba02b360-0e47-4c11-bf0f-19445601cdb0",
      "meta": {
        "profile": [ "http://hl7.org/fhir/us/qicore/StructureDefinition/qicore-condition-problems-health-concerns" ]
      },
      "clinicalStatus": {
        "coding": [ {
          "system": "http://terminology.hl7.org/CodeSystem/condition-clinical",
          "code": "active"
        } ]
      },
      "verificationStatus": {
        "coding": [ {
          "system": "http://terminology.hl7.org/CodeSystem/condition-ver-status",
          "code": "confirmed"
        } ]
      },
      "category": [ {
        "coding": [ {
          "system": "http://terminology.hl7.org/CodeSystem/condition-category",
          "code": "problem-list-item",
          "display": "Problem List Item"
        } ]
      } ],
      "code": {
        "coding": [ {
          "system": "http://snomed.info/sct",
          "version": "http://snomed.info/sct/731000124108/version/20250301",
          "code": "254900004",
          "display": "Carcinoma of prostate (disorder)"
        } ]
      },
      "subject": {
        "reference": "Patient/ee053d16-adcb-4760-9305-6a553d789d9a"
      },
      "onsetPeriod": {
        "start": "2026-01-03T08:00:00.000+00:00"
      }
    },
    "request": {
      "method": "PUT",
      "url": "Condition/ba02b360-0e47-4c11-bf0f-19445601cdb0"
    }
  }, {
    "fullUrl": "https://madie.cms.gov/MedicationRequest/5bb14e95-01bc-430b-8adb-2a0559dfe226",
    "resource": {
      "resourceType": "MedicationRequest",
      "id": "5bb14e95-01bc-430b-8adb-2a0559dfe226",
      "meta": {
        "profile": [ "http://hl7.org/fhir/us/qicore/StructureDefinition/qicore-medicationrequest" ]
      },
      "status": "active",
      "intent": "order",
      "medicationCodeableConcept": {
        "coding": [ {
          "system": "http://www.nlm.nih.gov/research/umls/rxnorm",
          "version": "06052023",
          "code": "314008",
          "display": "goserelin 10.8 MG Drug Implant"
        } ]
      },
      "subject": {
        "reference": "Patient/ee053d16-adcb-4760-9305-6a553d789d9a"
      },
      "authoredOn": "2026-02-01T08:00:00.000+00:00",
      "requester": {
        "reference": "http://myGoodHealthcare.com/fhir/Practitioner/fb0441ba-580c-4563-a095-2937d1d6e93a"
      },
      "dosageInstruction": [ {
        "timing": {
          "repeat": {
            "boundsPeriod": {
              "start": "2026-02-03T08:00:00.000+00:00",
              "end": "2026-03-03T09:00:00.000+00:00"
            }
          }
        }
      } ]
    },
    "request": {
      "method": "PUT",
      "url": "MedicationRequest/5bb14e95-01bc-430b-8adb-2a0559dfe226"
    }
  }, {
    "fullUrl": "https://madie.cms.gov/Practitioner/fb0441ba-580c-4563-a095-2937d1d6e93a",
    "resource": {
      "resourceType": "Practitioner",
      "id": "fb0441ba-580c-4563-a095-2937d1d6e93a",
      "meta": {
        "profile": [ "http://hl7.org/fhir/us/qicore/StructureDefinition/qicore-practitioner" ]
      },
      "identifier": [ {
        "use": "temp",
        "system": "urn:oid:2.16.840.1.113883.4.336",
        "value": "Practitioner-23"
      } ],
      "active": true,
      "name": [ {
        "family": "Careful",
        "given": [ "Adam" ],
        "prefix": [ "Dr" ]
      } ],
      "address": [ {
        "use": "home",
        "line": [ "534 Erewhon St" ],
        "city": "PleasantVille",
        "state": "UT",
        "postalCode": "84414"
      } ],
      "qualification": [ {
        "identifier": [ {
          "system": "http://example.org/UniversityIdentifier",
          "value": "12345"
        } ],
        "code": {
          "coding": [ {
            "system": "http://terminology.hl7.org/CodeSystem/v2-0360|2.7",
            "code": "BS",
            "display": "Bachelor of Science"
          } ],
          "text": "Bachelor of Science"
        },
        "period": {
          "start": "1996"
        },
        "issuer": {
          "display": "Example University"
        }
      } ]
    },
    "request": {
      "method": "PUT",
      "url": "Practitioner/fb0441ba-580c-4563-a095-2937d1d6e93a"
    }
  }, {
    "fullUrl": "https://madie.cms.gov/ServiceRequest/9ce21a84-03fe-457f-b6fb-fdfd53b76de0",
    "resource": {
      "resourceType": "ServiceRequest",
      "id": "9ce21a84-03fe-457f-b6fb-fdfd53b76de0",
      "meta": {
        "profile": [ "http://hl7.org/fhir/us/qicore/StructureDefinition/qicore-servicerequest" ]
      },
      "status": "active",
      "intent": "order",
      "code": {
        "coding": [ {
          "system": "http://snomed.info/sct",
          "version": "http://snomed.info/sct/731000124108/version/20250301",
          "code": "456381000124102",
          "display": "Injection of leuprolide acetate for twelve month period (regime/therapy)"
        } ]
      },
      "subject": {
        "reference": "Patient/ee053d16-adcb-4760-9305-6a553d789d9a"
      },
      "authoredOn": "2026-02-03T08:00:00.000+00:00"
    },
    "request": {
      "method": "PUT",
      "url": "ServiceRequest/9ce21a84-03fe-457f-b6fb-fdfd53b76de0"
    }
  }, {
    "fullUrl": "https://madie.cms.gov/MeasureReport/004c5321-0783-4f20-a0f1-02d210257da5",
    "resource": {
      "resourceType": "MeasureReport",
      "id": "004c5321-0783-4f20-a0f1-02d210257da5",
      "meta": {
        "profile": [ "http://hl7.org/fhir/us/cqfmeasures/StructureDefinition/test-case-cqfm" ]
      },
      "contained": [ {
        "resourceType": "Parameters",
        "id": "5c4f34af-e7ef-486d-b274-0336d7539941-parameters",
        "parameter": [ {
          "name": "subject",
          "valueString": "ee053d16-adcb-4760-9305-6a553d789d9a"
        } ]
      } ],
      "extension": [ {
        "url": "http://hl7.org/fhir/StructureDefinition/cqf-inputParameters",
        "valueReference": {
          "reference": "#5c4f34af-e7ef-486d-b274-0336d7539941-parameters"
        }
      }, {
        "url": "http://hl7.org/fhir/us/cqfmeasures/StructureDefinition/cqfm-testCaseDescription",
        "valueMarkdown": "Patient has ADT for another reason, then develops prostate cancer. Passes with prior ADT, then PCa dx and intent for 12 months of therapy with ADT restarted. Pt should be included in IPP and DENOM."
      } ],
      "modifierExtension": [ {
        "url": "http://hl7.org/fhir/us/cqfmeasures/StructureDefinition/cqfm-isTestCase",
        "valueBoolean": true
      } ],
      "status": "complete",
      "type": "individual",
      "measure": "https://madie.cms.gov/Measure/CMS645FHIRBoneDensityPCADTherapy",
      "period": {
        "start": "2026-01-01",
        "end": "2026-12-31"
      },
      "group": [ {
        "id": "Group_1",
        "population": [ {
          "id": "InitialPopulation_1",
          "code": {
            "coding": [ {
              "system": "http://terminology.hl7.org/CodeSystem/measure-population",
              "code": "initial-population",
              "display": "Initial Population"
            } ]
          },
          "count": 1
        }, {
          "id": "Denominator_1",
          "code": {
            "coding": [ {
              "system": "http://terminology.hl7.org/CodeSystem/measure-population",
              "code": "denominator",
              "display": "Denominator"
            } ]
          },
          "count": 1
        }, {
          "id": "Numerator_1",
          "code": {
            "coding": [ {
              "system": "http://terminology.hl7.org/CodeSystem/measure-population",
              "code": "numerator",
              "display": "Numerator"
            } ]
          },
          "count": 0
        }, {
          "id": "DenominatorException_1",
          "code": {
            "coding": [ {
              "system": "http://terminology.hl7.org/CodeSystem/measure-population",
              "code": "denominator-exception",
              "display": "Denominator Exception"
            } ]
          },
          "count": 0
        } ],
        "measureScore": {
          "value": 1.0
        }
      } ],
      "evaluatedResource": [ {
        "reference": "Patient/ee053d16-adcb-4760-9305-6a553d789d9a"
      }, {
        "reference": "Encounter/6f17dc75-ab44-41b4-a761-44e9b70226e5"
      }, {
        "reference": "MedicationRequest/29a5cc3b-5986-4efd-a203-02e213867c8e"
      }, {
        "reference": "Condition/ba02b360-0e47-4c11-bf0f-19445601cdb0"
      }, {
        "reference": "MedicationRequest/5bb14e95-01bc-430b-8adb-2a0559dfe226"
      }, {
        "reference": "Practitioner/fb0441ba-580c-4563-a095-2937d1d6e93a"
      }, {
        "reference": "ServiceRequest/9ce21a84-03fe-457f-b6fb-fdfd53b76de0"
      } ]
    },
    "request": {
      "method": "PUT",
      "url": "MeasureReport/004c5321-0783-4f20-a0f1-02d210257da5"
    }
  } ]
}