{
  "resourceType": "Bundle",
  "id": "60abda28bf0a01003e3f76bd",
  "type": "transaction",
  "entry": [ {
    "fullUrl": "https://madie.cms.gov/Patient/4a7a2cf4-6073-47a0-9012-ea9b32e6e9db",
    "resource": {
      "resourceType": "Patient",
      "id": "4a7a2cf4-6073-47a0-9012-ea9b32e6e9db",
      "meta": {
        "profile": [ "http://hl7.org/fhir/us/qicore/StructureDefinition/qicore-patient" ]
      },
      "extension": [ {
        "url": "http://hl7.org/fhir/us/core/StructureDefinition/us-core-race",
        "extension": [ {
          "url": "ombCategory",
          "valueCoding": {
            "system": "urn:oid:2.16.840.1.113883.6.238",
            "code": "2054-5",
            "display": "Black or African American"
          }
        }, {
          "url": "text",
          "valueString": "Black or African American"
        } ]
      }, {
        "url": "http://hl7.org/fhir/us/core/StructureDefinition/us-core-ethnicity",
        "extension": [ {
          "url": "ombCategory",
          "valueCoding": {
            "system": "urn:oid:2.16.840.1.113883.6.238",
            "code": "2186-5",
            "display": "Not Hispanic or Latino"
          }
        }, {
          "url": "text",
          "valueString": "Not Hispanic or Latino"
        } ]
      } ],
      "identifier": [ {
        "type": {
          "coding": [ {
            "system": "http://terminology.hl7.org/CodeSystem/v2-0203",
            "code": "MR"
          } ]
        },
        "system": "https://bonnie-fhir.healthit.gov/",
        "value": "463131313187656"
      } ],
      "name": [ {
        "family": "NUMERFail",
        "given": [ "NoDEXAOrderInMP" ]
      } ],
      "gender": "male",
      "birthDate": "1940-06-15"
    },
    "request": {
      "method": "PUT",
      "url": "Patient/4a7a2cf4-6073-47a0-9012-ea9b32e6e9db"
    }
  }, {
    "fullUrl": "https://madie.cms.gov/Encounter/fb834682-faf9-40e6-bf7f-f7e979380d88",
    "resource": {
      "resourceType": "Encounter",
      "id": "fb834682-faf9-40e6-bf7f-f7e979380d88",
      "meta": {
        "profile": [ "http://hl7.org/fhir/us/qicore/StructureDefinition/qicore-encounter" ]
      },
      "status": "finished",
      "class": {
        "system": "http://terminology.hl7.org/CodeSystem/v3-ActCode",
        "code": "AMB",
        "display": "ambulatory"
      },
      "type": [ {
        "coding": [ {
          "system": "http://snomed.info/sct",
          "version": "http://snomed.info/sct/731000124108/version/20240301",
          "code": "185463005",
          "display": "Visit out of hours (procedure)"
        } ]
      } ],
      "subject": {
        "reference": "Patient/4a7a2cf4-6073-47a0-9012-ea9b32e6e9db"
      },
      "period": {
        "start": "2026-02-04T08:00:00.000+00:00",
        "end": "2026-02-04T08:15:00.000+00:00"
      }
    },
    "request": {
      "method": "PUT",
      "url": "Encounter/fb834682-faf9-40e6-bf7f-f7e979380d88"
    }
  }, {
    "fullUrl": "https://madie.cms.gov/Condition/d4d2c250-c87d-43bd-ab2c-bda6491e8c37",
    "resource": {
      "resourceType": "Condition",
      "id": "d4d2c250-c87d-43bd-ab2c-bda6491e8c37",
      "meta": {
        "profile": [ "http://hl7.org/fhir/us/qicore/StructureDefinition/qicore-condition-problems-health-concerns" ]
      },
      "clinicalStatus": {
        "coding": [ {
          "system": "http://terminology.hl7.org/CodeSystem/condition-clinical",
          "code": "active",
          "display": "Active",
          "userSelected": true
        } ]
      },
      "verificationStatus": {
        "coding": [ {
          "system": "http://terminology.hl7.org/CodeSystem/condition-ver-status",
          "code": "confirmed"
        } ]
      },
      "category": [ {
        "coding": [ {
          "system": "http://terminology.hl7.org/CodeSystem/condition-category",
          "code": "problem-list-item",
          "display": "Problem List Item"
        } ]
      } ],
      "code": {
        "coding": [ {
          "system": "http://snomed.info/sct",
          "version": "http://snomed.info/sct/731000124108/version/20250301",
          "code": "254900004",
          "display": "Carcinoma of prostate (disorder)"
        } ]
      },
      "subject": {
        "reference": "Patient/4a7a2cf4-6073-47a0-9012-ea9b32e6e9db"
      },
      "onsetPeriod": {
        "start": "2026-02-04T08:00:00.000+00:00"
      }
    },
    "request": {
      "method": "PUT",
      "url": "Condition/d4d2c250-c87d-43bd-ab2c-bda6491e8c37"
    }
  }, {
    "fullUrl": "https://madie.cms.gov/Practitioner/eef079b9-e250-4e74-b6be-ace9e8437128",
    "resource": {
      "resourceType": "Practitioner",
      "id": "eef079b9-e250-4e74-b6be-ace9e8437128",
      "meta": {
        "profile": [ "http://hl7.org/fhir/us/qicore/StructureDefinition/qicore-practitioner" ]
      },
      "identifier": [ {
        "use": "temp",
        "system": "urn:oid:2.16.840.1.113883.4.336",
        "value": "Practitioner-23"
      } ],
      "active": true,
      "name": [ {
        "family": "Careful",
        "given": [ "Adam" ],
        "prefix": [ "Dr" ]
      } ],
      "address": [ {
        "use": "home",
        "line": [ "534 Erewhon St" ],
        "city": "PleasantVille",
        "state": "UT",
        "postalCode": "84414"
      } ],
      "qualification": [ {
        "identifier": [ {
          "system": "http://example.org/UniversityIdentifier",
          "value": "12345"
        } ],
        "code": {
          "coding": [ {
            "system": "http://terminology.hl7.org/CodeSystem/v2-0360|2.7",
            "code": "BS",
            "display": "Bachelor of Science"
          } ],
          "text": "Bachelor of Science"
        },
        "period": {
          "start": "1996"
        },
        "issuer": {
          "display": "Example University"
        }
      } ]
    },
    "request": {
      "method": "PUT",
      "url": "Practitioner/eef079b9-e250-4e74-b6be-ace9e8437128"
    }
  }, {
    "fullUrl": "https://madie.cms.gov/MedicationRequest/8cd7f2f4-0c81-4858-abea-e87bad275d14",
    "resource": {
      "resourceType": "MedicationRequest",
      "id": "8cd7f2f4-0c81-4858-abea-e87bad275d14",
      "meta": {
        "profile": [ "http://hl7.org/fhir/us/qicore/StructureDefinition/qicore-medicationrequest" ]
      },
      "status": "active",
      "intent": "order",
      "medicationCodeableConcept": {
        "coding": [ {
          "system": "http://www.nlm.nih.gov/research/umls/rxnorm",
          "version": "06052023",
          "code": "1115257",
          "display": "1.5 ML leuprolide acetate 30 MG/ML Prefilled Syringe"
        } ]
      },
      "subject": {
        "reference": "Patient/4a7a2cf4-6073-47a0-9012-ea9b32e6e9db"
      },
      "authoredOn": "2026-02-04T08:00:00.000+00:00",
      "requester": {
        "reference": "http://myGoodHealthcare.com/fhir/Practitioner/eef079b9-e250-4e74-b6be-ace9e8437128"
      },
      "dosageInstruction": [ {
        "timing": {
          "repeat": {
            "boundsPeriod": {
              "start": "2026-02-04T08:00:00.000+00:00",
              "end": "2026-03-04T08:00:00.000+00:00"
            }
          }
        }
      } ]
    },
    "request": {
      "method": "PUT",
      "url": "MedicationRequest/8cd7f2f4-0c81-4858-abea-e87bad275d14"
    }
  }, {
    "fullUrl": "https://madie.cms.gov/ServiceRequest/c1d752b3-bc20-4884-906c-f9f6b2459294",
    "resource": {
      "resourceType": "ServiceRequest",
      "id": "c1d752b3-bc20-4884-906c-f9f6b2459294",
      "meta": {
        "profile": [ "http://hl7.org/fhir/us/qicore/StructureDefinition/qicore-servicerequest" ]
      },
      "status": "active",
      "intent": "order",
      "code": {
        "coding": [ {
          "system": "http://snomed.info/sct",
          "version": "http://snomed.info/sct/731000124108/version/20250301",
          "code": "456381000124102",
          "display": "Injection of leuprolide acetate for twelve month period (regime/therapy)"
        } ]
      },
      "subject": {
        "reference": "Patient/4a7a2cf4-6073-47a0-9012-ea9b32e6e9db"
      },
      "authoredOn": "2026-02-04T08:00:00.000+00:00"
    },
    "request": {
      "method": "PUT",
      "url": "ServiceRequest/c1d752b3-bc20-4884-906c-f9f6b2459294"
    }
  }, {
    "fullUrl": "https://madie.cms.gov/MeasureReport/cdb82213-3220-4528-88a3-6413c07ecedc",
    "resource": {
      "resourceType": "MeasureReport",
      "id": "cdb82213-3220-4528-88a3-6413c07ecedc",
      "meta": {
        "profile": [ "http://hl7.org/fhir/us/cqfmeasures/StructureDefinition/test-case-cqfm" ]
      },
      "contained": [ {
        "resourceType": "Parameters",
        "id": "3d3ba8d3-3220-4889-8b80-7997461ade35-parameters",
        "parameter": [ {
          "name": "subject",
          "valueString": "4a7a2cf4-6073-47a0-9012-ea9b32e6e9db"
        } ]
      } ],
      "extension": [ {
        "url": "http://hl7.org/fhir/StructureDefinition/cqf-inputParameters",
        "valueReference": {
          "reference": "#3d3ba8d3-3220-4889-8b80-7997461ade35-parameters"
        }
      }, {
        "url": "http://hl7.org/fhir/us/cqfmeasures/StructureDefinition/cqfm-testCaseDescription",
        "valueMarkdown": "Dx of Prostate Cancer with qualifying encounter(s) in MP. No DEXA ordered or done. Fails NUMER Criteria"
      } ],
      "modifierExtension": [ {
        "url": "http://hl7.org/fhir/us/cqfmeasures/StructureDefinition/cqfm-isTestCase",
        "valueBoolean": true
      } ],
      "status": "complete",
      "type": "individual",
      "measure": "https://madie.cms.gov/Measure/CMS645FHIRBoneDensityPCADTherapy",
      "period": {
        "start": "2026-01-01",
        "end": "2026-12-31"
      },
      "group": [ {
        "id": "Group_1",
        "population": [ {
          "id": "InitialPopulation_1",
          "code": {
            "coding": [ {
              "system": "http://terminology.hl7.org/CodeSystem/measure-population",
              "code": "initial-population",
              "display": "Initial Population"
            } ]
          },
          "count": 1
        }, {
          "id": "Denominator_1",
          "code": {
            "coding": [ {
              "system": "http://terminology.hl7.org/CodeSystem/measure-population",
              "code": "denominator",
              "display": "Denominator"
            } ]
          },
          "count": 1
        }, {
          "id": "Numerator_1",
          "code": {
            "coding": [ {
              "system": "http://terminology.hl7.org/CodeSystem/measure-population",
              "code": "numerator",
              "display": "Numerator"
            } ]
          },
          "count": 0
        }, {
          "id": "DenominatorException_1",
          "code": {
            "coding": [ {
              "system": "http://terminology.hl7.org/CodeSystem/measure-population",
              "code": "denominator-exception",
              "display": "Denominator Exception"
            } ]
          },
          "count": 0
        } ],
        "measureScore": {
          "value": 1.0
        }
      } ],
      "evaluatedResource": [ {
        "reference": "Patient/4a7a2cf4-6073-47a0-9012-ea9b32e6e9db"
      }, {
        "reference": "Encounter/fb834682-faf9-40e6-bf7f-f7e979380d88"
      }, {
        "reference": "Condition/d4d2c250-c87d-43bd-ab2c-bda6491e8c37"
      }, {
        "reference": "Practitioner/eef079b9-e250-4e74-b6be-ace9e8437128"
      }, {
        "reference": "MedicationRequest/8cd7f2f4-0c81-4858-abea-e87bad275d14"
      }, {
        "reference": "ServiceRequest/c1d752b3-bc20-4884-906c-f9f6b2459294"
      } ]
    },
    "request": {
      "method": "PUT",
      "url": "MeasureReport/cdb82213-3220-4528-88a3-6413c07ecedc"
    }
  } ]
}