{
  "resourceType": "Bundle",
  "id": "612e6aeb02c62a011f2ebbf9",
  "type": "transaction",
  "entry": [ {
    "fullUrl": "https://madie.cms.gov/Patient/e2c2bf10-0735-492b-ab81-bd42d1bdfdb3",
    "resource": {
      "resourceType": "Patient",
      "id": "e2c2bf10-0735-492b-ab81-bd42d1bdfdb3",
      "meta": {
        "profile": [ "http://hl7.org/fhir/us/qicore/StructureDefinition/qicore-patient" ]
      },
      "text": {
        "status": "generated",
        "div": "<div xmlns=\"http://www.w3.org/1999/xhtml\"><div class=\"hapiHeaderText\">INR_InvalidValue <b>NUMERFAIL </b></div><table class=\"hapiPropertyTable\"><tbody><tr><td>Identifier</td><td>698cb035726013399ea3ce60e92c9a6fae5c605ed7af65e4a30123b6e34d303e</td></tr><tr><td>Date of birth</td><td><span>02 January 1974</span></td></tr></tbody></table></div>"
      },
      "extension": [ {
        "url": "http://hl7.org/fhir/us/core/StructureDefinition/us-core-race",
        "extension": [ {
          "url": "ombCategory",
          "valueCoding": {
            "system": "urn:oid:2.16.840.1.113883.6.238",
            "code": "1002-5",
            "display": "American Indian or Alaska Native",
            "userSelected": true
          }
        }, {
          "url": "text",
          "valueString": "American Indian or Alaska Native"
        } ]
      }, {
        "url": "http://hl7.org/fhir/us/core/StructureDefinition/us-core-ethnicity",
        "extension": [ {
          "url": "ombCategory",
          "valueCoding": {
            "system": "urn:oid:2.16.840.1.113883.6.238",
            "code": "2135-2",
            "display": "Hispanic or Latino",
            "userSelected": true
          }
        }, {
          "url": "text",
          "valueString": "Hispanic or Latino"
        } ]
      } ],
      "identifier": [ {
        "type": {
          "coding": [ {
            "system": "http://terminology.hl7.org/CodeSystem/v2-0203",
            "code": "MR"
          } ]
        },
        "system": "https://bonnie-fhir.healthit.gov/",
        "value": "612e6aeb02c62a011f2ebbf9"
      } ],
      "active": true,
      "name": [ {
        "use": "usual",
        "family": "NUMERFail",
        "given": [ "INR_InvalidValue" ]
      } ],
      "gender": "male",
      "birthDate": "1974-01-02"
    },
    "request": {
      "method": "PUT",
      "url": "Patient/e2c2bf10-0735-492b-ab81-bd42d1bdfdb3"
    }
  }, {
    "fullUrl": "https://madie.cms.gov/Encounter/3ed2cee1-6ee2-4a3e-8bb8-80fdb433a5d2",
    "resource": {
      "resourceType": "Encounter",
      "id": "3ed2cee1-6ee2-4a3e-8bb8-80fdb433a5d2",
      "meta": {
        "profile": [ "http://hl7.org/fhir/us/qicore/StructureDefinition/qicore-encounter" ]
      },
      "status": "finished",
      "class": {
        "system": "http://terminology.hl7.org/CodeSystem/v3-ActCode",
        "code": "IMP",
        "display": "inpatient encounter"
      },
      "type": [ {
        "coding": [ {
          "system": "http://snomed.info/sct",
          "code": "8715000"
        } ]
      } ],
      "subject": {
        "reference": "Patient/e2c2bf10-0735-492b-ab81-bd42d1bdfdb3"
      },
      "period": {
        "start": "2025-11-01T08:00:00+00:00",
        "end": "2025-11-26T08:15:00+00:00"
      },
      "length": {
        "value": 25.0,
        "unit": "days"
      }
    },
    "request": {
      "method": "PUT",
      "url": "Encounter/3ed2cee1-6ee2-4a3e-8bb8-80fdb433a5d2"
    }
  }, {
    "fullUrl": "https://madie.cms.gov/Coverage/0192dc96-3638-4fed-b34a-c6ea131e1707",
    "resource": {
      "resourceType": "Coverage",
      "id": "0192dc96-3638-4fed-b34a-c6ea131e1707",
      "status": "active",
      "beneficiary": {
        "reference": "Patient/e2c2bf10-0735-492b-ab81-bd42d1bdfdb3"
      },
      "period": {
        "start": "1974-01-02T08:00:00+00:00"
      },
      "payor": [ {
        "reference": "Organization/4982c057-080b-4045-8c82-6ec13e19a8f3"
      } ]
    },
    "request": {
      "method": "PUT",
      "url": "Coverage/0192dc96-3638-4fed-b34a-c6ea131e1707"
    }
  }, {
    "fullUrl": "https://madie.cms.gov/Observation/55b85955-eeb3-4f01-a2c4-e9f36fb51f06",
    "resource": {
      "resourceType": "Observation",
      "id": "55b85955-eeb3-4f01-a2c4-e9f36fb51f06",
      "meta": {
        "profile": [ "http://hl7.org/fhir/us/core/StructureDefinition/us-core-observation-lab" ]
      },
      "status": "amended",
      "category": [ {
        "coding": [ {
          "system": "http://terminology.hl7.org/CodeSystem/observation-category",
          "code": "laboratory",
          "display": "Laboratory"
        } ]
      } ],
      "code": {
        "coding": [ {
          "system": "http://loinc.org",
          "code": "34714-6"
        } ]
      },
      "subject": {
        "reference": "Patient/e2c2bf10-0735-492b-ab81-bd42d1bdfdb3"
      },
      "issued": "2025-11-01T10:00:00.000+00:00",
      "valueCodeableConcept": {
        "coding": [ {
          "system": "http://cts.nlm.nih.gov/fhir/cs/cdcrec",
          "code": "2135-2",
          "display": "Ethnicity"
        } ]
      }
    },
    "request": {
      "method": "PUT",
      "url": "Observation/55b85955-eeb3-4f01-a2c4-e9f36fb51f06"
    }
  }, {
    "fullUrl": "https://madie.cms.gov/Procedure/6d3d3287-52b3-4cb5-8db1-0a54d4774b68",
    "resource": {
      "resourceType": "Procedure",
      "id": "6d3d3287-52b3-4cb5-8db1-0a54d4774b68",
      "status": "completed",
      "code": {
        "coding": [ {
          "system": "http://www.icd10data.com/icd10pcs",
          "code": "3E030FZ"
        }, {
          "system": "http://snomed.info/sct",
          "code": "18946005"
        } ]
      },
      "subject": {
        "reference": "Patient/e2c2bf10-0735-492b-ab81-bd42d1bdfdb3"
      },
      "performedPeriod": {
        "start": "2025-11-01T09:00:00+00:00",
        "end": "2025-11-01T09:15:00+00:00"
      }
    },
    "request": {
      "method": "PUT",
      "url": "Procedure/6d3d3287-52b3-4cb5-8db1-0a54d4774b68"
    }
  }, {
    "fullUrl": "https://madie.cms.gov/Organization/4982c057-080b-4045-8c82-6ec13e19a8f3",
    "resource": {
      "resourceType": "Organization",
      "id": "4982c057-080b-4045-8c82-6ec13e19a8f3",
      "meta": {
        "profile": [ "http://hl7.org/fhir/us/qicore/StructureDefinition/qicore-organization" ]
      },
      "identifier": [ {
        "use": "temp",
        "system": "urn:oid:2.16.840.1.113883.4.4",
        "value": "21-3259825"
      } ],
      "active": true,
      "type": [ {
        "coding": [ {
          "system": "http://terminology.hl7.org/CodeSystem/organization-type",
          "code": "pay",
          "display": "Payer"
        } ]
      } ],
      "name": "Blue Cross Blue Shield of Texas",
      "telecom": [ {
        "system": "phone",
        "value": "(+1) 972-766-6900"
      } ],
      "address": [ {
        "use": "billing",
        "type": "postal",
        "line": [ "P.O. Box 660044" ],
        "city": "Dallas",
        "state": "TX",
        "postalCode": "75266-0044",
        "country": "USA"
      } ]
    },
    "request": {
      "method": "PUT",
      "url": "Organization/4982c057-080b-4045-8c82-6ec13e19a8f3"
    }
  }, {
    "fullUrl": "https://madie.cms.gov/Practitioner/a5419b8a-27f9-444d-9c83-5db8a6822ab5",
    "resource": {
      "resourceType": "Practitioner",
      "id": "a5419b8a-27f9-444d-9c83-5db8a6822ab5",
      "identifier": [ {
        "system": "http://hl7.org/fhir/sid/us-npi",
        "value": "123456"
      } ],
      "name": [ {
        "family": "Evil",
        "prefix": [ "Dr" ]
      } ]
    },
    "request": {
      "method": "PUT",
      "url": "Practitioner/a5419b8a-27f9-444d-9c83-5db8a6822ab5"
    }
  }, {
    "fullUrl": "https://madie.cms.gov/MeasureReport/821824f2-1601-4ce2-b9e9-5500fa586630",
    "resource": {
      "resourceType": "MeasureReport",
      "id": "821824f2-1601-4ce2-b9e9-5500fa586630",
      "meta": {
        "profile": [ "http://hl7.org/fhir/us/cqfmeasures/StructureDefinition/test-case-cqfm" ]
      },
      "contained": [ {
        "resourceType": "Parameters",
        "id": "73a28edb-a8a2-47cc-95f3-7240fe7c1118-parameters",
        "parameter": [ {
          "name": "subject",
          "valueString": "e2c2bf10-0735-492b-ab81-bd42d1bdfdb3"
        } ]
      } ],
      "extension": [ {
        "url": "http://hl7.org/fhir/us/cqfmeasures/StructureDefinition/cqfm-inputParameters",
        "valueReference": {
          "reference": "#73a28edb-a8a2-47cc-95f3-7240fe7c1118-parameters"
        }
      }, {
        "url": "http://hl7.org/fhir/us/cqfmeasures/StructureDefinition/cqfm-testCaseDescription",
        "valueMarkdown": ">18, dx VTE, LOS<120 day,   LabResult INR is a invalid value as coded value,  < 0 day after surgery end datetime\n"
      } ],
      "modifierExtension": [ {
        "url": "http://hl7.org/fhir/us/cqfmeasures/StructureDefinition/cqfm-isTestCase",
        "valueBoolean": true
      } ],
      "status": "complete",
      "type": "individual",
      "measure": "https://madie.cms.gov/Measure/VenousThromboembolismProphylaxisFHIR",
      "period": {
        "start": "2025-01-01",
        "end": "2025-12-31"
      },
      "group": [ {
        "population": [ {
          "code": {
            "coding": [ {
              "system": "http://terminology.hl7.org/CodeSystem/measure-population",
              "code": "initial-population",
              "display": "Initial Population"
            } ]
          },
          "count": 1
        }, {
          "code": {
            "coding": [ {
              "system": "http://terminology.hl7.org/CodeSystem/measure-population",
              "code": "denominator",
              "display": "Denominator"
            } ]
          },
          "count": 1
        }, {
          "code": {
            "coding": [ {
              "system": "http://terminology.hl7.org/CodeSystem/measure-population",
              "code": "denominator-exclusion",
              "display": "Denominator Exclusion"
            } ]
          },
          "count": 0
        }, {
          "code": {
            "coding": [ {
              "system": "http://terminology.hl7.org/CodeSystem/measure-population",
              "code": "numerator",
              "display": "Numerator"
            } ]
          },
          "count": 0
        } ]
      } ],
      "evaluatedResource": [ {
        "reference": "Patient/e2c2bf10-0735-492b-ab81-bd42d1bdfdb3"
      }, {
        "reference": "Encounter/3ed2cee1-6ee2-4a3e-8bb8-80fdb433a5d2"
      }, {
        "reference": "Coverage/0192dc96-3638-4fed-b34a-c6ea131e1707"
      }, {
        "reference": "Observation/55b85955-eeb3-4f01-a2c4-e9f36fb51f06"
      }, {
        "reference": "Procedure/6d3d3287-52b3-4cb5-8db1-0a54d4774b68"
      }, {
        "reference": "Organization/4982c057-080b-4045-8c82-6ec13e19a8f3"
      }, {
        "reference": "Practitioner/a5419b8a-27f9-444d-9c83-5db8a6822ab5"
      } ]
    },
    "request": {
      "method": "PUT",
      "url": "MeasureReport/821824f2-1601-4ce2-b9e9-5500fa586630"
    }
  } ]
}