{
  "resourceType": "Bundle",
  "id": "612e6aef02c62a011f2ebd2e",
  "type": "transaction",
  "entry": [ {
    "fullUrl": "https://madie.cms.gov/Patient/ce8d213c-23b0-4010-b1d6-e535f34954ad",
    "resource": {
      "resourceType": "Patient",
      "id": "ce8d213c-23b0-4010-b1d6-e535f34954ad",
      "meta": {
        "profile": [ "http://hl7.org/fhir/us/qicore/StructureDefinition/qicore-patient" ]
      },
      "text": {
        "status": "generated",
        "div": "<div xmlns=\"http://www.w3.org/1999/xhtml\"><div class=\"hapiHeaderText\">TestMultipleOccur_1inExcl1inNum <b>NUMERPASS </b></div><table class=\"hapiPropertyTable\"><tbody><tr><td>Identifier</td><td>c25140d0e4b4dc40f8f038d62a9837e3e354787555978149ab2cc0d8c8c47525</td></tr><tr><td>Date of birth</td><td><span>02 January 1974</span></td></tr></tbody></table></div>"
      },
      "extension": [ {
        "url": "http://hl7.org/fhir/us/core/StructureDefinition/us-core-race",
        "extension": [ {
          "url": "ombCategory",
          "valueCoding": {
            "system": "urn:oid:2.16.840.1.113883.6.238",
            "code": "1002-5",
            "display": "American Indian or Alaska Native",
            "userSelected": true
          }
        }, {
          "url": "text",
          "valueString": "American Indian or Alaska Native"
        } ]
      }, {
        "url": "http://hl7.org/fhir/us/core/StructureDefinition/us-core-ethnicity",
        "extension": [ {
          "url": "ombCategory",
          "valueCoding": {
            "system": "urn:oid:2.16.840.1.113883.6.238",
            "code": "2135-2",
            "display": "Hispanic or Latino",
            "userSelected": true
          }
        }, {
          "url": "text",
          "valueString": "Hispanic or Latino"
        } ]
      } ],
      "identifier": [ {
        "type": {
          "coding": [ {
            "system": "http://terminology.hl7.org/CodeSystem/v2-0203",
            "code": "MR"
          } ]
        },
        "system": "https://bonnie-fhir.healthit.gov/",
        "value": "612e6aef02c62a011f2ebd2e"
      } ],
      "active": true,
      "name": [ {
        "use": "usual",
        "family": "NUMERPass",
        "given": [ "TestMultipleOccur_1inExcl1inNum" ]
      } ],
      "gender": "male",
      "birthDate": "1974-01-02"
    },
    "request": {
      "method": "PUT",
      "url": "Patient/ce8d213c-23b0-4010-b1d6-e535f34954ad"
    }
  }, {
    "fullUrl": "https://madie.cms.gov/Encounter/0f5e2990-2f9c-4afb-b9b1-7f1abf8ffdfc",
    "resource": {
      "resourceType": "Encounter",
      "id": "0f5e2990-2f9c-4afb-b9b1-7f1abf8ffdfc",
      "meta": {
        "profile": [ "http://hl7.org/fhir/us/qicore/StructureDefinition/qicore-encounter" ]
      },
      "status": "finished",
      "class": {
        "system": "http://terminology.hl7.org/CodeSystem/v3-ActCode",
        "code": "IMP",
        "display": "inpatient encounter"
      },
      "type": [ {
        "coding": [ {
          "system": "http://snomed.info/sct",
          "code": "183452005"
        } ]
      } ],
      "subject": {
        "reference": "Patient/ce8d213c-23b0-4010-b1d6-e535f34954ad"
      },
      "period": {
        "start": "2025-04-01T08:00:00+00:00",
        "end": "2025-04-05T08:15:00+00:00"
      },
      "length": {
        "value": 4.0,
        "unit": "days"
      }
    },
    "request": {
      "method": "PUT",
      "url": "Encounter/0f5e2990-2f9c-4afb-b9b1-7f1abf8ffdfc"
    }
  }, {
    "fullUrl": "https://madie.cms.gov/Encounter/335c4f57-9cc2-4e6b-99d1-677c07290c08",
    "resource": {
      "resourceType": "Encounter",
      "id": "335c4f57-9cc2-4e6b-99d1-677c07290c08",
      "meta": {
        "profile": [ "http://hl7.org/fhir/us/qicore/StructureDefinition/qicore-encounter" ]
      },
      "status": "finished",
      "class": {
        "system": "http://terminology.hl7.org/CodeSystem/v3-ActCode",
        "code": "IMP",
        "display": "inpatient encounter"
      },
      "type": [ {
        "coding": [ {
          "system": "http://snomed.info/sct",
          "code": "8715000"
        } ]
      } ],
      "subject": {
        "reference": "Patient/ce8d213c-23b0-4010-b1d6-e535f34954ad"
      },
      "period": {
        "start": "2025-11-01T08:00:00+00:00",
        "end": "2025-11-26T08:15:00+00:00"
      },
      "length": {
        "value": 25.0,
        "unit": "days"
      }
    },
    "request": {
      "method": "PUT",
      "url": "Encounter/335c4f57-9cc2-4e6b-99d1-677c07290c08"
    }
  }, {
    "fullUrl": "https://madie.cms.gov/Procedure/332f1adc-1214-4c9c-b218-c558b01ed547",
    "resource": {
      "resourceType": "Procedure",
      "id": "332f1adc-1214-4c9c-b218-c558b01ed547",
      "meta": {
        "profile": [ "http://hl7.org/fhir/us/qicore/StructureDefinition/qicore-procedure" ]
      },
      "extension": [ {
        "url": "http://hl7.org/fhir/us/qicore/StructureDefinition/qicore-recorded",
        "valueDateTime": "2012-04-03T09:35:00-04:00"
      } ],
      "status": "completed",
      "code": {
        "coding": [ {
          "system": "http://snomed.info/sct",
          "code": "133918004"
        } ]
      },
      "subject": {
        "reference": "Patient/ce8d213c-23b0-4010-b1d6-e535f34954ad"
      },
      "performedPeriod": {
        "start": "2025-04-01T08:00:00+00:00",
        "end": "2025-04-01T08:15:00+00:00"
      }
    },
    "request": {
      "method": "PUT",
      "url": "Procedure/332f1adc-1214-4c9c-b218-c558b01ed547"
    }
  }, {
    "fullUrl": "https://madie.cms.gov/Coverage/d10e5ce7-cdbf-4c1b-a9dd-0502820524a7",
    "resource": {
      "resourceType": "Coverage",
      "id": "d10e5ce7-cdbf-4c1b-a9dd-0502820524a7",
      "status": "active",
      "beneficiary": {
        "reference": "Patient/ce8d213c-23b0-4010-b1d6-e535f34954ad"
      },
      "period": {
        "start": "1974-01-02T08:00:00+00:00"
      },
      "payor": [ {
        "reference": "Organization/03979aa5-bab5-4750-98d8-cb471a72ca93"
      } ]
    },
    "request": {
      "method": "PUT",
      "url": "Coverage/d10e5ce7-cdbf-4c1b-a9dd-0502820524a7"
    }
  }, {
    "fullUrl": "https://madie.cms.gov/MedicationAdministration/fddf33b0-0d64-4473-ab58-caf2c12b88a2",
    "resource": {
      "resourceType": "MedicationAdministration",
      "id": "fddf33b0-0d64-4473-ab58-caf2c12b88a2",
      "meta": {
        "profile": [ "http://hl7.org/fhir/us/qicore/StructureDefinition/qicore-medicationadministration" ]
      },
      "status": "completed",
      "medicationCodeableConcept": {
        "coding": [ {
          "system": "http://www.nlm.nih.gov/research/umls/rxnorm",
          "code": "855288",
          "display": "warfarin sodium 1 MG Oral Tablet",
          "userSelected": true
        } ]
      },
      "subject": {
        "reference": "Patient/ce8d213c-23b0-4010-b1d6-e535f34954ad"
      },
      "effectiveDateTime": "2025-11-01T10:00:00.000+00:00"
    },
    "request": {
      "method": "PUT",
      "url": "MedicationAdministration/fddf33b0-0d64-4473-ab58-caf2c12b88a2"
    }
  }, {
    "fullUrl": "https://madie.cms.gov/Organization/03979aa5-bab5-4750-98d8-cb471a72ca93",
    "resource": {
      "resourceType": "Organization",
      "id": "03979aa5-bab5-4750-98d8-cb471a72ca93",
      "meta": {
        "profile": [ "http://hl7.org/fhir/us/qicore/StructureDefinition/qicore-organization" ]
      },
      "identifier": [ {
        "use": "temp",
        "system": "urn:oid:2.16.840.1.113883.4.4",
        "value": "21-3259825"
      } ],
      "active": true,
      "type": [ {
        "coding": [ {
          "system": "http://terminology.hl7.org/CodeSystem/organization-type",
          "code": "pay",
          "display": "Payer"
        } ]
      } ],
      "name": "Blue Cross Blue Shield of Texas",
      "telecom": [ {
        "system": "phone",
        "value": "(+1) 972-766-6900"
      } ],
      "address": [ {
        "use": "billing",
        "type": "postal",
        "line": [ "P.O. Box 660044" ],
        "city": "Dallas",
        "state": "TX",
        "postalCode": "75266-0044",
        "country": "USA"
      } ]
    },
    "request": {
      "method": "PUT",
      "url": "Organization/03979aa5-bab5-4750-98d8-cb471a72ca93"
    }
  }, {
    "fullUrl": "https://madie.cms.gov/Practitioner/64bc6f00-9a79-437c-b291-dfe2eb685eec",
    "resource": {
      "resourceType": "Practitioner",
      "id": "64bc6f00-9a79-437c-b291-dfe2eb685eec",
      "identifier": [ {
        "system": "http://hl7.org/fhir/sid/us-npi",
        "value": "123456"
      } ],
      "name": [ {
        "family": "Evil",
        "prefix": [ "Dr" ]
      } ]
    },
    "request": {
      "method": "PUT",
      "url": "Practitioner/64bc6f00-9a79-437c-b291-dfe2eb685eec"
    }
  }, {
    "fullUrl": "https://madie.cms.gov/MeasureReport/f6a936ab-89d5-4354-860d-9f8c8b58d1e3",
    "resource": {
      "resourceType": "MeasureReport",
      "id": "f6a936ab-89d5-4354-860d-9f8c8b58d1e3",
      "meta": {
        "profile": [ "http://hl7.org/fhir/us/cqfmeasures/StructureDefinition/test-case-cqfm" ]
      },
      "contained": [ {
        "resourceType": "Parameters",
        "id": "8fc98705-1e43-4eeb-bd23-ac3146d0c6db-parameters",
        "parameter": [ {
          "name": "subject",
          "valueString": "ce8d213c-23b0-4010-b1d6-e535f34954ad"
        } ]
      } ],
      "extension": [ {
        "url": "http://hl7.org/fhir/us/cqfmeasures/StructureDefinition/cqfm-inputParameters",
        "valueReference": {
          "reference": "#8fc98705-1e43-4eeb-bd23-ac3146d0c6db-parameters"
        }
      }, {
        "url": "http://hl7.org/fhir/us/cqfmeasures/StructureDefinition/cqfm-testCaseDescription",
        "valueMarkdown": "TestMultipleOccur - 2 occurrences one is excluded due to COMP and one pass numerator\n"
      } ],
      "modifierExtension": [ {
        "url": "http://hl7.org/fhir/us/cqfmeasures/StructureDefinition/cqfm-isTestCase",
        "valueBoolean": true
      } ],
      "status": "complete",
      "type": "individual",
      "measure": "https://madie.cms.gov/Measure/VenousThromboembolismProphylaxisFHIR",
      "period": {
        "start": "2025-01-01",
        "end": "2025-12-31"
      },
      "group": [ {
        "population": [ {
          "code": {
            "coding": [ {
              "system": "http://terminology.hl7.org/CodeSystem/measure-population",
              "code": "initial-population",
              "display": "Initial Population"
            } ]
          },
          "count": 2
        }, {
          "code": {
            "coding": [ {
              "system": "http://terminology.hl7.org/CodeSystem/measure-population",
              "code": "denominator",
              "display": "Denominator"
            } ]
          },
          "count": 2
        }, {
          "code": {
            "coding": [ {
              "system": "http://terminology.hl7.org/CodeSystem/measure-population",
              "code": "denominator-exclusion",
              "display": "Denominator Exclusion"
            } ]
          },
          "count": 1
        }, {
          "code": {
            "coding": [ {
              "system": "http://terminology.hl7.org/CodeSystem/measure-population",
              "code": "numerator",
              "display": "Numerator"
            } ]
          },
          "count": 1
        } ]
      } ],
      "evaluatedResource": [ {
        "reference": "Patient/ce8d213c-23b0-4010-b1d6-e535f34954ad"
      }, {
        "reference": "Encounter/0f5e2990-2f9c-4afb-b9b1-7f1abf8ffdfc"
      }, {
        "reference": "Encounter/335c4f57-9cc2-4e6b-99d1-677c07290c08"
      }, {
        "reference": "Procedure/332f1adc-1214-4c9c-b218-c558b01ed547"
      }, {
        "reference": "Coverage/d10e5ce7-cdbf-4c1b-a9dd-0502820524a7"
      }, {
        "reference": "MedicationAdministration/fddf33b0-0d64-4473-ab58-caf2c12b88a2"
      }, {
        "reference": "Organization/03979aa5-bab5-4750-98d8-cb471a72ca93"
      }, {
        "reference": "Practitioner/64bc6f00-9a79-437c-b291-dfe2eb685eec"
      } ]
    },
    "request": {
      "method": "PUT",
      "url": "MeasureReport/f6a936ab-89d5-4354-860d-9f8c8b58d1e3"
    }
  } ]
}