{
  "resourceType": "Bundle",
  "id": "612e6b7802c62a011f2edd94",
  "type": "transaction",
  "entry": [ {
    "fullUrl": "https://madie.cms.gov/Patient/008d3372-c1a0-4ec8-9d10-7aeaea561262",
    "resource": {
      "resourceType": "Patient",
      "id": "008d3372-c1a0-4ec8-9d10-7aeaea561262",
      "meta": {
        "profile": [ "http://hl7.org/fhir/us/qicore/StructureDefinition/qicore-patient" ]
      },
      "text": {
        "status": "generated",
        "div": "<div xmlns=\"http://www.w3.org/1999/xhtml\"><div class=\"hapiHeaderText\">MA_InjXa_AnesEndTime <b>NUMERPASS </b></div><table class=\"hapiPropertyTable\"><tbody><tr><td>Identifier</td><td>68fdbac80fad91f1aff86d5fdd2da67c</td></tr><tr><td>Date of birth</td><td><span>02 January 1974</span></td></tr></tbody></table></div>"
      },
      "extension": [ {
        "url": "http://hl7.org/fhir/us/core/StructureDefinition/us-core-race",
        "extension": [ {
          "url": "ombCategory",
          "valueCoding": {
            "system": "urn:oid:2.16.840.1.113883.6.238",
            "code": "1002-5",
            "display": "American Indian or Alaska Native",
            "userSelected": true
          }
        }, {
          "url": "text",
          "valueString": "American Indian or Alaska Native"
        } ]
      }, {
        "url": "http://hl7.org/fhir/us/core/StructureDefinition/us-core-ethnicity",
        "extension": [ {
          "url": "ombCategory",
          "valueCoding": {
            "system": "urn:oid:2.16.840.1.113883.6.238",
            "code": "2135-2",
            "display": "Hispanic or Latino",
            "userSelected": true
          }
        }, {
          "url": "text",
          "valueString": "Hispanic or Latino"
        } ]
      } ],
      "identifier": [ {
        "type": {
          "coding": [ {
            "system": "http://terminology.hl7.org/CodeSystem/v2-0203",
            "code": "MR"
          } ]
        },
        "system": "https://bonnie-fhir.healthit.gov/",
        "value": "612e6b7802c62a011f2edd94"
      } ],
      "active": true,
      "name": [ {
        "use": "usual",
        "family": "NUMERPass",
        "given": [ "MA_InjXa_AnesEndTime" ]
      } ],
      "gender": "male",
      "birthDate": "1974-01-02"
    },
    "request": {
      "method": "PUT",
      "url": "Patient/008d3372-c1a0-4ec8-9d10-7aeaea561262"
    }
  }, {
    "fullUrl": "https://madie.cms.gov/Encounter/f880c0dd-45b5-4c1a-bb9b-45f3544303d3",
    "resource": {
      "resourceType": "Encounter",
      "id": "f880c0dd-45b5-4c1a-bb9b-45f3544303d3",
      "meta": {
        "profile": [ "http://hl7.org/fhir/us/qicore/StructureDefinition/qicore-encounter" ]
      },
      "status": "finished",
      "class": {
        "system": "http://terminology.hl7.org/CodeSystem/v3-ActCode",
        "code": "IMP",
        "display": "inpatient encounter"
      },
      "type": [ {
        "coding": [ {
          "system": "http://snomed.info/sct",
          "code": "8715000"
        } ]
      } ],
      "subject": {
        "reference": "Patient/008d3372-c1a0-4ec8-9d10-7aeaea561262"
      },
      "period": {
        "start": "2025-11-01T00:00:00+00:00",
        "end": "2025-11-30T23:59:00+00:00"
      },
      "length": {
        "value": 29.0,
        "unit": "days"
      }
    },
    "request": {
      "method": "PUT",
      "url": "Encounter/f880c0dd-45b5-4c1a-bb9b-45f3544303d3"
    }
  }, {
    "fullUrl": "https://madie.cms.gov/Coverage/f25c3d5d-cf16-4479-9bec-68932c45d576",
    "resource": {
      "resourceType": "Coverage",
      "id": "f25c3d5d-cf16-4479-9bec-68932c45d576",
      "status": "active",
      "beneficiary": {
        "reference": "Patient/008d3372-c1a0-4ec8-9d10-7aeaea561262"
      },
      "period": {
        "start": "1974-01-02T08:00:00+00:00"
      },
      "payor": [ {
        "reference": "Organization/307b6694-158f-478f-a9e5-92362d42828a"
      } ]
    },
    "request": {
      "method": "PUT",
      "url": "Coverage/f25c3d5d-cf16-4479-9bec-68932c45d576"
    }
  }, {
    "fullUrl": "https://madie.cms.gov/MedicationAdministration/4b4d51a9-ed0f-43e5-acab-61c7a3ee721e",
    "resource": {
      "resourceType": "MedicationAdministration",
      "id": "4b4d51a9-ed0f-43e5-acab-61c7a3ee721e",
      "meta": {
        "profile": [ "http://hl7.org/fhir/us/qicore/StructureDefinition/qicore-medicationadministration" ]
      },
      "status": "completed",
      "medicationCodeableConcept": {
        "coding": [ {
          "system": "http://www.nlm.nih.gov/research/umls/rxnorm",
          "code": "861356"
        } ]
      },
      "subject": {
        "reference": "Patient/008d3372-c1a0-4ec8-9d10-7aeaea561262"
      },
      "effectivePeriod": {
        "start": "2025-11-01T01:00:00+00:00"
      }
    },
    "request": {
      "method": "PUT",
      "url": "MedicationAdministration/4b4d51a9-ed0f-43e5-acab-61c7a3ee721e"
    }
  }, {
    "fullUrl": "https://madie.cms.gov/Procedure/d99f4a03-75ae-4201-b41e-7be61f2ee3ab",
    "resource": {
      "resourceType": "Procedure",
      "id": "d99f4a03-75ae-4201-b41e-7be61f2ee3ab",
      "meta": {
        "profile": [ "http://hl7.org/fhir/us/qicore/StructureDefinition/qicore-procedure" ]
      },
      "extension": [ {
        "url": "http://hl7.org/fhir/us/qicore/StructureDefinition/qicore-recorded",
        "valueDateTime": "2012-11-01T09:35:00-04:00"
      } ],
      "status": "completed",
      "code": {
        "coding": [ {
          "system": "http://www.icd10data.com/icd10pcs",
          "code": "3E030FZ"
        }, {
          "system": "http://snomed.info/sct",
          "code": "18946005"
        } ]
      },
      "subject": {
        "reference": "Patient/008d3372-c1a0-4ec8-9d10-7aeaea561262"
      },
      "performedPeriod": {
        "start": "2025-11-01T00:00:00+00:00",
        "end": "2025-11-01T01:00:00+00:00"
      }
    },
    "request": {
      "method": "PUT",
      "url": "Procedure/d99f4a03-75ae-4201-b41e-7be61f2ee3ab"
    }
  }, {
    "fullUrl": "https://madie.cms.gov/Organization/307b6694-158f-478f-a9e5-92362d42828a",
    "resource": {
      "resourceType": "Organization",
      "id": "307b6694-158f-478f-a9e5-92362d42828a",
      "meta": {
        "profile": [ "http://hl7.org/fhir/us/qicore/StructureDefinition/qicore-organization" ]
      },
      "identifier": [ {
        "use": "temp",
        "system": "urn:oid:2.16.840.1.113883.4.4",
        "value": "21-3259825"
      } ],
      "active": true,
      "type": [ {
        "coding": [ {
          "system": "http://terminology.hl7.org/CodeSystem/organization-type",
          "code": "pay",
          "display": "Payer"
        } ]
      } ],
      "name": "Blue Cross Blue Shield of Texas",
      "telecom": [ {
        "system": "phone",
        "value": "(+1) 972-766-6900"
      } ],
      "address": [ {
        "use": "billing",
        "type": "postal",
        "line": [ "P.O. Box 660044" ],
        "city": "Dallas",
        "state": "TX",
        "postalCode": "75266-0044",
        "country": "USA"
      } ]
    },
    "request": {
      "method": "PUT",
      "url": "Organization/307b6694-158f-478f-a9e5-92362d42828a"
    }
  }, {
    "fullUrl": "https://madie.cms.gov/Practitioner/e2bf8145-076d-496a-94ee-f63e8d057081",
    "resource": {
      "resourceType": "Practitioner",
      "id": "e2bf8145-076d-496a-94ee-f63e8d057081",
      "identifier": [ {
        "system": "http://hl7.org/fhir/sid/us-npi",
        "value": "123456"
      } ],
      "name": [ {
        "family": "Evil",
        "prefix": [ "Dr" ]
      } ]
    },
    "request": {
      "method": "PUT",
      "url": "Practitioner/e2bf8145-076d-496a-94ee-f63e8d057081"
    }
  }, {
    "fullUrl": "https://madie.cms.gov/MeasureReport/8d17c7bb-d776-4940-beb1-e35b7af728ca",
    "resource": {
      "resourceType": "MeasureReport",
      "id": "8d17c7bb-d776-4940-beb1-e35b7af728ca",
      "meta": {
        "profile": [ "http://hl7.org/fhir/us/cqfmeasures/StructureDefinition/test-case-cqfm" ]
      },
      "contained": [ {
        "resourceType": "Parameters",
        "id": "f45270e1-1f3a-436b-b0cc-b57367194d82-parameters",
        "parameter": [ {
          "name": "subject",
          "valueString": "008d3372-c1a0-4ec8-9d10-7aeaea561262"
        } ]
      } ],
      "extension": [ {
        "url": "http://hl7.org/fhir/us/cqfmeasures/StructureDefinition/cqfm-inputParameters",
        "valueReference": {
          "reference": "#f45270e1-1f3a-436b-b0cc-b57367194d82-parameters"
        }
      }, {
        "url": "http://hl7.org/fhir/us/cqfmeasures/StructureDefinition/cqfm-testCaseDescription",
        "valueMarkdown": "Patient received injectable factor Xa med concurrent with anesthesia.end\n"
      } ],
      "modifierExtension": [ {
        "url": "http://hl7.org/fhir/us/cqfmeasures/StructureDefinition/cqfm-isTestCase",
        "valueBoolean": true
      } ],
      "status": "complete",
      "type": "individual",
      "measure": "https://madie.cms.gov/Measure/VenousThromboembolismProphylaxisFHIR",
      "period": {
        "start": "2025-01-01",
        "end": "2025-12-31"
      },
      "group": [ {
        "population": [ {
          "code": {
            "coding": [ {
              "system": "http://terminology.hl7.org/CodeSystem/measure-population",
              "code": "initial-population",
              "display": "Initial Population"
            } ]
          },
          "count": 1
        }, {
          "code": {
            "coding": [ {
              "system": "http://terminology.hl7.org/CodeSystem/measure-population",
              "code": "denominator",
              "display": "Denominator"
            } ]
          },
          "count": 1
        }, {
          "code": {
            "coding": [ {
              "system": "http://terminology.hl7.org/CodeSystem/measure-population",
              "code": "denominator-exclusion",
              "display": "Denominator Exclusion"
            } ]
          },
          "count": 0
        }, {
          "code": {
            "coding": [ {
              "system": "http://terminology.hl7.org/CodeSystem/measure-population",
              "code": "numerator",
              "display": "Numerator"
            } ]
          },
          "count": 1
        } ]
      } ],
      "evaluatedResource": [ {
        "reference": "Patient/008d3372-c1a0-4ec8-9d10-7aeaea561262"
      }, {
        "reference": "Encounter/f880c0dd-45b5-4c1a-bb9b-45f3544303d3"
      }, {
        "reference": "Coverage/f25c3d5d-cf16-4479-9bec-68932c45d576"
      }, {
        "reference": "MedicationAdministration/4b4d51a9-ed0f-43e5-acab-61c7a3ee721e"
      }, {
        "reference": "Procedure/d99f4a03-75ae-4201-b41e-7be61f2ee3ab"
      }, {
        "reference": "Organization/307b6694-158f-478f-a9e5-92362d42828a"
      }, {
        "reference": "Practitioner/e2bf8145-076d-496a-94ee-f63e8d057081"
      } ]
    },
    "request": {
      "method": "PUT",
      "url": "MeasureReport/8d17c7bb-d776-4940-beb1-e35b7af728ca"
    }
  } ]
}