{
  "resourceType": "Bundle",
  "id": "NUMPass-DentalCariesCondStartsDec31OfMP",
  "type": "collection",
  "entry": [ {
    "fullUrl": "https://madie.cms.gov/Patient/8b91c8d5-4fed-4be7-b930-ba922a502c05",
    "resource": {
      "resourceType": "Patient",
      "id": "8b91c8d5-4fed-4be7-b930-ba922a502c05",
      "meta": {
        "profile": [ "http://hl7.org/fhir/us/qicore/StructureDefinition/qicore-patient" ]
      },
      "identifier": [ {
        "system": "http://hospital.smarthealthit.org",
        "value": "999999995"
      } ],
      "name": [ {
        "family": "Bertha",
        "given": [ "Betty" ]
      } ],
      "gender": "female",
      "birthDate": "2005-01-01"
    }
  }, {
    "fullUrl": "https://madie.cms.gov/Encounter/21b194e3-8445-4f16-b191-eb5a34927baf",
    "resource": {
      "resourceType": "Encounter",
      "id": "21b194e3-8445-4f16-b191-eb5a34927baf",
      "meta": {
        "profile": [ "http://hl7.org/fhir/us/qicore/StructureDefinition/qicore-encounter" ]
      },
      "status": "finished",
      "class": {
        "system": "http://terminology.hl7.org/CodeSystem/v3-ActCode",
        "code": "AMB",
        "display": "ambulatory"
      },
      "type": [ {
        "coding": [ {
          "system": "http://www.ada.org/cdt",
          "code": "D0120",
          "display": "periodic oral evaluation - established patient"
        } ]
      } ],
      "subject": {
        "reference": "Patient/8b91c8d5-4fed-4be7-b930-ba922a502c05"
      },
      "period": {
        "start": "2025-01-01T00:00:00.000Z",
        "end": "2025-01-01T01:15:00.000Z"
      }
    }
  }, {
    "fullUrl": "https://madie.cms.gov/Condition/3376400e-7adf-4a57-9b09-442579f10101",
    "resource": {
      "resourceType": "Condition",
      "id": "3376400e-7adf-4a57-9b09-442579f10101",
      "meta": {
        "profile": [ "http://hl7.org/fhir/us/qicore/StructureDefinition/qicore-condition-problems-health-concerns" ]
      },
      "clinicalStatus": {
        "coding": [ {
          "system": "http://terminology.hl7.org/CodeSystem/condition-clinical",
          "code": "resolved"
        } ]
      },
      "category": [ {
        "coding": [ {
          "system": "http://terminology.hl7.org/CodeSystem/condition-category",
          "code": "problem-list-item",
          "display": "Problem List Item"
        } ]
      } ],
      "code": {
        "coding": [ {
          "system": "http://snomed.info/sct",
          "code": "109564008",
          "display": "Dental caries associated with enamel hypomineralization (disorder)"
        } ]
      },
      "subject": {
        "reference": "Patient/8b91c8d5-4fed-4be7-b930-ba922a502c05"
      },
      "onsetDateTime": "2025-12-31T23:59:59.000Z",
      "abatementDateTime": "2025-12-31T23:59:59.000Z"
    }
  }, {
    "fullUrl": "https://madie.cms.gov/MeasureReport/c6c9d5bf-934a-4c60-a3ac-507f208cd074",
    "resource": {
      "resourceType": "MeasureReport",
      "id": "c6c9d5bf-934a-4c60-a3ac-507f208cd074",
      "meta": {
        "profile": [ "http://hl7.org/fhir/us/cqfmeasures/StructureDefinition/test-case-cqfm" ]
      },
      "contained": [ {
        "resourceType": "Parameters",
        "id": "baa392ce-cb74-45ce-8fc4-7311487dabc9-parameters",
        "parameter": [ {
          "name": "subject",
          "valueString": "8b91c8d5-4fed-4be7-b930-ba922a502c05"
        } ]
      } ],
      "extension": [ {
        "url": "http://hl7.org/fhir/us/cqfmeasures/StructureDefinition/cqfm-inputParameters",
        "valueReference": {
          "reference": "#baa392ce-cb74-45ce-8fc4-7311487dabc9-parameters"
        }
      }, {
        "url": "http://hl7.org/fhir/us/cqfmeasures/StructureDefinition/cqfm-testCaseDescription",
        "valueMarkdown": "Patient 20yo w/ an Oral Evaluation Encounter 1/1 of the MP & Dental Caries Condition that starts on 12/31 during the MP."
      } ],
      "modifierExtension": [ {
        "url": "http://hl7.org/fhir/us/cqfmeasures/StructureDefinition/cqfm-isTestCase",
        "valueBoolean": true
      } ],
      "status": "complete",
      "type": "individual",
      "measure": "https://madie.cms.gov/Measure/ChildrenWhoHaveDentalDecayOrCavitiesFHIR",
      "period": {
        "start": "2025-01-01",
        "end": "2025-12-31"
      },
      "group": [ {
        "population": [ {
          "code": {
            "coding": [ {
              "system": "http://terminology.hl7.org/CodeSystem/measure-population",
              "code": "initial-population",
              "display": "Initial Population"
            } ]
          },
          "count": 1
        }, {
          "code": {
            "coding": [ {
              "system": "http://terminology.hl7.org/CodeSystem/measure-population",
              "code": "denominator",
              "display": "Denominator"
            } ]
          },
          "count": 1
        }, {
          "code": {
            "coding": [ {
              "system": "http://terminology.hl7.org/CodeSystem/measure-population",
              "code": "denominator-exclusion",
              "display": "Denominator Exclusion"
            } ]
          },
          "count": 0
        }, {
          "code": {
            "coding": [ {
              "system": "http://terminology.hl7.org/CodeSystem/measure-population",
              "code": "numerator",
              "display": "Numerator"
            } ]
          },
          "count": 1
        } ]
      } ],
      "evaluatedResource": [ {
        "reference": "Patient/8b91c8d5-4fed-4be7-b930-ba922a502c05"
      }, {
        "reference": "Encounter/21b194e3-8445-4f16-b191-eb5a34927baf"
      }, {
        "reference": "Condition/3376400e-7adf-4a57-9b09-442579f10101"
      } ]
    }
  } ]
}