{
  "resourceType": "Bundle",
  "id": "612e6b6402c62a011f2ed965",
  "type": "transaction",
  "entry": [ {
    "fullUrl": "https://madie.cms.gov/Patient/7542bedd-8358-4642-aaca-ec733f1ff0bd",
    "resource": {
      "resourceType": "Patient",
      "id": "7542bedd-8358-4642-aaca-ec733f1ff0bd",
      "meta": {
        "profile": [ "http://hl7.org/fhir/us/qicore/StructureDefinition/qicore-patient" ]
      },
      "text": {
        "status": "generated",
        "div": "<div xmlns=\"http://www.w3.org/1999/xhtml\"><div class=\"hapiHeaderText\">EncDxObstetricsVTE <b>IPPFAIL </b></div><table class=\"hapiPropertyTable\"><tbody><tr><td>Identifier</td><td>b7a7425ccd6ae25cbc6ebf054c4ec0a9</td></tr><tr><td>Date of birth</td><td><span>02 September 2003</span></td></tr></tbody></table></div>"
      },
      "extension": [ {
        "url": "http://hl7.org/fhir/us/core/StructureDefinition/us-core-race",
        "extension": [ {
          "url": "ombCategory",
          "valueCoding": {
            "system": "urn:oid:2.16.840.1.113883.6.238",
            "code": "1002-5",
            "display": "American Indian or Alaska Native",
            "userSelected": true
          }
        }, {
          "url": "text",
          "valueString": "American Indian or Alaska Native"
        } ]
      }, {
        "url": "http://hl7.org/fhir/us/core/StructureDefinition/us-core-ethnicity",
        "extension": [ {
          "url": "ombCategory",
          "valueCoding": {
            "system": "urn:oid:2.16.840.1.113883.6.238",
            "code": "2135-2",
            "display": "Hispanic or Latino",
            "userSelected": true
          }
        }, {
          "url": "text",
          "valueString": "Hispanic or Latino"
        } ]
      } ],
      "identifier": [ {
        "type": {
          "coding": [ {
            "system": "http://terminology.hl7.org/CodeSystem/v2-0203",
            "code": "MR"
          } ]
        },
        "system": "https://bonnie-fhir.healthit.gov/",
        "value": "612e6b6402c62a011f2ed965"
      } ],
      "active": true,
      "name": [ {
        "use": "usual",
        "family": "IPPFail",
        "given": [ "EncDxObstetricsVTE" ]
      } ],
      "gender": "male",
      "birthDate": "2003-09-02"
    },
    "request": {
      "method": "PUT",
      "url": "Patient/7542bedd-8358-4642-aaca-ec733f1ff0bd"
    }
  }, {
    "fullUrl": "https://madie.cms.gov/Encounter/11f680e5-0cb1-41b0-b4e8-fa0b868e6b8c",
    "resource": {
      "resourceType": "Encounter",
      "id": "11f680e5-0cb1-41b0-b4e8-fa0b868e6b8c",
      "meta": {
        "profile": [ "http://hl7.org/fhir/us/qicore/StructureDefinition/qicore-encounter" ]
      },
      "status": "finished",
      "class": {
        "system": "http://terminology.hl7.org/CodeSystem/v3-ActCode",
        "code": "IMP",
        "display": "inpatient encounter"
      },
      "type": [ {
        "coding": [ {
          "system": "http://snomed.info/sct",
          "code": "183452005"
        } ]
      } ],
      "subject": {
        "reference": "Patient/7542bedd-8358-4642-aaca-ec733f1ff0bd"
      },
      "period": {
        "start": "2025-09-02T12:59:00+00:00",
        "end": "2025-09-02T13:14:00+00:00"
      },
      "length": {
        "value": 0.0,
        "unit": "days"
      },
      "diagnosis": [ {
        "condition": {
          "reference": "Condition/59de8f3d-dc32-423a-8d72-a1cbea8fa15f"
        }
      } ]
    },
    "request": {
      "method": "PUT",
      "url": "Encounter/11f680e5-0cb1-41b0-b4e8-fa0b868e6b8c"
    }
  }, {
    "fullUrl": "https://madie.cms.gov/Coverage/360dec5b-5921-4fc5-b690-d96ef10fb48f",
    "resource": {
      "resourceType": "Coverage",
      "id": "360dec5b-5921-4fc5-b690-d96ef10fb48f",
      "status": "active",
      "beneficiary": {
        "reference": "Patient/7542bedd-8358-4642-aaca-ec733f1ff0bd"
      },
      "period": {
        "start": "2003-09-02T08:00:00+00:00"
      },
      "payor": [ {
        "reference": "Organization/7018a78f-fa43-4c65-9aa8-6a9a1f0b0133"
      } ]
    },
    "request": {
      "method": "PUT",
      "url": "Coverage/360dec5b-5921-4fc5-b690-d96ef10fb48f"
    }
  }, {
    "fullUrl": "https://madie.cms.gov/Condition/59de8f3d-dc32-423a-8d72-a1cbea8fa15f",
    "resource": {
      "resourceType": "Condition",
      "id": "59de8f3d-dc32-423a-8d72-a1cbea8fa15f",
      "meta": {
        "profile": [ "http://hl7.org/fhir/us/qicore/StructureDefinition/qicore-condition" ]
      },
      "category": [ {
        "coding": [ {
          "system": "http://terminology.hl7.org/CodeSystem/condition-category",
          "code": "encounter-diagnosis",
          "display": "Encounter Diagnosis"
        } ]
      } ],
      "code": {
        "coding": [ {
          "system": "http://snomed.info/sct",
          "version": "2025-03",
          "code": "13943000",
          "display": "Failed attempted abortion complicated by embolism (disorder)",
          "userSelected": true
        } ]
      },
      "subject": {
        "reference": "Patient/7542bedd-8358-4642-aaca-ec733f1ff0bd"
      },
      "recordedDate": "2025-07-07T08:00:00.000+00:00"
    },
    "request": {
      "method": "PUT",
      "url": "Condition/59de8f3d-dc32-423a-8d72-a1cbea8fa15f"
    }
  }, {
    "fullUrl": "https://madie.cms.gov/Organization/7018a78f-fa43-4c65-9aa8-6a9a1f0b0133",
    "resource": {
      "resourceType": "Organization",
      "id": "7018a78f-fa43-4c65-9aa8-6a9a1f0b0133",
      "meta": {
        "profile": [ "http://hl7.org/fhir/us/qicore/StructureDefinition/qicore-organization" ]
      },
      "identifier": [ {
        "use": "temp",
        "system": "urn:oid:2.16.840.1.113883.4.4",
        "value": "21-3259825"
      } ],
      "active": true,
      "type": [ {
        "coding": [ {
          "system": "http://terminology.hl7.org/CodeSystem/organization-type",
          "code": "pay",
          "display": "Payer"
        } ]
      } ],
      "name": "Blue Cross Blue Shield of Texas",
      "telecom": [ {
        "system": "phone",
        "value": "(+1) 972-766-6900"
      } ],
      "address": [ {
        "use": "billing",
        "type": "postal",
        "line": [ "P.O. Box 660044" ],
        "city": "Dallas",
        "state": "TX",
        "postalCode": "75266-0044",
        "country": "USA"
      } ]
    },
    "request": {
      "method": "PUT",
      "url": "Organization/7018a78f-fa43-4c65-9aa8-6a9a1f0b0133"
    }
  }, {
    "fullUrl": "https://madie.cms.gov/Practitioner/bb9975ab-0459-4488-b725-533b1c6a26af",
    "resource": {
      "resourceType": "Practitioner",
      "id": "bb9975ab-0459-4488-b725-533b1c6a26af",
      "identifier": [ {
        "system": "http://hl7.org/fhir/sid/us-npi",
        "value": "123456"
      } ],
      "name": [ {
        "family": "Evil",
        "prefix": [ "Dr" ]
      } ]
    },
    "request": {
      "method": "PUT",
      "url": "Practitioner/bb9975ab-0459-4488-b725-533b1c6a26af"
    }
  }, {
    "fullUrl": "https://madie.cms.gov/MeasureReport/7c3bb34b-76d1-4814-8d96-92f9cabba2e3",
    "resource": {
      "resourceType": "MeasureReport",
      "id": "7c3bb34b-76d1-4814-8d96-92f9cabba2e3",
      "meta": {
        "profile": [ "http://hl7.org/fhir/us/cqfmeasures/StructureDefinition/test-case-cqfm" ]
      },
      "contained": [ {
        "resourceType": "Parameters",
        "id": "2d9d97a9-19cc-499e-8ab0-fbaa94d281f0-parameters",
        "parameter": [ {
          "name": "subject",
          "valueString": "7542bedd-8358-4642-aaca-ec733f1ff0bd"
        } ]
      } ],
      "extension": [ {
        "url": "http://hl7.org/fhir/us/cqfmeasures/StructureDefinition/cqfm-inputParameters",
        "valueReference": {
          "reference": "#2d9d97a9-19cc-499e-8ab0-fbaa94d281f0-parameters"
        }
      }, {
        "url": "http://hl7.org/fhir/us/cqfmeasures/StructureDefinition/cqfm-testCaseDescription",
        "valueMarkdown": "Patient is 18 years old with LOS < 120 days during MP with obstetrics VTE diagnosis\n"
      } ],
      "modifierExtension": [ {
        "url": "http://hl7.org/fhir/us/cqfmeasures/StructureDefinition/cqfm-isTestCase",
        "valueBoolean": true
      } ],
      "status": "complete",
      "type": "individual",
      "measure": "https://madie.cms.gov/Measure/VenousThromboembolismProphylaxisFHIR",
      "period": {
        "start": "2025-01-01",
        "end": "2025-12-31"
      },
      "group": [ {
        "population": [ {
          "code": {
            "coding": [ {
              "system": "http://terminology.hl7.org/CodeSystem/measure-population",
              "code": "initial-population",
              "display": "Initial Population"
            } ]
          },
          "count": 0
        }, {
          "code": {
            "coding": [ {
              "system": "http://terminology.hl7.org/CodeSystem/measure-population",
              "code": "denominator",
              "display": "Denominator"
            } ]
          },
          "count": 0
        }, {
          "code": {
            "coding": [ {
              "system": "http://terminology.hl7.org/CodeSystem/measure-population",
              "code": "denominator-exclusion",
              "display": "Denominator Exclusion"
            } ]
          },
          "count": 0
        }, {
          "code": {
            "coding": [ {
              "system": "http://terminology.hl7.org/CodeSystem/measure-population",
              "code": "numerator",
              "display": "Numerator"
            } ]
          },
          "count": 0
        } ]
      } ],
      "evaluatedResource": [ {
        "reference": "Patient/7542bedd-8358-4642-aaca-ec733f1ff0bd"
      }, {
        "reference": "Encounter/11f680e5-0cb1-41b0-b4e8-fa0b868e6b8c"
      }, {
        "reference": "Coverage/360dec5b-5921-4fc5-b690-d96ef10fb48f"
      }, {
        "reference": "Condition/59de8f3d-dc32-423a-8d72-a1cbea8fa15f"
      }, {
        "reference": "Organization/7018a78f-fa43-4c65-9aa8-6a9a1f0b0133"
      }, {
        "reference": "Practitioner/bb9975ab-0459-4488-b725-533b1c6a26af"
      } ]
    },
    "request": {
      "method": "PUT",
      "url": "MeasureReport/7c3bb34b-76d1-4814-8d96-92f9cabba2e3"
    }
  } ]
}