{
  "resourceType": "Bundle",
  "id": "60abda28bf0a01003e3f76bd",
  "type": "transaction",
  "entry": [ {
    "fullUrl": "https://madie.cms.gov/Patient/2a1d8b51-131f-4552-90f7-59ca5a7979ce",
    "resource": {
      "resourceType": "Patient",
      "id": "2a1d8b51-131f-4552-90f7-59ca5a7979ce",
      "meta": {
        "profile": [ "http://hl7.org/fhir/us/qicore/StructureDefinition/qicore-patient" ]
      },
      "extension": [ {
        "url": "http://hl7.org/fhir/us/core/StructureDefinition/us-core-race",
        "extension": [ {
          "url": "ombCategory",
          "valueCoding": {
            "system": "urn:oid:2.16.840.1.113883.6.238",
            "code": "2054-5",
            "display": "Black or African American",
            "userSelected": true
          }
        }, {
          "url": "text",
          "valueString": "Black or African American"
        } ]
      }, {
        "url": "http://hl7.org/fhir/us/core/StructureDefinition/us-core-ethnicity",
        "extension": [ {
          "url": "ombCategory",
          "valueCoding": {
            "system": "urn:oid:2.16.840.1.113883.6.238",
            "code": "2186-5",
            "display": "Not Hispanic or Latino",
            "userSelected": true
          }
        }, {
          "url": "text",
          "valueString": "Not Hispanic or Latino"
        } ]
      } ],
      "identifier": [ {
        "type": {
          "coding": [ {
            "system": "http://terminology.hl7.org/CodeSystem/v2-0203",
            "code": "MR"
          } ]
        },
        "system": "https://bonnie-fhir.healthit.gov/",
        "value": "60abda28bf0a01003e3f76bd"
      } ],
      "name": [ {
        "family": "NUMERPass",
        "given": [ "DEXA2YearsBeforeADT" ]
      } ],
      "gender": "male",
      "birthDate": "1947-07-15"
    },
    "request": {
      "method": "PUT",
      "url": "Patient/2a1d8b51-131f-4552-90f7-59ca5a7979ce"
    }
  }, {
    "fullUrl": "https://madie.cms.gov/Encounter/552a7324-c4b0-4466-b28b-ee5d32bcadfa",
    "resource": {
      "resourceType": "Encounter",
      "id": "552a7324-c4b0-4466-b28b-ee5d32bcadfa",
      "meta": {
        "profile": [ "http://hl7.org/fhir/us/qicore/StructureDefinition/qicore-encounter" ]
      },
      "status": "finished",
      "class": {
        "system": "http://terminology.hl7.org/CodeSystem/v3-ActCode",
        "code": "AMB",
        "display": "ambulatory"
      },
      "type": [ {
        "coding": [ {
          "system": "http://snomed.info/sct",
          "version": "2021-09",
          "code": "185463005",
          "display": "Visit out of hours (procedure)",
          "userSelected": true
        } ]
      } ],
      "subject": {
        "reference": "Patient/2a1d8b51-131f-4552-90f7-59ca5a7979ce"
      },
      "period": {
        "start": "2026-06-05T08:00:00.000+00:00",
        "end": "2026-06-05T08:15:00.000+00:00"
      }
    },
    "request": {
      "method": "PUT",
      "url": "Encounter/552a7324-c4b0-4466-b28b-ee5d32bcadfa"
    }
  }, {
    "fullUrl": "https://madie.cms.gov/Condition/52d9d391-5b12-4ec8-a715-69b27c234ff9",
    "resource": {
      "resourceType": "Condition",
      "id": "52d9d391-5b12-4ec8-a715-69b27c234ff9",
      "meta": {
        "profile": [ "http://hl7.org/fhir/us/qicore/StructureDefinition/qicore-condition-problems-health-concerns" ]
      },
      "clinicalStatus": {
        "coding": [ {
          "system": "http://terminology.hl7.org/CodeSystem/condition-clinical",
          "code": "active",
          "display": "Active",
          "userSelected": true
        } ]
      },
      "verificationStatus": {
        "coding": [ {
          "system": "http://terminology.hl7.org/CodeSystem/condition-ver-status",
          "code": "confirmed"
        } ]
      },
      "category": [ {
        "coding": [ {
          "system": "http://terminology.hl7.org/CodeSystem/condition-category",
          "code": "problem-list-item",
          "display": "Problem List Item"
        } ]
      } ],
      "code": {
        "coding": [ {
          "system": "http://snomed.info/sct",
          "version": "2021-09",
          "code": "254900004",
          "display": "Carcinoma of prostate (disorder)",
          "userSelected": true
        } ]
      },
      "subject": {
        "reference": "Patient/2a1d8b51-131f-4552-90f7-59ca5a7979ce"
      },
      "onsetPeriod": {
        "start": "2026-05-30T08:00:00.000+00:00"
      }
    },
    "request": {
      "method": "PUT",
      "url": "Condition/52d9d391-5b12-4ec8-a715-69b27c234ff9"
    }
  }, {
    "fullUrl": "https://madie.cms.gov/Observation/14e02672-7ed8-488f-a1b6-4d1c71a6861e",
    "resource": {
      "resourceType": "Observation",
      "id": "14e02672-7ed8-488f-a1b6-4d1c71a6861e",
      "meta": {
        "profile": [ "http://hl7.org/fhir/us/qicore/StructureDefinition/qicore-observation-lab" ]
      },
      "status": "final",
      "category": [ {
        "coding": [ {
          "system": "http://terminology.hl7.org/CodeSystem/observation-category",
          "code": "imaging",
          "display": "Imaging"
        } ]
      } ],
      "code": {
        "coding": [ {
          "system": "http://loinc.org",
          "version": "2.69",
          "code": "38265-5",
          "display": "DXA Radius and Ulna [T-score] Bone density",
          "userSelected": true
        } ]
      },
      "subject": {
        "reference": "Patient/2a1d8b51-131f-4552-90f7-59ca5a7979ce"
      },
      "effectiveDateTime": "2024-06-05T10:00:00.000+00:00"
    },
    "request": {
      "method": "PUT",
      "url": "Observation/14e02672-7ed8-488f-a1b6-4d1c71a6861e"
    }
  }, {
    "fullUrl": "https://madie.cms.gov/Practitioner/b6981020-4813-4220-9e4a-98b0287dc4a6",
    "resource": {
      "resourceType": "Practitioner",
      "id": "b6981020-4813-4220-9e4a-98b0287dc4a6",
      "meta": {
        "profile": [ "http://hl7.org/fhir/us/qicore/StructureDefinition/qicore-practitioner" ]
      },
      "identifier": [ {
        "use": "temp",
        "system": "urn:oid:2.16.840.1.113883.4.336",
        "value": "Practitioner-23"
      } ],
      "active": true,
      "name": [ {
        "family": "Careful",
        "given": [ "Adam" ],
        "prefix": [ "Dr" ]
      } ],
      "address": [ {
        "use": "home",
        "line": [ "534 Erewhon St" ],
        "city": "PleasantVille",
        "state": "UT",
        "postalCode": "84414"
      } ],
      "qualification": [ {
        "identifier": [ {
          "system": "http://example.org/UniversityIdentifier",
          "value": "12345"
        } ],
        "code": {
          "coding": [ {
            "system": "http://terminology.hl7.org/CodeSystem/v2-0360|2.7",
            "code": "BS",
            "display": "Bachelor of Science"
          } ],
          "text": "Bachelor of Science"
        },
        "period": {
          "start": "1996"
        },
        "issuer": {
          "display": "Example University"
        }
      } ]
    },
    "request": {
      "method": "PUT",
      "url": "Practitioner/b6981020-4813-4220-9e4a-98b0287dc4a6"
    }
  }, {
    "fullUrl": "https://madie.cms.gov/MedicationRequest/2bd098a2-0009-4fdb-829c-7b8e39ac6f8f",
    "resource": {
      "resourceType": "MedicationRequest",
      "id": "2bd098a2-0009-4fdb-829c-7b8e39ac6f8f",
      "meta": {
        "profile": [ "http://hl7.org/fhir/us/qicore/StructureDefinition/qicore-medicationrequest" ]
      },
      "status": "active",
      "intent": "order",
      "medicationCodeableConcept": {
        "coding": [ {
          "system": "http://www.nlm.nih.gov/research/umls/rxnorm",
          "code": "1115257",
          "display": "1.5 ML leuprolide acetate 30 MG/ML Prefilled Syringe",
          "userSelected": true
        } ]
      },
      "subject": {
        "reference": "Patient/2a1d8b51-131f-4552-90f7-59ca5a7979ce"
      },
      "authoredOn": "2026-06-05T08:00:00.000+00:00",
      "requester": {
        "reference": "http://myGoodHealthcare.com/fhir/Practitioner/b6981020-4813-4220-9e4a-98b0287dc4a6"
      },
      "dosageInstruction": [ {
        "timing": {
          "repeat": {
            "boundsPeriod": {
              "start": "2026-06-05T08:00:00.000+00:00",
              "end": "2026-07-05T08:00:00.000+00:00"
            }
          }
        }
      } ]
    },
    "request": {
      "method": "PUT",
      "url": "MedicationRequest/2bd098a2-0009-4fdb-829c-7b8e39ac6f8f"
    }
  }, {
    "fullUrl": "https://madie.cms.gov/ServiceRequest/87a7cfac-121c-40d5-be21-356fecc2ab61",
    "resource": {
      "resourceType": "ServiceRequest",
      "id": "87a7cfac-121c-40d5-be21-356fecc2ab61",
      "meta": {
        "profile": [ "http://hl7.org/fhir/us/qicore/StructureDefinition/qicore-servicerequest" ]
      },
      "status": "active",
      "intent": "order",
      "code": {
        "coding": [ {
          "system": "http://snomed.info/sct",
          "code": "456381000124102",
          "display": "Injection of leuprolide acetate for twelve month period (regime/therapy)",
          "userSelected": true
        } ]
      },
      "subject": {
        "reference": "Patient/2a1d8b51-131f-4552-90f7-59ca5a7979ce"
      },
      "authoredOn": "2026-06-05T08:00:00.000+00:00"
    },
    "request": {
      "method": "PUT",
      "url": "ServiceRequest/87a7cfac-121c-40d5-be21-356fecc2ab61"
    }
  }, {
    "fullUrl": "https://madie.cms.gov/MeasureReport/21d04cf6-a318-4b38-b000-3cc468d948fc",
    "resource": {
      "resourceType": "MeasureReport",
      "id": "21d04cf6-a318-4b38-b000-3cc468d948fc",
      "meta": {
        "profile": [ "http://hl7.org/fhir/us/cqfmeasures/StructureDefinition/test-case-cqfm" ]
      },
      "contained": [ {
        "resourceType": "Parameters",
        "id": "ced17848-6ff2-443d-9fc7-24deee4bb9b3-parameters",
        "parameter": [ {
          "name": "subject",
          "valueString": "2a1d8b51-131f-4552-90f7-59ca5a7979ce"
        } ]
      } ],
      "extension": [ {
        "url": "http://hl7.org/fhir/StructureDefinition/cqf-inputParameters",
        "valueReference": {
          "reference": "#ced17848-6ff2-443d-9fc7-24deee4bb9b3-parameters"
        }
      }, {
        "url": "http://hl7.org/fhir/us/cqfmeasures/StructureDefinition/cqfm-testCaseDescription",
        "valueMarkdown": "Encounter Office Visit in MP.  Dx Prostate Cancer in MP. Procedure \nOrdered. DEXA 2 years before start of ADR. Edge. NUMER Criteria Pass"
      } ],
      "modifierExtension": [ {
        "url": "http://hl7.org/fhir/us/cqfmeasures/StructureDefinition/cqfm-isTestCase",
        "valueBoolean": true
      } ],
      "status": "complete",
      "type": "individual",
      "measure": "https://madie.cms.gov/Measure/CMS645FHIRBoneDensityProstateCancerAndrogenDeprivationTherapy",
      "period": {
        "start": "2026-01-01",
        "end": "2026-12-31"
      },
      "group": [ {
        "id": "Group_1",
        "population": [ {
          "id": "InitialPopulation_1",
          "code": {
            "coding": [ {
              "system": "http://terminology.hl7.org/CodeSystem/measure-population",
              "code": "initial-population",
              "display": "Initial Population"
            } ]
          },
          "count": 1
        }, {
          "id": "Denominator_1",
          "code": {
            "coding": [ {
              "system": "http://terminology.hl7.org/CodeSystem/measure-population",
              "code": "denominator",
              "display": "Denominator"
            } ]
          },
          "count": 1
        }, {
          "id": "Numerator_1",
          "code": {
            "coding": [ {
              "system": "http://terminology.hl7.org/CodeSystem/measure-population",
              "code": "numerator",
              "display": "Numerator"
            } ]
          },
          "count": 1
        }, {
          "id": "DenominatorException_1",
          "code": {
            "coding": [ {
              "system": "http://terminology.hl7.org/CodeSystem/measure-population",
              "code": "denominator-exception",
              "display": "Denominator Exception"
            } ]
          },
          "count": 0
        } ],
        "measureScore": {
          "value": 1.0
        }
      } ],
      "evaluatedResource": [ {
        "reference": "Patient/2a1d8b51-131f-4552-90f7-59ca5a7979ce"
      }, {
        "reference": "Encounter/552a7324-c4b0-4466-b28b-ee5d32bcadfa"
      }, {
        "reference": "Condition/52d9d391-5b12-4ec8-a715-69b27c234ff9"
      }, {
        "reference": "Observation/14e02672-7ed8-488f-a1b6-4d1c71a6861e"
      }, {
        "reference": "Practitioner/b6981020-4813-4220-9e4a-98b0287dc4a6"
      }, {
        "reference": "MedicationRequest/2bd098a2-0009-4fdb-829c-7b8e39ac6f8f"
      }, {
        "reference": "ServiceRequest/87a7cfac-121c-40d5-be21-356fecc2ab61"
      } ]
    },
    "request": {
      "method": "PUT",
      "url": "MeasureReport/21d04cf6-a318-4b38-b000-3cc468d948fc"
    }
  } ]
}