{
  "resourceType": "Bundle",
  "id": "60abda28bf0a01003e3f76bd",
  "type": "transaction",
  "entry": [ {
    "fullUrl": "https://madie.cms.gov/Patient/77b28b84-d0aa-4aa8-9a07-2922938394de",
    "resource": {
      "resourceType": "Patient",
      "id": "77b28b84-d0aa-4aa8-9a07-2922938394de",
      "meta": {
        "profile": [ "http://hl7.org/fhir/us/qicore/StructureDefinition/qicore-patient" ]
      },
      "extension": [ {
        "url": "http://hl7.org/fhir/us/core/StructureDefinition/us-core-race",
        "extension": [ {
          "url": "ombCategory",
          "valueCoding": {
            "system": "urn:oid:2.16.840.1.113883.6.238",
            "code": "2054-5",
            "display": "Black or African American"
          }
        }, {
          "url": "text",
          "valueString": "Black or African American"
        } ]
      }, {
        "url": "http://hl7.org/fhir/us/core/StructureDefinition/us-core-ethnicity",
        "extension": [ {
          "url": "ombCategory",
          "valueCoding": {
            "system": "urn:oid:2.16.840.1.113883.6.238",
            "code": "2186-5",
            "display": "Not Hispanic or Latino"
          }
        }, {
          "url": "text",
          "valueString": "Not Hispanic or Latino"
        } ]
      } ],
      "identifier": [ {
        "type": {
          "coding": [ {
            "system": "http://terminology.hl7.org/CodeSystem/v2-0203",
            "code": "MR"
          } ]
        },
        "system": "https://bonnie-fhir.healthit.gov/",
        "value": "463131313187656"
      } ],
      "name": [ {
        "family": "NUMERFail",
        "given": [ "DEXA3MonthsAfterADTEdge" ]
      } ],
      "gender": "male",
      "birthDate": "1929-06-15"
    },
    "request": {
      "method": "PUT",
      "url": "Patient/77b28b84-d0aa-4aa8-9a07-2922938394de"
    }
  }, {
    "fullUrl": "https://madie.cms.gov/Encounter/3919bc6b-8db2-41f6-960e-cc4e66946ab8",
    "resource": {
      "resourceType": "Encounter",
      "id": "3919bc6b-8db2-41f6-960e-cc4e66946ab8",
      "meta": {
        "profile": [ "http://hl7.org/fhir/us/qicore/StructureDefinition/qicore-encounter" ]
      },
      "status": "finished",
      "class": {
        "system": "http://terminology.hl7.org/CodeSystem/v3-ActCode",
        "code": "AMB",
        "display": "ambulatory"
      },
      "type": [ {
        "coding": [ {
          "system": "http://snomed.info/sct",
          "version": "http://snomed.info/sct/731000124108/version/20240301",
          "code": "185463005",
          "display": "Visit out of hours (procedure)"
        } ]
      } ],
      "subject": {
        "reference": "Patient/77b28b84-d0aa-4aa8-9a07-2922938394de"
      },
      "period": {
        "start": "2025-02-04T08:00:00.000+00:00",
        "end": "2025-02-04T08:15:00.000+00:00"
      }
    },
    "request": {
      "method": "PUT",
      "url": "Encounter/3919bc6b-8db2-41f6-960e-cc4e66946ab8"
    }
  }, {
    "fullUrl": "https://madie.cms.gov/Condition/ec592ce3-2a0b-4efc-980a-7f3cdda533c5",
    "resource": {
      "resourceType": "Condition",
      "id": "ec592ce3-2a0b-4efc-980a-7f3cdda533c5",
      "meta": {
        "profile": [ "http://hl7.org/fhir/us/qicore/StructureDefinition/qicore-condition-problems-health-concerns" ]
      },
      "clinicalStatus": {
        "coding": [ {
          "system": "http://terminology.hl7.org/CodeSystem/condition-clinical",
          "code": "active",
          "display": "Active",
          "userSelected": true
        } ]
      },
      "verificationStatus": {
        "coding": [ {
          "system": "http://terminology.hl7.org/CodeSystem/condition-ver-status",
          "code": "confirmed"
        } ]
      },
      "category": [ {
        "coding": [ {
          "system": "http://terminology.hl7.org/CodeSystem/condition-category",
          "code": "problem-list-item",
          "display": "Problem List Item"
        } ]
      } ],
      "code": {
        "coding": [ {
          "system": "http://snomed.info/sct",
          "version": "http://snomed.info/sct/731000124108/version/20240301",
          "code": "254900004",
          "display": "Carcinoma of prostate (disorder)"
        } ]
      },
      "subject": {
        "reference": "Patient/77b28b84-d0aa-4aa8-9a07-2922938394de"
      },
      "onsetPeriod": {
        "start": "2025-02-04T08:00:00.000+00:00"
      }
    },
    "request": {
      "method": "PUT",
      "url": "Condition/ec592ce3-2a0b-4efc-980a-7f3cdda533c5"
    }
  }, {
    "fullUrl": "https://madie.cms.gov/Observation/b268c788-80f5-4f97-85fc-7809ae006886",
    "resource": {
      "resourceType": "Observation",
      "id": "b268c788-80f5-4f97-85fc-7809ae006886",
      "meta": {
        "profile": [ "http://hl7.org/fhir/us/qicore/StructureDefinition/qicore-observation-lab" ]
      },
      "status": "final",
      "category": [ {
        "coding": [ {
          "system": "http://terminology.hl7.org/CodeSystem/observation-category",
          "code": "imaging",
          "display": "Imaging"
        } ]
      } ],
      "code": {
        "coding": [ {
          "system": "http://loinc.org",
          "version": "2.76",
          "code": "38250-5",
          "display": "DXA Radius and Ulna [T-score] Bone density"
        } ]
      },
      "subject": {
        "reference": "Patient/77b28b84-d0aa-4aa8-9a07-2922938394de"
      },
      "effectivePeriod": {
        "start": "2025-05-01T10:00:00.000+00:00"
      }
    },
    "request": {
      "method": "PUT",
      "url": "Observation/b268c788-80f5-4f97-85fc-7809ae006886"
    }
  }, {
    "fullUrl": "https://madie.cms.gov/Practitioner/7e9a5dbc-54bc-43ea-9c66-a50ff46af981",
    "resource": {
      "resourceType": "Practitioner",
      "id": "7e9a5dbc-54bc-43ea-9c66-a50ff46af981",
      "meta": {
        "profile": [ "http://hl7.org/fhir/us/qicore/StructureDefinition/qicore-practitioner" ]
      },
      "identifier": [ {
        "use": "temp",
        "system": "urn:oid:2.16.840.1.113883.4.336",
        "value": "Practitioner-23"
      } ],
      "active": true,
      "name": [ {
        "family": "Careful",
        "given": [ "Adam" ],
        "prefix": [ "Dr" ]
      } ],
      "address": [ {
        "use": "home",
        "line": [ "534 Erewhon St" ],
        "city": "PleasantVille",
        "state": "UT",
        "postalCode": "84414"
      } ],
      "qualification": [ {
        "identifier": [ {
          "system": "http://example.org/UniversityIdentifier",
          "value": "12345"
        } ],
        "code": {
          "coding": [ {
            "system": "http://terminology.hl7.org/CodeSystem/v2-0360|2.7",
            "code": "BS",
            "display": "Bachelor of Science"
          } ],
          "text": "Bachelor of Science"
        },
        "period": {
          "start": "1995"
        },
        "issuer": {
          "display": "Example University"
        }
      } ]
    },
    "request": {
      "method": "PUT",
      "url": "Practitioner/7e9a5dbc-54bc-43ea-9c66-a50ff46af981"
    }
  }, {
    "fullUrl": "https://madie.cms.gov/MedicationRequest/d7fe5278-dffd-4669-94d6-a3ce473c3fed",
    "resource": {
      "resourceType": "MedicationRequest",
      "id": "d7fe5278-dffd-4669-94d6-a3ce473c3fed",
      "meta": {
        "profile": [ "http://hl7.org/fhir/us/qicore/StructureDefinition/qicore-medicationrequest" ]
      },
      "status": "active",
      "intent": "order",
      "medicationCodeableConcept": {
        "coding": [ {
          "system": "http://www.nlm.nih.gov/research/umls/rxnorm",
          "version": "04012024",
          "code": "1115257",
          "display": "1.5 ML leuprolide acetate 30 MG/ML Prefilled Syringe"
        } ]
      },
      "subject": {
        "reference": "Patient/77b28b84-d0aa-4aa8-9a07-2922938394de"
      },
      "authoredOn": "2025-02-04T08:00:00.000+00:00",
      "requester": {
        "reference": "http://myGoodHealthcare.com/fhir/Practitioner/7e9a5dbc-54bc-43ea-9c66-a50ff46af981"
      },
      "dosageInstruction": [ {
        "timing": {
          "repeat": {
            "boundsPeriod": {
              "start": "2025-02-04T08:00:00.000+00:00",
              "end": "2025-03-04T08:00:00.000+00:00"
            }
          }
        }
      } ]
    },
    "request": {
      "method": "PUT",
      "url": "MedicationRequest/d7fe5278-dffd-4669-94d6-a3ce473c3fed"
    }
  }, {
    "fullUrl": "https://madie.cms.gov/ServiceRequest/bb914ffc-dedd-488e-be1a-e0fd8f82451f",
    "resource": {
      "resourceType": "ServiceRequest",
      "id": "bb914ffc-dedd-488e-be1a-e0fd8f82451f",
      "meta": {
        "profile": [ "http://hl7.org/fhir/us/qicore/StructureDefinition/qicore-servicerequest" ]
      },
      "status": "active",
      "intent": "order",
      "code": {
        "coding": [ {
          "system": "http://snomed.info/sct",
          "version": "http://snomed.info/sct/731000124108/version/20240301",
          "code": "456381000124102",
          "display": "Injection of leuprolide acetate for twelve month period (regime/therapy)"
        } ]
      },
      "subject": {
        "reference": "Patient/77b28b84-d0aa-4aa8-9a07-2922938394de"
      },
      "authoredOn": "2025-02-04T08:00:00.000+00:00"
    },
    "request": {
      "method": "PUT",
      "url": "ServiceRequest/bb914ffc-dedd-488e-be1a-e0fd8f82451f"
    }
  }, {
    "fullUrl": "https://madie.cms.gov/MeasureReport/00629ab6-c0ba-491d-8dec-c92378aff58a",
    "resource": {
      "resourceType": "MeasureReport",
      "id": "00629ab6-c0ba-491d-8dec-c92378aff58a",
      "meta": {
        "profile": [ "http://hl7.org/fhir/us/cqfmeasures/StructureDefinition/test-case-cqfm" ]
      },
      "contained": [ {
        "resourceType": "Parameters",
        "id": "bcdd8592-a681-43e7-b8a6-68ea077c25eb-parameters",
        "parameter": [ {
          "name": "subject",
          "valueString": "77b28b84-d0aa-4aa8-9a07-2922938394de"
        } ]
      } ],
      "extension": [ {
        "url": "http://hl7.org/fhir/us/cqfmeasures/StructureDefinition/cqfm-inputParameters",
        "valueReference": {
          "reference": "#bcdd8592-a681-43e7-b8a6-68ea077c25eb-parameters"
        }
      }, {
        "url": "http://hl7.org/fhir/us/cqfmeasures/StructureDefinition/cqfm-testCaseDescription",
        "valueMarkdown": "Dx of Prostate Cancer. DEXA is within 3 month period, but uses Invalid Code.  Fails NUMER criteria."
      } ],
      "modifierExtension": [ {
        "url": "http://hl7.org/fhir/us/cqfmeasures/StructureDefinition/cqfm-isTestCase",
        "valueBoolean": true
      } ],
      "status": "complete",
      "type": "individual",
      "measure": "https://madie.cms.gov/Measure/BoneDensityProstateCancerAndrogenDeprivationTherapyFHIR6",
      "period": {
        "start": "2025-01-01",
        "end": "2025-12-31"
      },
      "group": [ {
        "id": "67b61060a0d801640767a597",
        "population": [ {
          "id": "E8F25116-1779-4BA6-B606-34F12AE4F5BA",
          "code": {
            "coding": [ {
              "system": "http://terminology.hl7.org/CodeSystem/measure-population",
              "code": "initial-population",
              "display": "Initial Population"
            } ]
          },
          "count": 1
        }, {
          "id": "1C145A56-9250-4444-A497-86C44F55CFDB",
          "code": {
            "coding": [ {
              "system": "http://terminology.hl7.org/CodeSystem/measure-population",
              "code": "denominator",
              "display": "Denominator"
            } ]
          },
          "count": 1
        }, {
          "id": "B1E0E3D2-D44E-4BFF-92F8-077CF1AE234F",
          "code": {
            "coding": [ {
              "system": "http://terminology.hl7.org/CodeSystem/measure-population",
              "code": "numerator",
              "display": "Numerator"
            } ]
          },
          "count": 0
        }, {
          "id": "A9552F46-139C-4270-835C-224132205362",
          "code": {
            "coding": [ {
              "system": "http://terminology.hl7.org/CodeSystem/measure-population",
              "code": "denominator-exception",
              "display": "Denominator Exception"
            } ]
          },
          "count": 0
        } ],
        "measureScore": {
          "value": 1.0
        }
      } ],
      "evaluatedResource": [ {
        "reference": "Patient/77b28b84-d0aa-4aa8-9a07-2922938394de"
      }, {
        "reference": "Encounter/3919bc6b-8db2-41f6-960e-cc4e66946ab8"
      }, {
        "reference": "Condition/ec592ce3-2a0b-4efc-980a-7f3cdda533c5"
      }, {
        "reference": "Observation/b268c788-80f5-4f97-85fc-7809ae006886"
      }, {
        "reference": "Practitioner/7e9a5dbc-54bc-43ea-9c66-a50ff46af981"
      }, {
        "reference": "MedicationRequest/d7fe5278-dffd-4669-94d6-a3ce473c3fed"
      }, {
        "reference": "ServiceRequest/bb914ffc-dedd-488e-be1a-e0fd8f82451f"
      } ]
    },
    "request": {
      "method": "PUT",
      "url": "MeasureReport/00629ab6-c0ba-491d-8dec-c92378aff58a"
    }
  } ]
}