{
  "resourceType": "Bundle",
  "id": "612e6b4b02c62a011f2ed336",
  "type": "transaction",
  "entry": [ {
    "fullUrl": "https://madie.cms.gov/Patient/ed32c195-851e-4d5b-8ebf-db567cdc393e",
    "resource": {
      "resourceType": "Patient",
      "id": "ed32c195-851e-4d5b-8ebf-db567cdc393e",
      "meta": {
        "profile": [ "http://hl7.org/fhir/us/qicore/StructureDefinition/qicore-patient" ]
      },
      "text": {
        "status": "generated",
        "div": "<div xmlns=\"http://www.w3.org/1999/xhtml\"><div class=\"hapiHeaderText\">INR3_WOdecimal <b>NUMERFAIL </b></div><table class=\"hapiPropertyTable\"><tbody><tr><td>Identifier</td><td>362034975be33d3d89eb2fe4e76abe5d</td></tr><tr><td>Date of birth</td><td><span>02 January 1974</span></td></tr></tbody></table></div>"
      },
      "extension": [ {
        "url": "http://hl7.org/fhir/us/core/StructureDefinition/us-core-race",
        "extension": [ {
          "url": "ombCategory",
          "valueCoding": {
            "system": "urn:oid:2.16.840.1.113883.6.238",
            "code": "1002-5",
            "display": "American Indian or Alaska Native",
            "userSelected": true
          }
        }, {
          "url": "text",
          "valueString": "American Indian or Alaska Native"
        } ]
      }, {
        "url": "http://hl7.org/fhir/us/core/StructureDefinition/us-core-ethnicity",
        "extension": [ {
          "url": "ombCategory",
          "valueCoding": {
            "system": "urn:oid:2.16.840.1.113883.6.238",
            "code": "2135-2",
            "display": "Hispanic or Latino",
            "userSelected": true
          }
        }, {
          "url": "text",
          "valueString": "Hispanic or Latino"
        } ]
      } ],
      "identifier": [ {
        "type": {
          "coding": [ {
            "system": "http://terminology.hl7.org/CodeSystem/v2-0203",
            "code": "MR"
          } ]
        },
        "system": "https://bonnie-fhir.healthit.gov/",
        "value": "612e6b4b02c62a011f2ed336"
      } ],
      "active": true,
      "name": [ {
        "use": "usual",
        "family": "NUMERFail",
        "given": [ "INR3WOdecimal" ]
      } ],
      "gender": "male",
      "birthDate": "1974-01-02"
    },
    "request": {
      "method": "PUT",
      "url": "Patient/ed32c195-851e-4d5b-8ebf-db567cdc393e"
    }
  }, {
    "fullUrl": "https://madie.cms.gov/Encounter/ff5a6a9c-5d70-4ac4-97ab-bbb76ce0254f",
    "resource": {
      "resourceType": "Encounter",
      "id": "ff5a6a9c-5d70-4ac4-97ab-bbb76ce0254f",
      "meta": {
        "profile": [ "http://hl7.org/fhir/us/qicore/StructureDefinition/qicore-encounter" ]
      },
      "status": "finished",
      "class": {
        "system": "http://terminology.hl7.org/CodeSystem/v3-ActCode",
        "code": "IMP",
        "display": "inpatient encounter"
      },
      "type": [ {
        "coding": [ {
          "system": "http://snomed.info/sct",
          "code": "8715000"
        } ]
      } ],
      "subject": {
        "reference": "Patient/ed32c195-851e-4d5b-8ebf-db567cdc393e"
      },
      "period": {
        "start": "2025-11-01T08:00:00+00:00",
        "end": "2025-11-26T08:15:00+00:00"
      },
      "length": {
        "value": 25.0,
        "unit": "days"
      }
    },
    "request": {
      "method": "PUT",
      "url": "Encounter/ff5a6a9c-5d70-4ac4-97ab-bbb76ce0254f"
    }
  }, {
    "fullUrl": "https://madie.cms.gov/Coverage/1d96aac9-9cb9-4f57-b5b8-86cf06e09521",
    "resource": {
      "resourceType": "Coverage",
      "id": "1d96aac9-9cb9-4f57-b5b8-86cf06e09521",
      "status": "active",
      "beneficiary": {
        "reference": "Patient/ed32c195-851e-4d5b-8ebf-db567cdc393e"
      },
      "period": {
        "start": "1974-01-02T08:00:00+00:00"
      },
      "payor": [ {
        "reference": "Organization/81a44203-8237-4235-adb4-88c0730d93cd"
      } ]
    },
    "request": {
      "method": "PUT",
      "url": "Coverage/1d96aac9-9cb9-4f57-b5b8-86cf06e09521"
    }
  }, {
    "fullUrl": "https://madie.cms.gov/Observation/e028138b-f2fc-4ad4-a6b3-252cf9b725da",
    "resource": {
      "resourceType": "Observation",
      "id": "e028138b-f2fc-4ad4-a6b3-252cf9b725da",
      "meta": {
        "profile": [ "http://hl7.org/fhir/us/core/StructureDefinition/us-core-observation-lab" ]
      },
      "status": "final",
      "category": [ {
        "coding": [ {
          "system": "http://terminology.hl7.org/CodeSystem/observation-category",
          "code": "laboratory",
          "display": "Laboratory"
        } ]
      } ],
      "code": {
        "coding": [ {
          "system": "http://loinc.org",
          "code": "34714-6"
        } ]
      },
      "subject": {
        "reference": "Patient/ed32c195-851e-4d5b-8ebf-db567cdc393e"
      },
      "issued": "2025-11-01T09:00:00.000+00:00",
      "valueQuantity": {
        "value": 3.0,
        "unit": "{INR}"
      }
    },
    "request": {
      "method": "PUT",
      "url": "Observation/e028138b-f2fc-4ad4-a6b3-252cf9b725da"
    }
  }, {
    "fullUrl": "https://madie.cms.gov/Organization/81a44203-8237-4235-adb4-88c0730d93cd",
    "resource": {
      "resourceType": "Organization",
      "id": "81a44203-8237-4235-adb4-88c0730d93cd",
      "meta": {
        "profile": [ "http://hl7.org/fhir/us/qicore/StructureDefinition/qicore-organization" ]
      },
      "identifier": [ {
        "use": "temp",
        "system": "urn:oid:2.16.840.1.113883.4.4",
        "value": "21-3259825"
      } ],
      "active": true,
      "type": [ {
        "coding": [ {
          "system": "http://terminology.hl7.org/CodeSystem/organization-type",
          "code": "pay",
          "display": "Payer"
        } ]
      } ],
      "name": "Blue Cross Blue Shield of Texas",
      "telecom": [ {
        "system": "phone",
        "value": "(+1) 972-766-6900"
      } ],
      "address": [ {
        "use": "billing",
        "type": "postal",
        "line": [ "P.O. Box 660044" ],
        "city": "Dallas",
        "state": "TX",
        "postalCode": "75266-0044",
        "country": "USA"
      } ]
    },
    "request": {
      "method": "PUT",
      "url": "Organization/81a44203-8237-4235-adb4-88c0730d93cd"
    }
  }, {
    "fullUrl": "https://madie.cms.gov/Practitioner/778d8afc-cf19-4494-97c8-01fde3e73faa",
    "resource": {
      "resourceType": "Practitioner",
      "id": "778d8afc-cf19-4494-97c8-01fde3e73faa",
      "identifier": [ {
        "system": "http://hl7.org/fhir/sid/us-npi",
        "value": "123456"
      } ],
      "name": [ {
        "family": "Evil",
        "prefix": [ "Dr" ]
      } ]
    },
    "request": {
      "method": "PUT",
      "url": "Practitioner/778d8afc-cf19-4494-97c8-01fde3e73faa"
    }
  }, {
    "fullUrl": "https://madie.cms.gov/MeasureReport/5526111d-a03e-49d1-a8ab-6d3aafef26b3",
    "resource": {
      "resourceType": "MeasureReport",
      "id": "5526111d-a03e-49d1-a8ab-6d3aafef26b3",
      "meta": {
        "profile": [ "http://hl7.org/fhir/us/cqfmeasures/StructureDefinition/test-case-cqfm" ]
      },
      "contained": [ {
        "resourceType": "Parameters",
        "id": "677fedd1-eb02-4851-998d-319225daf9ea-parameters",
        "parameter": [ {
          "name": "subject",
          "valueString": "ed32c195-851e-4d5b-8ebf-db567cdc393e"
        } ]
      } ],
      "extension": [ {
        "url": "http://hl7.org/fhir/us/cqfmeasures/StructureDefinition/cqfm-inputParameters",
        "valueReference": {
          "reference": "#677fedd1-eb02-4851-998d-319225daf9ea-parameters"
        }
      }, {
        "url": "http://hl7.org/fhir/us/cqfmeasures/StructureDefinition/cqfm-testCaseDescription",
        "valueMarkdown": ">18, LOS<120 day.Lab INR=3\n"
      } ],
      "modifierExtension": [ {
        "url": "http://hl7.org/fhir/us/cqfmeasures/StructureDefinition/cqfm-isTestCase",
        "valueBoolean": true
      } ],
      "status": "complete",
      "type": "individual",
      "measure": "https://madie.cms.gov/Measure/VenousThromboembolismProphylaxisFHIR",
      "period": {
        "start": "2025-01-01",
        "end": "2025-12-31"
      },
      "group": [ {
        "population": [ {
          "code": {
            "coding": [ {
              "system": "http://terminology.hl7.org/CodeSystem/measure-population",
              "code": "initial-population",
              "display": "Initial Population"
            } ]
          },
          "count": 1
        }, {
          "code": {
            "coding": [ {
              "system": "http://terminology.hl7.org/CodeSystem/measure-population",
              "code": "denominator",
              "display": "Denominator"
            } ]
          },
          "count": 1
        }, {
          "code": {
            "coding": [ {
              "system": "http://terminology.hl7.org/CodeSystem/measure-population",
              "code": "denominator-exclusion",
              "display": "Denominator Exclusion"
            } ]
          },
          "count": 0
        }, {
          "code": {
            "coding": [ {
              "system": "http://terminology.hl7.org/CodeSystem/measure-population",
              "code": "numerator",
              "display": "Numerator"
            } ]
          },
          "count": 0
        } ]
      } ],
      "evaluatedResource": [ {
        "reference": "Patient/ed32c195-851e-4d5b-8ebf-db567cdc393e"
      }, {
        "reference": "Encounter/ff5a6a9c-5d70-4ac4-97ab-bbb76ce0254f"
      }, {
        "reference": "Coverage/1d96aac9-9cb9-4f57-b5b8-86cf06e09521"
      }, {
        "reference": "Observation/e028138b-f2fc-4ad4-a6b3-252cf9b725da"
      }, {
        "reference": "Organization/81a44203-8237-4235-adb4-88c0730d93cd"
      }, {
        "reference": "Practitioner/778d8afc-cf19-4494-97c8-01fde3e73faa"
      } ]
    },
    "request": {
      "method": "PUT",
      "url": "MeasureReport/5526111d-a03e-49d1-a8ab-6d3aafef26b3"
    }
  } ]
}