{
  "resourceType": "Bundle",
  "id": "135f1a32f4135431232d",
  "type": "transaction",
  "entry": [ {
    "fullUrl": "https://madie.cms.gov/Patient/1705b17e-46ff-4a4d-9783-1c30c65cd5d5",
    "resource": {
      "resourceType": "Patient",
      "id": "1705b17e-46ff-4a4d-9783-1c30c65cd5d5",
      "meta": {
        "profile": [ "http://hl7.org/fhir/us/qicore/StructureDefinition/qicore-patient" ]
      },
      "extension": [ {
        "url": "http://hl7.org/fhir/us/core/StructureDefinition/us-core-race",
        "extension": [ {
          "url": "ombCategory",
          "valueCoding": {
            "system": "urn:oid:2.16.840.1.113883.6.238",
            "code": "1002-5",
            "display": "American Indian or Alaska Native"
          }
        }, {
          "url": "text",
          "valueString": "American Indian or Alaska Native"
        } ]
      }, {
        "url": "http://hl7.org/fhir/us/core/StructureDefinition/us-core-ethnicity",
        "extension": [ {
          "url": "ombCategory",
          "valueCoding": {
            "system": "urn:oid:2.16.840.1.113883.6.238",
            "code": "2135-2",
            "display": "Hispanic or Latino"
          }
        }, {
          "url": "text",
          "valueString": "Hispanic or Latino"
        } ]
      } ],
      "identifier": [ {
        "type": {
          "coding": [ {
            "system": "http://terminology.hl7.org/CodeSystem/v2-0203",
            "code": "MR"
          } ]
        },
        "system": "https://bonnie-fhir.healthit.gov",
        "value": "4643131435413132"
      } ],
      "active": true,
      "name": [ {
        "family": "IPPFail",
        "given": [ "PtGenderFemale" ]
      } ],
      "gender": "female",
      "birthDate": "1951-10-10"
    },
    "request": {
      "method": "PUT",
      "url": "Patient/1705b17e-46ff-4a4d-9783-1c30c65cd5d5"
    }
  }, {
    "fullUrl": "https://madie.cms.gov/Encounter/480f5834-bc28-48a5-97bb-88c4cab4c0da",
    "resource": {
      "resourceType": "Encounter",
      "id": "480f5834-bc28-48a5-97bb-88c4cab4c0da",
      "meta": {
        "profile": [ "http://hl7.org/fhir/us/qicore/StructureDefinition/qicore-encounter" ]
      },
      "status": "finished",
      "class": {
        "system": "http://terminology.hl7.org/CodeSystem/v3-ActCode",
        "code": "AMB",
        "display": "ambulatory"
      },
      "type": [ {
        "coding": [ {
          "system": "http://www.ama-assn.org/go/cpt",
          "version": "2024",
          "code": "99203"
        } ]
      } ],
      "subject": {
        "reference": "Patient/1705b17e-46ff-4a4d-9783-1c30c65cd5d5"
      },
      "period": {
        "start": "2024-02-01T08:00:00+00:00",
        "end": "2024-02-01T08:15:00+00:00"
      }
    },
    "request": {
      "method": "PUT",
      "url": "Encounter/480f5834-bc28-48a5-97bb-88c4cab4c0da"
    }
  }, {
    "fullUrl": "https://madie.cms.gov/Condition/2fa407ca-919b-45c2-b1b9-583565835cdf",
    "resource": {
      "resourceType": "Condition",
      "id": "2fa407ca-919b-45c2-b1b9-583565835cdf",
      "meta": {
        "profile": [ "http://hl7.org/fhir/us/qicore/StructureDefinition/qicore-condition-problems-health-concerns" ]
      },
      "clinicalStatus": {
        "coding": [ {
          "system": "http://terminology.hl7.org/CodeSystem/condition-clinical",
          "code": "active"
        } ]
      },
      "verificationStatus": {
        "coding": [ {
          "system": "http://terminology.hl7.org/CodeSystem/condition-ver-status",
          "code": "confirmed"
        } ]
      },
      "category": [ {
        "coding": [ {
          "system": "http://terminology.hl7.org/CodeSystem/condition-category",
          "code": "problem-list-item",
          "display": "Problem List Item"
        } ]
      } ],
      "code": {
        "coding": [ {
          "system": "http://snomed.info/sct",
          "version": "http://snomed.info/sct/731000124108/version/20240301",
          "code": "254900004",
          "display": "Carcinoma of prostate (disorder)"
        } ]
      },
      "subject": {
        "reference": "Patient/1705b17e-46ff-4a4d-9783-1c30c65cd5d5"
      },
      "onsetPeriod": {
        "start": "2024-03-15T08:00:00.000+00:00"
      }
    },
    "request": {
      "method": "PUT",
      "url": "Condition/2fa407ca-919b-45c2-b1b9-583565835cdf"
    }
  }, {
    "fullUrl": "https://madie.cms.gov/MedicationRequest/008f1d6d-8d00-462e-88ac-2d479001d06c",
    "resource": {
      "resourceType": "MedicationRequest",
      "id": "008f1d6d-8d00-462e-88ac-2d479001d06c",
      "meta": {
        "profile": [ "http://hl7.org/fhir/us/qicore/StructureDefinition/qicore-medicationrequest" ]
      },
      "status": "active",
      "intent": "order",
      "medicationCodeableConcept": {
        "coding": [ {
          "system": "http://www.nlm.nih.gov/research/umls/rxnorm",
          "version": "04012024",
          "code": "1115257",
          "display": "1.5 ML leuprolide acetate 30 MG/ML Prefilled Syringe"
        } ]
      },
      "subject": {
        "reference": "Patient/1705b17e-46ff-4a4d-9783-1c30c65cd5d5"
      },
      "authoredOn": "2024-03-15T08:00:00.000+00:00",
      "requester": {
        "reference": "http://myGoodHealthcare.com/fhir/Practitioner/bbf6aa65-3a0b-4bf4-9ee5-7528010fb987"
      },
      "dosageInstruction": [ {
        "timing": {
          "repeat": {
            "boundsPeriod": {
              "start": "2024-03-15T08:00:00.000+00:00",
              "end": "2024-04-15T08:15:00.000+00:00"
            }
          }
        }
      } ]
    },
    "request": {
      "method": "PUT",
      "url": "MedicationRequest/008f1d6d-8d00-462e-88ac-2d479001d06c"
    }
  }, {
    "fullUrl": "https://madie.cms.gov/ServiceRequest/ee07915f-671e-42be-aba5-8a95eff213fc",
    "resource": {
      "resourceType": "ServiceRequest",
      "id": "ee07915f-671e-42be-aba5-8a95eff213fc",
      "meta": {
        "profile": [ "http://hl7.org/fhir/us/qicore/StructureDefinition/qicore-servicerequest" ]
      },
      "status": "active",
      "intent": "order",
      "code": {
        "coding": [ {
          "system": "http://snomed.info/sct",
          "version": "http://snomed.info/sct/731000124108/version/20240301",
          "code": "456381000124102",
          "display": "Injection of leuprolide acetate for twelve month period (regime/therapy)"
        } ]
      },
      "subject": {
        "reference": "Patient/1705b17e-46ff-4a4d-9783-1c30c65cd5d5"
      },
      "authoredOn": "2024-03-15T08:00:00.000+00:00"
    },
    "request": {
      "method": "PUT",
      "url": "ServiceRequest/ee07915f-671e-42be-aba5-8a95eff213fc"
    }
  }, {
    "fullUrl": "https://madie.cms.gov/Practitioner/bbf6aa65-3a0b-4bf4-9ee5-7528010fb987",
    "resource": {
      "resourceType": "Practitioner",
      "id": "bbf6aa65-3a0b-4bf4-9ee5-7528010fb987",
      "meta": {
        "profile": [ "http://hl7.org/fhir/us/qicore/StructureDefinition/qicore-practitioner" ]
      },
      "identifier": [ {
        "use": "temp",
        "system": "urn:oid:2.16.840.1.113883.4.336",
        "value": "Practitioner-23"
      } ],
      "active": true,
      "name": [ {
        "family": "Careful",
        "given": [ "Adam" ],
        "prefix": [ "Dr" ]
      } ],
      "address": [ {
        "use": "home",
        "line": [ "534 Erewhon St" ],
        "city": "PleasantVille",
        "state": "UT",
        "postalCode": "84414"
      } ],
      "qualification": [ {
        "identifier": [ {
          "system": "http://example.org/UniversityIdentifier",
          "value": "12345"
        } ],
        "code": {
          "coding": [ {
            "system": "http://terminology.hl7.org/CodeSystem/v2-0360|2.7",
            "code": "BS",
            "display": "Bachelor of Science"
          } ],
          "text": "Bachelor of Science"
        },
        "period": {
          "start": "1995"
        },
        "issuer": {
          "display": "Example University"
        }
      } ]
    },
    "request": {
      "method": "PUT",
      "url": "Practitioner/bbf6aa65-3a0b-4bf4-9ee5-7528010fb987"
    }
  }, {
    "fullUrl": "https://madie.cms.gov/MeasureReport/381add4f-f852-43af-b271-0622227f5619",
    "resource": {
      "resourceType": "MeasureReport",
      "id": "381add4f-f852-43af-b271-0622227f5619",
      "meta": {
        "profile": [ "http://hl7.org/fhir/us/cqfmeasures/StructureDefinition/test-case-cqfm" ]
      },
      "contained": [ {
        "resourceType": "Parameters",
        "id": "c83216ee-4a83-449c-acd1-7d13bf030c75-parameters",
        "parameter": [ {
          "name": "subject",
          "valueString": "1705b17e-46ff-4a4d-9783-1c30c65cd5d5"
        } ]
      } ],
      "extension": [ {
        "url": "http://hl7.org/fhir/us/cqfmeasures/StructureDefinition/cqfm-inputParameters",
        "valueReference": {
          "reference": "#c83216ee-4a83-449c-acd1-7d13bf030c75-parameters"
        }
      }, {
        "url": "http://hl7.org/fhir/us/cqfmeasures/StructureDefinition/cqfm-testCaseDescription",
        "valueMarkdown": "Patient female. Fail IPP."
      } ],
      "modifierExtension": [ {
        "url": "http://hl7.org/fhir/us/cqfmeasures/StructureDefinition/cqfm-isTestCase",
        "valueBoolean": true
      } ],
      "status": "complete",
      "type": "individual",
      "measure": "https://madie.cms.gov/Measure/BoneDensityProstateCancerAndrogenDeprivationTherapyFHIR6",
      "period": {
        "start": "2025-01-01",
        "end": "2025-12-31"
      },
      "group": [ {
        "id": "67b61060a0d801640767a597",
        "population": [ {
          "id": "E8F25116-1779-4BA6-B606-34F12AE4F5BA",
          "code": {
            "coding": [ {
              "system": "http://terminology.hl7.org/CodeSystem/measure-population",
              "code": "initial-population",
              "display": "Initial Population"
            } ]
          },
          "count": 0
        }, {
          "id": "1C145A56-9250-4444-A497-86C44F55CFDB",
          "code": {
            "coding": [ {
              "system": "http://terminology.hl7.org/CodeSystem/measure-population",
              "code": "denominator",
              "display": "Denominator"
            } ]
          },
          "count": 0
        }, {
          "id": "B1E0E3D2-D44E-4BFF-92F8-077CF1AE234F",
          "code": {
            "coding": [ {
              "system": "http://terminology.hl7.org/CodeSystem/measure-population",
              "code": "numerator",
              "display": "Numerator"
            } ]
          },
          "count": 0
        }, {
          "id": "A9552F46-139C-4270-835C-224132205362",
          "code": {
            "coding": [ {
              "system": "http://terminology.hl7.org/CodeSystem/measure-population",
              "code": "denominator-exception",
              "display": "Denominator Exception"
            } ]
          },
          "count": 0
        } ],
        "measureScore": {
          "value": 1.0
        }
      } ],
      "evaluatedResource": [ {
        "reference": "Patient/1705b17e-46ff-4a4d-9783-1c30c65cd5d5"
      }, {
        "reference": "Encounter/480f5834-bc28-48a5-97bb-88c4cab4c0da"
      }, {
        "reference": "Condition/2fa407ca-919b-45c2-b1b9-583565835cdf"
      }, {
        "reference": "MedicationRequest/008f1d6d-8d00-462e-88ac-2d479001d06c"
      }, {
        "reference": "ServiceRequest/ee07915f-671e-42be-aba5-8a95eff213fc"
      }, {
        "reference": "Practitioner/bbf6aa65-3a0b-4bf4-9ee5-7528010fb987"
      } ]
    },
    "request": {
      "method": "PUT",
      "url": "MeasureReport/381add4f-f852-43af-b271-0622227f5619"
    }
  } ]
}