{
  "resourceType": "Bundle",
  "id": "135f1a32f4135431232d",
  "type": "transaction",
  "entry": [ {
    "fullUrl": "https://madie.cms.gov/Patient/1705b17e-46ff-4a4d-9783-1c30c65cd5d5",
    "resource": {
      "resourceType": "Patient",
      "id": "1705b17e-46ff-4a4d-9783-1c30c65cd5d5",
      "meta": {
        "profile": [ "http://hl7.org/fhir/us/qicore/StructureDefinition/qicore-patient" ]
      },
      "extension": [ {
        "url": "http://hl7.org/fhir/us/core/StructureDefinition/us-core-race",
        "extension": [ {
          "url": "ombCategory",
          "valueCoding": {
            "system": "urn:oid:2.16.840.1.113883.6.238",
            "code": "1002-5",
            "display": "American Indian or Alaska Native"
          }
        }, {
          "url": "text",
          "valueString": "American Indian or Alaska Native"
        } ]
      }, {
        "url": "http://hl7.org/fhir/us/core/StructureDefinition/us-core-ethnicity",
        "extension": [ {
          "url": "ombCategory",
          "valueCoding": {
            "system": "urn:oid:2.16.840.1.113883.6.238",
            "code": "2135-2",
            "display": "Hispanic or Latino"
          }
        }, {
          "url": "text",
          "valueString": "Hispanic or Latino"
        } ]
      } ],
      "identifier": [ {
        "type": {
          "coding": [ {
            "system": "http://terminology.hl7.org/CodeSystem/v2-0203",
            "code": "MR"
          } ]
        },
        "system": "https://bonnie-fhir.healthit.gov",
        "value": "4643131435413132"
      } ],
      "active": true,
      "name": [ {
        "family": "IPPFail",
        "given": [ "PtGenderFemale" ]
      } ],
      "gender": "female",
      "birthDate": "1952-10-10"
    },
    "request": {
      "method": "PUT",
      "url": "Patient/1705b17e-46ff-4a4d-9783-1c30c65cd5d5"
    }
  }, {
    "fullUrl": "https://madie.cms.gov/Encounter/6b860651-eb58-4101-ab7b-a25f3439bd33",
    "resource": {
      "resourceType": "Encounter",
      "id": "6b860651-eb58-4101-ab7b-a25f3439bd33",
      "meta": {
        "profile": [ "http://hl7.org/fhir/us/qicore/StructureDefinition/qicore-encounter" ]
      },
      "status": "finished",
      "class": {
        "system": "http://terminology.hl7.org/CodeSystem/v3-ActCode",
        "code": "AMB",
        "display": "ambulatory"
      },
      "type": [ {
        "coding": [ {
          "system": "http://www.ama-assn.org/go/cpt",
          "version": "2024",
          "code": "99203"
        } ]
      } ],
      "subject": {
        "reference": "Patient/1705b17e-46ff-4a4d-9783-1c30c65cd5d5"
      },
      "period": {
        "start": "2025-02-01T08:00:00+00:00",
        "end": "2025-02-01T08:15:00+00:00"
      }
    },
    "request": {
      "method": "PUT",
      "url": "Encounter/6b860651-eb58-4101-ab7b-a25f3439bd33"
    }
  }, {
    "fullUrl": "https://madie.cms.gov/Condition/e58389ad-aaa6-4e9d-a0b7-2851b0e1ae24",
    "resource": {
      "resourceType": "Condition",
      "id": "e58389ad-aaa6-4e9d-a0b7-2851b0e1ae24",
      "meta": {
        "profile": [ "http://hl7.org/fhir/us/qicore/StructureDefinition/qicore-condition-problems-health-concerns" ]
      },
      "clinicalStatus": {
        "coding": [ {
          "system": "http://terminology.hl7.org/CodeSystem/condition-clinical",
          "code": "active"
        } ]
      },
      "verificationStatus": {
        "coding": [ {
          "system": "http://terminology.hl7.org/CodeSystem/condition-ver-status",
          "code": "confirmed"
        } ]
      },
      "category": [ {
        "coding": [ {
          "system": "http://terminology.hl7.org/CodeSystem/condition-category",
          "code": "problem-list-item",
          "display": "Problem List Item"
        } ]
      } ],
      "code": {
        "coding": [ {
          "system": "http://snomed.info/sct",
          "version": "http://snomed.info/sct/731000124108/version/20240301",
          "code": "254900004",
          "display": "Carcinoma of prostate (disorder)"
        } ]
      },
      "subject": {
        "reference": "Patient/1705b17e-46ff-4a4d-9783-1c30c65cd5d5"
      },
      "onsetPeriod": {
        "start": "2025-03-15T08:00:00.000+00:00"
      }
    },
    "request": {
      "method": "PUT",
      "url": "Condition/e58389ad-aaa6-4e9d-a0b7-2851b0e1ae24"
    }
  }, {
    "fullUrl": "https://madie.cms.gov/MedicationRequest/a26b2855-cfa1-4083-8780-20bed5d793f1",
    "resource": {
      "resourceType": "MedicationRequest",
      "id": "a26b2855-cfa1-4083-8780-20bed5d793f1",
      "meta": {
        "profile": [ "http://hl7.org/fhir/us/qicore/StructureDefinition/qicore-medicationrequest" ]
      },
      "status": "active",
      "intent": "order",
      "medicationCodeableConcept": {
        "coding": [ {
          "system": "http://www.nlm.nih.gov/research/umls/rxnorm",
          "version": "04012024",
          "code": "1115257",
          "display": "1.5 ML leuprolide acetate 30 MG/ML Prefilled Syringe"
        } ]
      },
      "subject": {
        "reference": "Patient/1705b17e-46ff-4a4d-9783-1c30c65cd5d5"
      },
      "authoredOn": "2025-03-15T08:00:00.000+00:00",
      "requester": {
        "reference": "http://myGoodHealthcare.com/fhir/Practitioner/d9c5a5eb-362c-432f-a1df-a01cc06c563f"
      },
      "dosageInstruction": [ {
        "timing": {
          "repeat": {
            "boundsPeriod": {
              "start": "2025-03-15T08:00:00.000+00:00",
              "end": "2025-04-15T08:15:00.000+00:00"
            }
          }
        }
      } ]
    },
    "request": {
      "method": "PUT",
      "url": "MedicationRequest/a26b2855-cfa1-4083-8780-20bed5d793f1"
    }
  }, {
    "fullUrl": "https://madie.cms.gov/ServiceRequest/e47d049c-70e9-4970-a7f9-19a2e46e6dc4",
    "resource": {
      "resourceType": "ServiceRequest",
      "id": "e47d049c-70e9-4970-a7f9-19a2e46e6dc4",
      "meta": {
        "profile": [ "http://hl7.org/fhir/us/qicore/StructureDefinition/qicore-servicerequest" ]
      },
      "status": "active",
      "intent": "order",
      "code": {
        "coding": [ {
          "system": "http://snomed.info/sct",
          "version": "http://snomed.info/sct/731000124108/version/20240301",
          "code": "456381000124102",
          "display": "Injection of leuprolide acetate for twelve month period (regime/therapy)"
        } ]
      },
      "subject": {
        "reference": "Patient/1705b17e-46ff-4a4d-9783-1c30c65cd5d5"
      },
      "authoredOn": "2025-03-15T08:00:00.000+00:00"
    },
    "request": {
      "method": "PUT",
      "url": "ServiceRequest/e47d049c-70e9-4970-a7f9-19a2e46e6dc4"
    }
  }, {
    "fullUrl": "https://madie.cms.gov/Practitioner/d9c5a5eb-362c-432f-a1df-a01cc06c563f",
    "resource": {
      "resourceType": "Practitioner",
      "id": "d9c5a5eb-362c-432f-a1df-a01cc06c563f",
      "meta": {
        "profile": [ "http://hl7.org/fhir/us/qicore/StructureDefinition/qicore-practitioner" ]
      },
      "identifier": [ {
        "use": "temp",
        "system": "urn:oid:2.16.840.1.113883.4.336",
        "value": "Practitioner-23"
      } ],
      "active": true,
      "name": [ {
        "family": "Careful",
        "given": [ "Adam" ],
        "prefix": [ "Dr" ]
      } ],
      "address": [ {
        "use": "home",
        "line": [ "534 Erewhon St" ],
        "city": "PleasantVille",
        "state": "UT",
        "postalCode": "84414"
      } ],
      "qualification": [ {
        "identifier": [ {
          "system": "http://example.org/UniversityIdentifier",
          "value": "12345"
        } ],
        "code": {
          "coding": [ {
            "system": "http://terminology.hl7.org/CodeSystem/v2-0360|2.7",
            "code": "BS",
            "display": "Bachelor of Science"
          } ],
          "text": "Bachelor of Science"
        },
        "period": {
          "start": "1996"
        },
        "issuer": {
          "display": "Example University"
        }
      } ]
    },
    "request": {
      "method": "PUT",
      "url": "Practitioner/d9c5a5eb-362c-432f-a1df-a01cc06c563f"
    }
  }, {
    "fullUrl": "https://madie.cms.gov/MeasureReport/cddcb852-7009-4ac3-8f34-212c560f938b",
    "resource": {
      "resourceType": "MeasureReport",
      "id": "cddcb852-7009-4ac3-8f34-212c560f938b",
      "meta": {
        "profile": [ "http://hl7.org/fhir/us/cqfmeasures/StructureDefinition/test-case-cqfm" ]
      },
      "contained": [ {
        "resourceType": "Parameters",
        "id": "f60319d2-5a17-475a-9e9b-21e31bf93876-parameters",
        "parameter": [ {
          "name": "subject",
          "valueString": "1705b17e-46ff-4a4d-9783-1c30c65cd5d5"
        } ]
      } ],
      "extension": [ {
        "url": "http://hl7.org/fhir/StructureDefinition/cqf-inputParameters",
        "valueReference": {
          "reference": "#f60319d2-5a17-475a-9e9b-21e31bf93876-parameters"
        }
      }, {
        "url": "http://hl7.org/fhir/us/cqfmeasures/StructureDefinition/cqfm-testCaseDescription",
        "valueMarkdown": "Patient female. Fail IPP."
      } ],
      "modifierExtension": [ {
        "url": "http://hl7.org/fhir/us/cqfmeasures/StructureDefinition/cqfm-isTestCase",
        "valueBoolean": true
      } ],
      "status": "complete",
      "type": "individual",
      "measure": "https://madie.cms.gov/Measure/BoneDensityProstateCancerAndrogenDeprivationTherapyFHIR6",
      "period": {
        "start": "2026-01-01",
        "end": "2026-12-31"
      },
      "group": [ {
        "id": "Group_1",
        "population": [ {
          "id": "InitialPopulation_1",
          "code": {
            "coding": [ {
              "system": "http://terminology.hl7.org/CodeSystem/measure-population",
              "code": "initial-population",
              "display": "Initial Population"
            } ]
          },
          "count": 0
        }, {
          "id": "Denominator_1",
          "code": {
            "coding": [ {
              "system": "http://terminology.hl7.org/CodeSystem/measure-population",
              "code": "denominator",
              "display": "Denominator"
            } ]
          },
          "count": 0
        }, {
          "id": "Numerator_1",
          "code": {
            "coding": [ {
              "system": "http://terminology.hl7.org/CodeSystem/measure-population",
              "code": "numerator",
              "display": "Numerator"
            } ]
          },
          "count": 0
        }, {
          "id": "DenominatorException_1",
          "code": {
            "coding": [ {
              "system": "http://terminology.hl7.org/CodeSystem/measure-population",
              "code": "denominator-exception",
              "display": "Denominator Exception"
            } ]
          },
          "count": 0
        } ],
        "measureScore": {
          "value": 1.0
        }
      } ],
      "evaluatedResource": [ {
        "reference": "Patient/1705b17e-46ff-4a4d-9783-1c30c65cd5d5"
      }, {
        "reference": "Encounter/6b860651-eb58-4101-ab7b-a25f3439bd33"
      }, {
        "reference": "Condition/e58389ad-aaa6-4e9d-a0b7-2851b0e1ae24"
      }, {
        "reference": "MedicationRequest/a26b2855-cfa1-4083-8780-20bed5d793f1"
      }, {
        "reference": "ServiceRequest/e47d049c-70e9-4970-a7f9-19a2e46e6dc4"
      }, {
        "reference": "Practitioner/d9c5a5eb-362c-432f-a1df-a01cc06c563f"
      } ]
    },
    "request": {
      "method": "PUT",
      "url": "MeasureReport/cddcb852-7009-4ac3-8f34-212c560f938b"
    }
  } ]
}