{
  "resourceType": "Bundle",
  "id": "612e6a5202c62a011f2e9a04",
  "type": "transaction",
  "entry": [ {
    "fullUrl": "https://madie.cms.gov/Patient/daf1dc6a-14bf-4375-8602-8790e01a8e00",
    "resource": {
      "resourceType": "Patient",
      "id": "daf1dc6a-14bf-4375-8602-8790e01a8e00",
      "meta": {
        "profile": [ "http://hl7.org/fhir/us/qicore/StructureDefinition/qicore-patient" ]
      },
      "text": {
        "status": "generated",
        "div": "<div xmlns=\"http://www.w3.org/1999/xhtml\"><div class=\"hapiHeaderText\">EncDx=Obstetrics <b>IPPFAIL </b></div><table class=\"hapiPropertyTable\"><tbody><tr><td>Identifier</td><td>a822ec1a5dddc09a0f677a30161a3b30</td></tr><tr><td>Date of birth</td><td><span>02 January 1974</span></td></tr></tbody></table></div>"
      },
      "extension": [ {
        "url": "http://hl7.org/fhir/us/core/StructureDefinition/us-core-race",
        "extension": [ {
          "url": "ombCategory",
          "valueCoding": {
            "system": "urn:oid:2.16.840.1.113883.6.238",
            "code": "1002-5",
            "display": "American Indian or Alaska Native",
            "userSelected": true
          }
        }, {
          "url": "text",
          "valueString": "American Indian or Alaska Native"
        } ]
      }, {
        "url": "http://hl7.org/fhir/us/core/StructureDefinition/us-core-ethnicity",
        "extension": [ {
          "url": "ombCategory",
          "valueCoding": {
            "system": "urn:oid:2.16.840.1.113883.6.238",
            "code": "2135-2",
            "display": "Hispanic or Latino",
            "userSelected": true
          }
        }, {
          "url": "text",
          "valueString": "Hispanic or Latino"
        } ]
      } ],
      "identifier": [ {
        "type": {
          "coding": [ {
            "system": "http://terminology.hl7.org/CodeSystem/v2-0203",
            "code": "MR"
          } ]
        },
        "system": "https://bonnie-fhir.healthit.gov/",
        "value": "612e6a5202c62a011f2e9a04"
      } ],
      "active": true,
      "name": [ {
        "use": "usual",
        "family": "IPPFail",
        "given": [ "EncDxObstetrics" ]
      } ],
      "gender": "male",
      "birthDate": "1974-01-02"
    },
    "request": {
      "method": "PUT",
      "url": "Patient/daf1dc6a-14bf-4375-8602-8790e01a8e00"
    }
  }, {
    "fullUrl": "https://madie.cms.gov/Encounter/d739a66d-abef-4067-b235-8192d49927e4",
    "resource": {
      "resourceType": "Encounter",
      "id": "d739a66d-abef-4067-b235-8192d49927e4",
      "meta": {
        "profile": [ "http://hl7.org/fhir/us/qicore/StructureDefinition/qicore-encounter" ]
      },
      "status": "finished",
      "class": {
        "system": "http://terminology.hl7.org/CodeSystem/v3-ActCode",
        "code": "IMP",
        "display": "inpatient encounter"
      },
      "type": [ {
        "coding": [ {
          "system": "http://snomed.info/sct",
          "code": "8715000"
        } ]
      } ],
      "subject": {
        "reference": "Patient/daf1dc6a-14bf-4375-8602-8790e01a8e00"
      },
      "period": {
        "start": "2025-11-01T08:00:00+00:00",
        "end": "2025-11-26T08:15:00+00:00"
      },
      "length": {
        "value": 25.0,
        "unit": "days"
      },
      "diagnosis": [ {
        "condition": {
          "reference": "Condition/531a4b67-8cb5-445f-8fbd-f29c3501ea19"
        }
      } ]
    },
    "request": {
      "method": "PUT",
      "url": "Encounter/d739a66d-abef-4067-b235-8192d49927e4"
    }
  }, {
    "fullUrl": "https://madie.cms.gov/Coverage/08727ff2-eeef-4116-9fd4-def93a069a57",
    "resource": {
      "resourceType": "Coverage",
      "id": "08727ff2-eeef-4116-9fd4-def93a069a57",
      "status": "active",
      "beneficiary": {
        "reference": "Patient/daf1dc6a-14bf-4375-8602-8790e01a8e00"
      },
      "period": {
        "start": "1974-01-02T08:00:00+00:00"
      },
      "payor": [ {
        "reference": "Organization/de7c3fa7-5fc7-4c26-8c1b-d972c5b602c6"
      } ]
    },
    "request": {
      "method": "PUT",
      "url": "Coverage/08727ff2-eeef-4116-9fd4-def93a069a57"
    }
  }, {
    "fullUrl": "https://madie.cms.gov/Condition/531a4b67-8cb5-445f-8fbd-f29c3501ea19",
    "resource": {
      "resourceType": "Condition",
      "id": "531a4b67-8cb5-445f-8fbd-f29c3501ea19",
      "meta": {
        "profile": [ "http://hl7.org/fhir/us/qicore/StructureDefinition/qicore-condition" ]
      },
      "category": [ {
        "coding": [ {
          "system": "http://terminology.hl7.org/CodeSystem/condition-category",
          "code": "encounter-diagnosis",
          "display": "Encounter Diagnosis"
        } ]
      } ],
      "code": {
        "coding": [ {
          "system": "http://snomed.info/sct",
          "version": "2025-03",
          "code": "10217006",
          "display": "Third degree perineal laceration (disorder)",
          "userSelected": true
        } ]
      },
      "subject": {
        "reference": "Patient/daf1dc6a-14bf-4375-8602-8790e01a8e00"
      },
      "recordedDate": "2025-11-01T08:00:00.000+00:00"
    },
    "request": {
      "method": "PUT",
      "url": "Condition/531a4b67-8cb5-445f-8fbd-f29c3501ea19"
    }
  }, {
    "fullUrl": "https://madie.cms.gov/Organization/de7c3fa7-5fc7-4c26-8c1b-d972c5b602c6",
    "resource": {
      "resourceType": "Organization",
      "id": "de7c3fa7-5fc7-4c26-8c1b-d972c5b602c6",
      "meta": {
        "profile": [ "http://hl7.org/fhir/us/qicore/StructureDefinition/qicore-organization" ]
      },
      "identifier": [ {
        "use": "temp",
        "system": "urn:oid:2.16.840.1.113883.4.4",
        "value": "21-3259825"
      } ],
      "active": true,
      "type": [ {
        "coding": [ {
          "system": "http://terminology.hl7.org/CodeSystem/organization-type",
          "code": "pay",
          "display": "Payer"
        } ]
      } ],
      "name": "Blue Cross Blue Shield of Texas",
      "telecom": [ {
        "system": "phone",
        "value": "(+1) 972-766-6900"
      } ],
      "address": [ {
        "use": "billing",
        "type": "postal",
        "line": [ "P.O. Box 660044" ],
        "city": "Dallas",
        "state": "TX",
        "postalCode": "75266-0044",
        "country": "USA"
      } ]
    },
    "request": {
      "method": "PUT",
      "url": "Organization/de7c3fa7-5fc7-4c26-8c1b-d972c5b602c6"
    }
  }, {
    "fullUrl": "https://madie.cms.gov/Practitioner/0a540ab1-a050-4b51-a1d1-5d66de691334",
    "resource": {
      "resourceType": "Practitioner",
      "id": "0a540ab1-a050-4b51-a1d1-5d66de691334",
      "identifier": [ {
        "system": "http://hl7.org/fhir/sid/us-npi",
        "value": "123456"
      } ],
      "name": [ {
        "family": "Evil",
        "prefix": [ "Dr" ]
      } ]
    },
    "request": {
      "method": "PUT",
      "url": "Practitioner/0a540ab1-a050-4b51-a1d1-5d66de691334"
    }
  }, {
    "fullUrl": "https://madie.cms.gov/MeasureReport/38be5fd0-7928-4c3e-8fb1-682d7ac53dfa",
    "resource": {
      "resourceType": "MeasureReport",
      "id": "38be5fd0-7928-4c3e-8fb1-682d7ac53dfa",
      "meta": {
        "profile": [ "http://hl7.org/fhir/us/cqfmeasures/StructureDefinition/test-case-cqfm" ]
      },
      "contained": [ {
        "resourceType": "Parameters",
        "id": "f3936407-d5af-4e4b-82d3-103639a84882-parameters",
        "parameter": [ {
          "name": "subject",
          "valueString": "daf1dc6a-14bf-4375-8602-8790e01a8e00"
        } ]
      } ],
      "extension": [ {
        "url": "http://hl7.org/fhir/us/cqfmeasures/StructureDefinition/cqfm-inputParameters",
        "valueReference": {
          "reference": "#f3936407-d5af-4e4b-82d3-103639a84882-parameters"
        }
      }, {
        "url": "http://hl7.org/fhir/us/cqfmeasures/StructureDefinition/cqfm-testCaseDescription",
        "valueMarkdown": "Patient is > 18 years old, LOS < 120 days during MP with Obstetrics diagnosis\n"
      } ],
      "modifierExtension": [ {
        "url": "http://hl7.org/fhir/us/cqfmeasures/StructureDefinition/cqfm-isTestCase",
        "valueBoolean": true
      } ],
      "status": "complete",
      "type": "individual",
      "measure": "https://madie.cms.gov/Measure/VenousThromboembolismProphylaxisFHIR",
      "period": {
        "start": "2025-01-01",
        "end": "2025-12-31"
      },
      "group": [ {
        "population": [ {
          "code": {
            "coding": [ {
              "system": "http://terminology.hl7.org/CodeSystem/measure-population",
              "code": "initial-population",
              "display": "Initial Population"
            } ]
          },
          "count": 0
        }, {
          "code": {
            "coding": [ {
              "system": "http://terminology.hl7.org/CodeSystem/measure-population",
              "code": "denominator",
              "display": "Denominator"
            } ]
          },
          "count": 0
        }, {
          "code": {
            "coding": [ {
              "system": "http://terminology.hl7.org/CodeSystem/measure-population",
              "code": "denominator-exclusion",
              "display": "Denominator Exclusion"
            } ]
          },
          "count": 0
        }, {
          "code": {
            "coding": [ {
              "system": "http://terminology.hl7.org/CodeSystem/measure-population",
              "code": "numerator",
              "display": "Numerator"
            } ]
          },
          "count": 0
        } ]
      } ],
      "evaluatedResource": [ {
        "reference": "Patient/daf1dc6a-14bf-4375-8602-8790e01a8e00"
      }, {
        "reference": "Encounter/d739a66d-abef-4067-b235-8192d49927e4"
      }, {
        "reference": "Coverage/08727ff2-eeef-4116-9fd4-def93a069a57"
      }, {
        "reference": "Condition/531a4b67-8cb5-445f-8fbd-f29c3501ea19"
      }, {
        "reference": "Organization/de7c3fa7-5fc7-4c26-8c1b-d972c5b602c6"
      }, {
        "reference": "Practitioner/0a540ab1-a050-4b51-a1d1-5d66de691334"
      } ]
    },
    "request": {
      "method": "PUT",
      "url": "MeasureReport/38be5fd0-7928-4c3e-8fb1-682d7ac53dfa"
    }
  } ]
}