{
  "resourceType": "Bundle",
  "id": "612e6ad402c62a011f2eb5f5",
  "type": "transaction",
  "entry": [ {
    "fullUrl": "https://madie.cms.gov/Patient/99720d95-9e15-4bc0-a89c-49d8b61ce5fd",
    "resource": {
      "resourceType": "Patient",
      "id": "99720d95-9e15-4bc0-a89c-49d8b61ce5fd",
      "meta": {
        "profile": [ "http://hl7.org/fhir/us/qicore/StructureDefinition/qicore-patient" ]
      },
      "text": {
        "status": "generated",
        "div": "<div xmlns=\"http://www.w3.org/1999/xhtml\"><div class=\"hapiHeaderText\">INR4WOdecimal_AfterEndOfAnes <b>NUMERPASS </b></div><table class=\"hapiPropertyTable\"><tbody><tr><td>Identifier</td><td>63ba0f1cce38276422ef5807decdf655</td></tr><tr><td>Date of birth</td><td><span>02 January 1974</span></td></tr></tbody></table></div>"
      },
      "extension": [ {
        "url": "http://hl7.org/fhir/us/core/StructureDefinition/us-core-race",
        "extension": [ {
          "url": "ombCategory",
          "valueCoding": {
            "system": "urn:oid:2.16.840.1.113883.6.238",
            "code": "1002-5",
            "display": "American Indian or Alaska Native",
            "userSelected": true
          }
        }, {
          "url": "text",
          "valueString": "American Indian or Alaska Native"
        } ]
      }, {
        "url": "http://hl7.org/fhir/us/core/StructureDefinition/us-core-ethnicity",
        "extension": [ {
          "url": "ombCategory",
          "valueCoding": {
            "system": "urn:oid:2.16.840.1.113883.6.238",
            "code": "2135-2",
            "display": "Hispanic or Latino",
            "userSelected": true
          }
        }, {
          "url": "text",
          "valueString": "Hispanic or Latino"
        } ]
      } ],
      "identifier": [ {
        "type": {
          "coding": [ {
            "system": "http://terminology.hl7.org/CodeSystem/v2-0203",
            "code": "MR"
          } ]
        },
        "system": "https://bonnie-fhir.healthit.gov/",
        "value": "612e6ad402c62a011f2eb5f5"
      } ],
      "active": true,
      "name": [ {
        "use": "usual",
        "family": "NUMERPass",
        "given": [ "INR4WOdecimal_AfterEndOfAnes" ]
      } ],
      "gender": "male",
      "birthDate": "1974-01-02"
    },
    "request": {
      "method": "PUT",
      "url": "Patient/99720d95-9e15-4bc0-a89c-49d8b61ce5fd"
    }
  }, {
    "fullUrl": "https://madie.cms.gov/Encounter/110ee804-fe1c-4240-af39-83370b71fd56",
    "resource": {
      "resourceType": "Encounter",
      "id": "110ee804-fe1c-4240-af39-83370b71fd56",
      "meta": {
        "profile": [ "http://hl7.org/fhir/us/qicore/StructureDefinition/qicore-encounter" ]
      },
      "status": "finished",
      "class": {
        "system": "http://terminology.hl7.org/CodeSystem/v3-ActCode",
        "code": "IMP",
        "display": "inpatient encounter"
      },
      "type": [ {
        "coding": [ {
          "system": "http://snomed.info/sct",
          "code": "8715000"
        } ]
      } ],
      "subject": {
        "reference": "Patient/99720d95-9e15-4bc0-a89c-49d8b61ce5fd"
      },
      "period": {
        "start": "2025-11-01T08:00:00+00:00",
        "end": "2025-11-26T08:15:00+00:00"
      },
      "length": {
        "value": 25.0,
        "unit": "days"
      }
    },
    "request": {
      "method": "PUT",
      "url": "Encounter/110ee804-fe1c-4240-af39-83370b71fd56"
    }
  }, {
    "fullUrl": "https://madie.cms.gov/Coverage/c615db92-4623-4b98-9be9-4410e7e0f273",
    "resource": {
      "resourceType": "Coverage",
      "id": "c615db92-4623-4b98-9be9-4410e7e0f273",
      "status": "active",
      "beneficiary": {
        "reference": "Patient/99720d95-9e15-4bc0-a89c-49d8b61ce5fd"
      },
      "period": {
        "start": "1974-01-02T08:00:00+00:00"
      },
      "payor": [ {
        "reference": "Organization/274b684f-617f-4375-90e2-604c01baa764"
      } ]
    },
    "request": {
      "method": "PUT",
      "url": "Coverage/c615db92-4623-4b98-9be9-4410e7e0f273"
    }
  }, {
    "fullUrl": "https://madie.cms.gov/Observation/8ff70673-b321-4593-86e7-7ef0ffecde37",
    "resource": {
      "resourceType": "Observation",
      "id": "8ff70673-b321-4593-86e7-7ef0ffecde37",
      "meta": {
        "profile": [ "http://hl7.org/fhir/us/core/StructureDefinition/us-core-observation-lab" ]
      },
      "status": "final",
      "category": [ {
        "coding": [ {
          "system": "http://terminology.hl7.org/CodeSystem/observation-category",
          "code": "laboratory",
          "display": "Laboratory"
        } ]
      } ],
      "code": {
        "coding": [ {
          "system": "http://loinc.org",
          "code": "34714-6"
        } ]
      },
      "subject": {
        "reference": "Patient/99720d95-9e15-4bc0-a89c-49d8b61ce5fd"
      },
      "effectiveDateTime": "2025-11-01T09:15:00+00:00",
      "issued": "2025-11-01T10:00:00.000+00:00",
      "valueQuantity": {
        "value": 4,
        "unit": "{INR}"
      }
    },
    "request": {
      "method": "PUT",
      "url": "Observation/8ff70673-b321-4593-86e7-7ef0ffecde37"
    }
  }, {
    "fullUrl": "https://madie.cms.gov/Procedure/56fd2007-d8f6-45fa-bbab-92850a24e6b4",
    "resource": {
      "resourceType": "Procedure",
      "id": "56fd2007-d8f6-45fa-bbab-92850a24e6b4",
      "meta": {
        "profile": [ "http://hl7.org/fhir/us/qicore/StructureDefinition/qicore-procedure" ]
      },
      "extension": [ {
        "url": "http://hl7.org/fhir/us/qicore/StructureDefinition/qicore-recorded",
        "valueDateTime": "2012-11-01T09:35:00-04:00"
      } ],
      "status": "completed",
      "code": {
        "coding": [ {
          "system": "http://www.icd10data.com/icd10pcs",
          "code": "3E030FZ"
        }, {
          "system": "http://snomed.info/sct",
          "code": "18946005"
        } ]
      },
      "subject": {
        "reference": "Patient/99720d95-9e15-4bc0-a89c-49d8b61ce5fd"
      },
      "performedPeriod": {
        "start": "2025-11-01T09:00:00+00:00",
        "end": "2025-11-01T09:15:00+00:00"
      }
    },
    "request": {
      "method": "PUT",
      "url": "Procedure/56fd2007-d8f6-45fa-bbab-92850a24e6b4"
    }
  }, {
    "fullUrl": "https://madie.cms.gov/Organization/274b684f-617f-4375-90e2-604c01baa764",
    "resource": {
      "resourceType": "Organization",
      "id": "274b684f-617f-4375-90e2-604c01baa764",
      "meta": {
        "profile": [ "http://hl7.org/fhir/us/qicore/StructureDefinition/qicore-organization" ]
      },
      "identifier": [ {
        "use": "temp",
        "system": "urn:oid:2.16.840.1.113883.4.4",
        "value": "21-3259825"
      } ],
      "active": true,
      "type": [ {
        "coding": [ {
          "system": "http://terminology.hl7.org/CodeSystem/organization-type",
          "code": "pay",
          "display": "Payer"
        } ]
      } ],
      "name": "Blue Cross Blue Shield of Texas",
      "telecom": [ {
        "system": "phone",
        "value": "(+1) 972-766-6900"
      } ],
      "address": [ {
        "use": "billing",
        "type": "postal",
        "line": [ "P.O. Box 660044" ],
        "city": "Dallas",
        "state": "TX",
        "postalCode": "75266-0044",
        "country": "USA"
      } ]
    },
    "request": {
      "method": "PUT",
      "url": "Organization/274b684f-617f-4375-90e2-604c01baa764"
    }
  }, {
    "fullUrl": "https://madie.cms.gov/Practitioner/33666525-15ae-4f68-852e-79e62f034cba",
    "resource": {
      "resourceType": "Practitioner",
      "id": "33666525-15ae-4f68-852e-79e62f034cba",
      "identifier": [ {
        "system": "http://hl7.org/fhir/sid/us-npi",
        "value": "123456"
      } ],
      "name": [ {
        "family": "Evil",
        "prefix": [ "Dr" ]
      } ]
    },
    "request": {
      "method": "PUT",
      "url": "Practitioner/33666525-15ae-4f68-852e-79e62f034cba"
    }
  }, {
    "fullUrl": "https://madie.cms.gov/MeasureReport/35f63433-267a-407a-a8ff-70a5e8fc407f",
    "resource": {
      "resourceType": "MeasureReport",
      "id": "35f63433-267a-407a-a8ff-70a5e8fc407f",
      "meta": {
        "profile": [ "http://hl7.org/fhir/us/cqfmeasures/StructureDefinition/test-case-cqfm" ]
      },
      "contained": [ {
        "resourceType": "Parameters",
        "id": "9b04fa5c-731f-4a1a-a6ca-27fd42b15903-parameters",
        "parameter": [ {
          "name": "subject",
          "valueString": "99720d95-9e15-4bc0-a89c-49d8b61ce5fd"
        } ]
      } ],
      "extension": [ {
        "url": "http://hl7.org/fhir/us/cqfmeasures/StructureDefinition/cqfm-inputParameters",
        "valueReference": {
          "reference": "#9b04fa5c-731f-4a1a-a6ca-27fd42b15903-parameters"
        }
      }, {
        "url": "http://hl7.org/fhir/us/cqfmeasures/StructureDefinition/cqfm-testCaseDescription",
        "valueMarkdown": ">18, dx VTE, LOS<120 day,   LabResult INR>3 no decimal,  on surgery end datetime\n"
      } ],
      "modifierExtension": [ {
        "url": "http://hl7.org/fhir/us/cqfmeasures/StructureDefinition/cqfm-isTestCase",
        "valueBoolean": true
      } ],
      "status": "complete",
      "type": "individual",
      "measure": "https://madie.cms.gov/Measure/VenousThromboembolismProphylaxisFHIR",
      "period": {
        "start": "2025-01-01",
        "end": "2025-12-31"
      },
      "group": [ {
        "population": [ {
          "code": {
            "coding": [ {
              "system": "http://terminology.hl7.org/CodeSystem/measure-population",
              "code": "initial-population",
              "display": "Initial Population"
            } ]
          },
          "count": 1
        }, {
          "code": {
            "coding": [ {
              "system": "http://terminology.hl7.org/CodeSystem/measure-population",
              "code": "denominator",
              "display": "Denominator"
            } ]
          },
          "count": 1
        }, {
          "code": {
            "coding": [ {
              "system": "http://terminology.hl7.org/CodeSystem/measure-population",
              "code": "denominator-exclusion",
              "display": "Denominator Exclusion"
            } ]
          },
          "count": 0
        }, {
          "code": {
            "coding": [ {
              "system": "http://terminology.hl7.org/CodeSystem/measure-population",
              "code": "numerator",
              "display": "Numerator"
            } ]
          },
          "count": 1
        } ]
      } ],
      "evaluatedResource": [ {
        "reference": "Patient/99720d95-9e15-4bc0-a89c-49d8b61ce5fd"
      }, {
        "reference": "Encounter/110ee804-fe1c-4240-af39-83370b71fd56"
      }, {
        "reference": "Coverage/c615db92-4623-4b98-9be9-4410e7e0f273"
      }, {
        "reference": "Observation/8ff70673-b321-4593-86e7-7ef0ffecde37"
      }, {
        "reference": "Procedure/56fd2007-d8f6-45fa-bbab-92850a24e6b4"
      }, {
        "reference": "Organization/274b684f-617f-4375-90e2-604c01baa764"
      }, {
        "reference": "Practitioner/33666525-15ae-4f68-852e-79e62f034cba"
      } ]
    },
    "request": {
      "method": "PUT",
      "url": "MeasureReport/35f63433-267a-407a-a8ff-70a5e8fc407f"
    }
  } ]
}