{
  "resourceType": "Bundle",
  "id": "612e6b1102c62a011f2ec4c4",
  "type": "transaction",
  "entry": [ {
    "fullUrl": "https://madie.cms.gov/Patient/1cf019f5-0c5f-414e-b2e2-1aee80835e70",
    "resource": {
      "resourceType": "Patient",
      "id": "1cf019f5-0c5f-414e-b2e2-1aee80835e70",
      "meta": {
        "profile": [ "http://hl7.org/fhir/us/qicore/StructureDefinition/qicore-patient" ]
      },
      "text": {
        "status": "generated",
        "div": "<div xmlns=\"http://www.w3.org/1999/xhtml\"><div class=\"hapiHeaderText\">RixDuringED_EDGT1hr1minAdm <b>NUMERFAIL </b></div><table class=\"hapiPropertyTable\"><tbody><tr><td>Identifier</td><td>9ac41bff10ef3353d0742df1f73dc984</td></tr><tr><td>Date of birth</td><td><span>02 January 1974</span></td></tr></tbody></table></div>"
      },
      "extension": [ {
        "url": "http://hl7.org/fhir/us/core/StructureDefinition/us-core-race",
        "extension": [ {
          "url": "ombCategory",
          "valueCoding": {
            "system": "urn:oid:2.16.840.1.113883.6.238",
            "code": "1002-5",
            "display": "American Indian or Alaska Native",
            "userSelected": true
          }
        }, {
          "url": "text",
          "valueString": "American Indian or Alaska Native"
        } ]
      }, {
        "url": "http://hl7.org/fhir/us/core/StructureDefinition/us-core-ethnicity",
        "extension": [ {
          "url": "ombCategory",
          "valueCoding": {
            "system": "urn:oid:2.16.840.1.113883.6.238",
            "code": "2135-2",
            "display": "Hispanic or Latino",
            "userSelected": true
          }
        }, {
          "url": "text",
          "valueString": "Hispanic or Latino"
        } ]
      } ],
      "identifier": [ {
        "type": {
          "coding": [ {
            "system": "http://terminology.hl7.org/CodeSystem/v2-0203",
            "code": "MR"
          } ]
        },
        "system": "https://bonnie-fhir.healthit.gov/",
        "value": "612e6b1102c62a011f2ec4c4"
      } ],
      "active": true,
      "name": [ {
        "use": "usual",
        "family": "NUMERFail",
        "given": [ "RixDuringED_EDGT1hr1minAdm" ]
      } ],
      "gender": "male",
      "birthDate": "1974-01-02"
    },
    "request": {
      "method": "PUT",
      "url": "Patient/1cf019f5-0c5f-414e-b2e2-1aee80835e70"
    }
  }, {
    "fullUrl": "https://madie.cms.gov/Encounter/df9799eb-f1c3-4b93-a37e-51b263bfa092",
    "resource": {
      "resourceType": "Encounter",
      "id": "df9799eb-f1c3-4b93-a37e-51b263bfa092",
      "meta": {
        "profile": [ "http://hl7.org/fhir/us/qicore/StructureDefinition/qicore-encounter" ]
      },
      "status": "finished",
      "class": {
        "system": "http://terminology.hl7.org/CodeSystem/v3-ActCode",
        "code": "IMP",
        "display": "inpatient encounter"
      },
      "type": [ {
        "coding": [ {
          "system": "http://snomed.info/sct",
          "code": "8715000"
        } ]
      } ],
      "subject": {
        "reference": "Patient/1cf019f5-0c5f-414e-b2e2-1aee80835e70"
      },
      "period": {
        "start": "2025-11-01T08:00:00+00:00",
        "end": "2025-11-26T08:15:00+00:00"
      },
      "length": {
        "value": 25.0,
        "unit": "days"
      }
    },
    "request": {
      "method": "PUT",
      "url": "Encounter/df9799eb-f1c3-4b93-a37e-51b263bfa092"
    }
  }, {
    "fullUrl": "https://madie.cms.gov/Encounter/3272a4ec-71df-4faf-93c9-7563eb98e3cc",
    "resource": {
      "resourceType": "Encounter",
      "id": "3272a4ec-71df-4faf-93c9-7563eb98e3cc",
      "meta": {
        "profile": [ "http://hl7.org/fhir/us/qicore/StructureDefinition/qicore-encounter" ]
      },
      "status": "finished",
      "class": {
        "system": "http://terminology.hl7.org/CodeSystem/v3-ActCode",
        "code": "EMER",
        "display": "emergency"
      },
      "type": [ {
        "coding": [ {
          "system": "http://snomed.info/sct",
          "code": "4525004"
        } ]
      } ],
      "subject": {
        "reference": "Patient/1cf019f5-0c5f-414e-b2e2-1aee80835e70"
      },
      "period": {
        "start": "2025-10-31T20:00:00+00:00",
        "end": "2025-11-01T06:59:00+00:00"
      }
    },
    "request": {
      "method": "PUT",
      "url": "Encounter/3272a4ec-71df-4faf-93c9-7563eb98e3cc"
    }
  }, {
    "fullUrl": "https://madie.cms.gov/Coverage/551c4e7d-6160-4eba-a10b-cdab3e90ac35",
    "resource": {
      "resourceType": "Coverage",
      "id": "551c4e7d-6160-4eba-a10b-cdab3e90ac35",
      "status": "active",
      "beneficiary": {
        "reference": "Patient/1cf019f5-0c5f-414e-b2e2-1aee80835e70"
      },
      "period": {
        "start": "1974-01-02T08:00:00+00:00"
      },
      "payor": [ {
        "reference": "Organization/5fc7dd61-8238-46db-8ce8-d9d7dd8d984f"
      } ]
    },
    "request": {
      "method": "PUT",
      "url": "Coverage/551c4e7d-6160-4eba-a10b-cdab3e90ac35"
    }
  }, {
    "fullUrl": "https://madie.cms.gov/MedicationAdministration/73ca1cfe-0f87-4adf-a214-c0c2d46b3d79",
    "resource": {
      "resourceType": "MedicationAdministration",
      "id": "73ca1cfe-0f87-4adf-a214-c0c2d46b3d79",
      "status": "completed",
      "medicationCodeableConcept": {
        "coding": [ {
          "system": "http://www.nlm.nih.gov/research/umls/rxnorm",
          "code": "1114198"
        } ]
      },
      "subject": {
        "reference": "Patient/1cf019f5-0c5f-414e-b2e2-1aee80835e70"
      },
      "effectivePeriod": {
        "start": "2025-10-31T09:00:00+00:00",
        "end": "2025-10-31T09:15:00+00:00"
      }
    },
    "request": {
      "method": "PUT",
      "url": "MedicationAdministration/73ca1cfe-0f87-4adf-a214-c0c2d46b3d79"
    }
  }, {
    "fullUrl": "https://madie.cms.gov/Organization/5fc7dd61-8238-46db-8ce8-d9d7dd8d984f",
    "resource": {
      "resourceType": "Organization",
      "id": "5fc7dd61-8238-46db-8ce8-d9d7dd8d984f",
      "meta": {
        "profile": [ "http://hl7.org/fhir/us/qicore/StructureDefinition/qicore-organization" ]
      },
      "identifier": [ {
        "use": "temp",
        "system": "urn:oid:2.16.840.1.113883.4.4",
        "value": "21-3259825"
      } ],
      "active": true,
      "type": [ {
        "coding": [ {
          "system": "http://terminology.hl7.org/CodeSystem/organization-type",
          "code": "pay",
          "display": "Payer"
        } ]
      } ],
      "name": "Blue Cross Blue Shield of Texas",
      "telecom": [ {
        "system": "phone",
        "value": "(+1) 972-766-6900"
      } ],
      "address": [ {
        "use": "billing",
        "type": "postal",
        "line": [ "P.O. Box 660044" ],
        "city": "Dallas",
        "state": "TX",
        "postalCode": "75266-0044",
        "country": "USA"
      } ]
    },
    "request": {
      "method": "PUT",
      "url": "Organization/5fc7dd61-8238-46db-8ce8-d9d7dd8d984f"
    }
  }, {
    "fullUrl": "https://madie.cms.gov/Practitioner/078fd73f-8ef5-4976-a853-a50bfd5d82db",
    "resource": {
      "resourceType": "Practitioner",
      "id": "078fd73f-8ef5-4976-a853-a50bfd5d82db",
      "identifier": [ {
        "system": "http://hl7.org/fhir/sid/us-npi",
        "value": "123456"
      } ],
      "name": [ {
        "family": "Evil",
        "prefix": [ "Dr" ]
      } ]
    },
    "request": {
      "method": "PUT",
      "url": "Practitioner/078fd73f-8ef5-4976-a853-a50bfd5d82db"
    }
  }, {
    "fullUrl": "https://madie.cms.gov/MeasureReport/3ed58cfa-9bce-4cbe-9ff2-fd37f9d270c5",
    "resource": {
      "resourceType": "MeasureReport",
      "id": "3ed58cfa-9bce-4cbe-9ff2-fd37f9d270c5",
      "meta": {
        "profile": [ "http://hl7.org/fhir/us/cqfmeasures/StructureDefinition/test-case-cqfm" ]
      },
      "contained": [ {
        "resourceType": "Parameters",
        "id": "8288116a-e7da-4314-a886-570026ca4878-parameters",
        "parameter": [ {
          "name": "subject",
          "valueString": "1cf019f5-0c5f-414e-b2e2-1aee80835e70"
        } ]
      } ],
      "extension": [ {
        "url": "http://hl7.org/fhir/us/cqfmeasures/StructureDefinition/cqfm-inputParameters",
        "valueReference": {
          "reference": "#8288116a-e7da-4314-a886-570026ca4878-parameters"
        }
      }, {
        "url": "http://hl7.org/fhir/us/cqfmeasures/StructureDefinition/cqfm-testCaseDescription",
        "valueMarkdown": "Rivaroxaban  for VTE Prophylaxis Med Administered during ED which ED >1 hr ends Adm\n"
      } ],
      "modifierExtension": [ {
        "url": "http://hl7.org/fhir/us/cqfmeasures/StructureDefinition/cqfm-isTestCase",
        "valueBoolean": true
      } ],
      "status": "complete",
      "type": "individual",
      "measure": "https://madie.cms.gov/Measure/VenousThromboembolismProphylaxisFHIR",
      "period": {
        "start": "2025-01-01",
        "end": "2025-12-31"
      },
      "group": [ {
        "population": [ {
          "code": {
            "coding": [ {
              "system": "http://terminology.hl7.org/CodeSystem/measure-population",
              "code": "initial-population",
              "display": "Initial Population"
            } ]
          },
          "count": 1
        }, {
          "code": {
            "coding": [ {
              "system": "http://terminology.hl7.org/CodeSystem/measure-population",
              "code": "denominator",
              "display": "Denominator"
            } ]
          },
          "count": 1
        }, {
          "code": {
            "coding": [ {
              "system": "http://terminology.hl7.org/CodeSystem/measure-population",
              "code": "denominator-exclusion",
              "display": "Denominator Exclusion"
            } ]
          },
          "count": 0
        }, {
          "code": {
            "coding": [ {
              "system": "http://terminology.hl7.org/CodeSystem/measure-population",
              "code": "numerator",
              "display": "Numerator"
            } ]
          },
          "count": 0
        } ]
      } ],
      "evaluatedResource": [ {
        "reference": "Patient/1cf019f5-0c5f-414e-b2e2-1aee80835e70"
      }, {
        "reference": "Encounter/df9799eb-f1c3-4b93-a37e-51b263bfa092"
      }, {
        "reference": "Encounter/3272a4ec-71df-4faf-93c9-7563eb98e3cc"
      }, {
        "reference": "Coverage/551c4e7d-6160-4eba-a10b-cdab3e90ac35"
      }, {
        "reference": "MedicationAdministration/73ca1cfe-0f87-4adf-a214-c0c2d46b3d79"
      }, {
        "reference": "Organization/5fc7dd61-8238-46db-8ce8-d9d7dd8d984f"
      }, {
        "reference": "Practitioner/078fd73f-8ef5-4976-a853-a50bfd5d82db"
      } ]
    },
    "request": {
      "method": "PUT",
      "url": "MeasureReport/3ed58cfa-9bce-4cbe-9ff2-fd37f9d270c5"
    }
  } ]
}