{
  "resourceType": "Bundle",
  "id": "612e6a5e02c62a011f2e9d40",
  "type": "transaction",
  "entry": [ {
    "fullUrl": "https://madie.cms.gov/Patient/5fe7bb53-b4c2-4402-b014-620005f5c232",
    "resource": {
      "resourceType": "Patient",
      "id": "5fe7bb53-b4c2-4402-b014-620005f5c232",
      "meta": {
        "profile": [ "http://hl7.org/fhir/us/qicore/StructureDefinition/qicore-patient" ]
      },
      "text": {
        "status": "generated",
        "div": "<div xmlns=\"http://www.w3.org/1999/xhtml\"><div class=\"hapiHeaderText\">MA_Warfarin_DayOfAnes <b>NUMERPASS </b></div><table class=\"hapiPropertyTable\"><tbody><tr><td>Identifier</td><td>8a73949853d1489520b4f85cece6c975</td></tr><tr><td>Date of birth</td><td><span>02 January 1974</span></td></tr></tbody></table></div>"
      },
      "extension": [ {
        "url": "http://hl7.org/fhir/us/core/StructureDefinition/us-core-race",
        "extension": [ {
          "url": "ombCategory",
          "valueCoding": {
            "system": "urn:oid:2.16.840.1.113883.6.238",
            "code": "1002-5",
            "display": "American Indian or Alaska Native",
            "userSelected": true
          }
        }, {
          "url": "text",
          "valueString": "American Indian or Alaska Native"
        } ]
      }, {
        "url": "http://hl7.org/fhir/us/core/StructureDefinition/us-core-ethnicity",
        "extension": [ {
          "url": "ombCategory",
          "valueCoding": {
            "system": "urn:oid:2.16.840.1.113883.6.238",
            "code": "2135-2",
            "display": "Hispanic or Latino",
            "userSelected": true
          }
        }, {
          "url": "text",
          "valueString": "Hispanic or Latino"
        } ]
      } ],
      "identifier": [ {
        "type": {
          "coding": [ {
            "system": "http://terminology.hl7.org/CodeSystem/v2-0203",
            "code": "MR"
          } ]
        },
        "system": "https://bonnie-fhir.healthit.gov/",
        "value": "612e6a5e02c62a011f2e9d40"
      } ],
      "active": true,
      "name": [ {
        "use": "usual",
        "family": "NUMERPass",
        "given": [ "MA_Warfarin_DayOfAnes" ]
      } ],
      "gender": "male",
      "birthDate": "1974-01-02"
    },
    "request": {
      "method": "PUT",
      "url": "Patient/5fe7bb53-b4c2-4402-b014-620005f5c232"
    }
  }, {
    "fullUrl": "https://madie.cms.gov/Encounter/103ac931-2fea-4800-be17-d6d415989213",
    "resource": {
      "resourceType": "Encounter",
      "id": "103ac931-2fea-4800-be17-d6d415989213",
      "meta": {
        "profile": [ "http://hl7.org/fhir/us/qicore/StructureDefinition/qicore-encounter" ]
      },
      "status": "finished",
      "class": {
        "system": "http://terminology.hl7.org/CodeSystem/v3-ActCode",
        "code": "IMP",
        "display": "inpatient encounter"
      },
      "type": [ {
        "coding": [ {
          "system": "http://snomed.info/sct",
          "code": "8715000"
        } ]
      } ],
      "subject": {
        "reference": "Patient/5fe7bb53-b4c2-4402-b014-620005f5c232"
      },
      "period": {
        "start": "2025-11-01T08:00:00+00:00",
        "end": "2025-11-26T08:15:00+00:00"
      },
      "length": {
        "value": 25.0,
        "unit": "days"
      }
    },
    "request": {
      "method": "PUT",
      "url": "Encounter/103ac931-2fea-4800-be17-d6d415989213"
    }
  }, {
    "fullUrl": "https://madie.cms.gov/Coverage/0721b033-0912-4945-9c04-903e12053f68",
    "resource": {
      "resourceType": "Coverage",
      "id": "0721b033-0912-4945-9c04-903e12053f68",
      "status": "active",
      "beneficiary": {
        "reference": "Patient/5fe7bb53-b4c2-4402-b014-620005f5c232"
      },
      "period": {
        "start": "1974-01-02T08:00:00+00:00"
      },
      "payor": [ {
        "reference": "Organization/1d0185af-49cb-4f32-8da1-121b87be1be0"
      } ]
    },
    "request": {
      "method": "PUT",
      "url": "Coverage/0721b033-0912-4945-9c04-903e12053f68"
    }
  }, {
    "fullUrl": "https://madie.cms.gov/MedicationAdministration/d5196b0c-d673-444a-808e-0a74d91a2878",
    "resource": {
      "resourceType": "MedicationAdministration",
      "id": "d5196b0c-d673-444a-808e-0a74d91a2878",
      "meta": {
        "profile": [ "http://hl7.org/fhir/us/qicore/StructureDefinition/qicore-medicationadministration" ]
      },
      "status": "completed",
      "medicationCodeableConcept": {
        "coding": [ {
          "system": "http://www.nlm.nih.gov/research/umls/rxnorm",
          "code": "855288"
        } ]
      },
      "subject": {
        "reference": "Patient/5fe7bb53-b4c2-4402-b014-620005f5c232"
      },
      "effectivePeriod": {
        "start": "2025-11-01T10:00:00+00:00",
        "end": "2025-12-02T08:15:00+00:00"
      }
    },
    "request": {
      "method": "PUT",
      "url": "MedicationAdministration/d5196b0c-d673-444a-808e-0a74d91a2878"
    }
  }, {
    "fullUrl": "https://madie.cms.gov/Procedure/d6092650-bb0f-4839-a233-42cf9c2ea19f",
    "resource": {
      "resourceType": "Procedure",
      "id": "d6092650-bb0f-4839-a233-42cf9c2ea19f",
      "meta": {
        "profile": [ "http://hl7.org/fhir/us/qicore/StructureDefinition/qicore-procedure" ]
      },
      "extension": [ {
        "url": "http://hl7.org/fhir/us/qicore/StructureDefinition/qicore-recorded",
        "valueDateTime": "2012-11-01T09:35:00-04:00"
      } ],
      "status": "completed",
      "code": {
        "coding": [ {
          "system": "http://www.icd10data.com/icd10pcs",
          "code": "3E030FZ"
        }, {
          "system": "http://snomed.info/sct",
          "code": "18946005"
        } ]
      },
      "subject": {
        "reference": "Patient/5fe7bb53-b4c2-4402-b014-620005f5c232"
      },
      "performedPeriod": {
        "start": "2025-11-01T09:00:00+00:00",
        "end": "2025-11-01T09:15:00+00:00"
      }
    },
    "request": {
      "method": "PUT",
      "url": "Procedure/d6092650-bb0f-4839-a233-42cf9c2ea19f"
    }
  }, {
    "fullUrl": "https://madie.cms.gov/Organization/1d0185af-49cb-4f32-8da1-121b87be1be0",
    "resource": {
      "resourceType": "Organization",
      "id": "1d0185af-49cb-4f32-8da1-121b87be1be0",
      "meta": {
        "profile": [ "http://hl7.org/fhir/us/qicore/StructureDefinition/qicore-organization" ]
      },
      "identifier": [ {
        "use": "temp",
        "system": "urn:oid:2.16.840.1.113883.4.4",
        "value": "21-3259825"
      } ],
      "active": true,
      "type": [ {
        "coding": [ {
          "system": "http://terminology.hl7.org/CodeSystem/organization-type",
          "code": "pay",
          "display": "Payer"
        } ]
      } ],
      "name": "Blue Cross Blue Shield of Texas",
      "telecom": [ {
        "system": "phone",
        "value": "(+1) 972-766-6900"
      } ],
      "address": [ {
        "use": "billing",
        "type": "postal",
        "line": [ "P.O. Box 660044" ],
        "city": "Dallas",
        "state": "TX",
        "postalCode": "75266-0044",
        "country": "USA"
      } ]
    },
    "request": {
      "method": "PUT",
      "url": "Organization/1d0185af-49cb-4f32-8da1-121b87be1be0"
    }
  }, {
    "fullUrl": "https://madie.cms.gov/Practitioner/29af7984-36e0-4f8a-9218-d0bbca67e72c",
    "resource": {
      "resourceType": "Practitioner",
      "id": "29af7984-36e0-4f8a-9218-d0bbca67e72c",
      "identifier": [ {
        "system": "http://hl7.org/fhir/sid/us-npi",
        "value": "123456"
      } ],
      "name": [ {
        "family": "Evil",
        "prefix": [ "Dr" ]
      } ]
    },
    "request": {
      "method": "PUT",
      "url": "Practitioner/29af7984-36e0-4f8a-9218-d0bbca67e72c"
    }
  }, {
    "fullUrl": "https://madie.cms.gov/MeasureReport/e4d0b8b0-f553-45bb-b8e3-c82d179c92f0",
    "resource": {
      "resourceType": "MeasureReport",
      "id": "e4d0b8b0-f553-45bb-b8e3-c82d179c92f0",
      "meta": {
        "profile": [ "http://hl7.org/fhir/us/cqfmeasures/StructureDefinition/test-case-cqfm" ]
      },
      "contained": [ {
        "resourceType": "Parameters",
        "id": "a460b3aa-d0f1-4185-81a5-339696d6d59d-parameters",
        "parameter": [ {
          "name": "subject",
          "valueString": "5fe7bb53-b4c2-4402-b014-620005f5c232"
        } ]
      } ],
      "extension": [ {
        "url": "http://hl7.org/fhir/us/cqfmeasures/StructureDefinition/cqfm-inputParameters",
        "valueReference": {
          "reference": "#a460b3aa-d0f1-4185-81a5-339696d6d59d-parameters"
        }
      }, {
        "url": "http://hl7.org/fhir/us/cqfmeasures/StructureDefinition/cqfm-testCaseDescription",
        "valueMarkdown": "warfarin given = 0 day after end of anesthesia\n"
      } ],
      "modifierExtension": [ {
        "url": "http://hl7.org/fhir/us/cqfmeasures/StructureDefinition/cqfm-isTestCase",
        "valueBoolean": true
      } ],
      "status": "complete",
      "type": "individual",
      "measure": "https://madie.cms.gov/Measure/VenousThromboembolismProphylaxisFHIR",
      "period": {
        "start": "2025-01-01",
        "end": "2025-12-31"
      },
      "group": [ {
        "population": [ {
          "code": {
            "coding": [ {
              "system": "http://terminology.hl7.org/CodeSystem/measure-population",
              "code": "initial-population",
              "display": "Initial Population"
            } ]
          },
          "count": 1
        }, {
          "code": {
            "coding": [ {
              "system": "http://terminology.hl7.org/CodeSystem/measure-population",
              "code": "denominator",
              "display": "Denominator"
            } ]
          },
          "count": 1
        }, {
          "code": {
            "coding": [ {
              "system": "http://terminology.hl7.org/CodeSystem/measure-population",
              "code": "denominator-exclusion",
              "display": "Denominator Exclusion"
            } ]
          },
          "count": 0
        }, {
          "code": {
            "coding": [ {
              "system": "http://terminology.hl7.org/CodeSystem/measure-population",
              "code": "numerator",
              "display": "Numerator"
            } ]
          },
          "count": 1
        } ]
      } ],
      "evaluatedResource": [ {
        "reference": "Patient/5fe7bb53-b4c2-4402-b014-620005f5c232"
      }, {
        "reference": "Encounter/103ac931-2fea-4800-be17-d6d415989213"
      }, {
        "reference": "Coverage/0721b033-0912-4945-9c04-903e12053f68"
      }, {
        "reference": "MedicationAdministration/d5196b0c-d673-444a-808e-0a74d91a2878"
      }, {
        "reference": "Procedure/d6092650-bb0f-4839-a233-42cf9c2ea19f"
      }, {
        "reference": "Organization/1d0185af-49cb-4f32-8da1-121b87be1be0"
      }, {
        "reference": "Practitioner/29af7984-36e0-4f8a-9218-d0bbca67e72c"
      } ]
    },
    "request": {
      "method": "PUT",
      "url": "MeasureReport/e4d0b8b0-f553-45bb-b8e3-c82d179c92f0"
    }
  } ]
}