{
  "resourceType": "Bundle",
  "id": "612e6b6f02c62a011f2edb83",
  "type": "transaction",
  "entry": [ {
    "fullUrl": "https://madie.cms.gov/Patient/5244081a-e6bb-46cb-82b4-26d54bdd7c64",
    "resource": {
      "resourceType": "Patient",
      "id": "5244081a-e6bb-46cb-82b4-26d54bdd7c64",
      "meta": {
        "profile": [ "http://hl7.org/fhir/us/qicore/StructureDefinition/qicore-patient" ]
      },
      "text": {
        "status": "generated",
        "div": "<div xmlns=\"http://www.w3.org/1999/xhtml\"><div class=\"hapiHeaderText\">AgeEQ18SameDay1HrLess <b>IPPPASS </b></div><table class=\"hapiPropertyTable\"><tbody><tr><td>Identifier</td><td>4a3cf6afd879a8f9468f9b4b43b7b032</td></tr><tr><td>Date of birth</td><td><span>02 September 2003</span></td></tr></tbody></table></div>"
      },
      "extension": [ {
        "url": "http://hl7.org/fhir/us/core/StructureDefinition/us-core-race",
        "extension": [ {
          "url": "ombCategory",
          "valueCoding": {
            "system": "urn:oid:2.16.840.1.113883.6.238",
            "code": "1002-5",
            "display": "American Indian or Alaska Native",
            "userSelected": true
          }
        }, {
          "url": "detailed",
          "valueCoding": {
            "system": "urn:oid:2.16.840.1.113883.6.238",
            "code": "2036-2",
            "display": "Filipino"
          }
        }, {
          "url": "text",
          "valueString": "American Indian or Alaska Native"
        } ]
      }, {
        "url": "http://hl7.org/fhir/us/core/StructureDefinition/us-core-ethnicity",
        "extension": [ {
          "url": "ombCategory",
          "valueCoding": {
            "system": "urn:oid:2.16.840.1.113883.6.238",
            "code": "2135-2",
            "display": "Hispanic or Latino",
            "userSelected": true
          }
        }, {
          "url": "text",
          "valueString": "Hispanic or Latino"
        }, {
          "url": "detailed",
          "valueCoding": {
            "system": "urn:oid:2.16.840.1.113883.6.238",
            "code": "2153-5",
            "display": "Mexican American Indian"
          }
        } ]
      } ],
      "identifier": [ {
        "type": {
          "coding": [ {
            "system": "http://terminology.hl7.org/CodeSystem/v2-0203",
            "code": "MR"
          } ]
        },
        "system": "https://bonnie-fhir.healthit.gov/",
        "value": "612e6b6f02c62a011f2edb83"
      } ],
      "active": true,
      "name": [ {
        "use": "usual",
        "family": "IPPPass",
        "given": [ "AgeEQ18SameDay1HrLess" ]
      } ],
      "gender": "other",
      "birthDate": "2003-09-02"
    },
    "request": {
      "method": "PUT",
      "url": "Patient/5244081a-e6bb-46cb-82b4-26d54bdd7c64"
    }
  }, {
    "fullUrl": "https://madie.cms.gov/Encounter/e8f46550-d82b-4e8b-9947-721f731f3eef",
    "resource": {
      "resourceType": "Encounter",
      "id": "e8f46550-d82b-4e8b-9947-721f731f3eef",
      "meta": {
        "profile": [ "http://hl7.org/fhir/us/qicore/StructureDefinition/qicore-encounter" ]
      },
      "status": "finished",
      "class": {
        "system": "http://terminology.hl7.org/CodeSystem/v3-ActCode",
        "code": "IMP",
        "display": "inpatient encounter"
      },
      "type": [ {
        "coding": [ {
          "system": "http://snomed.info/sct",
          "code": "183452005"
        } ]
      } ],
      "subject": {
        "reference": "Patient/5244081a-e6bb-46cb-82b4-26d54bdd7c64"
      },
      "period": {
        "start": "2025-09-02T08:00:00.000+00:00",
        "end": "2025-10-01T12:59:00.000+00:00"
      },
      "length": {
        "value": 30,
        "unit": "days"
      }
    },
    "request": {
      "method": "PUT",
      "url": "Encounter/e8f46550-d82b-4e8b-9947-721f731f3eef"
    }
  }, {
    "fullUrl": "https://madie.cms.gov/Coverage/cb9a5123-e1df-4b7a-9fa1-adb934e82bf0",
    "resource": {
      "resourceType": "Coverage",
      "id": "cb9a5123-e1df-4b7a-9fa1-adb934e82bf0",
      "status": "active",
      "beneficiary": {
        "reference": "Patient/5244081a-e6bb-46cb-82b4-26d54bdd7c64"
      },
      "payor": [ {
        "reference": "Organization/e40c71c9-7532-477d-84b7-02fc85329919"
      } ]
    },
    "request": {
      "method": "PUT",
      "url": "Coverage/cb9a5123-e1df-4b7a-9fa1-adb934e82bf0"
    }
  }, {
    "fullUrl": "https://madie.cms.gov/Organization/e40c71c9-7532-477d-84b7-02fc85329919",
    "resource": {
      "resourceType": "Organization",
      "id": "e40c71c9-7532-477d-84b7-02fc85329919",
      "meta": {
        "profile": [ "http://hl7.org/fhir/us/qicore/StructureDefinition/qicore-organization" ]
      },
      "identifier": [ {
        "use": "temp",
        "system": "urn:oid:2.16.840.1.113883.4.4",
        "value": "21-3259825"
      } ],
      "active": true,
      "type": [ {
        "coding": [ {
          "system": "http://terminology.hl7.org/CodeSystem/organization-type",
          "code": "pay",
          "display": "Payer"
        } ]
      } ],
      "name": "Blue Cross Blue Shield of Texas",
      "telecom": [ {
        "system": "phone",
        "value": "(+1) 972-766-6900"
      } ],
      "address": [ {
        "use": "billing",
        "type": "postal",
        "line": [ "P.O. Box 660044" ],
        "city": "Dallas",
        "state": "TX",
        "postalCode": "75266-0044",
        "country": "USA"
      } ]
    },
    "request": {
      "method": "PUT",
      "url": "Organization/e40c71c9-7532-477d-84b7-02fc85329919"
    }
  }, {
    "fullUrl": "https://madie.cms.gov/Practitioner/18f5c13e-e8fe-420d-8cf9-ef715a7d51a0",
    "resource": {
      "resourceType": "Practitioner",
      "id": "18f5c13e-e8fe-420d-8cf9-ef715a7d51a0",
      "identifier": [ {
        "system": "http://hl7.org/fhir/sid/us-npi",
        "value": "123456"
      } ],
      "name": [ {
        "family": "Evil",
        "prefix": [ "Dr" ]
      } ]
    },
    "request": {
      "method": "PUT",
      "url": "Practitioner/18f5c13e-e8fe-420d-8cf9-ef715a7d51a0"
    }
  }, {
    "fullUrl": "https://madie.cms.gov/MeasureReport/17be181f-83d1-45b9-8c93-2430b6606da9",
    "resource": {
      "resourceType": "MeasureReport",
      "id": "17be181f-83d1-45b9-8c93-2430b6606da9",
      "meta": {
        "profile": [ "http://hl7.org/fhir/us/cqfmeasures/StructureDefinition/test-case-cqfm" ]
      },
      "contained": [ {
        "resourceType": "Parameters",
        "id": "61295c0b-57bb-417d-8939-10445cd7fc70-parameters",
        "parameter": [ {
          "name": "subject",
          "valueString": "5244081a-e6bb-46cb-82b4-26d54bdd7c64"
        } ]
      } ],
      "extension": [ {
        "url": "http://hl7.org/fhir/us/cqfmeasures/StructureDefinition/cqfm-inputParameters",
        "valueReference": {
          "reference": "#61295c0b-57bb-417d-8939-10445cd7fc70-parameters"
        }
      }, {
        "url": "http://hl7.org/fhir/us/cqfmeasures/StructureDefinition/cqfm-testCaseDescription",
        "valueMarkdown": "Patient turns 18 day of inpatient admission\n"
      } ],
      "modifierExtension": [ {
        "url": "http://hl7.org/fhir/us/cqfmeasures/StructureDefinition/cqfm-isTestCase",
        "valueBoolean": true
      } ],
      "status": "complete",
      "type": "individual",
      "measure": "https://madie.cms.gov/Measure/VenousThromboembolismProphylaxisFHIR",
      "period": {
        "start": "2025-01-01",
        "end": "2025-12-31"
      },
      "group": [ {
        "population": [ {
          "code": {
            "coding": [ {
              "system": "http://terminology.hl7.org/CodeSystem/measure-population",
              "code": "initial-population",
              "display": "Initial Population"
            } ]
          },
          "count": 1
        }, {
          "code": {
            "coding": [ {
              "system": "http://terminology.hl7.org/CodeSystem/measure-population",
              "code": "denominator",
              "display": "Denominator"
            } ]
          },
          "count": 1
        }, {
          "code": {
            "coding": [ {
              "system": "http://terminology.hl7.org/CodeSystem/measure-population",
              "code": "denominator-exclusion",
              "display": "Denominator Exclusion"
            } ]
          },
          "count": 0
        }, {
          "code": {
            "coding": [ {
              "system": "http://terminology.hl7.org/CodeSystem/measure-population",
              "code": "numerator",
              "display": "Numerator"
            } ]
          },
          "count": 0
        } ]
      } ],
      "evaluatedResource": [ {
        "reference": "Patient/5244081a-e6bb-46cb-82b4-26d54bdd7c64"
      }, {
        "reference": "Encounter/e8f46550-d82b-4e8b-9947-721f731f3eef"
      }, {
        "reference": "Coverage/cb9a5123-e1df-4b7a-9fa1-adb934e82bf0"
      }, {
        "reference": "Organization/e40c71c9-7532-477d-84b7-02fc85329919"
      }, {
        "reference": "Practitioner/18f5c13e-e8fe-420d-8cf9-ef715a7d51a0"
      } ]
    },
    "request": {
      "method": "PUT",
      "url": "MeasureReport/17be181f-83d1-45b9-8c93-2430b6606da9"
    }
  } ]
}