{
  "resourceType": "Bundle",
  "id": "612e6a8d02c62a011f2ea53e",
  "type": "transaction",
  "entry": [ {
    "fullUrl": "https://madie.cms.gov/Patient/dd313f04-56c7-4291-81bf-fa9483f5ba1e",
    "resource": {
      "resourceType": "Patient",
      "id": "dd313f04-56c7-4291-81bf-fa9483f5ba1e",
      "meta": {
        "profile": [ "http://hl7.org/fhir/us/qicore/StructureDefinition/qicore-patient" ]
      },
      "text": {
        "status": "generated",
        "div": "<div xmlns=\"http://www.w3.org/1999/xhtml\"><div class=\"hapiHeaderText\">MA_InjXa_1MinAfterAnesEndTime <b>NUMERPASS </b></div><table class=\"hapiPropertyTable\"><tbody><tr><td>Identifier</td><td>9a09d8440030e02516ccf84b416cd528</td></tr><tr><td>Date of birth</td><td><span>02 January 1974</span></td></tr></tbody></table></div>"
      },
      "extension": [ {
        "url": "http://hl7.org/fhir/us/core/StructureDefinition/us-core-race",
        "extension": [ {
          "url": "ombCategory",
          "valueCoding": {
            "system": "urn:oid:2.16.840.1.113883.6.238",
            "code": "1002-5",
            "display": "American Indian or Alaska Native",
            "userSelected": true
          }
        }, {
          "url": "text",
          "valueString": "American Indian or Alaska Native"
        } ]
      }, {
        "url": "http://hl7.org/fhir/us/core/StructureDefinition/us-core-ethnicity",
        "extension": [ {
          "url": "ombCategory",
          "valueCoding": {
            "system": "urn:oid:2.16.840.1.113883.6.238",
            "code": "2135-2",
            "display": "Hispanic or Latino",
            "userSelected": true
          }
        }, {
          "url": "text",
          "valueString": "Hispanic or Latino"
        } ]
      } ],
      "identifier": [ {
        "type": {
          "coding": [ {
            "system": "http://terminology.hl7.org/CodeSystem/v2-0203",
            "code": "MR"
          } ]
        },
        "system": "https://bonnie-fhir.healthit.gov/",
        "value": "612e6a8d02c62a011f2ea53e"
      } ],
      "active": true,
      "name": [ {
        "use": "usual",
        "family": "NUMERPass",
        "given": [ "MA_InjXa_1MinAfterAnesEndTime" ]
      } ],
      "gender": "male",
      "birthDate": "1974-01-02"
    },
    "request": {
      "method": "PUT",
      "url": "Patient/dd313f04-56c7-4291-81bf-fa9483f5ba1e"
    }
  }, {
    "fullUrl": "https://madie.cms.gov/Encounter/d9422d89-ec6f-4715-b2e8-b6f938bccbfa",
    "resource": {
      "resourceType": "Encounter",
      "id": "d9422d89-ec6f-4715-b2e8-b6f938bccbfa",
      "meta": {
        "profile": [ "http://hl7.org/fhir/us/qicore/StructureDefinition/qicore-encounter" ]
      },
      "status": "finished",
      "class": {
        "system": "http://terminology.hl7.org/CodeSystem/v3-ActCode",
        "code": "IMP",
        "display": "inpatient encounter"
      },
      "type": [ {
        "coding": [ {
          "system": "http://snomed.info/sct",
          "code": "8715000"
        } ]
      } ],
      "subject": {
        "reference": "Patient/dd313f04-56c7-4291-81bf-fa9483f5ba1e"
      },
      "period": {
        "start": "2025-11-01T00:00:00.000+00:00",
        "end": "2025-11-30T23:59:00.000+00:00"
      },
      "length": {
        "value": 29.0,
        "unit": "days"
      }
    },
    "request": {
      "method": "PUT",
      "url": "Encounter/d9422d89-ec6f-4715-b2e8-b6f938bccbfa"
    }
  }, {
    "fullUrl": "https://madie.cms.gov/Coverage/93ab622d-974f-4e54-9fa7-4325a24a213e",
    "resource": {
      "resourceType": "Coverage",
      "id": "93ab622d-974f-4e54-9fa7-4325a24a213e",
      "status": "active",
      "beneficiary": {
        "reference": "Patient/dd313f04-56c7-4291-81bf-fa9483f5ba1e"
      },
      "period": {
        "start": "1974-01-02T08:00:00+00:00"
      },
      "payor": [ {
        "reference": "Organization/9fcfcff0-dbc0-4c41-978f-444844740d09"
      } ]
    },
    "request": {
      "method": "PUT",
      "url": "Coverage/93ab622d-974f-4e54-9fa7-4325a24a213e"
    }
  }, {
    "fullUrl": "https://madie.cms.gov/MedicationAdministration/ea60ec56-0a71-44ef-a156-cb4653ca3c94",
    "resource": {
      "resourceType": "MedicationAdministration",
      "id": "ea60ec56-0a71-44ef-a156-cb4653ca3c94",
      "meta": {
        "profile": [ "http://hl7.org/fhir/us/qicore/StructureDefinition/qicore-medicationadministration" ]
      },
      "status": "completed",
      "medicationCodeableConcept": {
        "coding": [ {
          "system": "http://www.nlm.nih.gov/research/umls/rxnorm",
          "code": "861356"
        } ]
      },
      "subject": {
        "reference": "Patient/dd313f04-56c7-4291-81bf-fa9483f5ba1e"
      },
      "effectivePeriod": {
        "start": "2025-11-01T01:01:00+00:00"
      }
    },
    "request": {
      "method": "PUT",
      "url": "MedicationAdministration/ea60ec56-0a71-44ef-a156-cb4653ca3c94"
    }
  }, {
    "fullUrl": "https://madie.cms.gov/Procedure/ac4e85e7-56b3-4a98-94b1-f6512ffc8069",
    "resource": {
      "resourceType": "Procedure",
      "id": "ac4e85e7-56b3-4a98-94b1-f6512ffc8069",
      "meta": {
        "profile": [ "http://hl7.org/fhir/us/qicore/StructureDefinition/qicore-procedure" ]
      },
      "extension": [ {
        "url": "http://hl7.org/fhir/us/qicore/StructureDefinition/qicore-recorded",
        "valueDateTime": "2012-11-01T09:35:00-04:00"
      } ],
      "status": "completed",
      "code": {
        "coding": [ {
          "system": "http://www.icd10data.com/icd10pcs",
          "code": "3E030FZ"
        }, {
          "system": "http://snomed.info/sct",
          "code": "18946005"
        } ]
      },
      "subject": {
        "reference": "Patient/dd313f04-56c7-4291-81bf-fa9483f5ba1e"
      },
      "performedPeriod": {
        "start": "2025-11-01T00:00:00+00:00",
        "end": "2025-11-01T01:00:00+00:00"
      }
    },
    "request": {
      "method": "PUT",
      "url": "Procedure/ac4e85e7-56b3-4a98-94b1-f6512ffc8069"
    }
  }, {
    "fullUrl": "https://madie.cms.gov/Organization/9fcfcff0-dbc0-4c41-978f-444844740d09",
    "resource": {
      "resourceType": "Organization",
      "id": "9fcfcff0-dbc0-4c41-978f-444844740d09",
      "meta": {
        "profile": [ "http://hl7.org/fhir/us/qicore/StructureDefinition/qicore-organization" ]
      },
      "identifier": [ {
        "use": "temp",
        "system": "urn:oid:2.16.840.1.113883.4.4",
        "value": "21-3259825"
      } ],
      "active": true,
      "type": [ {
        "coding": [ {
          "system": "http://terminology.hl7.org/CodeSystem/organization-type",
          "code": "pay",
          "display": "Payer"
        } ]
      } ],
      "name": "Blue Cross Blue Shield of Texas",
      "telecom": [ {
        "system": "phone",
        "value": "(+1) 972-766-6900"
      } ],
      "address": [ {
        "use": "billing",
        "type": "postal",
        "line": [ "P.O. Box 660044" ],
        "city": "Dallas",
        "state": "TX",
        "postalCode": "75266-0044",
        "country": "USA"
      } ]
    },
    "request": {
      "method": "PUT",
      "url": "Organization/9fcfcff0-dbc0-4c41-978f-444844740d09"
    }
  }, {
    "fullUrl": "https://madie.cms.gov/Practitioner/82819816-7c26-4803-bd31-c6290aa5ccdc",
    "resource": {
      "resourceType": "Practitioner",
      "id": "82819816-7c26-4803-bd31-c6290aa5ccdc",
      "identifier": [ {
        "system": "http://hl7.org/fhir/sid/us-npi",
        "value": "123456"
      } ],
      "name": [ {
        "family": "Evil",
        "prefix": [ "Dr" ]
      } ]
    },
    "request": {
      "method": "PUT",
      "url": "Practitioner/82819816-7c26-4803-bd31-c6290aa5ccdc"
    }
  }, {
    "fullUrl": "https://madie.cms.gov/MeasureReport/1aafcd06-263a-4e61-8272-1b5d36ef69c1",
    "resource": {
      "resourceType": "MeasureReport",
      "id": "1aafcd06-263a-4e61-8272-1b5d36ef69c1",
      "meta": {
        "profile": [ "http://hl7.org/fhir/us/cqfmeasures/StructureDefinition/test-case-cqfm" ]
      },
      "contained": [ {
        "resourceType": "Parameters",
        "id": "82b7f7cb-26f4-4762-a5f1-f783963d5e52-parameters",
        "parameter": [ {
          "name": "subject",
          "valueString": "dd313f04-56c7-4291-81bf-fa9483f5ba1e"
        } ]
      } ],
      "extension": [ {
        "url": "http://hl7.org/fhir/us/cqfmeasures/StructureDefinition/cqfm-inputParameters",
        "valueReference": {
          "reference": "#82b7f7cb-26f4-4762-a5f1-f783963d5e52-parameters"
        }
      }, {
        "url": "http://hl7.org/fhir/us/cqfmeasures/StructureDefinition/cqfm-testCaseDescription",
        "valueMarkdown": "Patient received injectable factor Xa med 1 min after anesthesia.end\n"
      } ],
      "modifierExtension": [ {
        "url": "http://hl7.org/fhir/us/cqfmeasures/StructureDefinition/cqfm-isTestCase",
        "valueBoolean": true
      } ],
      "status": "complete",
      "type": "individual",
      "measure": "https://madie.cms.gov/Measure/VenousThromboembolismProphylaxisFHIR",
      "period": {
        "start": "2025-01-01",
        "end": "2025-12-31"
      },
      "group": [ {
        "population": [ {
          "code": {
            "coding": [ {
              "system": "http://terminology.hl7.org/CodeSystem/measure-population",
              "code": "initial-population",
              "display": "Initial Population"
            } ]
          },
          "count": 1
        }, {
          "code": {
            "coding": [ {
              "system": "http://terminology.hl7.org/CodeSystem/measure-population",
              "code": "denominator",
              "display": "Denominator"
            } ]
          },
          "count": 1
        }, {
          "code": {
            "coding": [ {
              "system": "http://terminology.hl7.org/CodeSystem/measure-population",
              "code": "denominator-exclusion",
              "display": "Denominator Exclusion"
            } ]
          },
          "count": 0
        }, {
          "code": {
            "coding": [ {
              "system": "http://terminology.hl7.org/CodeSystem/measure-population",
              "code": "numerator",
              "display": "Numerator"
            } ]
          },
          "count": 1
        } ]
      } ],
      "evaluatedResource": [ {
        "reference": "Patient/dd313f04-56c7-4291-81bf-fa9483f5ba1e"
      }, {
        "reference": "Encounter/d9422d89-ec6f-4715-b2e8-b6f938bccbfa"
      }, {
        "reference": "Coverage/93ab622d-974f-4e54-9fa7-4325a24a213e"
      }, {
        "reference": "MedicationAdministration/ea60ec56-0a71-44ef-a156-cb4653ca3c94"
      }, {
        "reference": "Procedure/ac4e85e7-56b3-4a98-94b1-f6512ffc8069"
      }, {
        "reference": "Organization/9fcfcff0-dbc0-4c41-978f-444844740d09"
      }, {
        "reference": "Practitioner/82819816-7c26-4803-bd31-c6290aa5ccdc"
      } ]
    },
    "request": {
      "method": "PUT",
      "url": "MeasureReport/1aafcd06-263a-4e61-8272-1b5d36ef69c1"
    }
  } ]
}