{
  "resourceType": "Bundle",
  "id": "60abda28bf0a01003e3f76bd",
  "type": "transaction",
  "entry": [ {
    "fullUrl": "https://madie.cms.gov/Patient/05afd17d-f9a0-4588-bb3a-ffefd2f6c271",
    "resource": {
      "resourceType": "Patient",
      "id": "05afd17d-f9a0-4588-bb3a-ffefd2f6c271",
      "meta": {
        "profile": [ "http://hl7.org/fhir/us/qicore/StructureDefinition/qicore-patient" ]
      },
      "extension": [ {
        "url": "http://hl7.org/fhir/us/core/StructureDefinition/us-core-race",
        "extension": [ {
          "url": "ombCategory",
          "valueCoding": {
            "system": "urn:oid:2.16.840.1.113883.6.238",
            "code": "2054-5",
            "display": "Black or African American"
          }
        }, {
          "url": "text",
          "valueString": "Black or African American"
        } ]
      }, {
        "url": "http://hl7.org/fhir/us/core/StructureDefinition/us-core-ethnicity",
        "extension": [ {
          "url": "ombCategory",
          "valueCoding": {
            "system": "urn:oid:2.16.840.1.113883.6.238",
            "code": "2186-5",
            "display": "Not Hispanic or Latino"
          }
        }, {
          "url": "text",
          "valueString": "Not Hispanic or Latino"
        } ]
      } ],
      "identifier": [ {
        "type": {
          "coding": [ {
            "system": "http://terminology.hl7.org/CodeSystem/v2-0203",
            "code": "MR"
          } ]
        },
        "system": "https://bonnie-fhir.healthit.gov/",
        "value": "463131313187656"
      } ],
      "name": [ {
        "family": "NUMERPass",
        "given": [ "ADT3MonthsBeforeMP" ]
      } ],
      "gender": "male",
      "birthDate": "1969-06-15"
    },
    "request": {
      "method": "PUT",
      "url": "Patient/05afd17d-f9a0-4588-bb3a-ffefd2f6c271"
    }
  }, {
    "fullUrl": "https://madie.cms.gov/Encounter/273dc212-0cb7-4e95-a909-85f0ddd366b3",
    "resource": {
      "resourceType": "Encounter",
      "id": "273dc212-0cb7-4e95-a909-85f0ddd366b3",
      "meta": {
        "profile": [ "http://hl7.org/fhir/us/qicore/StructureDefinition/qicore-encounter" ]
      },
      "status": "finished",
      "class": {
        "system": "http://terminology.hl7.org/CodeSystem/v3-ActCode",
        "code": "AMB",
        "display": "ambulatory"
      },
      "type": [ {
        "coding": [ {
          "system": "http://snomed.info/sct",
          "version": "http://snomed.info/sct/731000124108/version/20240301",
          "code": "185463005",
          "display": "Visit out of hours (procedure)"
        } ]
      } ],
      "subject": {
        "reference": "Patient/05afd17d-f9a0-4588-bb3a-ffefd2f6c271"
      },
      "period": {
        "start": "2025-01-01T08:00:00.000+00:00",
        "end": "2025-01-01T08:15:00.000+00:00"
      }
    },
    "request": {
      "method": "PUT",
      "url": "Encounter/273dc212-0cb7-4e95-a909-85f0ddd366b3"
    }
  }, {
    "fullUrl": "https://madie.cms.gov/Condition/9e6676e4-3312-4b71-a88a-870b1c0d1694",
    "resource": {
      "resourceType": "Condition",
      "id": "9e6676e4-3312-4b71-a88a-870b1c0d1694",
      "meta": {
        "profile": [ "http://hl7.org/fhir/us/qicore/StructureDefinition/qicore-condition-problems-health-concerns" ]
      },
      "clinicalStatus": {
        "coding": [ {
          "system": "http://terminology.hl7.org/CodeSystem/condition-clinical",
          "code": "active",
          "display": "Active",
          "userSelected": true
        } ]
      },
      "verificationStatus": {
        "coding": [ {
          "system": "http://terminology.hl7.org/CodeSystem/condition-ver-status",
          "code": "confirmed"
        } ]
      },
      "category": [ {
        "coding": [ {
          "system": "http://terminology.hl7.org/CodeSystem/condition-category",
          "code": "problem-list-item",
          "display": "Problem List Item"
        } ]
      } ],
      "code": {
        "coding": [ {
          "system": "http://snomed.info/sct",
          "version": "http://snomed.info/sct/731000124108/version/20240301",
          "code": "254900004",
          "display": "Carcinoma of prostate (disorder)"
        } ]
      },
      "subject": {
        "reference": "Patient/05afd17d-f9a0-4588-bb3a-ffefd2f6c271"
      },
      "onsetDateTime": "2024-09-30T08:00:00.000+00:00"
    },
    "request": {
      "method": "PUT",
      "url": "Condition/9e6676e4-3312-4b71-a88a-870b1c0d1694"
    }
  }, {
    "fullUrl": "https://madie.cms.gov/Observation/4cf8ad06-6253-429d-b5c4-48b2aee9410f",
    "resource": {
      "resourceType": "Observation",
      "id": "4cf8ad06-6253-429d-b5c4-48b2aee9410f",
      "meta": {
        "profile": [ "http://hl7.org/fhir/us/qicore/StructureDefinition/qicore-observation-lab" ]
      },
      "status": "final",
      "category": [ {
        "coding": [ {
          "system": "http://terminology.hl7.org/CodeSystem/observation-category",
          "code": "imaging",
          "display": "Imaging"
        } ]
      } ],
      "code": {
        "coding": [ {
          "system": "http://loinc.org",
          "version": "2.76",
          "code": "38265-5",
          "display": "DXA Radius and Ulna [T-score] Bone density"
        } ]
      },
      "subject": {
        "reference": "Patient/05afd17d-f9a0-4588-bb3a-ffefd2f6c271"
      },
      "effectivePeriod": {
        "start": "2025-01-01T10:00:00.000+00:00"
      }
    },
    "request": {
      "method": "PUT",
      "url": "Observation/4cf8ad06-6253-429d-b5c4-48b2aee9410f"
    }
  }, {
    "fullUrl": "https://madie.cms.gov/Practitioner/a2d61a87-6c34-4a37-ae28-b29181f1d6b5",
    "resource": {
      "resourceType": "Practitioner",
      "id": "a2d61a87-6c34-4a37-ae28-b29181f1d6b5",
      "meta": {
        "profile": [ "http://hl7.org/fhir/us/qicore/StructureDefinition/qicore-practitioner" ]
      },
      "identifier": [ {
        "use": "temp",
        "system": "urn:oid:2.16.840.1.113883.4.336",
        "value": "Practitioner-23"
      } ],
      "active": true,
      "name": [ {
        "family": "Careful",
        "given": [ "Adam" ],
        "prefix": [ "Dr" ]
      } ],
      "address": [ {
        "use": "home",
        "line": [ "534 Erewhon St" ],
        "city": "PleasantVille",
        "state": "UT",
        "postalCode": "84414"
      } ],
      "qualification": [ {
        "identifier": [ {
          "system": "http://example.org/UniversityIdentifier",
          "value": "12345"
        } ],
        "code": {
          "coding": [ {
            "system": "http://terminology.hl7.org/CodeSystem/v2-0360|2.7",
            "code": "BS",
            "display": "Bachelor of Science"
          } ],
          "text": "Bachelor of Science"
        },
        "period": {
          "start": "1995"
        },
        "issuer": {
          "display": "Example University"
        }
      } ]
    },
    "request": {
      "method": "PUT",
      "url": "Practitioner/a2d61a87-6c34-4a37-ae28-b29181f1d6b5"
    }
  }, {
    "fullUrl": "https://madie.cms.gov/MedicationRequest/42882a34-c304-4fd4-b8e5-a387cd2c14ed",
    "resource": {
      "resourceType": "MedicationRequest",
      "id": "42882a34-c304-4fd4-b8e5-a387cd2c14ed",
      "meta": {
        "profile": [ "http://hl7.org/fhir/us/qicore/StructureDefinition/qicore-medicationrequest" ]
      },
      "status": "active",
      "intent": "order",
      "doNotPerform": false,
      "medicationCodeableConcept": {
        "coding": [ {
          "system": "http://www.nlm.nih.gov/research/umls/rxnorm",
          "version": "04012024",
          "code": "1115257",
          "display": "1.5 ML leuprolide acetate 30 MG/ML Prefilled Syringe"
        } ]
      },
      "subject": {
        "reference": "Patient/05afd17d-f9a0-4588-bb3a-ffefd2f6c271"
      },
      "authoredOn": "2024-10-01T08:00:00.000+00:00",
      "requester": {
        "reference": "http://myGoodHealthcare.com/fhir/Practitioner/a2d61a87-6c34-4a37-ae28-b29181f1d6b5"
      },
      "dosageInstruction": [ {
        "timing": {
          "repeat": {
            "boundsPeriod": {
              "start": "2024-10-01T08:00:00.000+00:00",
              "end": "2024-11-01T08:00:00.000+00:00"
            }
          }
        }
      } ]
    },
    "request": {
      "method": "PUT",
      "url": "MedicationRequest/42882a34-c304-4fd4-b8e5-a387cd2c14ed"
    }
  }, {
    "fullUrl": "https://madie.cms.gov/ServiceRequest/2e74b38b-d6c0-440d-8a0a-875f14217c55",
    "resource": {
      "resourceType": "ServiceRequest",
      "id": "2e74b38b-d6c0-440d-8a0a-875f14217c55",
      "meta": {
        "profile": [ "http://hl7.org/fhir/us/qicore/StructureDefinition/qicore-servicerequest" ]
      },
      "status": "active",
      "intent": "order",
      "code": {
        "coding": [ {
          "system": "http://snomed.info/sct",
          "version": "http://snomed.info/sct/731000124108/version/20240301",
          "code": "456381000124102",
          "display": "Injection of leuprolide acetate for twelve month period (regime/therapy)"
        } ]
      },
      "subject": {
        "reference": "Patient/05afd17d-f9a0-4588-bb3a-ffefd2f6c271"
      },
      "authoredOn": "2024-10-01T08:00:00.000+00:00"
    },
    "request": {
      "method": "PUT",
      "url": "ServiceRequest/2e74b38b-d6c0-440d-8a0a-875f14217c55"
    }
  }, {
    "fullUrl": "https://madie.cms.gov/MeasureReport/4eac125a-6608-4364-be11-4a0de85bbcc7",
    "resource": {
      "resourceType": "MeasureReport",
      "id": "4eac125a-6608-4364-be11-4a0de85bbcc7",
      "meta": {
        "profile": [ "http://hl7.org/fhir/us/cqfmeasures/StructureDefinition/test-case-cqfm" ]
      },
      "contained": [ {
        "resourceType": "Parameters",
        "id": "cef23a18-c9f1-41be-a09b-bd220070e747-parameters",
        "parameter": [ {
          "name": "subject",
          "valueString": "05afd17d-f9a0-4588-bb3a-ffefd2f6c271"
        } ]
      } ],
      "extension": [ {
        "url": "http://hl7.org/fhir/us/cqfmeasures/StructureDefinition/cqfm-inputParameters",
        "valueReference": {
          "reference": "#cef23a18-c9f1-41be-a09b-bd220070e747-parameters"
        }
      }, {
        "url": "http://hl7.org/fhir/us/cqfmeasures/StructureDefinition/cqfm-testCaseDescription",
        "valueMarkdown": "Dx of Prostate Cancer and qualifying encounters. ADT 3 months before MP, DEXA within 3 mo after ADT. Edge. Passes NUMER criteria as expected."
      } ],
      "modifierExtension": [ {
        "url": "http://hl7.org/fhir/us/cqfmeasures/StructureDefinition/cqfm-isTestCase",
        "valueBoolean": true
      } ],
      "status": "complete",
      "type": "individual",
      "measure": "https://madie.cms.gov/Measure/BoneDensityProstateCancerAndrogenDeprivationTherapyFHIR6",
      "period": {
        "start": "2025-01-01",
        "end": "2025-12-31"
      },
      "group": [ {
        "id": "67b61060a0d801640767a597",
        "population": [ {
          "id": "E8F25116-1779-4BA6-B606-34F12AE4F5BA",
          "code": {
            "coding": [ {
              "system": "http://terminology.hl7.org/CodeSystem/measure-population",
              "code": "initial-population",
              "display": "Initial Population"
            } ]
          },
          "count": 1
        }, {
          "id": "1C145A56-9250-4444-A497-86C44F55CFDB",
          "code": {
            "coding": [ {
              "system": "http://terminology.hl7.org/CodeSystem/measure-population",
              "code": "denominator",
              "display": "Denominator"
            } ]
          },
          "count": 1
        }, {
          "id": "B1E0E3D2-D44E-4BFF-92F8-077CF1AE234F",
          "code": {
            "coding": [ {
              "system": "http://terminology.hl7.org/CodeSystem/measure-population",
              "code": "numerator",
              "display": "Numerator"
            } ]
          },
          "count": 1
        }, {
          "id": "A9552F46-139C-4270-835C-224132205362",
          "code": {
            "coding": [ {
              "system": "http://terminology.hl7.org/CodeSystem/measure-population",
              "code": "denominator-exception",
              "display": "Denominator Exception"
            } ]
          },
          "count": 0
        } ],
        "measureScore": {
          "value": 1.0
        }
      } ],
      "evaluatedResource": [ {
        "reference": "Patient/05afd17d-f9a0-4588-bb3a-ffefd2f6c271"
      }, {
        "reference": "Encounter/273dc212-0cb7-4e95-a909-85f0ddd366b3"
      }, {
        "reference": "Condition/9e6676e4-3312-4b71-a88a-870b1c0d1694"
      }, {
        "reference": "Observation/4cf8ad06-6253-429d-b5c4-48b2aee9410f"
      }, {
        "reference": "Practitioner/a2d61a87-6c34-4a37-ae28-b29181f1d6b5"
      }, {
        "reference": "MedicationRequest/42882a34-c304-4fd4-b8e5-a387cd2c14ed"
      }, {
        "reference": "ServiceRequest/2e74b38b-d6c0-440d-8a0a-875f14217c55"
      } ]
    },
    "request": {
      "method": "PUT",
      "url": "MeasureReport/4eac125a-6608-4364-be11-4a0de85bbcc7"
    }
  } ]
}