{
  "resourceType": "Bundle",
  "id": "612e6b2902c62a011f2ecaf3",
  "type": "transaction",
  "entry": [ {
    "fullUrl": "https://madie.cms.gov/Patient/2b4eefd5-f4d3-4867-ab9a-0fc6c2a0e178",
    "resource": {
      "resourceType": "Patient",
      "id": "2b4eefd5-f4d3-4867-ab9a-0fc6c2a0e178",
      "meta": {
        "profile": [ "http://hl7.org/fhir/us/qicore/StructureDefinition/qicore-patient" ]
      },
      "text": {
        "status": "generated",
        "div": "<div xmlns=\"http://www.w3.org/1999/xhtml\"><div class=\"hapiHeaderText\">VTERiskAssStartEDendOnIPEncStart <b>NUMERPASS </b></div><table class=\"hapiPropertyTable\"><tbody><tr><td>Identifier</td><td>9eeaae30f2c13f342ba722a8c92cd6bf</td></tr><tr><td>Date of birth</td><td><span>02 January 1974</span></td></tr></tbody></table></div>"
      },
      "extension": [ {
        "url": "http://hl7.org/fhir/us/core/StructureDefinition/us-core-race",
        "extension": [ {
          "url": "ombCategory",
          "valueCoding": {
            "system": "urn:oid:2.16.840.1.113883.6.238",
            "code": "1002-5",
            "display": "American Indian or Alaska Native",
            "userSelected": true
          }
        }, {
          "url": "text",
          "valueString": "American Indian or Alaska Native"
        } ]
      }, {
        "url": "http://hl7.org/fhir/us/core/StructureDefinition/us-core-ethnicity",
        "extension": [ {
          "url": "ombCategory",
          "valueCoding": {
            "system": "urn:oid:2.16.840.1.113883.6.238",
            "code": "2135-2",
            "display": "Hispanic or Latino",
            "userSelected": true
          }
        }, {
          "url": "text",
          "valueString": "Hispanic or Latino"
        } ]
      } ],
      "identifier": [ {
        "type": {
          "coding": [ {
            "system": "http://terminology.hl7.org/CodeSystem/v2-0203",
            "code": "MR"
          } ]
        },
        "system": "https://bonnie-fhir.healthit.gov/",
        "value": "612e6b2902c62a011f2ecaf3"
      } ],
      "active": true,
      "name": [ {
        "use": "usual",
        "family": "NUMERPass",
        "given": [ "VTERiskAssStartEDendOnIPEncStart" ]
      } ],
      "gender": "male",
      "birthDate": "1974-01-02"
    },
    "request": {
      "method": "PUT",
      "url": "Patient/2b4eefd5-f4d3-4867-ab9a-0fc6c2a0e178"
    }
  }, {
    "fullUrl": "https://madie.cms.gov/Encounter/91145e25-a8a7-47d5-8664-555290645966",
    "resource": {
      "resourceType": "Encounter",
      "id": "91145e25-a8a7-47d5-8664-555290645966",
      "meta": {
        "profile": [ "http://hl7.org/fhir/us/qicore/StructureDefinition/qicore-encounter" ]
      },
      "status": "finished",
      "class": {
        "system": "http://terminology.hl7.org/CodeSystem/v3-ActCode",
        "code": "EMER",
        "display": "emergency"
      },
      "type": [ {
        "coding": [ {
          "system": "http://snomed.info/sct",
          "code": "4525004"
        } ]
      } ],
      "subject": {
        "reference": "Patient/2b4eefd5-f4d3-4867-ab9a-0fc6c2a0e178"
      },
      "period": {
        "start": "2025-11-01T06:00:00+00:00",
        "end": "2025-11-01T08:00:00+00:00"
      },
      "length": {
        "value": 0.0,
        "unit": "days"
      }
    },
    "request": {
      "method": "PUT",
      "url": "Encounter/91145e25-a8a7-47d5-8664-555290645966"
    }
  }, {
    "fullUrl": "https://madie.cms.gov/Encounter/cc60da67-9050-4729-80b3-2c5edfa078ac",
    "resource": {
      "resourceType": "Encounter",
      "id": "cc60da67-9050-4729-80b3-2c5edfa078ac",
      "meta": {
        "profile": [ "http://hl7.org/fhir/us/qicore/StructureDefinition/qicore-encounter" ]
      },
      "status": "finished",
      "class": {
        "system": "http://terminology.hl7.org/CodeSystem/v3-ActCode",
        "code": "IMP",
        "display": "inpatient encounter"
      },
      "type": [ {
        "coding": [ {
          "system": "http://snomed.info/sct",
          "code": "8715000"
        } ]
      } ],
      "subject": {
        "reference": "Patient/2b4eefd5-f4d3-4867-ab9a-0fc6c2a0e178"
      },
      "period": {
        "start": "2025-11-01T08:00:00+00:00",
        "end": "2025-11-26T08:15:00+00:00"
      },
      "length": {
        "value": 25.0,
        "unit": "days"
      }
    },
    "request": {
      "method": "PUT",
      "url": "Encounter/cc60da67-9050-4729-80b3-2c5edfa078ac"
    }
  }, {
    "fullUrl": "https://madie.cms.gov/Observation/ad20cebc-be1a-4471-b1c7-4ee43444fb60",
    "resource": {
      "resourceType": "Observation",
      "id": "ad20cebc-be1a-4471-b1c7-4ee43444fb60",
      "meta": {
        "profile": [ "http://hl7.org/fhir/us/qicore/StructureDefinition/qicore-observation" ]
      },
      "status": "final",
      "category": [ {
        "coding": [ {
          "system": "http://terminology.hl7.org/CodeSystem/observation-category",
          "code": "exam",
          "display": "Exam",
          "userSelected": true
        } ]
      } ],
      "code": {
        "coding": [ {
          "system": "http://loinc.org",
          "code": "72136-5"
        } ]
      },
      "subject": {
        "reference": "Patient/2b4eefd5-f4d3-4867-ab9a-0fc6c2a0e178"
      },
      "effectivePeriod": {
        "start": "2025-11-01T07:15:00.000+00:00"
      },
      "valueCodeableConcept": {
        "coding": [ {
          "system": "http://snomed.info/sct",
          "code": "260362008",
          "display": "Low Risk"
        } ]
      }
    },
    "request": {
      "method": "PUT",
      "url": "Observation/ad20cebc-be1a-4471-b1c7-4ee43444fb60"
    }
  }, {
    "fullUrl": "https://madie.cms.gov/Coverage/55695a28-29d9-433a-8f75-e09587ddbb30",
    "resource": {
      "resourceType": "Coverage",
      "id": "55695a28-29d9-433a-8f75-e09587ddbb30",
      "status": "active",
      "beneficiary": {
        "reference": "Patient/2b4eefd5-f4d3-4867-ab9a-0fc6c2a0e178"
      },
      "period": {
        "start": "1974-01-02T08:00:00+00:00"
      },
      "payor": [ {
        "reference": "Organization/95f0b711-d98d-4184-8d90-99a13890469d"
      } ]
    },
    "request": {
      "method": "PUT",
      "url": "Coverage/55695a28-29d9-433a-8f75-e09587ddbb30"
    }
  }, {
    "fullUrl": "https://madie.cms.gov/Organization/95f0b711-d98d-4184-8d90-99a13890469d",
    "resource": {
      "resourceType": "Organization",
      "id": "95f0b711-d98d-4184-8d90-99a13890469d",
      "meta": {
        "profile": [ "http://hl7.org/fhir/us/qicore/StructureDefinition/qicore-organization" ]
      },
      "identifier": [ {
        "use": "temp",
        "system": "urn:oid:2.16.840.1.113883.4.4",
        "value": "21-3259825"
      } ],
      "active": true,
      "type": [ {
        "coding": [ {
          "system": "http://terminology.hl7.org/CodeSystem/organization-type",
          "code": "pay",
          "display": "Payer"
        } ]
      } ],
      "name": "Blue Cross Blue Shield of Texas",
      "telecom": [ {
        "system": "phone",
        "value": "(+1) 972-766-6900"
      } ],
      "address": [ {
        "use": "billing",
        "type": "postal",
        "line": [ "P.O. Box 660044" ],
        "city": "Dallas",
        "state": "TX",
        "postalCode": "75266-0044",
        "country": "USA"
      } ]
    },
    "request": {
      "method": "PUT",
      "url": "Organization/95f0b711-d98d-4184-8d90-99a13890469d"
    }
  }, {
    "fullUrl": "https://madie.cms.gov/Practitioner/81968ecf-ee38-42e9-9e43-d3be19ffa64d",
    "resource": {
      "resourceType": "Practitioner",
      "id": "81968ecf-ee38-42e9-9e43-d3be19ffa64d",
      "identifier": [ {
        "system": "http://hl7.org/fhir/sid/us-npi",
        "value": "123456"
      } ],
      "name": [ {
        "family": "Evil",
        "prefix": [ "Dr" ]
      } ]
    },
    "request": {
      "method": "PUT",
      "url": "Practitioner/81968ecf-ee38-42e9-9e43-d3be19ffa64d"
    }
  }, {
    "fullUrl": "https://madie.cms.gov/MeasureReport/15ee025a-e45e-4136-8138-ae351d6b2af5",
    "resource": {
      "resourceType": "MeasureReport",
      "id": "15ee025a-e45e-4136-8138-ae351d6b2af5",
      "meta": {
        "profile": [ "http://hl7.org/fhir/us/cqfmeasures/StructureDefinition/test-case-cqfm" ]
      },
      "contained": [ {
        "resourceType": "Parameters",
        "id": "4e62f86e-1400-4c63-85b5-08a84a0b5672-parameters",
        "parameter": [ {
          "name": "subject",
          "valueString": "2b4eefd5-f4d3-4867-ab9a-0fc6c2a0e178"
        } ]
      } ],
      "extension": [ {
        "url": "http://hl7.org/fhir/us/cqfmeasures/StructureDefinition/cqfm-inputParameters",
        "valueReference": {
          "reference": "#4e62f86e-1400-4c63-85b5-08a84a0b5672-parameters"
        }
      }, {
        "url": "http://hl7.org/fhir/us/cqfmeasures/StructureDefinition/cqfm-testCaseDescription",
        "valueMarkdown": "\">18, LOS<120 day,Risk, RCA period start in ED (RCA endtime is null, and ED.end = IP.start\n\"\n"
      } ],
      "modifierExtension": [ {
        "url": "http://hl7.org/fhir/us/cqfmeasures/StructureDefinition/cqfm-isTestCase",
        "valueBoolean": true
      } ],
      "status": "complete",
      "type": "individual",
      "measure": "https://madie.cms.gov/Measure/VenousThromboembolismProphylaxisFHIR",
      "period": {
        "start": "2025-01-01",
        "end": "2025-12-31"
      },
      "group": [ {
        "population": [ {
          "code": {
            "coding": [ {
              "system": "http://terminology.hl7.org/CodeSystem/measure-population",
              "code": "initial-population",
              "display": "Initial Population"
            } ]
          },
          "count": 1
        }, {
          "code": {
            "coding": [ {
              "system": "http://terminology.hl7.org/CodeSystem/measure-population",
              "code": "denominator",
              "display": "Denominator"
            } ]
          },
          "count": 1
        }, {
          "code": {
            "coding": [ {
              "system": "http://terminology.hl7.org/CodeSystem/measure-population",
              "code": "denominator-exclusion",
              "display": "Denominator Exclusion"
            } ]
          },
          "count": 0
        }, {
          "code": {
            "coding": [ {
              "system": "http://terminology.hl7.org/CodeSystem/measure-population",
              "code": "numerator",
              "display": "Numerator"
            } ]
          },
          "count": 1
        } ]
      } ],
      "evaluatedResource": [ {
        "reference": "Patient/2b4eefd5-f4d3-4867-ab9a-0fc6c2a0e178"
      }, {
        "reference": "Encounter/91145e25-a8a7-47d5-8664-555290645966"
      }, {
        "reference": "Encounter/cc60da67-9050-4729-80b3-2c5edfa078ac"
      }, {
        "reference": "Observation/ad20cebc-be1a-4471-b1c7-4ee43444fb60"
      }, {
        "reference": "Coverage/55695a28-29d9-433a-8f75-e09587ddbb30"
      }, {
        "reference": "Organization/95f0b711-d98d-4184-8d90-99a13890469d"
      }, {
        "reference": "Practitioner/81968ecf-ee38-42e9-9e43-d3be19ffa64d"
      } ]
    },
    "request": {
      "method": "PUT",
      "url": "MeasureReport/15ee025a-e45e-4136-8138-ae351d6b2af5"
    }
  } ]
}