{
  "resourceType": "Bundle",
  "id": "612e6b2e02c62a011f2ecc81",
  "type": "transaction",
  "entry": [ {
    "fullUrl": "https://madie.cms.gov/Patient/1257e724-e83a-43c3-99e5-0854a83e118c",
    "resource": {
      "resourceType": "Patient",
      "id": "1257e724-e83a-43c3-99e5-0854a83e118c",
      "meta": {
        "profile": [ "http://hl7.org/fhir/us/qicore/StructureDefinition/qicore-patient" ]
      },
      "text": {
        "status": "generated",
        "div": "<div xmlns=\"http://www.w3.org/1999/xhtml\"><div class=\"hapiHeaderText\">PtRef_MO_Riv_DayOfAnes_ProcRvltDT <b>NUMERPASS </b></div><table class=\"hapiPropertyTable\"><tbody><tr><td>Identifier</td><td>bec2580a47ed4bf7691b191e0654b2de</td></tr><tr><td>Date of birth</td><td><span>02 January 1974</span></td></tr></tbody></table></div>"
      },
      "extension": [ {
        "url": "http://hl7.org/fhir/us/core/StructureDefinition/us-core-race",
        "extension": [ {
          "url": "ombCategory",
          "valueCoding": {
            "system": "urn:oid:2.16.840.1.113883.6.238",
            "code": "1002-5",
            "display": "American Indian or Alaska Native",
            "userSelected": true
          }
        }, {
          "url": "text",
          "valueString": "American Indian or Alaska Native"
        } ]
      }, {
        "url": "http://hl7.org/fhir/us/core/StructureDefinition/us-core-ethnicity",
        "extension": [ {
          "url": "ombCategory",
          "valueCoding": {
            "system": "urn:oid:2.16.840.1.113883.6.238",
            "code": "2135-2",
            "display": "Hispanic or Latino",
            "userSelected": true
          }
        }, {
          "url": "text",
          "valueString": "Hispanic or Latino"
        } ]
      } ],
      "identifier": [ {
        "type": {
          "coding": [ {
            "system": "http://terminology.hl7.org/CodeSystem/v2-0203",
            "code": "MR"
          } ]
        },
        "system": "https://bonnie-fhir.healthit.gov/",
        "value": "612e6b2e02c62a011f2ecc81"
      } ],
      "active": true,
      "name": [ {
        "use": "usual",
        "family": "NUMERPass",
        "given": [ "PtRef_MO_Riv_DayOfAnes_ProcRvltDT" ]
      } ],
      "gender": "male",
      "birthDate": "1974-01-02"
    },
    "request": {
      "method": "PUT",
      "url": "Patient/1257e724-e83a-43c3-99e5-0854a83e118c"
    }
  }, {
    "fullUrl": "https://madie.cms.gov/Encounter/ac46f9b5-b83c-4239-b1f2-aa06f7c0ce74",
    "resource": {
      "resourceType": "Encounter",
      "id": "ac46f9b5-b83c-4239-b1f2-aa06f7c0ce74",
      "meta": {
        "profile": [ "http://hl7.org/fhir/us/qicore/StructureDefinition/qicore-encounter" ]
      },
      "status": "finished",
      "class": {
        "system": "http://terminology.hl7.org/CodeSystem/v3-ActCode",
        "code": "IMP",
        "display": "inpatient encounter"
      },
      "type": [ {
        "coding": [ {
          "system": "http://snomed.info/sct",
          "code": "8715000"
        } ]
      } ],
      "subject": {
        "reference": "Patient/1257e724-e83a-43c3-99e5-0854a83e118c"
      },
      "period": {
        "start": "2025-11-01T08:00:00+00:00",
        "end": "2025-11-26T08:15:00+00:00"
      },
      "length": {
        "value": 25,
        "unit": "days"
      }
    },
    "request": {
      "method": "PUT",
      "url": "Encounter/ac46f9b5-b83c-4239-b1f2-aa06f7c0ce74"
    }
  }, {
    "fullUrl": "https://madie.cms.gov/Coverage/ce640c31-18dc-400e-9d96-d19047cc0a47",
    "resource": {
      "resourceType": "Coverage",
      "id": "ce640c31-18dc-400e-9d96-d19047cc0a47",
      "status": "active",
      "beneficiary": {
        "reference": "Patient/1257e724-e83a-43c3-99e5-0854a83e118c"
      },
      "period": {
        "start": "1974-01-02T08:00:00+00:00"
      },
      "payor": [ {
        "reference": "Organization/c843fe24-0170-4967-98a0-08ea7a67a0ae"
      } ]
    },
    "request": {
      "method": "PUT",
      "url": "Coverage/ce640c31-18dc-400e-9d96-d19047cc0a47"
    }
  }, {
    "fullUrl": "https://madie.cms.gov/MedicationRequest/8fae3b1a-c294-4500-a0cf-8ee040a28480",
    "resource": {
      "resourceType": "MedicationRequest",
      "id": "8fae3b1a-c294-4500-a0cf-8ee040a28480",
      "meta": {
        "profile": [ "http://hl7.org/fhir/us/qicore/StructureDefinition/qicore-mednotrequested" ]
      },
      "status": "completed",
      "intent": "order",
      "category": [ {
        "coding": [ {
          "system": "http://terminology.hl7.org/CodeSystem/medicationrequest-category",
          "code": "community"
        } ]
      } ],
      "doNotPerform": true,
      "medicationCodeableConcept": {
        "coding": [ {
          "system": "http://www.nlm.nih.gov/research/umls/rxnorm",
          "code": "1114198"
        } ]
      },
      "subject": {
        "reference": "Patient/1257e724-e83a-43c3-99e5-0854a83e118c"
      },
      "authoredOn": "2025-11-01T07:00:00+00:00",
      "requester": {
        "reference": "Practitioner/123456"
      },
      "reasonCode": [ {
        "coding": [ {
          "system": "http://snomed.info/sct",
          "code": "443390004",
          "display": "Refusal of treatment by patient (situation)",
          "userSelected": true
        } ]
      } ],
      "dosageInstruction": [ {
        "timing": {
          "repeat": {
            "boundsPeriod": {
              "start": "2025-11-03T09:00:00+00:00"
            }
          }
        }
      } ]
    },
    "request": {
      "method": "PUT",
      "url": "MedicationRequest/8fae3b1a-c294-4500-a0cf-8ee040a28480"
    }
  }, {
    "fullUrl": "https://madie.cms.gov/Procedure/9b7ab386-91c3-4c33-a751-37a2af49cabc",
    "resource": {
      "resourceType": "Procedure",
      "id": "9b7ab386-91c3-4c33-a751-37a2af49cabc",
      "meta": {
        "profile": [ "http://hl7.org/fhir/us/qicore/StructureDefinition/qicore-procedure" ]
      },
      "extension": [ {
        "url": "http://hl7.org/fhir/us/qicore/StructureDefinition/qicore-recorded",
        "valueDateTime": "2012-11-19T09:35:00-04:00"
      } ],
      "status": "completed",
      "code": {
        "coding": [ {
          "system": "http://snomed.info/sct",
          "code": "18946005"
        } ]
      },
      "subject": {
        "reference": "Patient/1257e724-e83a-43c3-99e5-0854a83e118c"
      },
      "performedDateTime": "2025-11-02T09:15:00.000+00:00"
    },
    "request": {
      "method": "PUT",
      "url": "Procedure/9b7ab386-91c3-4c33-a751-37a2af49cabc"
    }
  }, {
    "fullUrl": "https://madie.cms.gov/Organization/c843fe24-0170-4967-98a0-08ea7a67a0ae",
    "resource": {
      "resourceType": "Organization",
      "id": "c843fe24-0170-4967-98a0-08ea7a67a0ae",
      "meta": {
        "profile": [ "http://hl7.org/fhir/us/qicore/StructureDefinition/qicore-organization" ]
      },
      "identifier": [ {
        "use": "temp",
        "system": "urn:oid:2.16.840.1.113883.4.4",
        "value": "21-3259825"
      } ],
      "active": true,
      "type": [ {
        "coding": [ {
          "system": "http://terminology.hl7.org/CodeSystem/organization-type",
          "code": "pay",
          "display": "Payer"
        } ]
      } ],
      "name": "Blue Cross Blue Shield of Texas",
      "telecom": [ {
        "system": "phone",
        "value": "(+1) 972-766-6900"
      } ],
      "address": [ {
        "use": "billing",
        "type": "postal",
        "line": [ "P.O. Box 660044" ],
        "city": "Dallas",
        "state": "TX",
        "postalCode": "75266-0044",
        "country": "USA"
      } ]
    },
    "request": {
      "method": "PUT",
      "url": "Organization/c843fe24-0170-4967-98a0-08ea7a67a0ae"
    }
  }, {
    "fullUrl": "https://madie.cms.gov/Practitioner/db405054-eba2-4984-af1b-8e77ebed2ccc",
    "resource": {
      "resourceType": "Practitioner",
      "id": "db405054-eba2-4984-af1b-8e77ebed2ccc",
      "identifier": [ {
        "system": "http://hl7.org/fhir/sid/us-npi",
        "value": "123456"
      } ],
      "name": [ {
        "family": "Evil",
        "prefix": [ "Dr" ]
      } ]
    },
    "request": {
      "method": "PUT",
      "url": "Practitioner/db405054-eba2-4984-af1b-8e77ebed2ccc"
    }
  }, {
    "fullUrl": "https://madie.cms.gov/MeasureReport/17058351-7855-4092-bfe1-b84591b6a78c",
    "resource": {
      "resourceType": "MeasureReport",
      "id": "17058351-7855-4092-bfe1-b84591b6a78c",
      "meta": {
        "profile": [ "http://hl7.org/fhir/us/cqfmeasures/StructureDefinition/test-case-cqfm" ]
      },
      "contained": [ {
        "resourceType": "Parameters",
        "id": "7b60fb84-777a-41f4-9740-3cd6c03250b2-parameters",
        "parameter": [ {
          "name": "subject",
          "valueString": "1257e724-e83a-43c3-99e5-0854a83e118c"
        } ]
      } ],
      "extension": [ {
        "url": "http://hl7.org/fhir/us/cqfmeasures/StructureDefinition/cqfm-inputParameters",
        "valueReference": {
          "reference": "#7b60fb84-777a-41f4-9740-3cd6c03250b2-parameters"
        }
      }, {
        "url": "http://hl7.org/fhir/us/cqfmeasures/StructureDefinition/cqfm-testCaseDescription",
        "valueMarkdown": "Rivaroxaban refused <= 1 day after end of anesthesia as revelant Datetime\n"
      } ],
      "modifierExtension": [ {
        "url": "http://hl7.org/fhir/us/cqfmeasures/StructureDefinition/cqfm-isTestCase",
        "valueBoolean": true
      } ],
      "status": "complete",
      "type": "individual",
      "measure": "https://madie.cms.gov/Measure/VenousThromboembolismProphylaxisFHIR",
      "period": {
        "start": "2025-01-01",
        "end": "2025-12-31"
      },
      "group": [ {
        "population": [ {
          "code": {
            "coding": [ {
              "system": "http://terminology.hl7.org/CodeSystem/measure-population",
              "code": "initial-population",
              "display": "Initial Population"
            } ]
          },
          "count": 1
        }, {
          "code": {
            "coding": [ {
              "system": "http://terminology.hl7.org/CodeSystem/measure-population",
              "code": "denominator",
              "display": "Denominator"
            } ]
          },
          "count": 1
        }, {
          "code": {
            "coding": [ {
              "system": "http://terminology.hl7.org/CodeSystem/measure-population",
              "code": "denominator-exclusion",
              "display": "Denominator Exclusion"
            } ]
          },
          "count": 0
        }, {
          "code": {
            "coding": [ {
              "system": "http://terminology.hl7.org/CodeSystem/measure-population",
              "code": "numerator",
              "display": "Numerator"
            } ]
          },
          "count": 1
        } ]
      } ],
      "evaluatedResource": [ {
        "reference": "Patient/1257e724-e83a-43c3-99e5-0854a83e118c"
      }, {
        "reference": "Encounter/ac46f9b5-b83c-4239-b1f2-aa06f7c0ce74"
      }, {
        "reference": "Coverage/ce640c31-18dc-400e-9d96-d19047cc0a47"
      }, {
        "reference": "MedicationRequest/8fae3b1a-c294-4500-a0cf-8ee040a28480"
      }, {
        "reference": "Procedure/9b7ab386-91c3-4c33-a751-37a2af49cabc"
      }, {
        "reference": "Organization/c843fe24-0170-4967-98a0-08ea7a67a0ae"
      }, {
        "reference": "Practitioner/db405054-eba2-4984-af1b-8e77ebed2ccc"
      } ]
    },
    "request": {
      "method": "PUT",
      "url": "MeasureReport/17058351-7855-4092-bfe1-b84591b6a78c"
    }
  } ]
}