{
  "resourceType": "Bundle",
  "id": "612e6b1602c62a011f2ec5e7",
  "type": "transaction",
  "entry": [ {
    "fullUrl": "https://madie.cms.gov/Patient/cc6dcea8-912b-4f4d-8e58-fa573f3f36ef",
    "resource": {
      "resourceType": "Patient",
      "id": "cc6dcea8-912b-4f4d-8e58-fa573f3f36ef",
      "meta": {
        "profile": [ "http://hl7.org/fhir/us/qicore/StructureDefinition/qicore-patient" ]
      },
      "text": {
        "status": "generated",
        "div": "<div xmlns=\"http://www.w3.org/1999/xhtml\"><div class=\"hapiHeaderText\">WarfarinAFDisch_2Encounters <b>NUMERFAIL </b></div><table class=\"hapiPropertyTable\"><tbody><tr><td>Identifier</td><td>f6b3ce4fb2b87a4aa5f00ca8118e0e9a</td></tr><tr><td>Date of birth</td><td><span>02 January 1974</span></td></tr></tbody></table></div>"
      },
      "extension": [ {
        "url": "http://hl7.org/fhir/us/core/StructureDefinition/us-core-race",
        "extension": [ {
          "url": "ombCategory",
          "valueCoding": {
            "system": "urn:oid:2.16.840.1.113883.6.238",
            "code": "1002-5",
            "display": "American Indian or Alaska Native",
            "userSelected": true
          }
        }, {
          "url": "text",
          "valueString": "American Indian or Alaska Native"
        } ]
      }, {
        "url": "http://hl7.org/fhir/us/core/StructureDefinition/us-core-ethnicity",
        "extension": [ {
          "url": "ombCategory",
          "valueCoding": {
            "system": "urn:oid:2.16.840.1.113883.6.238",
            "code": "2135-2",
            "display": "Hispanic or Latino",
            "userSelected": true
          }
        }, {
          "url": "text",
          "valueString": "Hispanic or Latino"
        } ]
      } ],
      "identifier": [ {
        "type": {
          "coding": [ {
            "system": "http://terminology.hl7.org/CodeSystem/v2-0203",
            "code": "MR"
          } ]
        },
        "system": "https://bonnie-fhir.healthit.gov/",
        "value": "612e6b1602c62a011f2ec5e7"
      } ],
      "active": true,
      "name": [ {
        "use": "usual",
        "family": "NUMERFail",
        "given": [ "WarfarinAFDisch_2Encounters" ]
      } ],
      "gender": "male",
      "birthDate": "1974-01-02"
    },
    "request": {
      "method": "PUT",
      "url": "Patient/cc6dcea8-912b-4f4d-8e58-fa573f3f36ef"
    }
  }, {
    "fullUrl": "https://madie.cms.gov/Encounter/a88b0dde-2b5d-478c-9a8a-91f70a44e230",
    "resource": {
      "resourceType": "Encounter",
      "id": "a88b0dde-2b5d-478c-9a8a-91f70a44e230",
      "meta": {
        "profile": [ "http://hl7.org/fhir/us/qicore/StructureDefinition/qicore-encounter" ]
      },
      "status": "finished",
      "class": {
        "system": "http://terminology.hl7.org/CodeSystem/v3-ActCode",
        "code": "IMP",
        "display": "inpatient encounter"
      },
      "type": [ {
        "coding": [ {
          "system": "http://snomed.info/sct",
          "code": "8715000"
        } ]
      } ],
      "subject": {
        "reference": "Patient/cc6dcea8-912b-4f4d-8e58-fa573f3f36ef"
      },
      "period": {
        "start": "2025-10-03T08:00:00+00:00",
        "end": "2025-10-05T08:15:00+00:00"
      },
      "length": {
        "value": 2.0,
        "unit": "days"
      },
      "diagnosis": [ {
        "condition": {
          "reference": "Condition/hemorrhagic-stroke-1c3b"
        },
        "rank": 1
      } ]
    },
    "request": {
      "method": "PUT",
      "url": "Encounter/a88b0dde-2b5d-478c-9a8a-91f70a44e230"
    }
  }, {
    "fullUrl": "https://madie.cms.gov/Encounter/a9f0d5d5-f604-436e-ae13-11b3d8b5a0f0",
    "resource": {
      "resourceType": "Encounter",
      "id": "a9f0d5d5-f604-436e-ae13-11b3d8b5a0f0",
      "meta": {
        "profile": [ "http://hl7.org/fhir/us/qicore/StructureDefinition/qicore-encounter" ]
      },
      "status": "finished",
      "class": {
        "system": "http://terminology.hl7.org/CodeSystem/v3-ActCode",
        "code": "IMP",
        "display": "inpatient encounter"
      },
      "type": [ {
        "coding": [ {
          "system": "http://snomed.info/sct",
          "code": "8715000"
        } ]
      } ],
      "subject": {
        "reference": "Patient/cc6dcea8-912b-4f4d-8e58-fa573f3f36ef"
      },
      "period": {
        "start": "2025-11-01T08:00:00+00:00",
        "end": "2025-11-26T08:15:00+00:00"
      },
      "length": {
        "value": 25.0,
        "unit": "days"
      }
    },
    "request": {
      "method": "PUT",
      "url": "Encounter/a9f0d5d5-f604-436e-ae13-11b3d8b5a0f0"
    }
  }, {
    "fullUrl": "https://madie.cms.gov/Coverage/b68c55df-5c7c-4a22-84ea-5b9dafa674b3",
    "resource": {
      "resourceType": "Coverage",
      "id": "b68c55df-5c7c-4a22-84ea-5b9dafa674b3",
      "status": "active",
      "beneficiary": {
        "reference": "Patient/cc6dcea8-912b-4f4d-8e58-fa573f3f36ef"
      },
      "period": {
        "start": "1974-01-02T08:00:00+00:00"
      },
      "payor": [ {
        "reference": "Organization/952a9419-271e-433a-9251-bf2bf11cc50e"
      } ]
    },
    "request": {
      "method": "PUT",
      "url": "Coverage/b68c55df-5c7c-4a22-84ea-5b9dafa674b3"
    }
  }, {
    "fullUrl": "https://madie.cms.gov/MedicationAdministration/d6be9aa6-c7fa-4be4-b3ff-97cad5bcef73",
    "resource": {
      "resourceType": "MedicationAdministration",
      "id": "d6be9aa6-c7fa-4be4-b3ff-97cad5bcef73",
      "meta": {
        "profile": [ "http://hl7.org/fhir/us/qicore/StructureDefinition/qicore-medicationadministration" ]
      },
      "status": "completed",
      "medicationCodeableConcept": {
        "coding": [ {
          "system": "http://www.nlm.nih.gov/research/umls/rxnorm",
          "code": "855288"
        } ]
      },
      "subject": {
        "reference": "Patient/cc6dcea8-912b-4f4d-8e58-fa573f3f36ef"
      },
      "effectiveDateTime": "2025-10-26T08:00:00.000+00:00"
    },
    "request": {
      "method": "PUT",
      "url": "MedicationAdministration/d6be9aa6-c7fa-4be4-b3ff-97cad5bcef73"
    }
  }, {
    "fullUrl": "https://madie.cms.gov/Organization/952a9419-271e-433a-9251-bf2bf11cc50e",
    "resource": {
      "resourceType": "Organization",
      "id": "952a9419-271e-433a-9251-bf2bf11cc50e",
      "meta": {
        "profile": [ "http://hl7.org/fhir/us/qicore/StructureDefinition/qicore-organization" ]
      },
      "identifier": [ {
        "use": "temp",
        "system": "urn:oid:2.16.840.1.113883.4.4",
        "value": "21-3259825"
      } ],
      "active": true,
      "type": [ {
        "coding": [ {
          "system": "http://terminology.hl7.org/CodeSystem/organization-type",
          "code": "pay",
          "display": "Payer"
        } ]
      } ],
      "name": "Blue Cross Blue Shield of Texas",
      "telecom": [ {
        "system": "phone",
        "value": "(+1) 972-766-6900"
      } ],
      "address": [ {
        "use": "billing",
        "type": "postal",
        "line": [ "P.O. Box 660044" ],
        "city": "Dallas",
        "state": "TX",
        "postalCode": "75266-0044",
        "country": "USA"
      } ]
    },
    "request": {
      "method": "PUT",
      "url": "Organization/952a9419-271e-433a-9251-bf2bf11cc50e"
    }
  }, {
    "fullUrl": "https://madie.cms.gov/Practitioner/1f50a169-ae62-439d-aea9-bb57c918056e",
    "resource": {
      "resourceType": "Practitioner",
      "id": "1f50a169-ae62-439d-aea9-bb57c918056e",
      "identifier": [ {
        "system": "http://hl7.org/fhir/sid/us-npi",
        "value": "123456"
      } ],
      "name": [ {
        "family": "Evil",
        "prefix": [ "Dr" ]
      } ]
    },
    "request": {
      "method": "PUT",
      "url": "Practitioner/1f50a169-ae62-439d-aea9-bb57c918056e"
    }
  }, {
    "fullUrl": "https://madie.cms.gov/MeasureReport/e067dcd8-1db5-4fec-959b-d298b5bdc130",
    "resource": {
      "resourceType": "MeasureReport",
      "id": "e067dcd8-1db5-4fec-959b-d298b5bdc130",
      "meta": {
        "profile": [ "http://hl7.org/fhir/us/cqfmeasures/StructureDefinition/test-case-cqfm" ]
      },
      "contained": [ {
        "resourceType": "Parameters",
        "id": "5ac3f70a-a456-4aa9-8985-9efbac6fb031-parameters",
        "parameter": [ {
          "name": "subject",
          "valueString": "cc6dcea8-912b-4f4d-8e58-fa573f3f36ef"
        } ]
      } ],
      "extension": [ {
        "url": "http://hl7.org/fhir/us/cqfmeasures/StructureDefinition/cqfm-inputParameters",
        "valueReference": {
          "reference": "#5ac3f70a-a456-4aa9-8985-9efbac6fb031-parameters"
        }
      }, {
        "url": "http://hl7.org/fhir/us/cqfmeasures/StructureDefinition/cqfm-testCaseDescription",
        "valueMarkdown": "2 encounters. warfarin administered after 2nd encounter discharge time\n"
      } ],
      "modifierExtension": [ {
        "url": "http://hl7.org/fhir/us/cqfmeasures/StructureDefinition/cqfm-isTestCase",
        "valueBoolean": true
      } ],
      "status": "complete",
      "type": "individual",
      "measure": "https://madie.cms.gov/Measure/VenousThromboembolismProphylaxisFHIR",
      "period": {
        "start": "2025-01-01",
        "end": "2025-12-31"
      },
      "group": [ {
        "population": [ {
          "code": {
            "coding": [ {
              "system": "http://terminology.hl7.org/CodeSystem/measure-population",
              "code": "initial-population",
              "display": "Initial Population"
            } ]
          },
          "count": 2
        }, {
          "code": {
            "coding": [ {
              "system": "http://terminology.hl7.org/CodeSystem/measure-population",
              "code": "denominator",
              "display": "Denominator"
            } ]
          },
          "count": 2
        }, {
          "code": {
            "coding": [ {
              "system": "http://terminology.hl7.org/CodeSystem/measure-population",
              "code": "denominator-exclusion",
              "display": "Denominator Exclusion"
            } ]
          },
          "count": 0
        }, {
          "code": {
            "coding": [ {
              "system": "http://terminology.hl7.org/CodeSystem/measure-population",
              "code": "numerator",
              "display": "Numerator"
            } ]
          },
          "count": 0
        } ]
      } ],
      "evaluatedResource": [ {
        "reference": "Patient/cc6dcea8-912b-4f4d-8e58-fa573f3f36ef"
      }, {
        "reference": "Encounter/a88b0dde-2b5d-478c-9a8a-91f70a44e230"
      }, {
        "reference": "Encounter/a9f0d5d5-f604-436e-ae13-11b3d8b5a0f0"
      }, {
        "reference": "Coverage/b68c55df-5c7c-4a22-84ea-5b9dafa674b3"
      }, {
        "reference": "MedicationAdministration/d6be9aa6-c7fa-4be4-b3ff-97cad5bcef73"
      }, {
        "reference": "Organization/952a9419-271e-433a-9251-bf2bf11cc50e"
      }, {
        "reference": "Practitioner/1f50a169-ae62-439d-aea9-bb57c918056e"
      } ]
    },
    "request": {
      "method": "PUT",
      "url": "MeasureReport/e067dcd8-1db5-4fec-959b-d298b5bdc130"
    }
  } ]
}