{
  "resourceType": "Bundle",
  "id": "60abda28bf0a01003e3f76bd",
  "type": "transaction",
  "entry": [ {
    "fullUrl": "https://madie.cms.gov/Patient/59743016-0222-4c22-bda3-48fa09e5ceb9",
    "resource": {
      "resourceType": "Patient",
      "id": "59743016-0222-4c22-bda3-48fa09e5ceb9",
      "meta": {
        "profile": [ "http://hl7.org/fhir/us/qicore/StructureDefinition/qicore-patient" ]
      },
      "extension": [ {
        "url": "http://hl7.org/fhir/us/core/StructureDefinition/us-core-race",
        "extension": [ {
          "url": "ombCategory",
          "valueCoding": {
            "system": "urn:oid:2.16.840.1.113883.6.238",
            "code": "2054-5",
            "display": "Black or African American",
            "userSelected": true
          }
        }, {
          "url": "text",
          "valueString": "Black or African American"
        } ]
      }, {
        "url": "http://hl7.org/fhir/us/core/StructureDefinition/us-core-ethnicity",
        "extension": [ {
          "url": "ombCategory",
          "valueCoding": {
            "system": "urn:oid:2.16.840.1.113883.6.238",
            "code": "2186-5",
            "display": "Not Hispanic or Latino",
            "userSelected": true
          }
        }, {
          "url": "text",
          "valueString": "Not Hispanic or Latino"
        } ]
      } ],
      "identifier": [ {
        "type": {
          "coding": [ {
            "system": "http://terminology.hl7.org/CodeSystem/v2-0203",
            "code": "MR"
          } ]
        },
        "system": "https://bonnie-fhir.healthit.gov/",
        "value": "60abda28bf0a01003e3f76bd"
      } ],
      "name": [ {
        "family": "NUMERPASS",
        "given": [ "ADT3MonthsBeforeStartofMPEdge" ]
      } ],
      "gender": "male",
      "birthDate": "1959-06-15"
    },
    "request": {
      "method": "PUT",
      "url": "Patient/59743016-0222-4c22-bda3-48fa09e5ceb9"
    }
  }, {
    "fullUrl": "https://madie.cms.gov/Encounter/1536733d-9bd8-492d-a58c-df3322d8e255",
    "resource": {
      "resourceType": "Encounter",
      "id": "1536733d-9bd8-492d-a58c-df3322d8e255",
      "meta": {
        "profile": [ "http://hl7.org/fhir/us/qicore/StructureDefinition/qicore-encounter" ]
      },
      "status": "finished",
      "class": {
        "system": "http://terminology.hl7.org/CodeSystem/v3-ActCode",
        "code": "AMB",
        "display": "ambulatory"
      },
      "type": [ {
        "coding": [ {
          "system": "http://snomed.info/sct",
          "version": "2021-09",
          "code": "185463005",
          "display": "Visit out of hours (procedure)",
          "userSelected": true
        } ]
      } ],
      "subject": {
        "reference": "Patient/59743016-0222-4c22-bda3-48fa09e5ceb9"
      },
      "period": {
        "start": "2025-01-01T08:00:00.000+00:00",
        "end": "2025-01-01T08:15:00.000+00:00"
      }
    },
    "request": {
      "method": "PUT",
      "url": "Encounter/1536733d-9bd8-492d-a58c-df3322d8e255"
    }
  }, {
    "fullUrl": "https://madie.cms.gov/Condition/0fdc60b3-5723-4784-8a35-3ccfe1735629",
    "resource": {
      "resourceType": "Condition",
      "id": "0fdc60b3-5723-4784-8a35-3ccfe1735629",
      "meta": {
        "profile": [ "http://hl7.org/fhir/us/qicore/StructureDefinition/qicore-condition-problems-health-concerns" ]
      },
      "clinicalStatus": {
        "coding": [ {
          "system": "http://terminology.hl7.org/CodeSystem/condition-clinical",
          "code": "active",
          "display": "Active",
          "userSelected": true
        } ]
      },
      "verificationStatus": {
        "coding": [ {
          "system": "http://terminology.hl7.org/CodeSystem/condition-ver-status",
          "code": "confirmed"
        } ]
      },
      "category": [ {
        "coding": [ {
          "system": "http://terminology.hl7.org/CodeSystem/condition-category",
          "code": "problem-list-item",
          "display": "Problem List Item"
        } ]
      } ],
      "code": {
        "coding": [ {
          "system": "http://snomed.info/sct",
          "version": "2021-09",
          "code": "254900004",
          "display": "Carcinoma of prostate (disorder)",
          "userSelected": true
        } ]
      },
      "subject": {
        "reference": "Patient/59743016-0222-4c22-bda3-48fa09e5ceb9"
      },
      "onsetDateTime": "2024-10-01T10:00:00.000+00:00"
    },
    "request": {
      "method": "PUT",
      "url": "Condition/0fdc60b3-5723-4784-8a35-3ccfe1735629"
    }
  }, {
    "fullUrl": "https://madie.cms.gov/Observation/2f71427f-97c0-4f49-9dda-40ca66a39f6a",
    "resource": {
      "resourceType": "Observation",
      "id": "2f71427f-97c0-4f49-9dda-40ca66a39f6a",
      "meta": {
        "profile": [ "http://hl7.org/fhir/us/qicore/StructureDefinition/qicore-observation-lab" ]
      },
      "status": "final",
      "category": [ {
        "coding": [ {
          "system": "http://terminology.hl7.org/CodeSystem/observation-category",
          "code": "imaging",
          "display": "Imaging"
        } ]
      } ],
      "code": {
        "coding": [ {
          "system": "http://loinc.org",
          "version": "2.69",
          "code": "38265-5",
          "display": "DXA Radius and Ulna [T-score] Bone density",
          "userSelected": true
        } ]
      },
      "subject": {
        "reference": "Patient/59743016-0222-4c22-bda3-48fa09e5ceb9"
      },
      "effectivePeriod": {
        "start": "2024-12-31T10:00:00.000+00:00"
      }
    },
    "request": {
      "method": "PUT",
      "url": "Observation/2f71427f-97c0-4f49-9dda-40ca66a39f6a"
    }
  }, {
    "fullUrl": "https://madie.cms.gov/Practitioner/dc68eef3-53a6-43cc-a134-a5032975c287",
    "resource": {
      "resourceType": "Practitioner",
      "id": "dc68eef3-53a6-43cc-a134-a5032975c287",
      "meta": {
        "profile": [ "http://hl7.org/fhir/us/qicore/StructureDefinition/qicore-practitioner" ]
      },
      "identifier": [ {
        "use": "temp",
        "system": "urn:oid:2.16.840.1.113883.4.336",
        "value": "Practitioner-23"
      } ],
      "active": true,
      "name": [ {
        "family": "Careful",
        "given": [ "Adam" ],
        "prefix": [ "Dr" ]
      } ],
      "address": [ {
        "use": "home",
        "line": [ "534 Erewhon St" ],
        "city": "PleasantVille",
        "state": "UT",
        "postalCode": "84414"
      } ],
      "qualification": [ {
        "identifier": [ {
          "system": "http://example.org/UniversityIdentifier",
          "value": "12345"
        } ],
        "code": {
          "coding": [ {
            "system": "http://terminology.hl7.org/CodeSystem/v2-0360|2.7",
            "code": "BS",
            "display": "Bachelor of Science"
          } ],
          "text": "Bachelor of Science"
        },
        "period": {
          "start": "1995"
        },
        "issuer": {
          "display": "Example University"
        }
      } ]
    },
    "request": {
      "method": "PUT",
      "url": "Practitioner/dc68eef3-53a6-43cc-a134-a5032975c287"
    }
  }, {
    "fullUrl": "https://madie.cms.gov/MedicationRequest/e2e26d96-7901-46d9-98e8-df59fa21aad4",
    "resource": {
      "resourceType": "MedicationRequest",
      "id": "e2e26d96-7901-46d9-98e8-df59fa21aad4",
      "meta": {
        "profile": [ "http://hl7.org/fhir/us/qicore/StructureDefinition/qicore-medicationrequest" ]
      },
      "status": "active",
      "intent": "order",
      "medicationCodeableConcept": {
        "coding": [ {
          "system": "http://www.nlm.nih.gov/research/umls/rxnorm",
          "code": "1115257",
          "display": "1.5 ML leuprolide acetate 30 MG/ML Prefilled Syringe",
          "userSelected": true
        } ]
      },
      "subject": {
        "reference": "Patient/59743016-0222-4c22-bda3-48fa09e5ceb9"
      },
      "authoredOn": "2024-10-01T10:00:00.000+00:00",
      "requester": {
        "reference": "http://myGoodHealthcare.com/fhir/Practitioner/dc68eef3-53a6-43cc-a134-a5032975c287"
      },
      "dosageInstruction": [ {
        "timing": {
          "repeat": {
            "boundsPeriod": {
              "start": "2024-10-01T10:00:00.000+00:00",
              "end": "2024-11-01T10:00:00.000+00:00"
            }
          }
        }
      } ]
    },
    "request": {
      "method": "PUT",
      "url": "MedicationRequest/e2e26d96-7901-46d9-98e8-df59fa21aad4"
    }
  }, {
    "fullUrl": "https://madie.cms.gov/ServiceRequest/580fdd98-f342-4904-ba7b-4ac5d3b24002",
    "resource": {
      "resourceType": "ServiceRequest",
      "id": "580fdd98-f342-4904-ba7b-4ac5d3b24002",
      "meta": {
        "profile": [ "http://hl7.org/fhir/us/qicore/StructureDefinition/qicore-servicerequest" ]
      },
      "status": "active",
      "intent": "order",
      "code": {
        "coding": [ {
          "system": "http://snomed.info/sct",
          "code": "456381000124102",
          "display": "Injection of leuprolide acetate for twelve month period (regime/therapy)",
          "userSelected": true
        } ]
      },
      "subject": {
        "reference": "Patient/59743016-0222-4c22-bda3-48fa09e5ceb9"
      },
      "authoredOn": "2024-10-01T10:00:00.000+00:00"
    },
    "request": {
      "method": "PUT",
      "url": "ServiceRequest/580fdd98-f342-4904-ba7b-4ac5d3b24002"
    }
  }, {
    "fullUrl": "https://madie.cms.gov/MeasureReport/1e79c80f-a984-4cbc-92c3-6d02a7122013",
    "resource": {
      "resourceType": "MeasureReport",
      "id": "1e79c80f-a984-4cbc-92c3-6d02a7122013",
      "meta": {
        "profile": [ "http://hl7.org/fhir/us/cqfmeasures/StructureDefinition/test-case-cqfm" ]
      },
      "contained": [ {
        "resourceType": "Parameters",
        "id": "b99f793c-761b-4d3f-b8e2-3f71e9128e15-parameters",
        "parameter": [ {
          "name": "subject",
          "valueString": "59743016-0222-4c22-bda3-48fa09e5ceb9"
        } ]
      } ],
      "extension": [ {
        "url": "http://hl7.org/fhir/us/cqfmeasures/StructureDefinition/cqfm-inputParameters",
        "valueReference": {
          "reference": "#b99f793c-761b-4d3f-b8e2-3f71e9128e15-parameters"
        }
      }, {
        "url": "http://hl7.org/fhir/us/cqfmeasures/StructureDefinition/cqfm-testCaseDescription",
        "valueMarkdown": "Prostate Cancer, ADT 3 months before start of MP, Dexa 3 months after ADT. "
      } ],
      "modifierExtension": [ {
        "url": "http://hl7.org/fhir/us/cqfmeasures/StructureDefinition/cqfm-isTestCase",
        "valueBoolean": true
      } ],
      "status": "complete",
      "type": "individual",
      "measure": "https://madie.cms.gov/Measure/BoneDensityProstateCancerAndrogenDeprivationTherapyFHIR6",
      "period": {
        "start": "2025-01-01",
        "end": "2025-12-31"
      },
      "group": [ {
        "id": "67b61060a0d801640767a597",
        "population": [ {
          "id": "E8F25116-1779-4BA6-B606-34F12AE4F5BA",
          "code": {
            "coding": [ {
              "system": "http://terminology.hl7.org/CodeSystem/measure-population",
              "code": "initial-population",
              "display": "Initial Population"
            } ]
          },
          "count": 1
        }, {
          "id": "1C145A56-9250-4444-A497-86C44F55CFDB",
          "code": {
            "coding": [ {
              "system": "http://terminology.hl7.org/CodeSystem/measure-population",
              "code": "denominator",
              "display": "Denominator"
            } ]
          },
          "count": 1
        }, {
          "id": "B1E0E3D2-D44E-4BFF-92F8-077CF1AE234F",
          "code": {
            "coding": [ {
              "system": "http://terminology.hl7.org/CodeSystem/measure-population",
              "code": "numerator",
              "display": "Numerator"
            } ]
          },
          "count": 1
        }, {
          "id": "A9552F46-139C-4270-835C-224132205362",
          "code": {
            "coding": [ {
              "system": "http://terminology.hl7.org/CodeSystem/measure-population",
              "code": "denominator-exception",
              "display": "Denominator Exception"
            } ]
          },
          "count": 0
        } ],
        "measureScore": {
          "value": 1.0
        }
      } ],
      "evaluatedResource": [ {
        "reference": "Patient/59743016-0222-4c22-bda3-48fa09e5ceb9"
      }, {
        "reference": "Encounter/1536733d-9bd8-492d-a58c-df3322d8e255"
      }, {
        "reference": "Condition/0fdc60b3-5723-4784-8a35-3ccfe1735629"
      }, {
        "reference": "Observation/2f71427f-97c0-4f49-9dda-40ca66a39f6a"
      }, {
        "reference": "Practitioner/dc68eef3-53a6-43cc-a134-a5032975c287"
      }, {
        "reference": "MedicationRequest/e2e26d96-7901-46d9-98e8-df59fa21aad4"
      }, {
        "reference": "ServiceRequest/580fdd98-f342-4904-ba7b-4ac5d3b24002"
      } ]
    },
    "request": {
      "method": "PUT",
      "url": "MeasureReport/1e79c80f-a984-4cbc-92c3-6d02a7122013"
    }
  } ]
}