{
  "resourceType": "Bundle",
  "id": "612e6aab02c62a011f2ead9b",
  "type": "transaction",
  "entry": [ {
    "fullUrl": "https://madie.cms.gov/Patient/7df3cad8-7094-4168-9be2-2efa05d04a5c",
    "resource": {
      "resourceType": "Patient",
      "id": "7df3cad8-7094-4168-9be2-2efa05d04a5c",
      "meta": {
        "profile": [ "http://hl7.org/fhir/us/qicore/StructureDefinition/qicore-patient" ]
      },
      "text": {
        "status": "generated",
        "div": "<div xmlns=\"http://www.w3.org/1999/xhtml\"><div class=\"hapiHeaderText\">MedReason_MA_LDUHep_DA_GCS_DuringED <b>NUMERPASS </b></div><table class=\"hapiPropertyTable\"><tbody><tr><td>Identifier</td><td>020df11163b665120eb01e83e644f1da</td></tr><tr><td>Date of birth</td><td><span>02 January 1974</span></td></tr></tbody></table></div>"
      },
      "extension": [ {
        "url": "http://hl7.org/fhir/us/core/StructureDefinition/us-core-race",
        "extension": [ {
          "url": "ombCategory",
          "valueCoding": {
            "system": "urn:oid:2.16.840.1.113883.6.238",
            "code": "1002-5",
            "display": "American Indian or Alaska Native",
            "userSelected": true
          }
        }, {
          "url": "text",
          "valueString": "American Indian or Alaska Native"
        } ]
      }, {
        "url": "http://hl7.org/fhir/us/core/StructureDefinition/us-core-ethnicity",
        "extension": [ {
          "url": "ombCategory",
          "valueCoding": {
            "system": "urn:oid:2.16.840.1.113883.6.238",
            "code": "2135-2",
            "display": "Hispanic or Latino",
            "userSelected": true
          }
        }, {
          "url": "text",
          "valueString": "Hispanic or Latino"
        } ]
      } ],
      "identifier": [ {
        "type": {
          "coding": [ {
            "system": "http://terminology.hl7.org/CodeSystem/v2-0203",
            "code": "MR"
          } ]
        },
        "system": "https://bonnie-fhir.healthit.gov/",
        "value": "612e6aab02c62a011f2ead9b"
      } ],
      "active": true,
      "name": [ {
        "use": "usual",
        "family": "NUMERPass",
        "given": [ "MedReason_MA_LDUHep_DA_GCS_DuringED" ]
      } ],
      "gender": "male",
      "birthDate": "1974-01-02"
    },
    "request": {
      "method": "PUT",
      "url": "Patient/7df3cad8-7094-4168-9be2-2efa05d04a5c"
    }
  }, {
    "fullUrl": "https://madie.cms.gov/Encounter/aca83993-5c0a-4a58-ae3d-646c3ac14a78",
    "resource": {
      "resourceType": "Encounter",
      "id": "aca83993-5c0a-4a58-ae3d-646c3ac14a78",
      "meta": {
        "profile": [ "http://hl7.org/fhir/us/qicore/StructureDefinition/qicore-encounter" ]
      },
      "status": "finished",
      "class": {
        "system": "http://terminology.hl7.org/CodeSystem/v3-ActCode",
        "code": "EMER",
        "display": "emergency"
      },
      "type": [ {
        "coding": [ {
          "system": "http://snomed.info/sct",
          "code": "4525004"
        } ]
      } ],
      "subject": {
        "reference": "Patient/7df3cad8-7094-4168-9be2-2efa05d04a5c"
      },
      "period": {
        "start": "2025-10-31T05:00:00+00:00",
        "end": "2025-11-01T07:15:00+00:00"
      },
      "length": {
        "value": 1.0,
        "unit": "days"
      }
    },
    "request": {
      "method": "PUT",
      "url": "Encounter/aca83993-5c0a-4a58-ae3d-646c3ac14a78"
    }
  }, {
    "fullUrl": "https://madie.cms.gov/Encounter/1141a0be-3d40-4484-9204-6998bf8203a9",
    "resource": {
      "resourceType": "Encounter",
      "id": "1141a0be-3d40-4484-9204-6998bf8203a9",
      "meta": {
        "profile": [ "http://hl7.org/fhir/us/qicore/StructureDefinition/qicore-encounter" ]
      },
      "status": "finished",
      "class": {
        "system": "http://terminology.hl7.org/CodeSystem/v3-ActCode",
        "code": "IMP",
        "display": "inpatient encounter"
      },
      "type": [ {
        "coding": [ {
          "system": "http://snomed.info/sct",
          "code": "8715000"
        } ]
      } ],
      "subject": {
        "reference": "Patient/7df3cad8-7094-4168-9be2-2efa05d04a5c"
      },
      "period": {
        "start": "2025-11-01T08:00:00+00:00",
        "end": "2025-11-26T08:15:00+00:00"
      },
      "length": {
        "value": 25.0,
        "unit": "days"
      }
    },
    "request": {
      "method": "PUT",
      "url": "Encounter/1141a0be-3d40-4484-9204-6998bf8203a9"
    }
  }, {
    "fullUrl": "https://madie.cms.gov/Coverage/040ad201-bdba-4944-8e71-fae1e0eda6c0",
    "resource": {
      "resourceType": "Coverage",
      "id": "040ad201-bdba-4944-8e71-fae1e0eda6c0",
      "status": "active",
      "beneficiary": {
        "reference": "Patient/7df3cad8-7094-4168-9be2-2efa05d04a5c"
      },
      "period": {
        "start": "1974-01-02T08:00:00+00:00"
      },
      "payor": [ {
        "reference": "Organization/f046e400-a23a-42ee-8071-71fd292eb8d7"
      } ]
    },
    "request": {
      "method": "PUT",
      "url": "Coverage/040ad201-bdba-4944-8e71-fae1e0eda6c0"
    }
  }, {
    "fullUrl": "https://madie.cms.gov/MedicationAdministration/1fb14ffd-6772-4f88-af9a-9ef8f0edaa1f",
    "resource": {
      "resourceType": "MedicationAdministration",
      "id": "1fb14ffd-6772-4f88-af9a-9ef8f0edaa1f",
      "meta": {
        "profile": [ "http://hl7.org/fhir/us/qicore/StructureDefinition/qicore-mednotadministered" ]
      },
      "extension": [ {
        "url": "http://hl7.org/fhir/us/qicore/StructureDefinition/qicore-recorded",
        "valueDateTime": "2025-11-01T07:00:00+00:00"
      } ],
      "status": "not-done",
      "statusReason": [ {
        "coding": [ {
          "system": "http://snomed.info/sct",
          "code": "183932001",
          "display": "Procedure contraindicated (situation)"
        } ]
      } ],
      "medicationCodeableConcept": {
        "coding": [ {
          "system": "http://www.nlm.nih.gov/research/umls/rxnorm",
          "code": "1361574"
        } ]
      },
      "subject": {
        "reference": "Patient/7df3cad8-7094-4168-9be2-2efa05d04a5c"
      },
      "effectivePeriod": {
        "start": "2025-11-01T07:00:00+00:00"
      }
    },
    "request": {
      "method": "PUT",
      "url": "MedicationAdministration/1fb14ffd-6772-4f88-af9a-9ef8f0edaa1f"
    }
  }, {
    "fullUrl": "https://madie.cms.gov/Procedure/2d734933-725a-4711-bdd9-82be17707f9d",
    "resource": {
      "resourceType": "Procedure",
      "id": "2d734933-725a-4711-bdd9-82be17707f9d",
      "meta": {
        "profile": [ "http://hl7.org/fhir/us/qicore/StructureDefinition/qicore-procedurenotdone" ]
      },
      "extension": [ {
        "url": "http://hl7.org/fhir/us/qicore/StructureDefinition/qicore-recorded",
        "valueDateTime": "2025-11-01T07:00:00+00:00"
      } ],
      "status": "not-done",
      "statusReason": {
        "coding": [ {
          "system": "http://snomed.info/sct",
          "code": "183932001",
          "display": "Procedure contraindicated (situation)",
          "userSelected": true
        } ]
      },
      "code": {
        "coding": [ {
          "system": "http://snomed.info/sct",
          "code": "229511001",
          "display": "Application of graduated compression garment (procedure)",
          "userSelected": true
        } ]
      },
      "subject": {
        "reference": "Patient/7df3cad8-7094-4168-9be2-2efa05d04a5c"
      },
      "_performedDateTime": {
        "extension": [ {
          "url": "http://hl7.org/fhir/StructureDefinition/data-absent-reason",
          "valueCode": "not-performed"
        } ]
      }
    },
    "request": {
      "method": "PUT",
      "url": "Procedure/2d734933-725a-4711-bdd9-82be17707f9d"
    }
  }, {
    "fullUrl": "https://madie.cms.gov/Organization/f046e400-a23a-42ee-8071-71fd292eb8d7",
    "resource": {
      "resourceType": "Organization",
      "id": "f046e400-a23a-42ee-8071-71fd292eb8d7",
      "meta": {
        "profile": [ "http://hl7.org/fhir/us/qicore/StructureDefinition/qicore-organization" ]
      },
      "identifier": [ {
        "use": "temp",
        "system": "urn:oid:2.16.840.1.113883.4.4",
        "value": "21-3259825"
      } ],
      "active": true,
      "type": [ {
        "coding": [ {
          "system": "http://terminology.hl7.org/CodeSystem/organization-type",
          "code": "pay",
          "display": "Payer"
        } ]
      } ],
      "name": "Blue Cross Blue Shield of Texas",
      "telecom": [ {
        "system": "phone",
        "value": "(+1) 972-766-6900"
      } ],
      "address": [ {
        "use": "billing",
        "type": "postal",
        "line": [ "P.O. Box 660044" ],
        "city": "Dallas",
        "state": "TX",
        "postalCode": "75266-0044",
        "country": "USA"
      } ]
    },
    "request": {
      "method": "PUT",
      "url": "Organization/f046e400-a23a-42ee-8071-71fd292eb8d7"
    }
  }, {
    "fullUrl": "https://madie.cms.gov/Practitioner/4c31b098-6b0e-4d54-885b-5eafa9b26a6b",
    "resource": {
      "resourceType": "Practitioner",
      "id": "4c31b098-6b0e-4d54-885b-5eafa9b26a6b",
      "identifier": [ {
        "system": "http://hl7.org/fhir/sid/us-npi",
        "value": "123456"
      } ],
      "name": [ {
        "family": "Evil",
        "prefix": [ "Dr" ]
      } ]
    },
    "request": {
      "method": "PUT",
      "url": "Practitioner/4c31b098-6b0e-4d54-885b-5eafa9b26a6b"
    }
  }, {
    "fullUrl": "https://madie.cms.gov/MeasureReport/63dffcfc-f251-4a0a-a6c6-3e0b0fbc7b46",
    "resource": {
      "resourceType": "MeasureReport",
      "id": "63dffcfc-f251-4a0a-a6c6-3e0b0fbc7b46",
      "meta": {
        "profile": [ "http://hl7.org/fhir/us/cqfmeasures/StructureDefinition/test-case-cqfm" ]
      },
      "contained": [ {
        "resourceType": "Parameters",
        "id": "93079a6d-859d-472d-bd8b-f57d1009f9a6-parameters",
        "parameter": [ {
          "name": "subject",
          "valueString": "7df3cad8-7094-4168-9be2-2efa05d04a5c"
        } ]
      } ],
      "extension": [ {
        "url": "http://hl7.org/fhir/us/cqfmeasures/StructureDefinition/cqfm-inputParameters",
        "valueReference": {
          "reference": "#93079a6d-859d-472d-bd8b-f57d1009f9a6-parameters"
        }
      }, {
        "url": "http://hl7.org/fhir/us/cqfmeasures/StructureDefinition/cqfm-testCaseDescription",
        "valueMarkdown": "medical reasons to not receive no GCS and no low dose heparin during ED\n"
      } ],
      "modifierExtension": [ {
        "url": "http://hl7.org/fhir/us/cqfmeasures/StructureDefinition/cqfm-isTestCase",
        "valueBoolean": true
      } ],
      "status": "complete",
      "type": "individual",
      "measure": "https://madie.cms.gov/Measure/VenousThromboembolismProphylaxisFHIR",
      "period": {
        "start": "2025-01-01",
        "end": "2025-12-31"
      },
      "group": [ {
        "population": [ {
          "code": {
            "coding": [ {
              "system": "http://terminology.hl7.org/CodeSystem/measure-population",
              "code": "initial-population",
              "display": "Initial Population"
            } ]
          },
          "count": 1
        }, {
          "code": {
            "coding": [ {
              "system": "http://terminology.hl7.org/CodeSystem/measure-population",
              "code": "denominator",
              "display": "Denominator"
            } ]
          },
          "count": 1
        }, {
          "code": {
            "coding": [ {
              "system": "http://terminology.hl7.org/CodeSystem/measure-population",
              "code": "denominator-exclusion",
              "display": "Denominator Exclusion"
            } ]
          },
          "count": 0
        }, {
          "code": {
            "coding": [ {
              "system": "http://terminology.hl7.org/CodeSystem/measure-population",
              "code": "numerator",
              "display": "Numerator"
            } ]
          },
          "count": 1
        } ]
      } ],
      "evaluatedResource": [ {
        "reference": "Patient/7df3cad8-7094-4168-9be2-2efa05d04a5c"
      }, {
        "reference": "Encounter/aca83993-5c0a-4a58-ae3d-646c3ac14a78"
      }, {
        "reference": "Encounter/1141a0be-3d40-4484-9204-6998bf8203a9"
      }, {
        "reference": "Coverage/040ad201-bdba-4944-8e71-fae1e0eda6c0"
      }, {
        "reference": "MedicationAdministration/1fb14ffd-6772-4f88-af9a-9ef8f0edaa1f"
      }, {
        "reference": "Procedure/2d734933-725a-4711-bdd9-82be17707f9d"
      }, {
        "reference": "Organization/f046e400-a23a-42ee-8071-71fd292eb8d7"
      }, {
        "reference": "Practitioner/4c31b098-6b0e-4d54-885b-5eafa9b26a6b"
      } ]
    },
    "request": {
      "method": "PUT",
      "url": "MeasureReport/63dffcfc-f251-4a0a-a6c6-3e0b0fbc7b46"
    }
  } ]
}