{
  "resourceType": "Bundle",
  "id": "60abda28bf0a01003e3f76bd",
  "type": "transaction",
  "entry": [ {
    "fullUrl": "https://madie.cms.gov/Patient/f3f9227e-50eb-4752-af8a-464072cc60c2",
    "resource": {
      "resourceType": "Patient",
      "id": "f3f9227e-50eb-4752-af8a-464072cc60c2",
      "meta": {
        "profile": [ "http://hl7.org/fhir/us/qicore/StructureDefinition/qicore-patient" ]
      },
      "extension": [ {
        "url": "http://hl7.org/fhir/us/core/StructureDefinition/us-core-race",
        "extension": [ {
          "url": "ombCategory",
          "valueCoding": {
            "system": "urn:oid:2.16.840.1.113883.6.238",
            "code": "2054-5",
            "display": "Black or African American"
          }
        }, {
          "url": "text",
          "valueString": "Black or African American"
        } ]
      }, {
        "url": "http://hl7.org/fhir/us/core/StructureDefinition/us-core-ethnicity",
        "extension": [ {
          "url": "ombCategory",
          "valueCoding": {
            "system": "urn:oid:2.16.840.1.113883.6.238",
            "code": "2186-5",
            "display": "Not Hispanic or Latino"
          }
        }, {
          "url": "text",
          "valueString": "Not Hispanic or Latino"
        } ]
      } ],
      "identifier": [ {
        "type": {
          "coding": [ {
            "system": "http://terminology.hl7.org/CodeSystem/v2-0203",
            "code": "MR"
          } ]
        },
        "system": "https://bonnie-fhir.healthit.gov/",
        "value": "463131313187656"
      } ],
      "name": [ {
        "family": "NUMERPass",
        "given": [ "ADT9MonthsAfterStartofMPEdge" ]
      } ],
      "gender": "male",
      "birthDate": "1929-06-15"
    },
    "request": {
      "method": "PUT",
      "url": "Patient/f3f9227e-50eb-4752-af8a-464072cc60c2"
    }
  }, {
    "fullUrl": "https://madie.cms.gov/Encounter/c43b6e4d-0984-42f5-b9e7-cb991da2b520",
    "resource": {
      "resourceType": "Encounter",
      "id": "c43b6e4d-0984-42f5-b9e7-cb991da2b520",
      "meta": {
        "profile": [ "http://hl7.org/fhir/us/qicore/StructureDefinition/qicore-encounter" ]
      },
      "status": "finished",
      "class": {
        "system": "http://terminology.hl7.org/CodeSystem/v3-ActCode",
        "code": "AMB",
        "display": "ambulatory"
      },
      "type": [ {
        "coding": [ {
          "system": "http://snomed.info/sct",
          "version": "http://snomed.info/sct/731000124108/version/20240301",
          "code": "185463005",
          "display": "Visit out of hours (procedure)"
        } ]
      } ],
      "subject": {
        "reference": "Patient/f3f9227e-50eb-4752-af8a-464072cc60c2"
      },
      "period": {
        "start": "2025-09-01T08:00:00.000+00:00",
        "end": "2025-09-01T08:15:00.000+00:00"
      }
    },
    "request": {
      "method": "PUT",
      "url": "Encounter/c43b6e4d-0984-42f5-b9e7-cb991da2b520"
    }
  }, {
    "fullUrl": "https://madie.cms.gov/Condition/c6679563-9ee1-4b3f-b2c1-e8dce0829229",
    "resource": {
      "resourceType": "Condition",
      "id": "c6679563-9ee1-4b3f-b2c1-e8dce0829229",
      "meta": {
        "profile": [ "http://hl7.org/fhir/us/qicore/StructureDefinition/qicore-condition-problems-health-concerns" ]
      },
      "clinicalStatus": {
        "coding": [ {
          "system": "http://terminology.hl7.org/CodeSystem/condition-clinical",
          "code": "active",
          "display": "Active",
          "userSelected": true
        } ]
      },
      "verificationStatus": {
        "coding": [ {
          "system": "http://terminology.hl7.org/CodeSystem/condition-ver-status",
          "code": "confirmed"
        } ]
      },
      "category": [ {
        "coding": [ {
          "system": "http://terminology.hl7.org/CodeSystem/condition-category",
          "code": "problem-list-item",
          "display": "Problem List Item"
        } ]
      } ],
      "code": {
        "coding": [ {
          "system": "http://snomed.info/sct",
          "version": "http://snomed.info/sct/731000124108/version/20240301",
          "code": "254900004",
          "display": "Carcinoma of prostate (disorder)"
        } ]
      },
      "subject": {
        "reference": "Patient/f3f9227e-50eb-4752-af8a-464072cc60c2"
      },
      "onsetPeriod": {
        "start": "2025-09-01T08:00:00.000+00:00"
      }
    },
    "request": {
      "method": "PUT",
      "url": "Condition/c6679563-9ee1-4b3f-b2c1-e8dce0829229"
    }
  }, {
    "fullUrl": "https://madie.cms.gov/Observation/96a2c01b-ee17-4775-bac7-0710a6ab6737",
    "resource": {
      "resourceType": "Observation",
      "id": "96a2c01b-ee17-4775-bac7-0710a6ab6737",
      "meta": {
        "profile": [ "http://hl7.org/fhir/us/qicore/StructureDefinition/qicore-observation-lab" ]
      },
      "status": "final",
      "category": [ {
        "coding": [ {
          "system": "http://terminology.hl7.org/CodeSystem/observation-category",
          "code": "imaging",
          "display": "Imaging"
        } ]
      } ],
      "code": {
        "coding": [ {
          "system": "http://loinc.org",
          "version": "2.76",
          "code": "38265-5",
          "display": "DXA Radius and Ulna [T-score] Bone density"
        } ]
      },
      "subject": {
        "reference": "Patient/f3f9227e-50eb-4752-af8a-464072cc60c2"
      },
      "effectivePeriod": {
        "start": "2025-12-30T10:00:00.000+00:00"
      }
    },
    "request": {
      "method": "PUT",
      "url": "Observation/96a2c01b-ee17-4775-bac7-0710a6ab6737"
    }
  }, {
    "fullUrl": "https://madie.cms.gov/Practitioner/01aaabb4-b265-4a2b-9225-a43ddfeb389b",
    "resource": {
      "resourceType": "Practitioner",
      "id": "01aaabb4-b265-4a2b-9225-a43ddfeb389b",
      "meta": {
        "profile": [ "http://hl7.org/fhir/us/qicore/StructureDefinition/qicore-practitioner" ]
      },
      "identifier": [ {
        "use": "temp",
        "system": "urn:oid:2.16.840.1.113883.4.336",
        "value": "Practitioner-23"
      } ],
      "active": true,
      "name": [ {
        "family": "Careful",
        "given": [ "Adam" ],
        "prefix": [ "Dr" ]
      } ],
      "address": [ {
        "use": "home",
        "line": [ "534 Erewhon St" ],
        "city": "PleasantVille",
        "state": "UT",
        "postalCode": "84414"
      } ],
      "qualification": [ {
        "identifier": [ {
          "system": "http://example.org/UniversityIdentifier",
          "value": "12345"
        } ],
        "code": {
          "coding": [ {
            "system": "http://terminology.hl7.org/CodeSystem/v2-0360|2.7",
            "code": "BS",
            "display": "Bachelor of Science"
          } ],
          "text": "Bachelor of Science"
        },
        "period": {
          "start": "1995"
        },
        "issuer": {
          "display": "Example University"
        }
      } ]
    },
    "request": {
      "method": "PUT",
      "url": "Practitioner/01aaabb4-b265-4a2b-9225-a43ddfeb389b"
    }
  }, {
    "fullUrl": "https://madie.cms.gov/MedicationRequest/c58b2cb7-d777-4c1e-b39a-8545642bb0da",
    "resource": {
      "resourceType": "MedicationRequest",
      "id": "c58b2cb7-d777-4c1e-b39a-8545642bb0da",
      "meta": {
        "profile": [ "http://hl7.org/fhir/us/qicore/StructureDefinition/qicore-medicationrequest" ]
      },
      "status": "active",
      "intent": "order",
      "medicationCodeableConcept": {
        "coding": [ {
          "system": "http://www.nlm.nih.gov/research/umls/rxnorm",
          "version": "04012024",
          "code": "1115257",
          "display": "1.5 ML leuprolide acetate 30 MG/ML Prefilled Syringe"
        } ]
      },
      "subject": {
        "reference": "Patient/f3f9227e-50eb-4752-af8a-464072cc60c2"
      },
      "authoredOn": "2025-09-29T08:00:00.000+00:00",
      "requester": {
        "reference": "http://myGoodHealthcare.com/fhir/Practitioner/01aaabb4-b265-4a2b-9225-a43ddfeb389b"
      },
      "dosageInstruction": [ {
        "timing": {
          "repeat": {
            "boundsPeriod": {
              "start": "2025-09-30T08:00:00.000+00:00"
            }
          }
        }
      } ]
    },
    "request": {
      "method": "PUT",
      "url": "MedicationRequest/c58b2cb7-d777-4c1e-b39a-8545642bb0da"
    }
  }, {
    "fullUrl": "https://madie.cms.gov/ServiceRequest/9b525931-a991-43c9-a8a7-3c452ff2dedc",
    "resource": {
      "resourceType": "ServiceRequest",
      "id": "9b525931-a991-43c9-a8a7-3c452ff2dedc",
      "meta": {
        "profile": [ "http://hl7.org/fhir/us/qicore/StructureDefinition/qicore-servicerequest" ]
      },
      "status": "active",
      "intent": "order",
      "code": {
        "coding": [ {
          "system": "http://snomed.info/sct",
          "version": "http://snomed.info/sct/731000124108/version/20240301",
          "code": "456381000124102",
          "display": "Injection of leuprolide acetate for twelve month period (regime/therapy)"
        } ]
      },
      "subject": {
        "reference": "Patient/f3f9227e-50eb-4752-af8a-464072cc60c2"
      },
      "authoredOn": "2025-09-30T08:00:00.000+00:00"
    },
    "request": {
      "method": "PUT",
      "url": "ServiceRequest/9b525931-a991-43c9-a8a7-3c452ff2dedc"
    }
  }, {
    "fullUrl": "https://madie.cms.gov/MeasureReport/d271a435-7b07-4772-9873-bc675780bfac",
    "resource": {
      "resourceType": "MeasureReport",
      "id": "d271a435-7b07-4772-9873-bc675780bfac",
      "meta": {
        "profile": [ "http://hl7.org/fhir/us/cqfmeasures/StructureDefinition/test-case-cqfm" ]
      },
      "contained": [ {
        "resourceType": "Parameters",
        "id": "8f4e0563-bbb8-4ed4-b687-8617b9fa16ca-parameters",
        "parameter": [ {
          "name": "subject",
          "valueString": "f3f9227e-50eb-4752-af8a-464072cc60c2"
        } ]
      } ],
      "extension": [ {
        "url": "http://hl7.org/fhir/us/cqfmeasures/StructureDefinition/cqfm-inputParameters",
        "valueReference": {
          "reference": "#8f4e0563-bbb8-4ed4-b687-8617b9fa16ca-parameters"
        }
      }, {
        "url": "http://hl7.org/fhir/us/cqfmeasures/StructureDefinition/cqfm-testCaseDescription",
        "valueMarkdown": "Encounter Office Visit in MP.  Dx Prostate Cancer in MP. ADT on 9/30, DEXA on on 12/30 to test timing.  NUMER Criteria Pass"
      } ],
      "modifierExtension": [ {
        "url": "http://hl7.org/fhir/us/cqfmeasures/StructureDefinition/cqfm-isTestCase",
        "valueBoolean": true
      } ],
      "status": "complete",
      "type": "individual",
      "measure": "https://madie.cms.gov/Measure/BoneDensityProstateCancerAndrogenDeprivationTherapyFHIR6",
      "period": {
        "start": "2025-01-01",
        "end": "2025-12-31"
      },
      "group": [ {
        "id": "67b61060a0d801640767a597",
        "population": [ {
          "id": "E8F25116-1779-4BA6-B606-34F12AE4F5BA",
          "code": {
            "coding": [ {
              "system": "http://terminology.hl7.org/CodeSystem/measure-population",
              "code": "initial-population",
              "display": "Initial Population"
            } ]
          },
          "count": 1
        }, {
          "id": "1C145A56-9250-4444-A497-86C44F55CFDB",
          "code": {
            "coding": [ {
              "system": "http://terminology.hl7.org/CodeSystem/measure-population",
              "code": "denominator",
              "display": "Denominator"
            } ]
          },
          "count": 1
        }, {
          "id": "B1E0E3D2-D44E-4BFF-92F8-077CF1AE234F",
          "code": {
            "coding": [ {
              "system": "http://terminology.hl7.org/CodeSystem/measure-population",
              "code": "numerator",
              "display": "Numerator"
            } ]
          },
          "count": 1
        }, {
          "id": "A9552F46-139C-4270-835C-224132205362",
          "code": {
            "coding": [ {
              "system": "http://terminology.hl7.org/CodeSystem/measure-population",
              "code": "denominator-exception",
              "display": "Denominator Exception"
            } ]
          },
          "count": 0
        } ],
        "measureScore": {
          "value": 1.0
        }
      } ],
      "evaluatedResource": [ {
        "reference": "Patient/f3f9227e-50eb-4752-af8a-464072cc60c2"
      }, {
        "reference": "Encounter/c43b6e4d-0984-42f5-b9e7-cb991da2b520"
      }, {
        "reference": "Condition/c6679563-9ee1-4b3f-b2c1-e8dce0829229"
      }, {
        "reference": "Observation/96a2c01b-ee17-4775-bac7-0710a6ab6737"
      }, {
        "reference": "Practitioner/01aaabb4-b265-4a2b-9225-a43ddfeb389b"
      }, {
        "reference": "MedicationRequest/c58b2cb7-d777-4c1e-b39a-8545642bb0da"
      }, {
        "reference": "ServiceRequest/9b525931-a991-43c9-a8a7-3c452ff2dedc"
      } ]
    },
    "request": {
      "method": "PUT",
      "url": "MeasureReport/d271a435-7b07-4772-9873-bc675780bfac"
    }
  } ]
}