{
  "resourceType": "Bundle",
  "id": "60abda28bf0a01003e3f76bd",
  "type": "transaction",
  "entry": [ {
    "fullUrl": "https://madie.cms.gov/Patient/f3f9227e-50eb-4752-af8a-464072cc60c2",
    "resource": {
      "resourceType": "Patient",
      "id": "f3f9227e-50eb-4752-af8a-464072cc60c2",
      "meta": {
        "profile": [ "http://hl7.org/fhir/us/qicore/StructureDefinition/qicore-patient" ]
      },
      "extension": [ {
        "url": "http://hl7.org/fhir/us/core/StructureDefinition/us-core-race",
        "extension": [ {
          "url": "ombCategory",
          "valueCoding": {
            "system": "urn:oid:2.16.840.1.113883.6.238",
            "code": "2054-5",
            "display": "Black or African American"
          }
        }, {
          "url": "text",
          "valueString": "Black or African American"
        } ]
      }, {
        "url": "http://hl7.org/fhir/us/core/StructureDefinition/us-core-ethnicity",
        "extension": [ {
          "url": "ombCategory",
          "valueCoding": {
            "system": "urn:oid:2.16.840.1.113883.6.238",
            "code": "2186-5",
            "display": "Not Hispanic or Latino"
          }
        }, {
          "url": "text",
          "valueString": "Not Hispanic or Latino"
        } ]
      } ],
      "identifier": [ {
        "type": {
          "coding": [ {
            "system": "http://terminology.hl7.org/CodeSystem/v2-0203",
            "code": "MR"
          } ]
        },
        "system": "https://bonnie-fhir.healthit.gov/",
        "value": "463131313187656"
      } ],
      "name": [ {
        "family": "NUMERPass",
        "given": [ "ADT9MonthsAfterStartofMPEdge" ]
      } ],
      "gender": "male",
      "birthDate": "1930-06-15"
    },
    "request": {
      "method": "PUT",
      "url": "Patient/f3f9227e-50eb-4752-af8a-464072cc60c2"
    }
  }, {
    "fullUrl": "https://madie.cms.gov/Encounter/4533bd3c-a22e-4308-93c9-6411b31acc5d",
    "resource": {
      "resourceType": "Encounter",
      "id": "4533bd3c-a22e-4308-93c9-6411b31acc5d",
      "meta": {
        "profile": [ "http://hl7.org/fhir/us/qicore/StructureDefinition/qicore-encounter" ]
      },
      "status": "finished",
      "class": {
        "system": "http://terminology.hl7.org/CodeSystem/v3-ActCode",
        "code": "AMB",
        "display": "ambulatory"
      },
      "type": [ {
        "coding": [ {
          "system": "http://snomed.info/sct",
          "version": "http://snomed.info/sct/731000124108/version/20240301",
          "code": "185463005",
          "display": "Visit out of hours (procedure)"
        } ]
      } ],
      "subject": {
        "reference": "Patient/f3f9227e-50eb-4752-af8a-464072cc60c2"
      },
      "period": {
        "start": "2026-09-01T08:00:00.000+00:00",
        "end": "2026-09-01T08:15:00.000+00:00"
      }
    },
    "request": {
      "method": "PUT",
      "url": "Encounter/4533bd3c-a22e-4308-93c9-6411b31acc5d"
    }
  }, {
    "fullUrl": "https://madie.cms.gov/Condition/f5f4969b-3d89-4faa-82f4-01e152094c2a",
    "resource": {
      "resourceType": "Condition",
      "id": "f5f4969b-3d89-4faa-82f4-01e152094c2a",
      "meta": {
        "profile": [ "http://hl7.org/fhir/us/qicore/StructureDefinition/qicore-condition-problems-health-concerns" ]
      },
      "clinicalStatus": {
        "coding": [ {
          "system": "http://terminology.hl7.org/CodeSystem/condition-clinical",
          "code": "active",
          "display": "Active",
          "userSelected": true
        } ]
      },
      "verificationStatus": {
        "coding": [ {
          "system": "http://terminology.hl7.org/CodeSystem/condition-ver-status",
          "code": "confirmed"
        } ]
      },
      "category": [ {
        "coding": [ {
          "system": "http://terminology.hl7.org/CodeSystem/condition-category",
          "code": "problem-list-item",
          "display": "Problem List Item"
        } ]
      } ],
      "code": {
        "coding": [ {
          "system": "http://snomed.info/sct",
          "version": "http://snomed.info/sct/731000124108/version/20240301",
          "code": "254900004",
          "display": "Carcinoma of prostate (disorder)"
        } ]
      },
      "subject": {
        "reference": "Patient/f3f9227e-50eb-4752-af8a-464072cc60c2"
      },
      "onsetPeriod": {
        "start": "2026-09-01T08:00:00.000+00:00"
      }
    },
    "request": {
      "method": "PUT",
      "url": "Condition/f5f4969b-3d89-4faa-82f4-01e152094c2a"
    }
  }, {
    "fullUrl": "https://madie.cms.gov/Observation/4e10d50b-7fd2-492c-be95-a90ecab1082c",
    "resource": {
      "resourceType": "Observation",
      "id": "4e10d50b-7fd2-492c-be95-a90ecab1082c",
      "meta": {
        "profile": [ "http://hl7.org/fhir/us/qicore/StructureDefinition/qicore-observation-lab" ]
      },
      "status": "final",
      "category": [ {
        "coding": [ {
          "system": "http://terminology.hl7.org/CodeSystem/observation-category",
          "code": "imaging",
          "display": "Imaging"
        } ]
      } ],
      "code": {
        "coding": [ {
          "system": "http://loinc.org",
          "version": "2.76",
          "code": "38265-5",
          "display": "DXA Radius and Ulna [T-score] Bone density"
        } ]
      },
      "subject": {
        "reference": "Patient/f3f9227e-50eb-4752-af8a-464072cc60c2"
      },
      "effectivePeriod": {
        "start": "2026-12-30T10:00:00.000+00:00"
      }
    },
    "request": {
      "method": "PUT",
      "url": "Observation/4e10d50b-7fd2-492c-be95-a90ecab1082c"
    }
  }, {
    "fullUrl": "https://madie.cms.gov/Practitioner/446f82da-a7ff-4b68-ac41-f13ab6bc5d7d",
    "resource": {
      "resourceType": "Practitioner",
      "id": "446f82da-a7ff-4b68-ac41-f13ab6bc5d7d",
      "meta": {
        "profile": [ "http://hl7.org/fhir/us/qicore/StructureDefinition/qicore-practitioner" ]
      },
      "identifier": [ {
        "use": "temp",
        "system": "urn:oid:2.16.840.1.113883.4.336",
        "value": "Practitioner-23"
      } ],
      "active": true,
      "name": [ {
        "family": "Careful",
        "given": [ "Adam" ],
        "prefix": [ "Dr" ]
      } ],
      "address": [ {
        "use": "home",
        "line": [ "534 Erewhon St" ],
        "city": "PleasantVille",
        "state": "UT",
        "postalCode": "84414"
      } ],
      "qualification": [ {
        "identifier": [ {
          "system": "http://example.org/UniversityIdentifier",
          "value": "12345"
        } ],
        "code": {
          "coding": [ {
            "system": "http://terminology.hl7.org/CodeSystem/v2-0360|2.7",
            "code": "BS",
            "display": "Bachelor of Science"
          } ],
          "text": "Bachelor of Science"
        },
        "period": {
          "start": "1996"
        },
        "issuer": {
          "display": "Example University"
        }
      } ]
    },
    "request": {
      "method": "PUT",
      "url": "Practitioner/446f82da-a7ff-4b68-ac41-f13ab6bc5d7d"
    }
  }, {
    "fullUrl": "https://madie.cms.gov/MedicationRequest/e9fa936c-35cc-42e0-804f-3c5348fb14f7",
    "resource": {
      "resourceType": "MedicationRequest",
      "id": "e9fa936c-35cc-42e0-804f-3c5348fb14f7",
      "meta": {
        "profile": [ "http://hl7.org/fhir/us/qicore/StructureDefinition/qicore-medicationrequest" ]
      },
      "status": "active",
      "intent": "order",
      "medicationCodeableConcept": {
        "coding": [ {
          "system": "http://www.nlm.nih.gov/research/umls/rxnorm",
          "version": "04012024",
          "code": "1115257",
          "display": "1.5 ML leuprolide acetate 30 MG/ML Prefilled Syringe"
        } ]
      },
      "subject": {
        "reference": "Patient/f3f9227e-50eb-4752-af8a-464072cc60c2"
      },
      "authoredOn": "2026-09-29T08:00:00.000+00:00",
      "requester": {
        "reference": "http://myGoodHealthcare.com/fhir/Practitioner/446f82da-a7ff-4b68-ac41-f13ab6bc5d7d"
      },
      "dosageInstruction": [ {
        "timing": {
          "repeat": {
            "boundsPeriod": {
              "start": "2026-09-30T08:00:00.000+00:00"
            }
          }
        }
      } ]
    },
    "request": {
      "method": "PUT",
      "url": "MedicationRequest/e9fa936c-35cc-42e0-804f-3c5348fb14f7"
    }
  }, {
    "fullUrl": "https://madie.cms.gov/ServiceRequest/056d70ad-2a44-47f4-a4a3-268dd88a9883",
    "resource": {
      "resourceType": "ServiceRequest",
      "id": "056d70ad-2a44-47f4-a4a3-268dd88a9883",
      "meta": {
        "profile": [ "http://hl7.org/fhir/us/qicore/StructureDefinition/qicore-servicerequest" ]
      },
      "status": "active",
      "intent": "order",
      "code": {
        "coding": [ {
          "system": "http://snomed.info/sct",
          "version": "http://snomed.info/sct/731000124108/version/20240301",
          "code": "456381000124102",
          "display": "Injection of leuprolide acetate for twelve month period (regime/therapy)"
        } ]
      },
      "subject": {
        "reference": "Patient/f3f9227e-50eb-4752-af8a-464072cc60c2"
      },
      "authoredOn": "2026-09-30T08:00:00.000+00:00"
    },
    "request": {
      "method": "PUT",
      "url": "ServiceRequest/056d70ad-2a44-47f4-a4a3-268dd88a9883"
    }
  }, {
    "fullUrl": "https://madie.cms.gov/MeasureReport/0a688e90-79da-4e59-acf7-8546f5199b5c",
    "resource": {
      "resourceType": "MeasureReport",
      "id": "0a688e90-79da-4e59-acf7-8546f5199b5c",
      "meta": {
        "profile": [ "http://hl7.org/fhir/us/cqfmeasures/StructureDefinition/test-case-cqfm" ]
      },
      "contained": [ {
        "resourceType": "Parameters",
        "id": "576b8976-84c3-4c80-ac48-15db9ba95a0c-parameters",
        "parameter": [ {
          "name": "subject",
          "valueString": "f3f9227e-50eb-4752-af8a-464072cc60c2"
        } ]
      } ],
      "extension": [ {
        "url": "http://hl7.org/fhir/StructureDefinition/cqf-inputParameters",
        "valueReference": {
          "reference": "#576b8976-84c3-4c80-ac48-15db9ba95a0c-parameters"
        }
      }, {
        "url": "http://hl7.org/fhir/us/cqfmeasures/StructureDefinition/cqfm-testCaseDescription",
        "valueMarkdown": "Encounter Office Visit in MP.  Dx Prostate Cancer in MP. ADT on 9/30, DEXA on on 12/30 to test timing.  NUMER Criteria Pass"
      } ],
      "modifierExtension": [ {
        "url": "http://hl7.org/fhir/us/cqfmeasures/StructureDefinition/cqfm-isTestCase",
        "valueBoolean": true
      } ],
      "status": "complete",
      "type": "individual",
      "measure": "https://madie.cms.gov/Measure/BoneDensityProstateCancerAndrogenDeprivationTherapyFHIR6",
      "period": {
        "start": "2026-01-01",
        "end": "2026-12-31"
      },
      "group": [ {
        "id": "Group_1",
        "population": [ {
          "id": "InitialPopulation_1",
          "code": {
            "coding": [ {
              "system": "http://terminology.hl7.org/CodeSystem/measure-population",
              "code": "initial-population",
              "display": "Initial Population"
            } ]
          },
          "count": 1
        }, {
          "id": "Denominator_1",
          "code": {
            "coding": [ {
              "system": "http://terminology.hl7.org/CodeSystem/measure-population",
              "code": "denominator",
              "display": "Denominator"
            } ]
          },
          "count": 1
        }, {
          "id": "Numerator_1",
          "code": {
            "coding": [ {
              "system": "http://terminology.hl7.org/CodeSystem/measure-population",
              "code": "numerator",
              "display": "Numerator"
            } ]
          },
          "count": 1
        }, {
          "id": "DenominatorException_1",
          "code": {
            "coding": [ {
              "system": "http://terminology.hl7.org/CodeSystem/measure-population",
              "code": "denominator-exception",
              "display": "Denominator Exception"
            } ]
          },
          "count": 0
        } ],
        "measureScore": {
          "value": 1.0
        }
      } ],
      "evaluatedResource": [ {
        "reference": "Patient/f3f9227e-50eb-4752-af8a-464072cc60c2"
      }, {
        "reference": "Encounter/4533bd3c-a22e-4308-93c9-6411b31acc5d"
      }, {
        "reference": "Condition/f5f4969b-3d89-4faa-82f4-01e152094c2a"
      }, {
        "reference": "Observation/4e10d50b-7fd2-492c-be95-a90ecab1082c"
      }, {
        "reference": "Practitioner/446f82da-a7ff-4b68-ac41-f13ab6bc5d7d"
      }, {
        "reference": "MedicationRequest/e9fa936c-35cc-42e0-804f-3c5348fb14f7"
      }, {
        "reference": "ServiceRequest/056d70ad-2a44-47f4-a4a3-268dd88a9883"
      } ]
    },
    "request": {
      "method": "PUT",
      "url": "MeasureReport/0a688e90-79da-4e59-acf7-8546f5199b5c"
    }
  } ]
}