{
  "resourceType": "Bundle",
  "id": "60abda28bf0a01003e3f76bd",
  "type": "transaction",
  "entry": [ {
    "fullUrl": "https://madie.cms.gov/Patient/1dc53422-497d-492a-8aa4-8a165264a14d",
    "resource": {
      "resourceType": "Patient",
      "id": "1dc53422-497d-492a-8aa4-8a165264a14d",
      "meta": {
        "profile": [ "http://hl7.org/fhir/us/qicore/StructureDefinition/qicore-patient" ]
      },
      "extension": [ {
        "url": "http://hl7.org/fhir/us/core/StructureDefinition/us-core-race",
        "extension": [ {
          "url": "ombCategory",
          "valueCoding": {
            "system": "urn:oid:2.16.840.1.113883.6.238",
            "code": "2054-5",
            "display": "Black or African American"
          }
        }, {
          "url": "text",
          "valueString": "Black or African American"
        } ]
      }, {
        "url": "http://hl7.org/fhir/us/core/StructureDefinition/us-core-ethnicity",
        "extension": [ {
          "url": "ombCategory",
          "valueCoding": {
            "system": "urn:oid:2.16.840.1.113883.6.238",
            "code": "2186-5",
            "display": "Not Hispanic or Latino"
          }
        }, {
          "url": "text",
          "valueString": "Not Hispanic or Latino"
        } ]
      } ],
      "identifier": [ {
        "type": {
          "coding": [ {
            "system": "http://terminology.hl7.org/CodeSystem/v2-0203",
            "code": "MR"
          } ]
        },
        "system": "https://bonnie-fhir.healthit.gov/",
        "value": "463131313187656"
      } ],
      "name": [ {
        "family": "NUMERPass",
        "given": [ "DEXA3MonthsorLessAfterADT" ]
      } ],
      "gender": "male",
      "birthDate": "1929-06-15"
    },
    "request": {
      "method": "PUT",
      "url": "Patient/1dc53422-497d-492a-8aa4-8a165264a14d"
    }
  }, {
    "fullUrl": "https://madie.cms.gov/Encounter/1c8673cb-44a2-459a-aaa5-bbef3658996e",
    "resource": {
      "resourceType": "Encounter",
      "id": "1c8673cb-44a2-459a-aaa5-bbef3658996e",
      "meta": {
        "profile": [ "http://hl7.org/fhir/us/qicore/StructureDefinition/qicore-encounter" ]
      },
      "status": "finished",
      "class": {
        "system": "http://terminology.hl7.org/CodeSystem/v3-ActCode",
        "code": "AMB",
        "display": "ambulatory"
      },
      "type": [ {
        "coding": [ {
          "system": "http://snomed.info/sct",
          "version": "http://snomed.info/sct/731000124108/version/20240301",
          "code": "185463005",
          "display": "Visit out of hours (procedure)"
        } ]
      } ],
      "subject": {
        "reference": "Patient/1dc53422-497d-492a-8aa4-8a165264a14d"
      },
      "period": {
        "start": "2025-02-04T08:00:00.000+00:00",
        "end": "2025-02-04T08:15:00.000+00:00"
      }
    },
    "request": {
      "method": "PUT",
      "url": "Encounter/1c8673cb-44a2-459a-aaa5-bbef3658996e"
    }
  }, {
    "fullUrl": "https://madie.cms.gov/Condition/fd9a5261-b9b5-4f23-9679-92f38b04fd0e",
    "resource": {
      "resourceType": "Condition",
      "id": "fd9a5261-b9b5-4f23-9679-92f38b04fd0e",
      "meta": {
        "profile": [ "http://hl7.org/fhir/us/qicore/StructureDefinition/qicore-condition-problems-health-concerns" ]
      },
      "clinicalStatus": {
        "coding": [ {
          "system": "http://terminology.hl7.org/CodeSystem/condition-clinical",
          "code": "active",
          "display": "Active",
          "userSelected": true
        } ]
      },
      "verificationStatus": {
        "coding": [ {
          "system": "http://terminology.hl7.org/CodeSystem/condition-ver-status",
          "code": "confirmed"
        } ]
      },
      "category": [ {
        "coding": [ {
          "system": "http://terminology.hl7.org/CodeSystem/condition-category",
          "code": "problem-list-item",
          "display": "Problem List Item"
        } ]
      } ],
      "code": {
        "coding": [ {
          "system": "http://snomed.info/sct",
          "version": "http://snomed.info/sct/731000124108/version/20240301",
          "code": "254900004",
          "display": "Carcinoma of prostate (disorder)"
        } ]
      },
      "subject": {
        "reference": "Patient/1dc53422-497d-492a-8aa4-8a165264a14d"
      },
      "onsetDateTime": "2025-02-04T08:00:00.000+00:00"
    },
    "request": {
      "method": "PUT",
      "url": "Condition/fd9a5261-b9b5-4f23-9679-92f38b04fd0e"
    }
  }, {
    "fullUrl": "https://madie.cms.gov/Observation/bf80b9e0-43f8-46a0-8cec-97b491eb6a5e",
    "resource": {
      "resourceType": "Observation",
      "id": "bf80b9e0-43f8-46a0-8cec-97b491eb6a5e",
      "meta": {
        "profile": [ "http://hl7.org/fhir/us/qicore/StructureDefinition/qicore-observation-lab" ]
      },
      "status": "final",
      "category": [ {
        "coding": [ {
          "system": "http://terminology.hl7.org/CodeSystem/observation-category",
          "code": "imaging",
          "display": "Imaging"
        } ]
      } ],
      "code": {
        "coding": [ {
          "system": "http://loinc.org",
          "version": "2.76",
          "code": "38265-5",
          "display": "DXA Radius and Ulna [T-score] Bone density"
        } ]
      },
      "subject": {
        "reference": "Patient/1dc53422-497d-492a-8aa4-8a165264a14d"
      },
      "effectivePeriod": {
        "start": "2025-04-04T10:00:00.000+00:00"
      }
    },
    "request": {
      "method": "PUT",
      "url": "Observation/bf80b9e0-43f8-46a0-8cec-97b491eb6a5e"
    }
  }, {
    "fullUrl": "https://madie.cms.gov/Practitioner/c3e87d5c-19ef-47b7-be64-98203efd49b3",
    "resource": {
      "resourceType": "Practitioner",
      "id": "c3e87d5c-19ef-47b7-be64-98203efd49b3",
      "meta": {
        "profile": [ "http://hl7.org/fhir/us/qicore/StructureDefinition/qicore-practitioner" ]
      },
      "identifier": [ {
        "use": "temp",
        "system": "urn:oid:2.16.840.1.113883.4.336",
        "value": "Practitioner-23"
      } ],
      "active": true,
      "name": [ {
        "family": "Careful",
        "given": [ "Adam" ],
        "prefix": [ "Dr" ]
      } ],
      "address": [ {
        "use": "home",
        "line": [ "534 Erewhon St" ],
        "city": "PleasantVille",
        "state": "UT",
        "postalCode": "84414"
      } ],
      "qualification": [ {
        "identifier": [ {
          "system": "http://example.org/UniversityIdentifier",
          "value": "12345"
        } ],
        "code": {
          "coding": [ {
            "system": "http://terminology.hl7.org/CodeSystem/v2-0360|2.7",
            "code": "BS",
            "display": "Bachelor of Science"
          } ],
          "text": "Bachelor of Science"
        },
        "period": {
          "start": "1995"
        },
        "issuer": {
          "display": "Example University"
        }
      } ]
    },
    "request": {
      "method": "PUT",
      "url": "Practitioner/c3e87d5c-19ef-47b7-be64-98203efd49b3"
    }
  }, {
    "fullUrl": "https://madie.cms.gov/MedicationRequest/bfa60f26-37f1-469f-a090-f4fba7b1d2e4",
    "resource": {
      "resourceType": "MedicationRequest",
      "id": "bfa60f26-37f1-469f-a090-f4fba7b1d2e4",
      "meta": {
        "profile": [ "http://hl7.org/fhir/us/qicore/StructureDefinition/qicore-medicationrequest" ]
      },
      "status": "active",
      "intent": "order",
      "medicationCodeableConcept": {
        "coding": [ {
          "system": "http://www.nlm.nih.gov/research/umls/rxnorm",
          "version": "04012024",
          "code": "1115257",
          "display": "1.5 ML leuprolide acetate 30 MG/ML Prefilled Syringe"
        } ]
      },
      "subject": {
        "reference": "Patient/1dc53422-497d-492a-8aa4-8a165264a14d"
      },
      "authoredOn": "2025-02-04T08:00:00.000+00:00",
      "requester": {
        "reference": "http://myGoodHealthcare.com/fhir/Practitioner/c3e87d5c-19ef-47b7-be64-98203efd49b3"
      },
      "dosageInstruction": [ {
        "timing": {
          "repeat": {
            "boundsPeriod": {
              "start": "2025-02-04T08:00:00.000+00:00",
              "end": "2025-03-04T08:00:00.000+00:00"
            }
          }
        }
      } ]
    },
    "request": {
      "method": "PUT",
      "url": "MedicationRequest/bfa60f26-37f1-469f-a090-f4fba7b1d2e4"
    }
  }, {
    "fullUrl": "https://madie.cms.gov/ServiceRequest/e0d11b61-e09d-4abd-97d1-76c0622f7095",
    "resource": {
      "resourceType": "ServiceRequest",
      "id": "e0d11b61-e09d-4abd-97d1-76c0622f7095",
      "meta": {
        "profile": [ "http://hl7.org/fhir/us/qicore/StructureDefinition/qicore-servicerequest" ]
      },
      "status": "active",
      "intent": "order",
      "code": {
        "coding": [ {
          "system": "http://snomed.info/sct",
          "version": "http://snomed.info/sct/731000124108/version/20240301",
          "code": "456381000124102",
          "display": "Injection of leuprolide acetate for twelve month period (regime/therapy)"
        } ]
      },
      "subject": {
        "reference": "Patient/1dc53422-497d-492a-8aa4-8a165264a14d"
      },
      "authoredOn": "2025-02-04T08:00:00.000+00:00"
    },
    "request": {
      "method": "PUT",
      "url": "ServiceRequest/e0d11b61-e09d-4abd-97d1-76c0622f7095"
    }
  }, {
    "fullUrl": "https://madie.cms.gov/MeasureReport/6fa1a7fb-f95d-48a9-9f6e-b2e90527ba0e",
    "resource": {
      "resourceType": "MeasureReport",
      "id": "6fa1a7fb-f95d-48a9-9f6e-b2e90527ba0e",
      "meta": {
        "profile": [ "http://hl7.org/fhir/us/cqfmeasures/StructureDefinition/test-case-cqfm" ]
      },
      "contained": [ {
        "resourceType": "Parameters",
        "id": "1458d4f6-6f89-4c02-a6e2-46266bbd179a-parameters",
        "parameter": [ {
          "name": "subject",
          "valueString": "1dc53422-497d-492a-8aa4-8a165264a14d"
        } ]
      } ],
      "extension": [ {
        "url": "http://hl7.org/fhir/us/cqfmeasures/StructureDefinition/cqfm-inputParameters",
        "valueReference": {
          "reference": "#1458d4f6-6f89-4c02-a6e2-46266bbd179a-parameters"
        }
      }, {
        "url": "http://hl7.org/fhir/us/cqfmeasures/StructureDefinition/cqfm-testCaseDescription",
        "valueMarkdown": "Encounter Office Visit in MP.  Dx Prostate Cancer in MP. Procedure \nOrder. Medication Active: Androgen Deprivation Therapy For Urology Care. Dexa 3 months after ADT.  Passes NUMER as expected."
      } ],
      "modifierExtension": [ {
        "url": "http://hl7.org/fhir/us/cqfmeasures/StructureDefinition/cqfm-isTestCase",
        "valueBoolean": true
      } ],
      "status": "complete",
      "type": "individual",
      "measure": "https://madie.cms.gov/Measure/BoneDensityProstateCancerAndrogenDeprivationTherapyFHIR6",
      "period": {
        "start": "2025-01-01",
        "end": "2025-12-31"
      },
      "group": [ {
        "id": "67b61060a0d801640767a597",
        "population": [ {
          "id": "E8F25116-1779-4BA6-B606-34F12AE4F5BA",
          "code": {
            "coding": [ {
              "system": "http://terminology.hl7.org/CodeSystem/measure-population",
              "code": "initial-population",
              "display": "Initial Population"
            } ]
          },
          "count": 1
        }, {
          "id": "1C145A56-9250-4444-A497-86C44F55CFDB",
          "code": {
            "coding": [ {
              "system": "http://terminology.hl7.org/CodeSystem/measure-population",
              "code": "denominator",
              "display": "Denominator"
            } ]
          },
          "count": 1
        }, {
          "id": "B1E0E3D2-D44E-4BFF-92F8-077CF1AE234F",
          "code": {
            "coding": [ {
              "system": "http://terminology.hl7.org/CodeSystem/measure-population",
              "code": "numerator",
              "display": "Numerator"
            } ]
          },
          "count": 1
        }, {
          "id": "A9552F46-139C-4270-835C-224132205362",
          "code": {
            "coding": [ {
              "system": "http://terminology.hl7.org/CodeSystem/measure-population",
              "code": "denominator-exception",
              "display": "Denominator Exception"
            } ]
          },
          "count": 0
        } ],
        "measureScore": {
          "value": 1.0
        }
      } ],
      "evaluatedResource": [ {
        "reference": "Patient/1dc53422-497d-492a-8aa4-8a165264a14d"
      }, {
        "reference": "Encounter/1c8673cb-44a2-459a-aaa5-bbef3658996e"
      }, {
        "reference": "Condition/fd9a5261-b9b5-4f23-9679-92f38b04fd0e"
      }, {
        "reference": "Observation/bf80b9e0-43f8-46a0-8cec-97b491eb6a5e"
      }, {
        "reference": "Practitioner/c3e87d5c-19ef-47b7-be64-98203efd49b3"
      }, {
        "reference": "MedicationRequest/bfa60f26-37f1-469f-a090-f4fba7b1d2e4"
      }, {
        "reference": "ServiceRequest/e0d11b61-e09d-4abd-97d1-76c0622f7095"
      } ]
    },
    "request": {
      "method": "PUT",
      "url": "MeasureReport/6fa1a7fb-f95d-48a9-9f6e-b2e90527ba0e"
    }
  } ]
}