{
  "resourceType": "Bundle",
  "id": "60abda28bf0a01003e3f76bd",
  "type": "transaction",
  "entry": [ {
    "fullUrl": "https://madie.cms.gov/Patient/1dc53422-497d-492a-8aa4-8a165264a14d",
    "resource": {
      "resourceType": "Patient",
      "id": "1dc53422-497d-492a-8aa4-8a165264a14d",
      "meta": {
        "profile": [ "http://hl7.org/fhir/us/qicore/StructureDefinition/qicore-patient" ]
      },
      "extension": [ {
        "url": "http://hl7.org/fhir/us/core/StructureDefinition/us-core-race",
        "extension": [ {
          "url": "ombCategory",
          "valueCoding": {
            "system": "urn:oid:2.16.840.1.113883.6.238",
            "code": "2054-5",
            "display": "Black or African American"
          }
        }, {
          "url": "text",
          "valueString": "Black or African American"
        } ]
      }, {
        "url": "http://hl7.org/fhir/us/core/StructureDefinition/us-core-ethnicity",
        "extension": [ {
          "url": "ombCategory",
          "valueCoding": {
            "system": "urn:oid:2.16.840.1.113883.6.238",
            "code": "2186-5",
            "display": "Not Hispanic or Latino"
          }
        }, {
          "url": "text",
          "valueString": "Not Hispanic or Latino"
        } ]
      } ],
      "identifier": [ {
        "type": {
          "coding": [ {
            "system": "http://terminology.hl7.org/CodeSystem/v2-0203",
            "code": "MR"
          } ]
        },
        "system": "https://bonnie-fhir.healthit.gov/",
        "value": "463131313187656"
      } ],
      "name": [ {
        "family": "NUMERPass",
        "given": [ "DEXA3MonthsorLessAfterADT" ]
      } ],
      "gender": "male",
      "birthDate": "1930-06-15"
    },
    "request": {
      "method": "PUT",
      "url": "Patient/1dc53422-497d-492a-8aa4-8a165264a14d"
    }
  }, {
    "fullUrl": "https://madie.cms.gov/Encounter/3e435ec0-a0e1-4fa4-8404-6d4a8e00b8c3",
    "resource": {
      "resourceType": "Encounter",
      "id": "3e435ec0-a0e1-4fa4-8404-6d4a8e00b8c3",
      "meta": {
        "profile": [ "http://hl7.org/fhir/us/qicore/StructureDefinition/qicore-encounter" ]
      },
      "status": "finished",
      "class": {
        "system": "http://terminology.hl7.org/CodeSystem/v3-ActCode",
        "code": "AMB",
        "display": "ambulatory"
      },
      "type": [ {
        "coding": [ {
          "system": "http://snomed.info/sct",
          "version": "http://snomed.info/sct/731000124108/version/20240301",
          "code": "185463005",
          "display": "Visit out of hours (procedure)"
        } ]
      } ],
      "subject": {
        "reference": "Patient/1dc53422-497d-492a-8aa4-8a165264a14d"
      },
      "period": {
        "start": "2026-02-04T08:00:00.000+00:00",
        "end": "2026-02-04T08:15:00.000+00:00"
      }
    },
    "request": {
      "method": "PUT",
      "url": "Encounter/3e435ec0-a0e1-4fa4-8404-6d4a8e00b8c3"
    }
  }, {
    "fullUrl": "https://madie.cms.gov/Condition/422b944f-257b-46d0-9121-ffbd6824b667",
    "resource": {
      "resourceType": "Condition",
      "id": "422b944f-257b-46d0-9121-ffbd6824b667",
      "meta": {
        "profile": [ "http://hl7.org/fhir/us/qicore/StructureDefinition/qicore-condition-problems-health-concerns" ]
      },
      "clinicalStatus": {
        "coding": [ {
          "system": "http://terminology.hl7.org/CodeSystem/condition-clinical",
          "code": "active",
          "display": "Active",
          "userSelected": true
        } ]
      },
      "verificationStatus": {
        "coding": [ {
          "system": "http://terminology.hl7.org/CodeSystem/condition-ver-status",
          "code": "confirmed"
        } ]
      },
      "category": [ {
        "coding": [ {
          "system": "http://terminology.hl7.org/CodeSystem/condition-category",
          "code": "problem-list-item",
          "display": "Problem List Item"
        } ]
      } ],
      "code": {
        "coding": [ {
          "system": "http://snomed.info/sct",
          "version": "http://snomed.info/sct/731000124108/version/20240301",
          "code": "254900004",
          "display": "Carcinoma of prostate (disorder)"
        } ]
      },
      "subject": {
        "reference": "Patient/1dc53422-497d-492a-8aa4-8a165264a14d"
      },
      "onsetDateTime": "2026-02-04T08:00:00.000+00:00"
    },
    "request": {
      "method": "PUT",
      "url": "Condition/422b944f-257b-46d0-9121-ffbd6824b667"
    }
  }, {
    "fullUrl": "https://madie.cms.gov/Observation/d3cabb8f-146d-4a30-8a0b-d280c4b6ca8c",
    "resource": {
      "resourceType": "Observation",
      "id": "d3cabb8f-146d-4a30-8a0b-d280c4b6ca8c",
      "meta": {
        "profile": [ "http://hl7.org/fhir/us/qicore/StructureDefinition/qicore-observation-lab" ]
      },
      "status": "final",
      "category": [ {
        "coding": [ {
          "system": "http://terminology.hl7.org/CodeSystem/observation-category",
          "code": "imaging",
          "display": "Imaging"
        } ]
      } ],
      "code": {
        "coding": [ {
          "system": "http://loinc.org",
          "version": "2.76",
          "code": "38265-5",
          "display": "DXA Radius and Ulna [T-score] Bone density"
        } ]
      },
      "subject": {
        "reference": "Patient/1dc53422-497d-492a-8aa4-8a165264a14d"
      },
      "effectivePeriod": {
        "start": "2026-04-04T10:00:00.000+00:00"
      }
    },
    "request": {
      "method": "PUT",
      "url": "Observation/d3cabb8f-146d-4a30-8a0b-d280c4b6ca8c"
    }
  }, {
    "fullUrl": "https://madie.cms.gov/Practitioner/3a9fdbb8-8716-4302-a500-8dffb516bd5a",
    "resource": {
      "resourceType": "Practitioner",
      "id": "3a9fdbb8-8716-4302-a500-8dffb516bd5a",
      "meta": {
        "profile": [ "http://hl7.org/fhir/us/qicore/StructureDefinition/qicore-practitioner" ]
      },
      "identifier": [ {
        "use": "temp",
        "system": "urn:oid:2.16.840.1.113883.4.336",
        "value": "Practitioner-23"
      } ],
      "active": true,
      "name": [ {
        "family": "Careful",
        "given": [ "Adam" ],
        "prefix": [ "Dr" ]
      } ],
      "address": [ {
        "use": "home",
        "line": [ "534 Erewhon St" ],
        "city": "PleasantVille",
        "state": "UT",
        "postalCode": "84414"
      } ],
      "qualification": [ {
        "identifier": [ {
          "system": "http://example.org/UniversityIdentifier",
          "value": "12345"
        } ],
        "code": {
          "coding": [ {
            "system": "http://terminology.hl7.org/CodeSystem/v2-0360|2.7",
            "code": "BS",
            "display": "Bachelor of Science"
          } ],
          "text": "Bachelor of Science"
        },
        "period": {
          "start": "1996"
        },
        "issuer": {
          "display": "Example University"
        }
      } ]
    },
    "request": {
      "method": "PUT",
      "url": "Practitioner/3a9fdbb8-8716-4302-a500-8dffb516bd5a"
    }
  }, {
    "fullUrl": "https://madie.cms.gov/MedicationRequest/81f535c8-e5a9-4390-b866-652eeab45d83",
    "resource": {
      "resourceType": "MedicationRequest",
      "id": "81f535c8-e5a9-4390-b866-652eeab45d83",
      "meta": {
        "profile": [ "http://hl7.org/fhir/us/qicore/StructureDefinition/qicore-medicationrequest" ]
      },
      "status": "active",
      "intent": "order",
      "medicationCodeableConcept": {
        "coding": [ {
          "system": "http://www.nlm.nih.gov/research/umls/rxnorm",
          "version": "04012024",
          "code": "1115257",
          "display": "1.5 ML leuprolide acetate 30 MG/ML Prefilled Syringe"
        } ]
      },
      "subject": {
        "reference": "Patient/1dc53422-497d-492a-8aa4-8a165264a14d"
      },
      "authoredOn": "2026-02-04T08:00:00.000+00:00",
      "requester": {
        "reference": "http://myGoodHealthcare.com/fhir/Practitioner/3a9fdbb8-8716-4302-a500-8dffb516bd5a"
      },
      "dosageInstruction": [ {
        "timing": {
          "repeat": {
            "boundsPeriod": {
              "start": "2026-02-04T08:00:00.000+00:00",
              "end": "2026-03-04T08:00:00.000+00:00"
            }
          }
        }
      } ]
    },
    "request": {
      "method": "PUT",
      "url": "MedicationRequest/81f535c8-e5a9-4390-b866-652eeab45d83"
    }
  }, {
    "fullUrl": "https://madie.cms.gov/ServiceRequest/b908d08c-0f08-480e-abf2-46f944c21754",
    "resource": {
      "resourceType": "ServiceRequest",
      "id": "b908d08c-0f08-480e-abf2-46f944c21754",
      "meta": {
        "profile": [ "http://hl7.org/fhir/us/qicore/StructureDefinition/qicore-servicerequest" ]
      },
      "status": "active",
      "intent": "order",
      "code": {
        "coding": [ {
          "system": "http://snomed.info/sct",
          "version": "http://snomed.info/sct/731000124108/version/20240301",
          "code": "456381000124102",
          "display": "Injection of leuprolide acetate for twelve month period (regime/therapy)"
        } ]
      },
      "subject": {
        "reference": "Patient/1dc53422-497d-492a-8aa4-8a165264a14d"
      },
      "authoredOn": "2026-02-04T08:00:00.000+00:00"
    },
    "request": {
      "method": "PUT",
      "url": "ServiceRequest/b908d08c-0f08-480e-abf2-46f944c21754"
    }
  }, {
    "fullUrl": "https://madie.cms.gov/MeasureReport/38668754-9e65-45cb-8c57-37eea445b331",
    "resource": {
      "resourceType": "MeasureReport",
      "id": "38668754-9e65-45cb-8c57-37eea445b331",
      "meta": {
        "profile": [ "http://hl7.org/fhir/us/cqfmeasures/StructureDefinition/test-case-cqfm" ]
      },
      "contained": [ {
        "resourceType": "Parameters",
        "id": "2908ecc0-d343-4b1e-ac16-68396d0aa12b-parameters",
        "parameter": [ {
          "name": "subject",
          "valueString": "1dc53422-497d-492a-8aa4-8a165264a14d"
        } ]
      } ],
      "extension": [ {
        "url": "http://hl7.org/fhir/StructureDefinition/cqf-inputParameters",
        "valueReference": {
          "reference": "#2908ecc0-d343-4b1e-ac16-68396d0aa12b-parameters"
        }
      }, {
        "url": "http://hl7.org/fhir/us/cqfmeasures/StructureDefinition/cqfm-testCaseDescription",
        "valueMarkdown": "Encounter Office Visit in MP.  Dx Prostate Cancer in MP. Procedure \nOrder. Medication Active: Androgen Deprivation Therapy For Urology Care. Dexa 3 months after ADT.  Passes NUMER as expected."
      } ],
      "modifierExtension": [ {
        "url": "http://hl7.org/fhir/us/cqfmeasures/StructureDefinition/cqfm-isTestCase",
        "valueBoolean": true
      } ],
      "status": "complete",
      "type": "individual",
      "measure": "https://madie.cms.gov/Measure/BoneDensityProstateCancerAndrogenDeprivationTherapyFHIR6",
      "period": {
        "start": "2026-01-01",
        "end": "2026-12-31"
      },
      "group": [ {
        "id": "Group_1",
        "population": [ {
          "id": "InitialPopulation_1",
          "code": {
            "coding": [ {
              "system": "http://terminology.hl7.org/CodeSystem/measure-population",
              "code": "initial-population",
              "display": "Initial Population"
            } ]
          },
          "count": 1
        }, {
          "id": "Denominator_1",
          "code": {
            "coding": [ {
              "system": "http://terminology.hl7.org/CodeSystem/measure-population",
              "code": "denominator",
              "display": "Denominator"
            } ]
          },
          "count": 1
        }, {
          "id": "Numerator_1",
          "code": {
            "coding": [ {
              "system": "http://terminology.hl7.org/CodeSystem/measure-population",
              "code": "numerator",
              "display": "Numerator"
            } ]
          },
          "count": 1
        }, {
          "id": "DenominatorException_1",
          "code": {
            "coding": [ {
              "system": "http://terminology.hl7.org/CodeSystem/measure-population",
              "code": "denominator-exception",
              "display": "Denominator Exception"
            } ]
          },
          "count": 0
        } ],
        "measureScore": {
          "value": 1.0
        }
      } ],
      "evaluatedResource": [ {
        "reference": "Patient/1dc53422-497d-492a-8aa4-8a165264a14d"
      }, {
        "reference": "Encounter/3e435ec0-a0e1-4fa4-8404-6d4a8e00b8c3"
      }, {
        "reference": "Condition/422b944f-257b-46d0-9121-ffbd6824b667"
      }, {
        "reference": "Observation/d3cabb8f-146d-4a30-8a0b-d280c4b6ca8c"
      }, {
        "reference": "Practitioner/3a9fdbb8-8716-4302-a500-8dffb516bd5a"
      }, {
        "reference": "MedicationRequest/81f535c8-e5a9-4390-b866-652eeab45d83"
      }, {
        "reference": "ServiceRequest/b908d08c-0f08-480e-abf2-46f944c21754"
      } ]
    },
    "request": {
      "method": "PUT",
      "url": "MeasureReport/38668754-9e65-45cb-8c57-37eea445b331"
    }
  } ]
}