{
  "resourceType": "Bundle",
  "id": "612e6a8402c62a011f2ea3c7",
  "type": "transaction",
  "entry": [ {
    "fullUrl": "https://madie.cms.gov/Patient/254074cf-0626-4d66-9a17-4a82e086b9da",
    "resource": {
      "resourceType": "Patient",
      "id": "254074cf-0626-4d66-9a17-4a82e086b9da",
      "meta": {
        "profile": [ "http://hl7.org/fhir/us/qicore/StructureDefinition/qicore-patient" ]
      },
      "text": {
        "status": "generated",
        "div": "<div xmlns=\"http://www.w3.org/1999/xhtml\"><div class=\"hapiHeaderText\">MedReason_MO_LDUHep_DO_VFP_IPEnc <b>NUMERPASS </b></div><table class=\"hapiPropertyTable\"><tbody><tr><td>Identifier</td><td>cdd1ec13b77c1be95c04b9f3b51d6649</td></tr><tr><td>Date of birth</td><td><span>02 January 1974</span></td></tr></tbody></table></div>"
      },
      "extension": [ {
        "url": "http://hl7.org/fhir/us/core/StructureDefinition/us-core-race",
        "extension": [ {
          "url": "ombCategory",
          "valueCoding": {
            "system": "urn:oid:2.16.840.1.113883.6.238",
            "code": "1002-5",
            "display": "American Indian or Alaska Native",
            "userSelected": true
          }
        }, {
          "url": "text",
          "valueString": "American Indian or Alaska Native"
        } ]
      }, {
        "url": "http://hl7.org/fhir/us/core/StructureDefinition/us-core-ethnicity",
        "extension": [ {
          "url": "ombCategory",
          "valueCoding": {
            "system": "urn:oid:2.16.840.1.113883.6.238",
            "code": "2135-2",
            "display": "Hispanic or Latino",
            "userSelected": true
          }
        }, {
          "url": "text",
          "valueString": "Hispanic or Latino"
        } ]
      } ],
      "identifier": [ {
        "type": {
          "coding": [ {
            "system": "http://terminology.hl7.org/CodeSystem/v2-0203",
            "code": "MR"
          } ]
        },
        "system": "https://bonnie-fhir.healthit.gov/",
        "value": "612e6a8402c62a011f2ea3c7"
      } ],
      "active": true,
      "name": [ {
        "use": "usual",
        "family": "NUMERPass",
        "given": [ "MedReason_MO_LDUHep_DO_VFP_IPEnc" ]
      } ],
      "gender": "male",
      "birthDate": "1974-01-02"
    },
    "request": {
      "method": "PUT",
      "url": "Patient/254074cf-0626-4d66-9a17-4a82e086b9da"
    }
  }, {
    "fullUrl": "https://madie.cms.gov/Encounter/2f7974e2-d1fe-4503-acef-f9056ab7a3d7",
    "resource": {
      "resourceType": "Encounter",
      "id": "2f7974e2-d1fe-4503-acef-f9056ab7a3d7",
      "meta": {
        "profile": [ "http://hl7.org/fhir/us/qicore/StructureDefinition/qicore-encounter" ]
      },
      "status": "finished",
      "class": {
        "system": "http://terminology.hl7.org/CodeSystem/v3-ActCode",
        "code": "IMP",
        "display": "inpatient encounter"
      },
      "type": [ {
        "coding": [ {
          "system": "http://snomed.info/sct",
          "code": "8715000"
        } ]
      } ],
      "subject": {
        "reference": "Patient/254074cf-0626-4d66-9a17-4a82e086b9da"
      },
      "period": {
        "start": "2025-11-01T08:00:00+00:00",
        "end": "2025-11-26T08:15:00+00:00"
      },
      "length": {
        "value": 25.0,
        "unit": "days"
      }
    },
    "request": {
      "method": "PUT",
      "url": "Encounter/2f7974e2-d1fe-4503-acef-f9056ab7a3d7"
    }
  }, {
    "fullUrl": "https://madie.cms.gov/Coverage/12a191ea-7737-4e9c-8139-42de5608fb8f",
    "resource": {
      "resourceType": "Coverage",
      "id": "12a191ea-7737-4e9c-8139-42de5608fb8f",
      "status": "active",
      "beneficiary": {
        "reference": "Patient/254074cf-0626-4d66-9a17-4a82e086b9da"
      },
      "period": {
        "start": "1974-01-02T08:00:00+00:00"
      },
      "payor": [ {
        "reference": "Organization/5dad4e4a-45e7-49b7-b00e-5b4f1a0f09be"
      } ]
    },
    "request": {
      "method": "PUT",
      "url": "Coverage/12a191ea-7737-4e9c-8139-42de5608fb8f"
    }
  }, {
    "fullUrl": "https://madie.cms.gov/MedicationRequest/d93474a9-28fc-4603-ae4e-583ced0d6962",
    "resource": {
      "resourceType": "MedicationRequest",
      "id": "d93474a9-28fc-4603-ae4e-583ced0d6962",
      "meta": {
        "profile": [ "http://hl7.org/fhir/us/qicore/StructureDefinition/qicore-mednotrequested" ]
      },
      "status": "completed",
      "intent": "order",
      "category": [ {
        "coding": [ {
          "system": "http://terminology.hl7.org/CodeSystem/medicationrequest-category",
          "code": "community"
        } ]
      } ],
      "doNotPerform": true,
      "medicationCodeableConcept": {
        "coding": [ {
          "system": "http://www.nlm.nih.gov/research/umls/rxnorm",
          "code": "1361574"
        } ]
      },
      "subject": {
        "reference": "Patient/254074cf-0626-4d66-9a17-4a82e086b9da"
      },
      "authoredOn": "2025-11-01T09:00:00+00:00",
      "requester": {
        "reference": "Practitioner/123456"
      },
      "reasonCode": [ {
        "coding": [ {
          "system": "http://snomed.info/sct",
          "code": "183932001",
          "display": "Procedure contraindicated (situation)",
          "userSelected": true
        } ]
      } ],
      "dosageInstruction": [ {
        "timing": {
          "repeat": {
            "boundsPeriod": {
              "start": "2025-11-01T09:00:00+00:00"
            }
          }
        }
      } ]
    },
    "request": {
      "method": "PUT",
      "url": "MedicationRequest/d93474a9-28fc-4603-ae4e-583ced0d6962"
    }
  }, {
    "fullUrl": "https://madie.cms.gov/ServiceRequest/292fa743-279f-4dca-a814-a20f8e1d391d",
    "resource": {
      "resourceType": "ServiceRequest",
      "id": "292fa743-279f-4dca-a814-a20f8e1d391d",
      "meta": {
        "profile": [ "http://hl7.org/fhir/us/qicore/StructureDefinition/qicore-servicenotrequested" ]
      },
      "extension": [ {
        "url": "http://hl7.org/fhir/us/qicore/StructureDefinition/qicore-doNotPerformReason",
        "valueCodeableConcept": {
          "coding": [ {
            "system": "http://snomed.info/sct",
            "code": "183932001",
            "display": "Procedure contraindicated (situation)"
          } ]
        }
      } ],
      "status": "completed",
      "intent": "order",
      "doNotPerform": true,
      "code": {
        "coding": [ {
          "system": "http://snomed.info/sct",
          "version": "2025-03",
          "code": "442023007",
          "display": "Venous foot pump, device (physical object)",
          "userSelected": true
        } ]
      },
      "subject": {
        "reference": "Patient/254074cf-0626-4d66-9a17-4a82e086b9da"
      },
      "authoredOn": "2025-11-01T09:00:00+00:00"
    },
    "request": {
      "method": "PUT",
      "url": "ServiceRequest/292fa743-279f-4dca-a814-a20f8e1d391d"
    }
  }, {
    "fullUrl": "https://madie.cms.gov/Organization/5dad4e4a-45e7-49b7-b00e-5b4f1a0f09be",
    "resource": {
      "resourceType": "Organization",
      "id": "5dad4e4a-45e7-49b7-b00e-5b4f1a0f09be",
      "meta": {
        "profile": [ "http://hl7.org/fhir/us/qicore/StructureDefinition/qicore-organization" ]
      },
      "identifier": [ {
        "use": "temp",
        "system": "urn:oid:2.16.840.1.113883.4.4",
        "value": "21-3259825"
      } ],
      "active": true,
      "type": [ {
        "coding": [ {
          "system": "http://terminology.hl7.org/CodeSystem/organization-type",
          "code": "pay",
          "display": "Payer"
        } ]
      } ],
      "name": "Blue Cross Blue Shield of Texas",
      "telecom": [ {
        "system": "phone",
        "value": "(+1) 972-766-6900"
      } ],
      "address": [ {
        "use": "billing",
        "type": "postal",
        "line": [ "P.O. Box 660044" ],
        "city": "Dallas",
        "state": "TX",
        "postalCode": "75266-0044",
        "country": "USA"
      } ]
    },
    "request": {
      "method": "PUT",
      "url": "Organization/5dad4e4a-45e7-49b7-b00e-5b4f1a0f09be"
    }
  }, {
    "fullUrl": "https://madie.cms.gov/Practitioner/51f74d8c-111d-4649-bee2-4b2f24332133",
    "resource": {
      "resourceType": "Practitioner",
      "id": "51f74d8c-111d-4649-bee2-4b2f24332133",
      "identifier": [ {
        "system": "http://hl7.org/fhir/sid/us-npi",
        "value": "123456"
      } ],
      "name": [ {
        "family": "Evil",
        "prefix": [ "Dr" ]
      } ]
    },
    "request": {
      "method": "PUT",
      "url": "Practitioner/51f74d8c-111d-4649-bee2-4b2f24332133"
    }
  }, {
    "fullUrl": "https://madie.cms.gov/MeasureReport/09df94a8-0824-4a0d-a448-06281b22c882",
    "resource": {
      "resourceType": "MeasureReport",
      "id": "09df94a8-0824-4a0d-a448-06281b22c882",
      "meta": {
        "profile": [ "http://hl7.org/fhir/us/cqfmeasures/StructureDefinition/test-case-cqfm" ]
      },
      "contained": [ {
        "resourceType": "Parameters",
        "id": "a150e57c-bad7-4430-9037-0c579be37db7-parameters",
        "parameter": [ {
          "name": "subject",
          "valueString": "254074cf-0626-4d66-9a17-4a82e086b9da"
        } ]
      } ],
      "extension": [ {
        "url": "http://hl7.org/fhir/us/cqfmeasures/StructureDefinition/cqfm-inputParameters",
        "valueReference": {
          "reference": "#a150e57c-bad7-4430-9037-0c579be37db7-parameters"
        }
      }, {
        "url": "http://hl7.org/fhir/us/cqfmeasures/StructureDefinition/cqfm-testCaseDescription",
        "valueMarkdown": "venous foot pump not ordered and low dose unfractionated heparin not ordered due to  medical reason <= 1 day after start of IP encounter\n"
      } ],
      "modifierExtension": [ {
        "url": "http://hl7.org/fhir/us/cqfmeasures/StructureDefinition/cqfm-isTestCase",
        "valueBoolean": true
      } ],
      "status": "complete",
      "type": "individual",
      "measure": "https://madie.cms.gov/Measure/VenousThromboembolismProphylaxisFHIR",
      "period": {
        "start": "2025-01-01",
        "end": "2025-12-31"
      },
      "group": [ {
        "population": [ {
          "code": {
            "coding": [ {
              "system": "http://terminology.hl7.org/CodeSystem/measure-population",
              "code": "initial-population",
              "display": "Initial Population"
            } ]
          },
          "count": 1
        }, {
          "code": {
            "coding": [ {
              "system": "http://terminology.hl7.org/CodeSystem/measure-population",
              "code": "denominator",
              "display": "Denominator"
            } ]
          },
          "count": 1
        }, {
          "code": {
            "coding": [ {
              "system": "http://terminology.hl7.org/CodeSystem/measure-population",
              "code": "denominator-exclusion",
              "display": "Denominator Exclusion"
            } ]
          },
          "count": 0
        }, {
          "code": {
            "coding": [ {
              "system": "http://terminology.hl7.org/CodeSystem/measure-population",
              "code": "numerator",
              "display": "Numerator"
            } ]
          },
          "count": 1
        } ]
      } ],
      "evaluatedResource": [ {
        "reference": "Patient/254074cf-0626-4d66-9a17-4a82e086b9da"
      }, {
        "reference": "Encounter/2f7974e2-d1fe-4503-acef-f9056ab7a3d7"
      }, {
        "reference": "Coverage/12a191ea-7737-4e9c-8139-42de5608fb8f"
      }, {
        "reference": "MedicationRequest/d93474a9-28fc-4603-ae4e-583ced0d6962"
      }, {
        "reference": "ServiceRequest/292fa743-279f-4dca-a814-a20f8e1d391d"
      }, {
        "reference": "Organization/5dad4e4a-45e7-49b7-b00e-5b4f1a0f09be"
      }, {
        "reference": "Practitioner/51f74d8c-111d-4649-bee2-4b2f24332133"
      } ]
    },
    "request": {
      "method": "PUT",
      "url": "MeasureReport/09df94a8-0824-4a0d-a448-06281b22c882"
    }
  } ]
}