{
  "resourceType": "Bundle",
  "id": "612e6b4602c62a011f2ed217",
  "type": "transaction",
  "entry": [ {
    "fullUrl": "https://madie.cms.gov/Patient/04b7d625-1a55-4c61-81c0-17d896fb72f1",
    "resource": {
      "resourceType": "Patient",
      "id": "04b7d625-1a55-4c61-81c0-17d896fb72f1",
      "meta": {
        "profile": [ "http://hl7.org/fhir/us/qicore/StructureDefinition/qicore-patient" ]
      },
      "text": {
        "status": "generated",
        "div": "<div xmlns=\"http://www.w3.org/1999/xhtml\"><div class=\"hapiHeaderText\">INR=3_0 <b>NUMERFAIL </b></div><table class=\"hapiPropertyTable\"><tbody><tr><td>Identifier</td><td>d09a5f6238a0a6a7a798f82976fcd198</td></tr><tr><td>Date of birth</td><td><span>02 January 1974</span></td></tr></tbody></table></div>"
      },
      "extension": [ {
        "url": "http://hl7.org/fhir/us/core/StructureDefinition/us-core-race",
        "extension": [ {
          "url": "ombCategory",
          "valueCoding": {
            "system": "urn:oid:2.16.840.1.113883.6.238",
            "code": "1002-5",
            "display": "American Indian or Alaska Native",
            "userSelected": true
          }
        }, {
          "url": "text",
          "valueString": "American Indian or Alaska Native"
        } ]
      }, {
        "url": "http://hl7.org/fhir/us/core/StructureDefinition/us-core-ethnicity",
        "extension": [ {
          "url": "ombCategory",
          "valueCoding": {
            "system": "urn:oid:2.16.840.1.113883.6.238",
            "code": "2135-2",
            "display": "Hispanic or Latino",
            "userSelected": true
          }
        }, {
          "url": "text",
          "valueString": "Hispanic or Latino"
        } ]
      } ],
      "identifier": [ {
        "type": {
          "coding": [ {
            "system": "http://terminology.hl7.org/CodeSystem/v2-0203",
            "code": "MR"
          } ]
        },
        "system": "https://bonnie-fhir.healthit.gov/",
        "value": "612e6b4602c62a011f2ed217"
      } ],
      "active": true,
      "name": [ {
        "use": "usual",
        "family": "NUMERFail",
        "given": [ "INR3_0" ]
      } ],
      "gender": "male",
      "birthDate": "1974-01-02"
    },
    "request": {
      "method": "PUT",
      "url": "Patient/04b7d625-1a55-4c61-81c0-17d896fb72f1"
    }
  }, {
    "fullUrl": "https://madie.cms.gov/Encounter/45d5972a-40f1-4f42-bbd1-1a88404eded1",
    "resource": {
      "resourceType": "Encounter",
      "id": "45d5972a-40f1-4f42-bbd1-1a88404eded1",
      "meta": {
        "profile": [ "http://hl7.org/fhir/us/qicore/StructureDefinition/qicore-encounter" ]
      },
      "status": "finished",
      "class": {
        "system": "http://terminology.hl7.org/CodeSystem/v3-ActCode",
        "code": "IMP",
        "display": "inpatient encounter"
      },
      "type": [ {
        "coding": [ {
          "system": "http://snomed.info/sct",
          "code": "8715000"
        } ]
      } ],
      "subject": {
        "reference": "Patient/04b7d625-1a55-4c61-81c0-17d896fb72f1"
      },
      "period": {
        "start": "2025-11-01T08:00:00+00:00",
        "end": "2025-11-26T08:15:00+00:00"
      },
      "length": {
        "value": 25.0,
        "unit": "days"
      }
    },
    "request": {
      "method": "PUT",
      "url": "Encounter/45d5972a-40f1-4f42-bbd1-1a88404eded1"
    }
  }, {
    "fullUrl": "https://madie.cms.gov/Coverage/ec2788ab-96e5-42ca-ac1c-3b97340d2e46",
    "resource": {
      "resourceType": "Coverage",
      "id": "ec2788ab-96e5-42ca-ac1c-3b97340d2e46",
      "status": "active",
      "beneficiary": {
        "reference": "Patient/04b7d625-1a55-4c61-81c0-17d896fb72f1"
      },
      "period": {
        "start": "1974-01-02T08:00:00+00:00"
      },
      "payor": [ {
        "reference": "Organization/e871f821-6e14-4e22-bb36-a5c30e1d00e2"
      } ]
    },
    "request": {
      "method": "PUT",
      "url": "Coverage/ec2788ab-96e5-42ca-ac1c-3b97340d2e46"
    }
  }, {
    "fullUrl": "https://madie.cms.gov/Observation/9e24024b-f41f-4ccc-975d-4fdbc211afa2",
    "resource": {
      "resourceType": "Observation",
      "id": "9e24024b-f41f-4ccc-975d-4fdbc211afa2",
      "meta": {
        "profile": [ "http://hl7.org/fhir/us/core/StructureDefinition/us-core-observation-lab" ]
      },
      "status": "final",
      "category": [ {
        "coding": [ {
          "system": "http://terminology.hl7.org/CodeSystem/observation-category",
          "code": "laboratory",
          "display": "Laboratory"
        } ]
      } ],
      "code": {
        "coding": [ {
          "system": "http://loinc.org",
          "code": "34714-6"
        } ]
      },
      "subject": {
        "reference": "Patient/04b7d625-1a55-4c61-81c0-17d896fb72f1"
      },
      "issued": "2025-11-01T09:00:00.000+00:00",
      "valueQuantity": {
        "value": 3.0,
        "unit": "{INR}"
      }
    },
    "request": {
      "method": "PUT",
      "url": "Observation/9e24024b-f41f-4ccc-975d-4fdbc211afa2"
    }
  }, {
    "fullUrl": "https://madie.cms.gov/Organization/e871f821-6e14-4e22-bb36-a5c30e1d00e2",
    "resource": {
      "resourceType": "Organization",
      "id": "e871f821-6e14-4e22-bb36-a5c30e1d00e2",
      "meta": {
        "profile": [ "http://hl7.org/fhir/us/qicore/StructureDefinition/qicore-organization" ]
      },
      "identifier": [ {
        "use": "temp",
        "system": "urn:oid:2.16.840.1.113883.4.4",
        "value": "21-3259825"
      } ],
      "active": true,
      "type": [ {
        "coding": [ {
          "system": "http://terminology.hl7.org/CodeSystem/organization-type",
          "code": "pay",
          "display": "Payer"
        } ]
      } ],
      "name": "Blue Cross Blue Shield of Texas",
      "telecom": [ {
        "system": "phone",
        "value": "(+1) 972-766-6900"
      } ],
      "address": [ {
        "use": "billing",
        "type": "postal",
        "line": [ "P.O. Box 660044" ],
        "city": "Dallas",
        "state": "TX",
        "postalCode": "75266-0044",
        "country": "USA"
      } ]
    },
    "request": {
      "method": "PUT",
      "url": "Organization/e871f821-6e14-4e22-bb36-a5c30e1d00e2"
    }
  }, {
    "fullUrl": "https://madie.cms.gov/Practitioner/cc3f4a79-32f7-4bf2-88b6-50cffe6c8cd4",
    "resource": {
      "resourceType": "Practitioner",
      "id": "cc3f4a79-32f7-4bf2-88b6-50cffe6c8cd4",
      "identifier": [ {
        "system": "http://hl7.org/fhir/sid/us-npi",
        "value": "123456"
      } ],
      "name": [ {
        "family": "Evil",
        "prefix": [ "Dr" ]
      } ]
    },
    "request": {
      "method": "PUT",
      "url": "Practitioner/cc3f4a79-32f7-4bf2-88b6-50cffe6c8cd4"
    }
  }, {
    "fullUrl": "https://madie.cms.gov/MeasureReport/431e74b2-e321-4ec8-8d43-ec78be956a54",
    "resource": {
      "resourceType": "MeasureReport",
      "id": "431e74b2-e321-4ec8-8d43-ec78be956a54",
      "meta": {
        "profile": [ "http://hl7.org/fhir/us/cqfmeasures/StructureDefinition/test-case-cqfm" ]
      },
      "contained": [ {
        "resourceType": "Parameters",
        "id": "542f45e5-aee6-4302-9022-a043aa5264f9-parameters",
        "parameter": [ {
          "name": "subject",
          "valueString": "04b7d625-1a55-4c61-81c0-17d896fb72f1"
        } ]
      } ],
      "extension": [ {
        "url": "http://hl7.org/fhir/us/cqfmeasures/StructureDefinition/cqfm-inputParameters",
        "valueReference": {
          "reference": "#542f45e5-aee6-4302-9022-a043aa5264f9-parameters"
        }
      }, {
        "url": "http://hl7.org/fhir/us/cqfmeasures/StructureDefinition/cqfm-testCaseDescription",
        "valueMarkdown": ">18, LOS<120 day.Lab INR=3.0\n"
      } ],
      "modifierExtension": [ {
        "url": "http://hl7.org/fhir/us/cqfmeasures/StructureDefinition/cqfm-isTestCase",
        "valueBoolean": true
      } ],
      "status": "complete",
      "type": "individual",
      "measure": "https://madie.cms.gov/Measure/VenousThromboembolismProphylaxisFHIR",
      "period": {
        "start": "2025-01-01",
        "end": "2025-12-31"
      },
      "group": [ {
        "population": [ {
          "code": {
            "coding": [ {
              "system": "http://terminology.hl7.org/CodeSystem/measure-population",
              "code": "initial-population",
              "display": "Initial Population"
            } ]
          },
          "count": 1
        }, {
          "code": {
            "coding": [ {
              "system": "http://terminology.hl7.org/CodeSystem/measure-population",
              "code": "denominator",
              "display": "Denominator"
            } ]
          },
          "count": 1
        }, {
          "code": {
            "coding": [ {
              "system": "http://terminology.hl7.org/CodeSystem/measure-population",
              "code": "denominator-exclusion",
              "display": "Denominator Exclusion"
            } ]
          },
          "count": 0
        }, {
          "code": {
            "coding": [ {
              "system": "http://terminology.hl7.org/CodeSystem/measure-population",
              "code": "numerator",
              "display": "Numerator"
            } ]
          },
          "count": 0
        } ]
      } ],
      "evaluatedResource": [ {
        "reference": "Patient/04b7d625-1a55-4c61-81c0-17d896fb72f1"
      }, {
        "reference": "Encounter/45d5972a-40f1-4f42-bbd1-1a88404eded1"
      }, {
        "reference": "Coverage/ec2788ab-96e5-42ca-ac1c-3b97340d2e46"
      }, {
        "reference": "Observation/9e24024b-f41f-4ccc-975d-4fdbc211afa2"
      }, {
        "reference": "Organization/e871f821-6e14-4e22-bb36-a5c30e1d00e2"
      }, {
        "reference": "Practitioner/cc3f4a79-32f7-4bf2-88b6-50cffe6c8cd4"
      } ]
    },
    "request": {
      "method": "PUT",
      "url": "MeasureReport/431e74b2-e321-4ec8-8d43-ec78be956a54"
    }
  } ]
}