{
  "resourceType": "Bundle",
  "id": "612e6b7502c62a011f2edce2",
  "type": "transaction",
  "entry": [ {
    "fullUrl": "https://madie.cms.gov/Patient/57fa8156-0d6d-4efa-832b-63e86521736c",
    "resource": {
      "resourceType": "Patient",
      "id": "57fa8156-0d6d-4efa-832b-63e86521736c",
      "meta": {
        "profile": [ "http://hl7.org/fhir/us/qicore/StructureDefinition/qicore-patient" ]
      },
      "text": {
        "status": "generated",
        "div": "<div xmlns=\"http://www.w3.org/1999/xhtml\"><div class=\"hapiHeaderText\">CMPerf_DayAfterAnesEnd2DayAFAdm <b>DENEXPASS </b></div><table class=\"hapiPropertyTable\"><tbody><tr><td>Identifier</td><td>33d5de982b1e73b15a4c778bb4a72964</td></tr><tr><td>Date of birth</td><td><span>02 January 1974</span></td></tr></tbody></table></div>"
      },
      "extension": [ {
        "url": "http://hl7.org/fhir/us/core/StructureDefinition/us-core-race",
        "extension": [ {
          "url": "ombCategory",
          "valueCoding": {
            "system": "urn:oid:2.16.840.1.113883.6.238",
            "code": "1002-5",
            "display": "American Indian or Alaska Native",
            "userSelected": true
          }
        }, {
          "url": "text",
          "valueString": "American Indian or Alaska Native"
        } ]
      }, {
        "url": "http://hl7.org/fhir/us/core/StructureDefinition/us-core-ethnicity",
        "extension": [ {
          "url": "ombCategory",
          "valueCoding": {
            "system": "urn:oid:2.16.840.1.113883.6.238",
            "code": "2135-2",
            "display": "Hispanic or Latino",
            "userSelected": true
          }
        }, {
          "url": "text",
          "valueString": "Hispanic or Latino"
        } ]
      } ],
      "identifier": [ {
        "type": {
          "coding": [ {
            "system": "http://terminology.hl7.org/CodeSystem/v2-0203",
            "code": "MR"
          } ]
        },
        "system": "https://bonnie-fhir.healthit.gov/",
        "value": "612e6b7502c62a011f2edce2"
      } ],
      "active": true,
      "name": [ {
        "use": "usual",
        "family": "DENEXPass",
        "given": [ "CMPerf_DayAfterAnesEnd2DayAFAdm" ]
      } ],
      "gender": "male",
      "birthDate": "1974-01-02"
    },
    "request": {
      "method": "PUT",
      "url": "Patient/57fa8156-0d6d-4efa-832b-63e86521736c"
    }
  }, {
    "fullUrl": "https://madie.cms.gov/Encounter/d627ab59-c42b-4d27-9094-5968c2bd9f97",
    "resource": {
      "resourceType": "Encounter",
      "id": "d627ab59-c42b-4d27-9094-5968c2bd9f97",
      "meta": {
        "profile": [ "http://hl7.org/fhir/us/qicore/StructureDefinition/qicore-encounter" ]
      },
      "status": "finished",
      "class": {
        "system": "http://terminology.hl7.org/CodeSystem/v3-ActCode",
        "code": "IMP",
        "display": "inpatient encounter"
      },
      "type": [ {
        "coding": [ {
          "system": "http://snomed.info/sct",
          "code": "8715000"
        } ]
      } ],
      "subject": {
        "reference": "Patient/57fa8156-0d6d-4efa-832b-63e86521736c"
      },
      "period": {
        "start": "2025-11-01T08:00:00+00:00",
        "end": "2025-11-26T08:15:00+00:00"
      },
      "length": {
        "value": 25.0,
        "unit": "days"
      }
    },
    "request": {
      "method": "PUT",
      "url": "Encounter/d627ab59-c42b-4d27-9094-5968c2bd9f97"
    }
  }, {
    "fullUrl": "https://madie.cms.gov/Procedure/6acd4448-ca04-4172-92d8-2848c00eecff",
    "resource": {
      "resourceType": "Procedure",
      "id": "6acd4448-ca04-4172-92d8-2848c00eecff",
      "meta": {
        "profile": [ "http://hl7.org/fhir/us/qicore/StructureDefinition/qicore-procedure" ]
      },
      "extension": [ {
        "url": "http://hl7.org/fhir/us/qicore/StructureDefinition/qicore-recorded",
        "valueDateTime": "2012-11-03T09:35:00-04:00"
      } ],
      "status": "completed",
      "code": {
        "coding": [ {
          "system": "http://snomed.info/sct",
          "code": "133918004"
        } ]
      },
      "subject": {
        "reference": "Patient/57fa8156-0d6d-4efa-832b-63e86521736c"
      },
      "performedPeriod": {
        "start": "2025-11-03T09:15:00+00:00"
      }
    },
    "request": {
      "method": "PUT",
      "url": "Procedure/6acd4448-ca04-4172-92d8-2848c00eecff"
    }
  }, {
    "fullUrl": "https://madie.cms.gov/Coverage/82bf0e54-957b-4ba8-b691-c949821de1a8",
    "resource": {
      "resourceType": "Coverage",
      "id": "82bf0e54-957b-4ba8-b691-c949821de1a8",
      "status": "active",
      "beneficiary": {
        "reference": "Patient/57fa8156-0d6d-4efa-832b-63e86521736c"
      },
      "period": {
        "start": "1974-01-02T08:00:00+00:00"
      },
      "payor": [ {
        "reference": "Organization/c274efb3-4674-4229-8a92-38e118114ce9"
      } ]
    },
    "request": {
      "method": "PUT",
      "url": "Coverage/82bf0e54-957b-4ba8-b691-c949821de1a8"
    }
  }, {
    "fullUrl": "https://madie.cms.gov/Procedure/d2c4d600-1a40-495d-9259-e2691e7b2ffa",
    "resource": {
      "resourceType": "Procedure",
      "id": "d2c4d600-1a40-495d-9259-e2691e7b2ffa",
      "meta": {
        "profile": [ "http://hl7.org/fhir/us/qicore/StructureDefinition/qicore-procedure" ]
      },
      "extension": [ {
        "url": "http://hl7.org/fhir/us/qicore/StructureDefinition/qicore-recorded",
        "valueDateTime": "2012-11-03T09:35:00-04:00"
      } ],
      "status": "completed",
      "code": {
        "coding": [ {
          "system": "http://snomed.info/sct",
          "code": "18946005"
        } ]
      },
      "subject": {
        "reference": "Patient/57fa8156-0d6d-4efa-832b-63e86521736c"
      },
      "performedPeriod": {
        "start": "2025-11-02T09:00:00+00:00",
        "end": "2025-11-02T09:15:00+00:00"
      }
    },
    "request": {
      "method": "PUT",
      "url": "Procedure/d2c4d600-1a40-495d-9259-e2691e7b2ffa"
    }
  }, {
    "fullUrl": "https://madie.cms.gov/Organization/c274efb3-4674-4229-8a92-38e118114ce9",
    "resource": {
      "resourceType": "Organization",
      "id": "c274efb3-4674-4229-8a92-38e118114ce9",
      "meta": {
        "profile": [ "http://hl7.org/fhir/us/qicore/StructureDefinition/qicore-organization" ]
      },
      "identifier": [ {
        "use": "temp",
        "system": "urn:oid:2.16.840.1.113883.4.4",
        "value": "21-3259825"
      } ],
      "active": true,
      "type": [ {
        "coding": [ {
          "system": "http://terminology.hl7.org/CodeSystem/organization-type",
          "code": "pay",
          "display": "Payer"
        } ]
      } ],
      "name": "Blue Cross Blue Shield of Texas",
      "telecom": [ {
        "system": "phone",
        "value": "(+1) 972-766-6900"
      } ],
      "address": [ {
        "use": "billing",
        "type": "postal",
        "line": [ "P.O. Box 660044" ],
        "city": "Dallas",
        "state": "TX",
        "postalCode": "75266-0044",
        "country": "USA"
      } ]
    },
    "request": {
      "method": "PUT",
      "url": "Organization/c274efb3-4674-4229-8a92-38e118114ce9"
    }
  }, {
    "fullUrl": "https://madie.cms.gov/Practitioner/5ced2e95-0bef-4e5f-9d9a-516de4713c9e",
    "resource": {
      "resourceType": "Practitioner",
      "id": "5ced2e95-0bef-4e5f-9d9a-516de4713c9e",
      "identifier": [ {
        "system": "http://hl7.org/fhir/sid/us-npi",
        "value": "123456"
      } ],
      "name": [ {
        "family": "Evil",
        "prefix": [ "Dr" ]
      } ]
    },
    "request": {
      "method": "PUT",
      "url": "Practitioner/5ced2e95-0bef-4e5f-9d9a-516de4713c9e"
    }
  }, {
    "fullUrl": "https://madie.cms.gov/MeasureReport/242223bb-f69a-426a-b234-81829c95d4ea",
    "resource": {
      "resourceType": "MeasureReport",
      "id": "242223bb-f69a-426a-b234-81829c95d4ea",
      "meta": {
        "profile": [ "http://hl7.org/fhir/us/cqfmeasures/StructureDefinition/test-case-cqfm" ]
      },
      "contained": [ {
        "resourceType": "Parameters",
        "id": "2cd69614-ac0e-444d-b952-68e919cfaa67-parameters",
        "parameter": [ {
          "name": "subject",
          "valueString": "57fa8156-0d6d-4efa-832b-63e86521736c"
        } ]
      } ],
      "extension": [ {
        "url": "http://hl7.org/fhir/us/cqfmeasures/StructureDefinition/cqfm-inputParameters",
        "valueReference": {
          "reference": "#2cd69614-ac0e-444d-b952-68e919cfaa67-parameters"
        }
      }, {
        "url": "http://hl7.org/fhir/us/cqfmeasures/StructureDefinition/cqfm-testCaseDescription",
        "valueMarkdown": "comfort measures performed 1 day after end of  anesthesia 2 days after Adm\n"
      } ],
      "modifierExtension": [ {
        "url": "http://hl7.org/fhir/us/cqfmeasures/StructureDefinition/cqfm-isTestCase",
        "valueBoolean": true
      } ],
      "status": "complete",
      "type": "individual",
      "measure": "https://madie.cms.gov/Measure/VenousThromboembolismProphylaxisFHIR",
      "period": {
        "start": "2025-01-01",
        "end": "2025-12-31"
      },
      "group": [ {
        "population": [ {
          "code": {
            "coding": [ {
              "system": "http://terminology.hl7.org/CodeSystem/measure-population",
              "code": "initial-population",
              "display": "Initial Population"
            } ]
          },
          "count": 1
        }, {
          "code": {
            "coding": [ {
              "system": "http://terminology.hl7.org/CodeSystem/measure-population",
              "code": "denominator",
              "display": "Denominator"
            } ]
          },
          "count": 1
        }, {
          "code": {
            "coding": [ {
              "system": "http://terminology.hl7.org/CodeSystem/measure-population",
              "code": "denominator-exclusion",
              "display": "Denominator Exclusion"
            } ]
          },
          "count": 1
        }, {
          "code": {
            "coding": [ {
              "system": "http://terminology.hl7.org/CodeSystem/measure-population",
              "code": "numerator",
              "display": "Numerator"
            } ]
          },
          "count": 0
        } ]
      } ],
      "evaluatedResource": [ {
        "reference": "Patient/57fa8156-0d6d-4efa-832b-63e86521736c"
      }, {
        "reference": "Encounter/d627ab59-c42b-4d27-9094-5968c2bd9f97"
      }, {
        "reference": "Procedure/6acd4448-ca04-4172-92d8-2848c00eecff"
      }, {
        "reference": "Coverage/82bf0e54-957b-4ba8-b691-c949821de1a8"
      }, {
        "reference": "Procedure/d2c4d600-1a40-495d-9259-e2691e7b2ffa"
      }, {
        "reference": "Organization/c274efb3-4674-4229-8a92-38e118114ce9"
      }, {
        "reference": "Practitioner/5ced2e95-0bef-4e5f-9d9a-516de4713c9e"
      } ]
    },
    "request": {
      "method": "PUT",
      "url": "MeasureReport/242223bb-f69a-426a-b234-81829c95d4ea"
    }
  } ]
}