{
  "resourceType": "Bundle",
  "id": "612e6b7a02c62a011f2eddf3",
  "type": "transaction",
  "entry": [ {
    "fullUrl": "https://madie.cms.gov/Patient/9bc6de64-261d-433d-81f0-58533fd1f8f1",
    "resource": {
      "resourceType": "Patient",
      "id": "9bc6de64-261d-433d-81f0-58533fd1f8f1",
      "meta": {
        "profile": [ "http://hl7.org/fhir/us/qicore/StructureDefinition/qicore-patient" ]
      },
      "text": {
        "status": "generated",
        "div": "<div xmlns=\"http://www.w3.org/1999/xhtml\"><div class=\"hapiHeaderText\">VTE_RiskAsseOnAnesEndTime <b>NUMERPASS </b></div><table class=\"hapiPropertyTable\"><tbody><tr><td>Identifier</td><td>f5d2e33da369b2287bfe6d238bf1cc3e</td></tr><tr><td>Date of birth</td><td><span>02 January 1974</span></td></tr></tbody></table></div>"
      },
      "extension": [ {
        "url": "http://hl7.org/fhir/us/core/StructureDefinition/us-core-race",
        "extension": [ {
          "url": "ombCategory",
          "valueCoding": {
            "system": "urn:oid:2.16.840.1.113883.6.238",
            "code": "1002-5",
            "display": "American Indian or Alaska Native",
            "userSelected": true
          }
        }, {
          "url": "text",
          "valueString": "American Indian or Alaska Native"
        } ]
      }, {
        "url": "http://hl7.org/fhir/us/core/StructureDefinition/us-core-ethnicity",
        "extension": [ {
          "url": "ombCategory",
          "valueCoding": {
            "system": "urn:oid:2.16.840.1.113883.6.238",
            "code": "2135-2",
            "display": "Hispanic or Latino",
            "userSelected": true
          }
        }, {
          "url": "text",
          "valueString": "Hispanic or Latino"
        } ]
      } ],
      "identifier": [ {
        "type": {
          "coding": [ {
            "system": "http://terminology.hl7.org/CodeSystem/v2-0203",
            "code": "MR"
          } ]
        },
        "system": "https://bonnie-fhir.healthit.gov/",
        "value": "612e6b7a02c62a011f2eddf3"
      } ],
      "active": true,
      "name": [ {
        "use": "usual",
        "family": "NUMERPass",
        "given": [ "VTE_RiskAssesOnAnesEndTime" ]
      } ],
      "gender": "male",
      "birthDate": "1974-01-02"
    },
    "request": {
      "method": "PUT",
      "url": "Patient/9bc6de64-261d-433d-81f0-58533fd1f8f1"
    }
  }, {
    "fullUrl": "https://madie.cms.gov/Encounter/467d3caf-304a-40d2-9f3c-07486eebc57f",
    "resource": {
      "resourceType": "Encounter",
      "id": "467d3caf-304a-40d2-9f3c-07486eebc57f",
      "meta": {
        "profile": [ "http://hl7.org/fhir/us/qicore/StructureDefinition/qicore-encounter" ]
      },
      "status": "finished",
      "class": {
        "system": "http://terminology.hl7.org/CodeSystem/v3-ActCode",
        "code": "IMP",
        "display": "inpatient encounter"
      },
      "type": [ {
        "coding": [ {
          "system": "http://snomed.info/sct",
          "code": "8715000"
        } ]
      } ],
      "subject": {
        "reference": "Patient/9bc6de64-261d-433d-81f0-58533fd1f8f1"
      },
      "period": {
        "start": "2025-11-01T08:00:00+00:00",
        "end": "2025-11-26T08:15:00+00:00"
      },
      "length": {
        "value": 25.0,
        "unit": "days"
      }
    },
    "request": {
      "method": "PUT",
      "url": "Encounter/467d3caf-304a-40d2-9f3c-07486eebc57f"
    }
  }, {
    "fullUrl": "https://madie.cms.gov/Observation/162cee1e-496a-4298-9fde-9a809729b1c1",
    "resource": {
      "resourceType": "Observation",
      "id": "162cee1e-496a-4298-9fde-9a809729b1c1",
      "meta": {
        "profile": [ "http://hl7.org/fhir/us/qicore/StructureDefinition/qicore-observation" ]
      },
      "status": "final",
      "category": [ {
        "coding": [ {
          "system": "http://terminology.hl7.org/CodeSystem/observation-category",
          "code": "exam",
          "display": "exam"
        } ]
      } ],
      "code": {
        "coding": [ {
          "system": "http://loinc.org",
          "code": "72136-5"
        } ]
      },
      "subject": {
        "reference": "Patient/9bc6de64-261d-433d-81f0-58533fd1f8f1"
      },
      "effectiveDateTime": "2025-11-02T09:15:00+00:00",
      "valueCodeableConcept": {
        "coding": [ {
          "system": "http://snomed.info/sct",
          "code": "260362008",
          "display": "Very low (qualifier value)",
          "userSelected": true
        } ]
      }
    },
    "request": {
      "method": "PUT",
      "url": "Observation/162cee1e-496a-4298-9fde-9a809729b1c1"
    }
  }, {
    "fullUrl": "https://madie.cms.gov/Coverage/7a3fed39-d3b7-4423-b609-5e52c0c036a0",
    "resource": {
      "resourceType": "Coverage",
      "id": "7a3fed39-d3b7-4423-b609-5e52c0c036a0",
      "status": "active",
      "beneficiary": {
        "reference": "Patient/9bc6de64-261d-433d-81f0-58533fd1f8f1"
      },
      "period": {
        "start": "1974-01-02T08:00:00+00:00"
      },
      "payor": [ {
        "reference": "Organization/ace4d8ba-4afa-43a3-b5c2-ab885d61769a"
      } ]
    },
    "request": {
      "method": "PUT",
      "url": "Coverage/7a3fed39-d3b7-4423-b609-5e52c0c036a0"
    }
  }, {
    "fullUrl": "https://madie.cms.gov/Procedure/6873da2c-3055-4b0f-b5ef-907af699559b",
    "resource": {
      "resourceType": "Procedure",
      "id": "6873da2c-3055-4b0f-b5ef-907af699559b",
      "meta": {
        "profile": [ "http://hl7.org/fhir/us/qicore/StructureDefinition/qicore-procedure" ]
      },
      "extension": [ {
        "url": "http://hl7.org/fhir/us/qicore/StructureDefinition/qicore-recorded",
        "valueDateTime": "2025-11-02T09:35:00-04:00"
      } ],
      "status": "completed",
      "code": {
        "coding": [ {
          "system": "http://www.icd10data.com/icd10pcs",
          "code": "3E030FZ"
        }, {
          "system": "http://snomed.info/sct",
          "code": "18946005"
        } ]
      },
      "subject": {
        "reference": "Patient/9bc6de64-261d-433d-81f0-58533fd1f8f1"
      },
      "performedPeriod": {
        "start": "2025-11-02T09:00:00+00:00",
        "end": "2025-11-02T09:15:00+00:00"
      }
    },
    "request": {
      "method": "PUT",
      "url": "Procedure/6873da2c-3055-4b0f-b5ef-907af699559b"
    }
  }, {
    "fullUrl": "https://madie.cms.gov/Organization/ace4d8ba-4afa-43a3-b5c2-ab885d61769a",
    "resource": {
      "resourceType": "Organization",
      "id": "ace4d8ba-4afa-43a3-b5c2-ab885d61769a",
      "meta": {
        "profile": [ "http://hl7.org/fhir/us/qicore/StructureDefinition/qicore-organization" ]
      },
      "identifier": [ {
        "use": "temp",
        "system": "urn:oid:2.16.840.1.113883.4.4",
        "value": "21-3259825"
      } ],
      "active": true,
      "type": [ {
        "coding": [ {
          "system": "http://terminology.hl7.org/CodeSystem/organization-type",
          "code": "pay",
          "display": "Payer"
        } ]
      } ],
      "name": "Blue Cross Blue Shield of Texas",
      "telecom": [ {
        "system": "phone",
        "value": "(+1) 972-766-6900"
      } ],
      "address": [ {
        "use": "billing",
        "type": "postal",
        "line": [ "P.O. Box 660044" ],
        "city": "Dallas",
        "state": "TX",
        "postalCode": "75266-0044",
        "country": "USA"
      } ]
    },
    "request": {
      "method": "PUT",
      "url": "Organization/ace4d8ba-4afa-43a3-b5c2-ab885d61769a"
    }
  }, {
    "fullUrl": "https://madie.cms.gov/Practitioner/84deb10e-04db-40a2-b75d-e7191851ec93",
    "resource": {
      "resourceType": "Practitioner",
      "id": "84deb10e-04db-40a2-b75d-e7191851ec93",
      "identifier": [ {
        "system": "http://hl7.org/fhir/sid/us-npi",
        "value": "123456"
      } ],
      "name": [ {
        "family": "Evil",
        "prefix": [ "Dr" ]
      } ]
    },
    "request": {
      "method": "PUT",
      "url": "Practitioner/84deb10e-04db-40a2-b75d-e7191851ec93"
    }
  }, {
    "fullUrl": "https://madie.cms.gov/MeasureReport/4aa5758a-06c4-4c1a-bcc7-5d55162336bc",
    "resource": {
      "resourceType": "MeasureReport",
      "id": "4aa5758a-06c4-4c1a-bcc7-5d55162336bc",
      "meta": {
        "profile": [ "http://hl7.org/fhir/us/cqfmeasures/StructureDefinition/test-case-cqfm" ]
      },
      "contained": [ {
        "resourceType": "Parameters",
        "id": "8bc70b6e-f4ae-447d-9c70-f11a6bbedfa3-parameters",
        "parameter": [ {
          "name": "subject",
          "valueString": "9bc6de64-261d-433d-81f0-58533fd1f8f1"
        } ]
      } ],
      "extension": [ {
        "url": "http://hl7.org/fhir/us/cqfmeasures/StructureDefinition/cqfm-inputParameters",
        "valueReference": {
          "reference": "#8bc70b6e-f4ae-447d-9c70-f11a6bbedfa3-parameters"
        }
      }, {
        "url": "http://hl7.org/fhir/us/cqfmeasures/StructureDefinition/cqfm-testCaseDescription",
        "valueMarkdown": "risk assessment done concurrent with the end of anesthesia\n"
      } ],
      "modifierExtension": [ {
        "url": "http://hl7.org/fhir/us/cqfmeasures/StructureDefinition/cqfm-isTestCase",
        "valueBoolean": true
      } ],
      "status": "complete",
      "type": "individual",
      "measure": "https://madie.cms.gov/Measure/VenousThromboembolismProphylaxisFHIR",
      "period": {
        "start": "2025-01-01",
        "end": "2025-12-31"
      },
      "group": [ {
        "population": [ {
          "code": {
            "coding": [ {
              "system": "http://terminology.hl7.org/CodeSystem/measure-population",
              "code": "initial-population",
              "display": "Initial Population"
            } ]
          },
          "count": 1
        }, {
          "code": {
            "coding": [ {
              "system": "http://terminology.hl7.org/CodeSystem/measure-population",
              "code": "denominator",
              "display": "Denominator"
            } ]
          },
          "count": 1
        }, {
          "code": {
            "coding": [ {
              "system": "http://terminology.hl7.org/CodeSystem/measure-population",
              "code": "denominator-exclusion",
              "display": "Denominator Exclusion"
            } ]
          },
          "count": 0
        }, {
          "code": {
            "coding": [ {
              "system": "http://terminology.hl7.org/CodeSystem/measure-population",
              "code": "numerator",
              "display": "Numerator"
            } ]
          },
          "count": 1
        } ]
      } ],
      "evaluatedResource": [ {
        "reference": "Patient/9bc6de64-261d-433d-81f0-58533fd1f8f1"
      }, {
        "reference": "Encounter/467d3caf-304a-40d2-9f3c-07486eebc57f"
      }, {
        "reference": "Observation/162cee1e-496a-4298-9fde-9a809729b1c1"
      }, {
        "reference": "Coverage/7a3fed39-d3b7-4423-b609-5e52c0c036a0"
      }, {
        "reference": "Procedure/6873da2c-3055-4b0f-b5ef-907af699559b"
      }, {
        "reference": "Organization/ace4d8ba-4afa-43a3-b5c2-ab885d61769a"
      }, {
        "reference": "Practitioner/84deb10e-04db-40a2-b75d-e7191851ec93"
      } ]
    },
    "request": {
      "method": "PUT",
      "url": "MeasureReport/4aa5758a-06c4-4c1a-bcc7-5d55162336bc"
    }
  } ]
}