{
  "resourceType": "Bundle",
  "id": "612e6b0202c62a011f2ec156",
  "type": "transaction",
  "entry": [ {
    "fullUrl": "https://madie.cms.gov/Patient/eec3382d-6b16-46e5-ab66-96d7e58517cb",
    "resource": {
      "resourceType": "Patient",
      "id": "eec3382d-6b16-46e5-ab66-96d7e58517cb",
      "meta": {
        "profile": [ "http://hl7.org/fhir/us/qicore/StructureDefinition/qicore-patient" ]
      },
      "text": {
        "status": "generated",
        "div": "<div xmlns=\"http://www.w3.org/1999/xhtml\"><div class=\"hapiHeaderText\">SCIP_GynRank1 <b>DENEXPASS </b></div><table class=\"hapiPropertyTable\"><tbody><tr><td>Identifier</td><td>66c70c125db369967b4b164e75338304</td></tr><tr><td>Date of birth</td><td><span>01 September 2000</span></td></tr></tbody></table></div>"
      },
      "extension": [ {
        "url": "http://hl7.org/fhir/us/core/StructureDefinition/us-core-race",
        "extension": [ {
          "url": "ombCategory",
          "valueCoding": {
            "system": "urn:oid:2.16.840.1.113883.6.238",
            "code": "1002-5",
            "display": "American Indian or Alaska Native",
            "userSelected": true
          }
        }, {
          "url": "text",
          "valueString": "American Indian or Alaska Native"
        } ]
      }, {
        "url": "http://hl7.org/fhir/us/core/StructureDefinition/us-core-ethnicity",
        "extension": [ {
          "url": "ombCategory",
          "valueCoding": {
            "system": "urn:oid:2.16.840.1.113883.6.238",
            "code": "2135-2",
            "display": "Hispanic or Latino",
            "userSelected": true
          }
        }, {
          "url": "text",
          "valueString": "Hispanic or Latino"
        } ]
      } ],
      "identifier": [ {
        "type": {
          "coding": [ {
            "system": "http://terminology.hl7.org/CodeSystem/v2-0203",
            "code": "MR"
          } ]
        },
        "system": "https://bonnie-fhir.healthit.gov/",
        "value": "612e6b0202c62a011f2ec156"
      } ],
      "active": true,
      "name": [ {
        "use": "usual",
        "family": "DENEXPass ",
        "given": [ "SCIP_GynRank1" ]
      } ],
      "gender": "male",
      "birthDate": "2000-09-01"
    },
    "request": {
      "method": "PUT",
      "url": "Patient/eec3382d-6b16-46e5-ab66-96d7e58517cb"
    }
  }, {
    "fullUrl": "https://madie.cms.gov/Encounter/c02d3264-bcf8-4555-b87a-77e3c8897d82",
    "resource": {
      "resourceType": "Encounter",
      "id": "c02d3264-bcf8-4555-b87a-77e3c8897d82",
      "meta": {
        "profile": [ "http://hl7.org/fhir/us/qicore/StructureDefinition/qicore-encounter" ]
      },
      "extension": [ {
        "url": "http://hl7.org/fhir/us/qicore/StructureDefinition/qicore-encounter-procedure",
        "extension": [ {
          "url": "type",
          "valueCodeableConcept": {
            "coding": [ {
              "system": "http://www.cms.gov/Medicare/Coding/ICD10",
              "code": "0U558ZZ"
            } ]
          }
        }, {
          "url": "rank",
          "valuePositiveInt": 1
        }, {
          "url": "procedure",
          "valueReference": {
            "reference": "Procedure/1dbe514e-c6d9-4e42-955d-c18408f0229f"
          }
        } ]
      } ],
      "status": "finished",
      "class": {
        "system": "http://terminology.hl7.org/CodeSystem/v3-ActCode",
        "code": "IMP",
        "display": "inpatient encounter"
      },
      "type": [ {
        "coding": [ {
          "system": "http://snomed.info/sct",
          "code": "183452005"
        } ]
      } ],
      "subject": {
        "reference": "Patient/eec3382d-6b16-46e5-ab66-96d7e58517cb"
      },
      "period": {
        "start": "2025-09-02T06:00:00+00:00",
        "end": "2025-12-31T12:59:00+00:00"
      },
      "length": {
        "value": 120.0,
        "unit": "days"
      }
    },
    "request": {
      "method": "PUT",
      "url": "Encounter/c02d3264-bcf8-4555-b87a-77e3c8897d82"
    }
  }, {
    "fullUrl": "https://madie.cms.gov/Coverage/c714973e-a00a-4d86-bdfe-ab4409a39142",
    "resource": {
      "resourceType": "Coverage",
      "id": "c714973e-a00a-4d86-bdfe-ab4409a39142",
      "status": "active",
      "beneficiary": {
        "reference": "Patient/eec3382d-6b16-46e5-ab66-96d7e58517cb"
      },
      "period": {
        "start": "2000-09-01T08:00:00+00:00"
      },
      "payor": [ {
        "reference": "Organization/d9e7667d-3c3e-4841-afc4-715076756de9"
      } ]
    },
    "request": {
      "method": "PUT",
      "url": "Coverage/c714973e-a00a-4d86-bdfe-ab4409a39142"
    }
  }, {
    "fullUrl": "https://madie.cms.gov/Procedure/1dbe514e-c6d9-4e42-955d-c18408f0229f",
    "resource": {
      "resourceType": "Procedure",
      "id": "1dbe514e-c6d9-4e42-955d-c18408f0229f",
      "meta": {
        "profile": [ "http://hl7.org/fhir/us/qicore/StructureDefinition/qicore-procedure" ]
      },
      "extension": [ {
        "url": "http://hl7.org/fhir/us/qicore/StructureDefinition/qicore-recorded",
        "valueDateTime": "2012-09-02T09:35:00-04:00"
      } ],
      "status": "completed",
      "code": {
        "coding": [ {
          "system": "http://www.cms.gov/Medicare/Coding/ICD10",
          "code": "0U558ZZ"
        } ]
      },
      "subject": {
        "reference": "Patient/eec3382d-6b16-46e5-ab66-96d7e58517cb"
      },
      "performedPeriod": {
        "start": "2025-09-02T09:00:00+00:00",
        "end": "2025-09-02T12:59:00+00:00"
      }
    },
    "request": {
      "method": "PUT",
      "url": "Procedure/1dbe514e-c6d9-4e42-955d-c18408f0229f"
    }
  }, {
    "fullUrl": "https://madie.cms.gov/Organization/d9e7667d-3c3e-4841-afc4-715076756de9",
    "resource": {
      "resourceType": "Organization",
      "id": "d9e7667d-3c3e-4841-afc4-715076756de9",
      "meta": {
        "profile": [ "http://hl7.org/fhir/us/qicore/StructureDefinition/qicore-organization" ]
      },
      "identifier": [ {
        "use": "temp",
        "system": "urn:oid:2.16.840.1.113883.4.4",
        "value": "21-3259825"
      } ],
      "active": true,
      "type": [ {
        "coding": [ {
          "system": "http://terminology.hl7.org/CodeSystem/organization-type",
          "code": "pay",
          "display": "Payer"
        } ]
      } ],
      "name": "Blue Cross Blue Shield of Texas",
      "telecom": [ {
        "system": "phone",
        "value": "(+1) 972-766-6900"
      } ],
      "address": [ {
        "use": "billing",
        "type": "postal",
        "line": [ "P.O. Box 660044" ],
        "city": "Dallas",
        "state": "TX",
        "postalCode": "75266-0044",
        "country": "USA"
      } ]
    },
    "request": {
      "method": "PUT",
      "url": "Organization/d9e7667d-3c3e-4841-afc4-715076756de9"
    }
  }, {
    "fullUrl": "https://madie.cms.gov/Practitioner/d3b8f4e9-301d-4e40-8ec3-e36ba6b4d61b",
    "resource": {
      "resourceType": "Practitioner",
      "id": "d3b8f4e9-301d-4e40-8ec3-e36ba6b4d61b",
      "identifier": [ {
        "system": "http://hl7.org/fhir/sid/us-npi",
        "value": "123456"
      } ],
      "name": [ {
        "family": "Evil",
        "prefix": [ "Dr" ]
      } ]
    },
    "request": {
      "method": "PUT",
      "url": "Practitioner/d3b8f4e9-301d-4e40-8ec3-e36ba6b4d61b"
    }
  }, {
    "fullUrl": "https://madie.cms.gov/MeasureReport/4ec50954-4c30-4b31-8858-e290a18856bc",
    "resource": {
      "resourceType": "MeasureReport",
      "id": "4ec50954-4c30-4b31-8858-e290a18856bc",
      "meta": {
        "profile": [ "http://hl7.org/fhir/us/cqfmeasures/StructureDefinition/test-case-cqfm" ]
      },
      "contained": [ {
        "resourceType": "Parameters",
        "id": "f20b8929-ce45-4207-8894-a6c22e15116c-parameters",
        "parameter": [ {
          "name": "subject",
          "valueString": "eec3382d-6b16-46e5-ab66-96d7e58517cb"
        } ]
      } ],
      "extension": [ {
        "url": "http://hl7.org/fhir/us/cqfmeasures/StructureDefinition/cqfm-inputParameters",
        "valueReference": {
          "reference": "#f20b8929-ce45-4207-8894-a6c22e15116c-parameters"
        }
      }, {
        "url": "http://hl7.org/fhir/us/cqfmeasures/StructureDefinition/cqfm-testCaseDescription",
        "valueMarkdown": "Patient had SCIP -Gyn during Encounter and Rank =1\n"
      } ],
      "modifierExtension": [ {
        "url": "http://hl7.org/fhir/us/cqfmeasures/StructureDefinition/cqfm-isTestCase",
        "valueBoolean": true
      } ],
      "status": "complete",
      "type": "individual",
      "measure": "https://madie.cms.gov/Measure/VenousThromboembolismProphylaxisFHIR",
      "period": {
        "start": "2025-01-01",
        "end": "2025-12-31"
      },
      "group": [ {
        "population": [ {
          "code": {
            "coding": [ {
              "system": "http://terminology.hl7.org/CodeSystem/measure-population",
              "code": "initial-population",
              "display": "Initial Population"
            } ]
          },
          "count": 1
        }, {
          "code": {
            "coding": [ {
              "system": "http://terminology.hl7.org/CodeSystem/measure-population",
              "code": "denominator",
              "display": "Denominator"
            } ]
          },
          "count": 1
        }, {
          "code": {
            "coding": [ {
              "system": "http://terminology.hl7.org/CodeSystem/measure-population",
              "code": "denominator-exclusion",
              "display": "Denominator Exclusion"
            } ]
          },
          "count": 1
        }, {
          "code": {
            "coding": [ {
              "system": "http://terminology.hl7.org/CodeSystem/measure-population",
              "code": "numerator",
              "display": "Numerator"
            } ]
          },
          "count": 0
        } ]
      } ],
      "evaluatedResource": [ {
        "reference": "Patient/eec3382d-6b16-46e5-ab66-96d7e58517cb"
      }, {
        "reference": "Encounter/c02d3264-bcf8-4555-b87a-77e3c8897d82"
      }, {
        "reference": "Coverage/c714973e-a00a-4d86-bdfe-ab4409a39142"
      }, {
        "reference": "Procedure/1dbe514e-c6d9-4e42-955d-c18408f0229f"
      }, {
        "reference": "Organization/d9e7667d-3c3e-4841-afc4-715076756de9"
      }, {
        "reference": "Practitioner/d3b8f4e9-301d-4e40-8ec3-e36ba6b4d61b"
      } ]
    },
    "request": {
      "method": "PUT",
      "url": "MeasureReport/4ec50954-4c30-4b31-8858-e290a18856bc"
    }
  } ]
}