{
  "resourceType": "Bundle",
  "id": "612e6b2902c62a011f2ecaf3",
  "type": "transaction",
  "entry": [ {
    "fullUrl": "https://madie.cms.gov/Patient/37a2f9c0-a038-4c47-b7c6-80374392353a",
    "resource": {
      "resourceType": "Patient",
      "id": "37a2f9c0-a038-4c47-b7c6-80374392353a",
      "meta": {
        "profile": [ "http://hl7.org/fhir/us/qicore/StructureDefinition/qicore-patient" ]
      },
      "text": {
        "status": "generated",
        "div": "<div xmlns=\"http://www.w3.org/1999/xhtml\"><div class=\"hapiHeaderText\">VTERiskAssEndEDendOnIPEncStart <b>NUMERPASS </b></div><table class=\"hapiPropertyTable\"><tbody><tr><td>Identifier</td><td>9eeaae30f2c13f342ba722a8c92cd6bf</td></tr><tr><td>Date of birth</td><td><span>02 January 1974</span></td></tr></tbody></table></div>"
      },
      "extension": [ {
        "url": "http://hl7.org/fhir/us/core/StructureDefinition/us-core-race",
        "extension": [ {
          "url": "ombCategory",
          "valueCoding": {
            "system": "urn:oid:2.16.840.1.113883.6.238",
            "code": "1002-5",
            "display": "American Indian or Alaska Native",
            "userSelected": true
          }
        }, {
          "url": "text",
          "valueString": "American Indian or Alaska Native"
        } ]
      }, {
        "url": "http://hl7.org/fhir/us/core/StructureDefinition/us-core-ethnicity",
        "extension": [ {
          "url": "ombCategory",
          "valueCoding": {
            "system": "urn:oid:2.16.840.1.113883.6.238",
            "code": "2135-2",
            "display": "Hispanic or Latino",
            "userSelected": true
          }
        }, {
          "url": "text",
          "valueString": "Hispanic or Latino"
        } ]
      } ],
      "identifier": [ {
        "type": {
          "coding": [ {
            "system": "http://terminology.hl7.org/CodeSystem/v2-0203",
            "code": "MR"
          } ]
        },
        "system": "https://bonnie-fhir.healthit.gov/",
        "value": "612e6b2902c62a011f2ecaf3"
      } ],
      "active": true,
      "name": [ {
        "use": "usual",
        "family": "NUMERPass",
        "given": [ "VTERiskAssEndEDendOnIPEncStart" ]
      } ],
      "gender": "male",
      "birthDate": "1974-01-02"
    },
    "request": {
      "method": "PUT",
      "url": "Patient/37a2f9c0-a038-4c47-b7c6-80374392353a"
    }
  }, {
    "fullUrl": "https://madie.cms.gov/Encounter/80363f77-9f58-4f92-874a-e16b41f4ec58",
    "resource": {
      "resourceType": "Encounter",
      "id": "80363f77-9f58-4f92-874a-e16b41f4ec58",
      "meta": {
        "profile": [ "http://hl7.org/fhir/us/qicore/StructureDefinition/qicore-encounter" ]
      },
      "status": "finished",
      "class": {
        "system": "http://terminology.hl7.org/CodeSystem/v3-ActCode",
        "code": "EMER",
        "display": "emergency"
      },
      "type": [ {
        "coding": [ {
          "system": "http://snomed.info/sct",
          "code": "4525004"
        } ]
      } ],
      "subject": {
        "reference": "Patient/37a2f9c0-a038-4c47-b7c6-80374392353a"
      },
      "period": {
        "start": "2025-11-01T06:00:00+00:00",
        "end": "2025-11-01T08:00:00+00:00"
      },
      "length": {
        "value": 0.0,
        "unit": "days"
      }
    },
    "request": {
      "method": "PUT",
      "url": "Encounter/80363f77-9f58-4f92-874a-e16b41f4ec58"
    }
  }, {
    "fullUrl": "https://madie.cms.gov/Encounter/f1f9348d-5803-4973-ac9b-5842d0191d1c",
    "resource": {
      "resourceType": "Encounter",
      "id": "f1f9348d-5803-4973-ac9b-5842d0191d1c",
      "meta": {
        "profile": [ "http://hl7.org/fhir/us/qicore/StructureDefinition/qicore-encounter" ]
      },
      "status": "finished",
      "class": {
        "system": "http://terminology.hl7.org/CodeSystem/v3-ActCode",
        "code": "IMP",
        "display": "inpatient encounter"
      },
      "type": [ {
        "coding": [ {
          "system": "http://snomed.info/sct",
          "code": "8715000"
        } ]
      } ],
      "subject": {
        "reference": "Patient/37a2f9c0-a038-4c47-b7c6-80374392353a"
      },
      "period": {
        "start": "2025-11-01T08:00:00+00:00",
        "end": "2025-11-26T08:15:00+00:00"
      },
      "length": {
        "value": 25.0,
        "unit": "days"
      }
    },
    "request": {
      "method": "PUT",
      "url": "Encounter/f1f9348d-5803-4973-ac9b-5842d0191d1c"
    }
  }, {
    "fullUrl": "https://madie.cms.gov/Observation/e772950e-dca5-4370-8853-40d6e15fd5ea",
    "resource": {
      "resourceType": "Observation",
      "id": "e772950e-dca5-4370-8853-40d6e15fd5ea",
      "meta": {
        "profile": [ "http://hl7.org/fhir/us/qicore/StructureDefinition/qicore-observation" ]
      },
      "status": "final",
      "category": [ {
        "coding": [ {
          "system": "http://terminology.hl7.org/CodeSystem/observation-category",
          "code": "exam",
          "display": "Exam",
          "userSelected": true
        } ]
      } ],
      "code": {
        "coding": [ {
          "system": "http://loinc.org",
          "code": "72136-5"
        } ]
      },
      "subject": {
        "reference": "Patient/37a2f9c0-a038-4c47-b7c6-80374392353a"
      },
      "effectivePeriod": {
        "end": "2025-11-01T07:15:00.000+00:00"
      },
      "valueCodeableConcept": {
        "coding": [ {
          "system": "http://snomed.info/sct",
          "code": "260362008",
          "display": "Low Risk"
        } ]
      }
    },
    "request": {
      "method": "PUT",
      "url": "Observation/e772950e-dca5-4370-8853-40d6e15fd5ea"
    }
  }, {
    "fullUrl": "https://madie.cms.gov/Coverage/586fa398-8491-42df-b38d-115e97290a34",
    "resource": {
      "resourceType": "Coverage",
      "id": "586fa398-8491-42df-b38d-115e97290a34",
      "status": "active",
      "beneficiary": {
        "reference": "Patient/37a2f9c0-a038-4c47-b7c6-80374392353a"
      },
      "period": {
        "start": "1974-01-02T08:00:00+00:00"
      },
      "payor": [ {
        "reference": "Organization/007716c9-e9ae-4f6f-9862-436675c97959"
      } ]
    },
    "request": {
      "method": "PUT",
      "url": "Coverage/586fa398-8491-42df-b38d-115e97290a34"
    }
  }, {
    "fullUrl": "https://madie.cms.gov/Organization/007716c9-e9ae-4f6f-9862-436675c97959",
    "resource": {
      "resourceType": "Organization",
      "id": "007716c9-e9ae-4f6f-9862-436675c97959",
      "meta": {
        "profile": [ "http://hl7.org/fhir/us/qicore/StructureDefinition/qicore-organization" ]
      },
      "identifier": [ {
        "use": "temp",
        "system": "urn:oid:2.16.840.1.113883.4.4",
        "value": "21-3259825"
      } ],
      "active": true,
      "type": [ {
        "coding": [ {
          "system": "http://terminology.hl7.org/CodeSystem/organization-type",
          "code": "pay",
          "display": "Payer"
        } ]
      } ],
      "name": "Blue Cross Blue Shield of Texas",
      "telecom": [ {
        "system": "phone",
        "value": "(+1) 972-766-6900"
      } ],
      "address": [ {
        "use": "billing",
        "type": "postal",
        "line": [ "P.O. Box 660044" ],
        "city": "Dallas",
        "state": "TX",
        "postalCode": "75266-0044",
        "country": "USA"
      } ]
    },
    "request": {
      "method": "PUT",
      "url": "Organization/007716c9-e9ae-4f6f-9862-436675c97959"
    }
  }, {
    "fullUrl": "https://madie.cms.gov/Practitioner/df17c74b-3b3b-4168-a99d-3fa30a9f09ab",
    "resource": {
      "resourceType": "Practitioner",
      "id": "df17c74b-3b3b-4168-a99d-3fa30a9f09ab",
      "identifier": [ {
        "system": "http://hl7.org/fhir/sid/us-npi",
        "value": "123456"
      } ],
      "name": [ {
        "family": "Evil",
        "prefix": [ "Dr" ]
      } ]
    },
    "request": {
      "method": "PUT",
      "url": "Practitioner/df17c74b-3b3b-4168-a99d-3fa30a9f09ab"
    }
  }, {
    "fullUrl": "https://madie.cms.gov/MeasureReport/00dd0e1c-bb92-4e0d-8dab-e51754e18614",
    "resource": {
      "resourceType": "MeasureReport",
      "id": "00dd0e1c-bb92-4e0d-8dab-e51754e18614",
      "meta": {
        "profile": [ "http://hl7.org/fhir/us/cqfmeasures/StructureDefinition/test-case-cqfm" ]
      },
      "contained": [ {
        "resourceType": "Parameters",
        "id": "57af7642-7474-4948-b60f-f06ba7d51650-parameters",
        "parameter": [ {
          "name": "subject",
          "valueString": "37a2f9c0-a038-4c47-b7c6-80374392353a"
        } ]
      } ],
      "extension": [ {
        "url": "http://hl7.org/fhir/us/cqfmeasures/StructureDefinition/cqfm-inputParameters",
        "valueReference": {
          "reference": "#57af7642-7474-4948-b60f-f06ba7d51650-parameters"
        }
      }, {
        "url": "http://hl7.org/fhir/us/cqfmeasures/StructureDefinition/cqfm-testCaseDescription",
        "valueMarkdown": "\">18, LOS<120 day,Risk, RCA period end (with start datetime is null)in ED, and ED.end = IP.start\n\"\n"
      } ],
      "modifierExtension": [ {
        "url": "http://hl7.org/fhir/us/cqfmeasures/StructureDefinition/cqfm-isTestCase",
        "valueBoolean": true
      } ],
      "status": "complete",
      "type": "individual",
      "measure": "https://madie.cms.gov/Measure/VenousThromboembolismProphylaxisFHIR",
      "period": {
        "start": "2025-01-01",
        "end": "2025-12-31"
      },
      "group": [ {
        "population": [ {
          "code": {
            "coding": [ {
              "system": "http://terminology.hl7.org/CodeSystem/measure-population",
              "code": "initial-population",
              "display": "Initial Population"
            } ]
          },
          "count": 1
        }, {
          "code": {
            "coding": [ {
              "system": "http://terminology.hl7.org/CodeSystem/measure-population",
              "code": "denominator",
              "display": "Denominator"
            } ]
          },
          "count": 1
        }, {
          "code": {
            "coding": [ {
              "system": "http://terminology.hl7.org/CodeSystem/measure-population",
              "code": "denominator-exclusion",
              "display": "Denominator Exclusion"
            } ]
          },
          "count": 0
        }, {
          "code": {
            "coding": [ {
              "system": "http://terminology.hl7.org/CodeSystem/measure-population",
              "code": "numerator",
              "display": "Numerator"
            } ]
          },
          "count": 1
        } ]
      } ],
      "evaluatedResource": [ {
        "reference": "Patient/37a2f9c0-a038-4c47-b7c6-80374392353a"
      }, {
        "reference": "Encounter/80363f77-9f58-4f92-874a-e16b41f4ec58"
      }, {
        "reference": "Encounter/f1f9348d-5803-4973-ac9b-5842d0191d1c"
      }, {
        "reference": "Observation/e772950e-dca5-4370-8853-40d6e15fd5ea"
      }, {
        "reference": "Coverage/586fa398-8491-42df-b38d-115e97290a34"
      }, {
        "reference": "Organization/007716c9-e9ae-4f6f-9862-436675c97959"
      }, {
        "reference": "Practitioner/df17c74b-3b3b-4168-a99d-3fa30a9f09ab"
      } ]
    },
    "request": {
      "method": "PUT",
      "url": "MeasureReport/00dd0e1c-bb92-4e0d-8dab-e51754e18614"
    }
  } ]
}