{
  "resourceType": "Bundle",
  "id": "60abda28bf0a01003e3f76bd",
  "type": "transaction",
  "entry": [ {
    "fullUrl": "https://madie.cms.gov/Patient/f3f9227e-50eb-4752-af8a-464072cc60c2",
    "resource": {
      "resourceType": "Patient",
      "id": "f3f9227e-50eb-4752-af8a-464072cc60c2",
      "meta": {
        "profile": [ "http://hl7.org/fhir/us/qicore/StructureDefinition/qicore-patient" ]
      },
      "extension": [ {
        "url": "http://hl7.org/fhir/us/core/StructureDefinition/us-core-race",
        "extension": [ {
          "url": "ombCategory",
          "valueCoding": {
            "system": "urn:oid:2.16.840.1.113883.6.238",
            "code": "2054-5",
            "display": "Black or African American"
          }
        }, {
          "url": "text",
          "valueString": "Black or African American"
        } ]
      }, {
        "url": "http://hl7.org/fhir/us/core/StructureDefinition/us-core-ethnicity",
        "extension": [ {
          "url": "ombCategory",
          "valueCoding": {
            "system": "urn:oid:2.16.840.1.113883.6.238",
            "code": "2186-5",
            "display": "Not Hispanic or Latino"
          }
        }, {
          "url": "text",
          "valueString": "Not Hispanic or Latino"
        } ]
      } ],
      "identifier": [ {
        "type": {
          "coding": [ {
            "system": "http://terminology.hl7.org/CodeSystem/v2-0203",
            "code": "MR"
          } ]
        },
        "system": "https://bonnie-fhir.healthit.gov/",
        "value": "463131313187656"
      } ],
      "name": [ {
        "family": "NUMERPass",
        "given": [ "ADT9MonthsAfterStartofMPEdge" ]
      } ],
      "gender": "male",
      "birthDate": "1930-06-15"
    },
    "request": {
      "method": "PUT",
      "url": "Patient/f3f9227e-50eb-4752-af8a-464072cc60c2"
    }
  }, {
    "fullUrl": "https://madie.cms.gov/Encounter/46cd8396-e2e6-4233-973f-3101fdae806c",
    "resource": {
      "resourceType": "Encounter",
      "id": "46cd8396-e2e6-4233-973f-3101fdae806c",
      "meta": {
        "profile": [ "http://hl7.org/fhir/us/qicore/StructureDefinition/qicore-encounter" ]
      },
      "status": "finished",
      "class": {
        "system": "http://terminology.hl7.org/CodeSystem/v3-ActCode",
        "code": "AMB",
        "display": "ambulatory"
      },
      "type": [ {
        "coding": [ {
          "system": "http://snomed.info/sct",
          "version": "http://snomed.info/sct/731000124108/version/20240301",
          "code": "185463005",
          "display": "Visit out of hours (procedure)"
        } ]
      } ],
      "subject": {
        "reference": "Patient/f3f9227e-50eb-4752-af8a-464072cc60c2"
      },
      "period": {
        "start": "2026-09-01T08:00:00.000+00:00",
        "end": "2026-09-01T08:15:00.000+00:00"
      }
    },
    "request": {
      "method": "PUT",
      "url": "Encounter/46cd8396-e2e6-4233-973f-3101fdae806c"
    }
  }, {
    "fullUrl": "https://madie.cms.gov/Condition/842f49d3-62e7-481a-bb5e-ed68a8fb0f2d",
    "resource": {
      "resourceType": "Condition",
      "id": "842f49d3-62e7-481a-bb5e-ed68a8fb0f2d",
      "meta": {
        "profile": [ "http://hl7.org/fhir/us/qicore/StructureDefinition/qicore-condition-problems-health-concerns" ]
      },
      "clinicalStatus": {
        "coding": [ {
          "system": "http://terminology.hl7.org/CodeSystem/condition-clinical",
          "code": "active",
          "display": "Active",
          "userSelected": true
        } ]
      },
      "verificationStatus": {
        "coding": [ {
          "system": "http://terminology.hl7.org/CodeSystem/condition-ver-status",
          "code": "confirmed"
        } ]
      },
      "category": [ {
        "coding": [ {
          "system": "http://terminology.hl7.org/CodeSystem/condition-category",
          "code": "problem-list-item",
          "display": "Problem List Item"
        } ]
      } ],
      "code": {
        "coding": [ {
          "system": "http://snomed.info/sct",
          "version": "http://snomed.info/sct/731000124108/version/20240301",
          "code": "254900004",
          "display": "Carcinoma of prostate (disorder)"
        } ]
      },
      "subject": {
        "reference": "Patient/f3f9227e-50eb-4752-af8a-464072cc60c2"
      },
      "onsetPeriod": {
        "start": "2026-09-01T08:00:00.000+00:00"
      }
    },
    "request": {
      "method": "PUT",
      "url": "Condition/842f49d3-62e7-481a-bb5e-ed68a8fb0f2d"
    }
  }, {
    "fullUrl": "https://madie.cms.gov/Observation/c2c6537f-08d6-448f-9199-c4962bf8dd2d",
    "resource": {
      "resourceType": "Observation",
      "id": "c2c6537f-08d6-448f-9199-c4962bf8dd2d",
      "meta": {
        "profile": [ "http://hl7.org/fhir/us/qicore/StructureDefinition/qicore-observation-lab" ]
      },
      "status": "final",
      "category": [ {
        "coding": [ {
          "system": "http://terminology.hl7.org/CodeSystem/observation-category",
          "code": "imaging",
          "display": "Imaging"
        } ]
      } ],
      "code": {
        "coding": [ {
          "system": "http://loinc.org",
          "version": "2.76",
          "code": "38265-5",
          "display": "DXA Radius and Ulna [T-score] Bone density"
        } ]
      },
      "subject": {
        "reference": "Patient/f3f9227e-50eb-4752-af8a-464072cc60c2"
      },
      "effectivePeriod": {
        "start": "2026-12-30T10:00:00.000+00:00"
      }
    },
    "request": {
      "method": "PUT",
      "url": "Observation/c2c6537f-08d6-448f-9199-c4962bf8dd2d"
    }
  }, {
    "fullUrl": "https://madie.cms.gov/Practitioner/f2da5c90-a387-4bfd-bb24-99749b02e181",
    "resource": {
      "resourceType": "Practitioner",
      "id": "f2da5c90-a387-4bfd-bb24-99749b02e181",
      "meta": {
        "profile": [ "http://hl7.org/fhir/us/qicore/StructureDefinition/qicore-practitioner" ]
      },
      "identifier": [ {
        "use": "temp",
        "system": "urn:oid:2.16.840.1.113883.4.336",
        "value": "Practitioner-23"
      } ],
      "active": true,
      "name": [ {
        "family": "Careful",
        "given": [ "Adam" ],
        "prefix": [ "Dr" ]
      } ],
      "address": [ {
        "use": "home",
        "line": [ "534 Erewhon St" ],
        "city": "PleasantVille",
        "state": "UT",
        "postalCode": "84414"
      } ],
      "qualification": [ {
        "identifier": [ {
          "system": "http://example.org/UniversityIdentifier",
          "value": "12345"
        } ],
        "code": {
          "coding": [ {
            "system": "http://terminology.hl7.org/CodeSystem/v2-0360|2.7",
            "code": "BS",
            "display": "Bachelor of Science"
          } ],
          "text": "Bachelor of Science"
        },
        "period": {
          "start": "1996"
        },
        "issuer": {
          "display": "Example University"
        }
      } ]
    },
    "request": {
      "method": "PUT",
      "url": "Practitioner/f2da5c90-a387-4bfd-bb24-99749b02e181"
    }
  }, {
    "fullUrl": "https://madie.cms.gov/MedicationRequest/a5788b0e-ebb0-44ce-bc8d-e63bdb22572e",
    "resource": {
      "resourceType": "MedicationRequest",
      "id": "a5788b0e-ebb0-44ce-bc8d-e63bdb22572e",
      "meta": {
        "profile": [ "http://hl7.org/fhir/us/qicore/StructureDefinition/qicore-medicationrequest" ]
      },
      "status": "active",
      "intent": "order",
      "medicationCodeableConcept": {
        "coding": [ {
          "system": "http://www.nlm.nih.gov/research/umls/rxnorm",
          "version": "04012024",
          "code": "1115257",
          "display": "1.5 ML leuprolide acetate 30 MG/ML Prefilled Syringe"
        } ]
      },
      "subject": {
        "reference": "Patient/f3f9227e-50eb-4752-af8a-464072cc60c2"
      },
      "authoredOn": "2026-09-29T08:00:00.000+00:00",
      "requester": {
        "reference": "http://myGoodHealthcare.com/fhir/Practitioner/f2da5c90-a387-4bfd-bb24-99749b02e181"
      },
      "dosageInstruction": [ {
        "timing": {
          "repeat": {
            "boundsPeriod": {
              "start": "2026-09-30T08:00:00.000+00:00"
            }
          }
        }
      } ]
    },
    "request": {
      "method": "PUT",
      "url": "MedicationRequest/a5788b0e-ebb0-44ce-bc8d-e63bdb22572e"
    }
  }, {
    "fullUrl": "https://madie.cms.gov/ServiceRequest/f067a28b-b264-43f4-8de7-b1bd94583d4e",
    "resource": {
      "resourceType": "ServiceRequest",
      "id": "f067a28b-b264-43f4-8de7-b1bd94583d4e",
      "meta": {
        "profile": [ "http://hl7.org/fhir/us/qicore/StructureDefinition/qicore-servicerequest" ]
      },
      "status": "active",
      "intent": "order",
      "code": {
        "coding": [ {
          "system": "http://snomed.info/sct",
          "version": "http://snomed.info/sct/731000124108/version/20240301",
          "code": "456381000124102",
          "display": "Injection of leuprolide acetate for twelve month period (regime/therapy)"
        } ]
      },
      "subject": {
        "reference": "Patient/f3f9227e-50eb-4752-af8a-464072cc60c2"
      },
      "authoredOn": "2026-09-30T08:00:00.000+00:00"
    },
    "request": {
      "method": "PUT",
      "url": "ServiceRequest/f067a28b-b264-43f4-8de7-b1bd94583d4e"
    }
  }, {
    "fullUrl": "https://madie.cms.gov/MeasureReport/1f85b4e8-ac99-4609-a0f7-2e6842d2e9a2",
    "resource": {
      "resourceType": "MeasureReport",
      "id": "1f85b4e8-ac99-4609-a0f7-2e6842d2e9a2",
      "meta": {
        "profile": [ "http://hl7.org/fhir/us/cqfmeasures/StructureDefinition/test-case-cqfm" ]
      },
      "contained": [ {
        "resourceType": "Parameters",
        "id": "4326e96f-dc74-442b-b49b-e77310d8a226-parameters",
        "parameter": [ {
          "name": "subject",
          "valueString": "f3f9227e-50eb-4752-af8a-464072cc60c2"
        } ]
      } ],
      "extension": [ {
        "url": "http://hl7.org/fhir/StructureDefinition/cqf-inputParameters",
        "valueReference": {
          "reference": "#4326e96f-dc74-442b-b49b-e77310d8a226-parameters"
        }
      }, {
        "url": "http://hl7.org/fhir/us/cqfmeasures/StructureDefinition/cqfm-testCaseDescription",
        "valueMarkdown": "Encounter Office Visit in MP.  Dx Prostate Cancer in MP. ADT on 9/30, DEXA on on 12/30 to test timing.  NUMER Criteria Pass"
      } ],
      "modifierExtension": [ {
        "url": "http://hl7.org/fhir/us/cqfmeasures/StructureDefinition/cqfm-isTestCase",
        "valueBoolean": true
      } ],
      "status": "complete",
      "type": "individual",
      "measure": "https://madie.cms.gov/Measure/CMS645FHIRBoneDensityProstateCancerAndrogenDeprivationTherapy",
      "period": {
        "start": "2026-01-01",
        "end": "2026-12-31"
      },
      "group": [ {
        "id": "Group_1",
        "population": [ {
          "id": "InitialPopulation_1",
          "code": {
            "coding": [ {
              "system": "http://terminology.hl7.org/CodeSystem/measure-population",
              "code": "initial-population",
              "display": "Initial Population"
            } ]
          },
          "count": 1
        }, {
          "id": "Denominator_1",
          "code": {
            "coding": [ {
              "system": "http://terminology.hl7.org/CodeSystem/measure-population",
              "code": "denominator",
              "display": "Denominator"
            } ]
          },
          "count": 1
        }, {
          "id": "Numerator_1",
          "code": {
            "coding": [ {
              "system": "http://terminology.hl7.org/CodeSystem/measure-population",
              "code": "numerator",
              "display": "Numerator"
            } ]
          },
          "count": 1
        }, {
          "id": "DenominatorException_1",
          "code": {
            "coding": [ {
              "system": "http://terminology.hl7.org/CodeSystem/measure-population",
              "code": "denominator-exception",
              "display": "Denominator Exception"
            } ]
          },
          "count": 0
        } ],
        "measureScore": {
          "value": 1.0
        }
      } ],
      "evaluatedResource": [ {
        "reference": "Patient/f3f9227e-50eb-4752-af8a-464072cc60c2"
      }, {
        "reference": "Encounter/46cd8396-e2e6-4233-973f-3101fdae806c"
      }, {
        "reference": "Condition/842f49d3-62e7-481a-bb5e-ed68a8fb0f2d"
      }, {
        "reference": "Observation/c2c6537f-08d6-448f-9199-c4962bf8dd2d"
      }, {
        "reference": "Practitioner/f2da5c90-a387-4bfd-bb24-99749b02e181"
      }, {
        "reference": "MedicationRequest/a5788b0e-ebb0-44ce-bc8d-e63bdb22572e"
      }, {
        "reference": "ServiceRequest/f067a28b-b264-43f4-8de7-b1bd94583d4e"
      } ]
    },
    "request": {
      "method": "PUT",
      "url": "MeasureReport/1f85b4e8-ac99-4609-a0f7-2e6842d2e9a2"
    }
  } ]
}