{
  "resourceType": "Bundle",
  "id": "612e6b0c02c62a011f2ec368",
  "type": "transaction",
  "entry": [ {
    "fullUrl": "https://madie.cms.gov/Patient/53cd6828-b100-4610-af81-ec54e2f71f42",
    "resource": {
      "resourceType": "Patient",
      "id": "53cd6828-b100-4610-af81-ec54e2f71f42",
      "meta": {
        "profile": [ "http://hl7.org/fhir/us/qicore/StructureDefinition/qicore-patient" ]
      },
      "text": {
        "status": "generated",
        "div": "<div xmlns=\"http://www.w3.org/1999/xhtml\"><div class=\"hapiHeaderText\">SCIP_GenSurgAfterEncEnds <b>DENEXFAIL </b></div><table class=\"hapiPropertyTable\"><tbody><tr><td>Identifier</td><td>66c70c125db369967b4b164e75338304</td></tr><tr><td>Date of birth</td><td><span>01 September 2000</span></td></tr></tbody></table></div>"
      },
      "extension": [ {
        "url": "http://hl7.org/fhir/us/core/StructureDefinition/us-core-race",
        "extension": [ {
          "url": "ombCategory",
          "valueCoding": {
            "system": "urn:oid:2.16.840.1.113883.6.238",
            "code": "1002-5",
            "display": "American Indian or Alaska Native",
            "userSelected": true
          }
        }, {
          "url": "text",
          "valueString": "American Indian or Alaska Native"
        } ]
      }, {
        "url": "http://hl7.org/fhir/us/core/StructureDefinition/us-core-ethnicity",
        "extension": [ {
          "url": "ombCategory",
          "valueCoding": {
            "system": "urn:oid:2.16.840.1.113883.6.238",
            "code": "2135-2",
            "display": "Hispanic or Latino",
            "userSelected": true
          }
        }, {
          "url": "text",
          "valueString": "Hispanic or Latino"
        } ]
      } ],
      "identifier": [ {
        "type": {
          "coding": [ {
            "system": "http://terminology.hl7.org/CodeSystem/v2-0203",
            "code": "MR"
          } ]
        },
        "system": "https://bonnie-fhir.healthit.gov/",
        "value": "612e6b0c02c62a011f2ec368"
      } ],
      "active": true,
      "name": [ {
        "use": "usual",
        "family": "DENEXFail ",
        "given": [ "SCIP_GenSurgAfterEncEnds" ]
      } ],
      "gender": "male",
      "birthDate": "2000-09-01"
    },
    "request": {
      "method": "PUT",
      "url": "Patient/53cd6828-b100-4610-af81-ec54e2f71f42"
    }
  }, {
    "fullUrl": "https://madie.cms.gov/Encounter/f15e2331-4f3b-46e1-8366-c7b0d13d5231",
    "resource": {
      "resourceType": "Encounter",
      "id": "f15e2331-4f3b-46e1-8366-c7b0d13d5231",
      "meta": {
        "profile": [ "http://hl7.org/fhir/us/qicore/StructureDefinition/qicore-encounter" ]
      },
      "extension": [ {
        "url": "http://hl7.org/fhir/us/qicore/StructureDefinition/qicore-encounter-procedure",
        "extension": [ {
          "url": "type",
          "valueCodeableConcept": {
            "coding": [ {
              "system": "http://www.cms.gov/Medicare/Coding/ICD10",
              "code": "008Q0ZZ"
            } ]
          }
        }, {
          "url": "rank",
          "valuePositiveInt": 1
        }, {
          "url": "procedure",
          "valueReference": {
            "reference": "Procedure/8599cf31-68fa-422a-8937-fbf0404ec905"
          }
        } ]
      } ],
      "status": "finished",
      "class": {
        "system": "http://terminology.hl7.org/CodeSystem/v3-ActCode",
        "code": "IMP",
        "display": "inpatient encounter"
      },
      "type": [ {
        "coding": [ {
          "system": "http://snomed.info/sct",
          "code": "183452005"
        } ]
      } ],
      "subject": {
        "reference": "Patient/53cd6828-b100-4610-af81-ec54e2f71f42"
      },
      "period": {
        "start": "2025-09-02T06:00:00+00:00",
        "end": "2025-12-31T10:00:00+00:00"
      },
      "length": {
        "value": 120.0,
        "unit": "days"
      }
    },
    "request": {
      "method": "PUT",
      "url": "Encounter/f15e2331-4f3b-46e1-8366-c7b0d13d5231"
    }
  }, {
    "fullUrl": "https://madie.cms.gov/Coverage/9c26d582-e5f4-4b81-a87f-80cdb9cd79b1",
    "resource": {
      "resourceType": "Coverage",
      "id": "9c26d582-e5f4-4b81-a87f-80cdb9cd79b1",
      "status": "active",
      "beneficiary": {
        "reference": "Patient/53cd6828-b100-4610-af81-ec54e2f71f42"
      },
      "period": {
        "start": "2000-09-01T08:00:00+00:00"
      },
      "payor": [ {
        "reference": "Organization/223010ee-a1cf-4c02-a143-388425744dc7"
      } ]
    },
    "request": {
      "method": "PUT",
      "url": "Coverage/9c26d582-e5f4-4b81-a87f-80cdb9cd79b1"
    }
  }, {
    "fullUrl": "https://madie.cms.gov/Procedure/8599cf31-68fa-422a-8937-fbf0404ec905",
    "resource": {
      "resourceType": "Procedure",
      "id": "8599cf31-68fa-422a-8937-fbf0404ec905",
      "meta": {
        "profile": [ "http://hl7.org/fhir/us/qicore/StructureDefinition/qicore-procedure" ]
      },
      "extension": [ {
        "url": "http://hl7.org/fhir/us/qicore/StructureDefinition/qicore-recorded",
        "valueDateTime": "2012-12-04T09:35:00-04:00"
      } ],
      "status": "completed",
      "code": {
        "coding": [ {
          "system": "http://www.cms.gov/Medicare/Coding/ICD10",
          "code": "008Q0ZZ",
          "display": "Division of Vagus Nerve, Open Approach",
          "userSelected": true
        } ]
      },
      "subject": {
        "reference": "Patient/53cd6828-b100-4610-af81-ec54e2f71f42"
      },
      "performedPeriod": {
        "start": "2025-12-31T10:30:00.000+00:00",
        "end": "2025-12-31T11:15:00.000+00:00"
      }
    },
    "request": {
      "method": "PUT",
      "url": "Procedure/8599cf31-68fa-422a-8937-fbf0404ec905"
    }
  }, {
    "fullUrl": "https://madie.cms.gov/Organization/223010ee-a1cf-4c02-a143-388425744dc7",
    "resource": {
      "resourceType": "Organization",
      "id": "223010ee-a1cf-4c02-a143-388425744dc7",
      "meta": {
        "profile": [ "http://hl7.org/fhir/us/qicore/StructureDefinition/qicore-organization" ]
      },
      "identifier": [ {
        "use": "temp",
        "system": "urn:oid:2.16.840.1.113883.4.4",
        "value": "21-3259825"
      } ],
      "active": true,
      "type": [ {
        "coding": [ {
          "system": "http://terminology.hl7.org/CodeSystem/organization-type",
          "code": "pay",
          "display": "Payer"
        } ]
      } ],
      "name": "Blue Cross Blue Shield of Texas",
      "telecom": [ {
        "system": "phone",
        "value": "(+1) 972-766-6900"
      } ],
      "address": [ {
        "use": "billing",
        "type": "postal",
        "line": [ "P.O. Box 660044" ],
        "city": "Dallas",
        "state": "TX",
        "postalCode": "75266-0044",
        "country": "USA"
      } ]
    },
    "request": {
      "method": "PUT",
      "url": "Organization/223010ee-a1cf-4c02-a143-388425744dc7"
    }
  }, {
    "fullUrl": "https://madie.cms.gov/Practitioner/c7866437-9bd0-4e0d-9358-1af5c4214484",
    "resource": {
      "resourceType": "Practitioner",
      "id": "c7866437-9bd0-4e0d-9358-1af5c4214484",
      "identifier": [ {
        "system": "http://hl7.org/fhir/sid/us-npi",
        "value": "123456"
      } ],
      "name": [ {
        "family": "Evil",
        "prefix": [ "Dr" ]
      } ]
    },
    "request": {
      "method": "PUT",
      "url": "Practitioner/c7866437-9bd0-4e0d-9358-1af5c4214484"
    }
  }, {
    "fullUrl": "https://madie.cms.gov/MeasureReport/17c39d90-c6ea-4298-9ee1-40a04c12f60d",
    "resource": {
      "resourceType": "MeasureReport",
      "id": "17c39d90-c6ea-4298-9ee1-40a04c12f60d",
      "meta": {
        "profile": [ "http://hl7.org/fhir/us/cqfmeasures/StructureDefinition/test-case-cqfm" ]
      },
      "contained": [ {
        "resourceType": "Parameters",
        "id": "87095885-e9ad-40e3-8d25-f590e5c8a403-parameters",
        "parameter": [ {
          "name": "subject",
          "valueString": "53cd6828-b100-4610-af81-ec54e2f71f42"
        } ]
      } ],
      "extension": [ {
        "url": "http://hl7.org/fhir/us/cqfmeasures/StructureDefinition/cqfm-inputParameters",
        "valueReference": {
          "reference": "#87095885-e9ad-40e3-8d25-f590e5c8a403-parameters"
        }
      }, {
        "url": "http://hl7.org/fhir/us/cqfmeasures/StructureDefinition/cqfm-testCaseDescription",
        "valueMarkdown": "Patient had SCIP -GenSurg ends 1 hour after Encounter and Rank =1\n"
      } ],
      "modifierExtension": [ {
        "url": "http://hl7.org/fhir/us/cqfmeasures/StructureDefinition/cqfm-isTestCase",
        "valueBoolean": true
      } ],
      "status": "complete",
      "type": "individual",
      "measure": "https://madie.cms.gov/Measure/VenousThromboembolismProphylaxisFHIR",
      "period": {
        "start": "2025-01-01",
        "end": "2025-12-31"
      },
      "group": [ {
        "population": [ {
          "code": {
            "coding": [ {
              "system": "http://terminology.hl7.org/CodeSystem/measure-population",
              "code": "initial-population",
              "display": "Initial Population"
            } ]
          },
          "count": 1
        }, {
          "code": {
            "coding": [ {
              "system": "http://terminology.hl7.org/CodeSystem/measure-population",
              "code": "denominator",
              "display": "Denominator"
            } ]
          },
          "count": 1
        }, {
          "code": {
            "coding": [ {
              "system": "http://terminology.hl7.org/CodeSystem/measure-population",
              "code": "denominator-exclusion",
              "display": "Denominator Exclusion"
            } ]
          },
          "count": 0
        }, {
          "code": {
            "coding": [ {
              "system": "http://terminology.hl7.org/CodeSystem/measure-population",
              "code": "numerator",
              "display": "Numerator"
            } ]
          },
          "count": 0
        } ]
      } ],
      "evaluatedResource": [ {
        "reference": "Patient/53cd6828-b100-4610-af81-ec54e2f71f42"
      }, {
        "reference": "Encounter/f15e2331-4f3b-46e1-8366-c7b0d13d5231"
      }, {
        "reference": "Coverage/9c26d582-e5f4-4b81-a87f-80cdb9cd79b1"
      }, {
        "reference": "Procedure/8599cf31-68fa-422a-8937-fbf0404ec905"
      }, {
        "reference": "Organization/223010ee-a1cf-4c02-a143-388425744dc7"
      }, {
        "reference": "Practitioner/c7866437-9bd0-4e0d-9358-1af5c4214484"
      } ]
    },
    "request": {
      "method": "PUT",
      "url": "MeasureReport/17c39d90-c6ea-4298-9ee1-40a04c12f60d"
    }
  } ]
}