{
  "resourceType": "Bundle",
  "id": "612e6b5702c62a011f2ed65d",
  "type": "transaction",
  "entry": [ {
    "fullUrl": "https://madie.cms.gov/Patient/40280f40-0d49-46da-a516-82a760ef23de",
    "resource": {
      "resourceType": "Patient",
      "id": "40280f40-0d49-46da-a516-82a760ef23de",
      "meta": {
        "profile": [ "http://hl7.org/fhir/us/qicore/StructureDefinition/qicore-patient" ]
      },
      "text": {
        "status": "generated",
        "div": "<div xmlns=\"http://www.w3.org/1999/xhtml\"><div class=\"hapiHeaderText\">DxVTEClinicalStatusResolved<b>NUMERPASS </b></div><table class=\"hapiPropertyTable\"><tbody><tr><td>Identifier</td><td>53ba7bfa81859444ffcb221a690f5daf</td></tr><tr><td>Date of birth</td><td><span>02 January 1974</span></td></tr></tbody></table></div>"
      },
      "extension": [ {
        "url": "http://hl7.org/fhir/us/core/StructureDefinition/us-core-race",
        "extension": [ {
          "url": "ombCategory",
          "valueCoding": {
            "system": "urn:oid:2.16.840.1.113883.6.238",
            "code": "1002-5",
            "display": "American Indian or Alaska Native",
            "userSelected": true
          }
        }, {
          "url": "text",
          "valueString": "American Indian or Alaska Native"
        } ]
      }, {
        "url": "http://hl7.org/fhir/us/core/StructureDefinition/us-core-ethnicity",
        "extension": [ {
          "url": "ombCategory",
          "valueCoding": {
            "system": "urn:oid:2.16.840.1.113883.6.238",
            "code": "2135-2",
            "display": "Hispanic or Latino",
            "userSelected": true
          }
        }, {
          "url": "text",
          "valueString": "Hispanic or Latino"
        } ]
      } ],
      "identifier": [ {
        "type": {
          "coding": [ {
            "system": "http://terminology.hl7.org/CodeSystem/v2-0203",
            "code": "MR"
          } ]
        },
        "system": "https://bonnie-fhir.healthit.gov/",
        "value": "612e6b5702c62a011f2ed65d"
      } ],
      "active": true,
      "name": [ {
        "use": "usual",
        "family": "NUMERPass",
        "given": [ "DxVTEClinicalStatusResolved" ]
      } ],
      "gender": "male",
      "birthDate": "1974-01-02"
    },
    "request": {
      "method": "PUT",
      "url": "Patient/40280f40-0d49-46da-a516-82a760ef23de"
    }
  }, {
    "fullUrl": "https://madie.cms.gov/Encounter/47dfc626-7ca0-4e2d-9288-547a17269e2f",
    "resource": {
      "resourceType": "Encounter",
      "id": "47dfc626-7ca0-4e2d-9288-547a17269e2f",
      "meta": {
        "profile": [ "http://hl7.org/fhir/us/qicore/StructureDefinition/qicore-encounter" ]
      },
      "status": "finished",
      "class": {
        "system": "http://terminology.hl7.org/CodeSystem/v3-ActCode",
        "code": "IMP",
        "display": "inpatient encounter"
      },
      "type": [ {
        "coding": [ {
          "system": "http://snomed.info/sct",
          "code": "8715000"
        } ]
      } ],
      "subject": {
        "reference": "Patient/33d162ce-3bc7-4b0a-8c04-fec0a42a6265"
      },
      "period": {
        "start": "2025-11-01T08:00:00+00:00",
        "end": "2025-11-26T08:15:00+00:00"
      },
      "length": {
        "value": 25.0,
        "unit": "days"
      }
    },
    "request": {
      "method": "PUT",
      "url": "Encounter/47dfc626-7ca0-4e2d-9288-547a17269e2f"
    }
  }, {
    "fullUrl": "https://madie.cms.gov/Coverage/b56a080e-e4e0-4276-9521-dbb219609572",
    "resource": {
      "resourceType": "Coverage",
      "id": "b56a080e-e4e0-4276-9521-dbb219609572",
      "status": "active",
      "beneficiary": {
        "reference": "Patient/33d162ce-3bc7-4b0a-8c04-fec0a42a6265"
      },
      "period": {
        "start": "1974-01-02T08:00:00+00:00"
      },
      "payor": [ {
        "reference": "Organization/46c86d22-1237-4fbb-8fdc-28012b9e9f12"
      } ]
    },
    "request": {
      "method": "PUT",
      "url": "Coverage/b56a080e-e4e0-4276-9521-dbb219609572"
    }
  }, {
    "fullUrl": "https://madie.cms.gov/Condition/9835a719-7590-49db-8cbb-bcb6aa3e22a7",
    "resource": {
      "resourceType": "Condition",
      "id": "9835a719-7590-49db-8cbb-bcb6aa3e22a7",
      "meta": {
        "profile": [ "http://hl7.org/fhir/us/qicore/StructureDefinition/qicore-condition" ]
      },
      "clinicalStatus": {
        "coding": [ {
          "system": "http://terminology.hl7.org/CodeSystem/condition-clinical",
          "code": "resolved",
          "display": "resolved",
          "userSelected": true
        } ]
      },
      "verificationStatus": {
        "coding": [ {
          "system": "http://terminology.hl7.org/CodeSystem/condition-ver-status",
          "code": "confirmed",
          "display": "confirmed",
          "userSelected": true
        } ]
      },
      "category": [ {
        "coding": [ {
          "system": "http://terminology.hl7.org/CodeSystem/condition-category",
          "code": "problem-list-item",
          "display": "Problem List Item"
        } ]
      } ],
      "code": {
        "coding": [ {
          "system": "http://snomed.info/sct",
          "code": "1001000119102",
          "display": "Pulmonary embolism with pulmonary"
        } ]
      },
      "subject": {
        "reference": "Patient/33d162ce-3bc7-4b0a-8c04-fec0a42a6265"
      },
      "onsetPeriod": {
        "start": "2025-10-09T08:00:00+00:00",
        "end": "2025-10-09T08:15:00+00:00"
      }
    },
    "request": {
      "method": "PUT",
      "url": "Condition/9835a719-7590-49db-8cbb-bcb6aa3e22a7"
    }
  }, {
    "fullUrl": "https://madie.cms.gov/MedicationAdministration/a4b89d52-2f8e-4062-97f9-543a37b07672",
    "resource": {
      "resourceType": "MedicationAdministration",
      "id": "a4b89d52-2f8e-4062-97f9-543a37b07672",
      "meta": {
        "profile": [ "http://hl7.org/fhir/us/qicore/StructureDefinition/qicore-medicationadministration" ]
      },
      "status": "completed",
      "medicationCodeableConcept": {
        "coding": [ {
          "system": "http://www.nlm.nih.gov/research/umls/rxnorm",
          "code": "1599543",
          "display": "edoxaban 15 MG Oral Tablet"
        } ]
      },
      "subject": {
        "reference": "Patient/33d162ce-3bc7-4b0a-8c04-fec0a42a6265"
      },
      "effectivePeriod": {
        "start": "2025-11-01T11:00:00+00:00",
        "end": "2025-11-01T11:05:00+00:00"
      }
    },
    "request": {
      "method": "PUT",
      "url": "MedicationAdministration/a4b89d52-2f8e-4062-97f9-543a37b07672"
    }
  }, {
    "fullUrl": "https://madie.cms.gov/Organization/46c86d22-1237-4fbb-8fdc-28012b9e9f12",
    "resource": {
      "resourceType": "Organization",
      "id": "46c86d22-1237-4fbb-8fdc-28012b9e9f12",
      "meta": {
        "profile": [ "http://hl7.org/fhir/us/qicore/StructureDefinition/qicore-organization" ]
      },
      "identifier": [ {
        "use": "temp",
        "system": "urn:oid:2.16.840.1.113883.4.4",
        "value": "21-3259825"
      } ],
      "active": true,
      "type": [ {
        "coding": [ {
          "system": "http://terminology.hl7.org/CodeSystem/organization-type",
          "code": "pay",
          "display": "Payer"
        } ]
      } ],
      "name": "Blue Cross Blue Shield of Texas",
      "telecom": [ {
        "system": "phone",
        "value": "(+1) 972-766-6900"
      } ],
      "address": [ {
        "use": "billing",
        "type": "postal",
        "line": [ "P.O. Box 660044" ],
        "city": "Dallas",
        "state": "TX",
        "postalCode": "75266-0044",
        "country": "USA"
      } ]
    },
    "request": {
      "method": "PUT",
      "url": "Organization/46c86d22-1237-4fbb-8fdc-28012b9e9f12"
    }
  }, {
    "fullUrl": "https://madie.cms.gov/MeasureReport/42cf078d-e42f-40a0-b505-b0b827db03ba",
    "resource": {
      "resourceType": "MeasureReport",
      "id": "42cf078d-e42f-40a0-b505-b0b827db03ba",
      "meta": {
        "profile": [ "http://hl7.org/fhir/us/cqfmeasures/StructureDefinition/test-case-cqfm" ]
      },
      "contained": [ {
        "resourceType": "Parameters",
        "id": "7ed5200c-f898-42bb-99ed-5eee45f12ec7-parameters",
        "parameter": [ {
          "name": "subject",
          "valueString": "40280f40-0d49-46da-a516-82a760ef23de"
        } ]
      } ],
      "extension": [ {
        "url": "http://hl7.org/fhir/us/cqfmeasures/StructureDefinition/cqfm-inputParameters",
        "valueReference": {
          "reference": "#7ed5200c-f898-42bb-99ed-5eee45f12ec7-parameters"
        }
      }, {
        "url": "http://hl7.org/fhir/us/cqfmeasures/StructureDefinition/cqfm-testCaseDescription",
        "valueMarkdown": "To test and cover Condition. clinicalStatus  in resolved >18, LOS<120 day. Medication, Administered: Oral Factor Xa Inhibitor for VTE Prophylaxis with diagnosis of  VTE starts before the encounter."
      } ],
      "modifierExtension": [ {
        "url": "http://hl7.org/fhir/us/cqfmeasures/StructureDefinition/cqfm-isTestCase",
        "valueBoolean": true
      } ],
      "status": "complete",
      "type": "individual",
      "measure": "https://madie.cms.gov/Measure/VenousThromboembolismProphylaxisFHIR",
      "period": {
        "start": "2025-01-01",
        "end": "2025-12-31"
      },
      "group": [ {
        "population": [ {
          "code": {
            "coding": [ {
              "system": "http://terminology.hl7.org/CodeSystem/measure-population",
              "code": "initial-population",
              "display": "Initial Population"
            } ]
          },
          "count": 1
        }, {
          "code": {
            "coding": [ {
              "system": "http://terminology.hl7.org/CodeSystem/measure-population",
              "code": "denominator",
              "display": "Denominator"
            } ]
          },
          "count": 1
        }, {
          "code": {
            "coding": [ {
              "system": "http://terminology.hl7.org/CodeSystem/measure-population",
              "code": "denominator-exclusion",
              "display": "Denominator Exclusion"
            } ]
          },
          "count": 0
        }, {
          "code": {
            "coding": [ {
              "system": "http://terminology.hl7.org/CodeSystem/measure-population",
              "code": "numerator",
              "display": "Numerator"
            } ]
          },
          "count": 1
        } ]
      } ],
      "evaluatedResource": [ {
        "reference": "Patient/40280f40-0d49-46da-a516-82a760ef23de"
      }, {
        "reference": "Encounter/47dfc626-7ca0-4e2d-9288-547a17269e2f"
      }, {
        "reference": "Coverage/b56a080e-e4e0-4276-9521-dbb219609572"
      }, {
        "reference": "Condition/9835a719-7590-49db-8cbb-bcb6aa3e22a7"
      }, {
        "reference": "MedicationAdministration/a4b89d52-2f8e-4062-97f9-543a37b07672"
      }, {
        "reference": "Organization/46c86d22-1237-4fbb-8fdc-28012b9e9f12"
      } ]
    },
    "request": {
      "method": "PUT",
      "url": "MeasureReport/42cf078d-e42f-40a0-b505-b0b827db03ba"
    }
  } ]
}