{
  "resourceType": "Bundle",
  "id": "612e6adf02c62a011f2eb8ab",
  "type": "transaction",
  "entry": [ {
    "fullUrl": "https://madie.cms.gov/Patient/b7b511dc-d0f9-49cd-b81d-78cedb11cf82",
    "resource": {
      "resourceType": "Patient",
      "id": "b7b511dc-d0f9-49cd-b81d-78cedb11cf82",
      "meta": {
        "profile": [ "http://hl7.org/fhir/us/qicore/StructureDefinition/qicore-patient" ]
      },
      "text": {
        "status": "generated",
        "div": "<div xmlns=\"http://www.w3.org/1999/xhtml\"><div class=\"hapiHeaderText\">CMODuringObs_ObsLT1hrBFAdm <b>DENEXPASS </b></div><table class=\"hapiPropertyTable\"><tbody><tr><td>Identifier</td><td>79af097064c6371feea556bf7ba54a281c2e37b325b6be388a0f5af53c958415</td></tr><tr><td>Date of birth</td><td><span>02 January 1974</span></td></tr></tbody></table></div>"
      },
      "extension": [ {
        "url": "http://hl7.org/fhir/us/core/StructureDefinition/us-core-race",
        "extension": [ {
          "url": "ombCategory",
          "valueCoding": {
            "system": "urn:oid:2.16.840.1.113883.6.238",
            "code": "1002-5",
            "display": "American Indian or Alaska Native",
            "userSelected": true
          }
        }, {
          "url": "text",
          "valueString": "American Indian or Alaska Native"
        } ]
      }, {
        "url": "http://hl7.org/fhir/us/core/StructureDefinition/us-core-ethnicity",
        "extension": [ {
          "url": "ombCategory",
          "valueCoding": {
            "system": "urn:oid:2.16.840.1.113883.6.238",
            "code": "2135-2",
            "display": "Hispanic or Latino",
            "userSelected": true
          }
        }, {
          "url": "text",
          "valueString": "Hispanic or Latino"
        } ]
      } ],
      "identifier": [ {
        "type": {
          "coding": [ {
            "system": "http://terminology.hl7.org/CodeSystem/v2-0203",
            "code": "MR"
          } ]
        },
        "system": "https://bonnie-fhir.healthit.gov/",
        "value": "612e6adf02c62a011f2eb8ab"
      } ],
      "active": true,
      "name": [ {
        "use": "usual",
        "family": "DENEXPass",
        "given": [ "CMODuringObs_ObsLT1hrBFAdm" ]
      } ],
      "gender": "male",
      "birthDate": "1974-01-02"
    },
    "request": {
      "method": "PUT",
      "url": "Patient/b7b511dc-d0f9-49cd-b81d-78cedb11cf82"
    }
  }, {
    "fullUrl": "https://madie.cms.gov/Encounter/27e60c1b-af54-42b7-869b-12486ccca6fe",
    "resource": {
      "resourceType": "Encounter",
      "id": "27e60c1b-af54-42b7-869b-12486ccca6fe",
      "meta": {
        "profile": [ "http://hl7.org/fhir/us/qicore/StructureDefinition/qicore-encounter" ]
      },
      "status": "finished",
      "class": {
        "system": "http://terminology.hl7.org/CodeSystem/v3-ActCode",
        "code": "EMER",
        "display": "emergency"
      },
      "type": [ {
        "coding": [ {
          "system": "http://snomed.info/sct",
          "code": "4525004"
        } ]
      } ],
      "subject": {
        "reference": "Patient/b7b511dc-d0f9-49cd-b81d-78cedb11cf82"
      },
      "period": {
        "start": "2025-10-30T08:00:00+00:00",
        "end": "2025-11-01T07:15:00+00:00"
      },
      "length": {
        "value": 2.0,
        "unit": "days"
      }
    },
    "request": {
      "method": "PUT",
      "url": "Encounter/27e60c1b-af54-42b7-869b-12486ccca6fe"
    }
  }, {
    "fullUrl": "https://madie.cms.gov/Encounter/4ef0c5c8-a157-4908-a7b7-f6cd2cdbd65f",
    "resource": {
      "resourceType": "Encounter",
      "id": "4ef0c5c8-a157-4908-a7b7-f6cd2cdbd65f",
      "meta": {
        "profile": [ "http://hl7.org/fhir/us/qicore/StructureDefinition/qicore-encounter" ]
      },
      "status": "finished",
      "class": {
        "system": "http://terminology.hl7.org/CodeSystem/v3-ActCode",
        "code": "IMP",
        "display": "inpatient encounter"
      },
      "type": [ {
        "coding": [ {
          "system": "http://snomed.info/sct",
          "code": "8715000"
        } ]
      } ],
      "subject": {
        "reference": "Patient/b7b511dc-d0f9-49cd-b81d-78cedb11cf82"
      },
      "period": {
        "start": "2025-11-01T10:00:00+00:00",
        "end": "2025-11-26T08:15:00+00:00"
      },
      "length": {
        "value": 25.0,
        "unit": "days"
      }
    },
    "request": {
      "method": "PUT",
      "url": "Encounter/4ef0c5c8-a157-4908-a7b7-f6cd2cdbd65f"
    }
  }, {
    "fullUrl": "https://madie.cms.gov/Encounter/1080e4c3-3d84-49fd-9bb2-12dc485e7234",
    "resource": {
      "resourceType": "Encounter",
      "id": "1080e4c3-3d84-49fd-9bb2-12dc485e7234",
      "meta": {
        "profile": [ "http://hl7.org/fhir/us/qicore/StructureDefinition/qicore-encounter" ]
      },
      "status": "finished",
      "class": {
        "system": "http://terminology.hl7.org/CodeSystem/v3-ActCode",
        "code": "OBSENC",
        "display": "observation encounter"
      },
      "type": [ {
        "coding": [ {
          "system": "http://snomed.info/sct",
          "code": "448951000124107"
        } ]
      } ],
      "subject": {
        "reference": "Patient/b7b511dc-d0f9-49cd-b81d-78cedb11cf82"
      },
      "period": {
        "start": "2025-11-01T07:15:00+00:00",
        "end": "2025-11-01T09:15:00+00:00"
      }
    },
    "request": {
      "method": "PUT",
      "url": "Encounter/1080e4c3-3d84-49fd-9bb2-12dc485e7234"
    }
  }, {
    "fullUrl": "https://madie.cms.gov/ServiceRequest/2d441927-a582-477c-b386-350940cfc213",
    "resource": {
      "resourceType": "ServiceRequest",
      "id": "2d441927-a582-477c-b386-350940cfc213",
      "meta": {
        "profile": [ "http://hl7.org/fhir/us/qicore/StructureDefinition/qicore-servicerequest" ]
      },
      "status": "completed",
      "intent": "order",
      "code": {
        "coding": [ {
          "system": "http://snomed.info/sct",
          "code": "133918004"
        } ]
      },
      "subject": {
        "reference": "Patient/b7b511dc-d0f9-49cd-b81d-78cedb11cf82"
      },
      "authoredOn": "2025-11-01T08:00:00+00:00"
    },
    "request": {
      "method": "PUT",
      "url": "ServiceRequest/2d441927-a582-477c-b386-350940cfc213"
    }
  }, {
    "fullUrl": "https://madie.cms.gov/Coverage/6028a893-363c-411c-a2c1-3f5e95177143",
    "resource": {
      "resourceType": "Coverage",
      "id": "6028a893-363c-411c-a2c1-3f5e95177143",
      "status": "active",
      "beneficiary": {
        "reference": "Patient/b7b511dc-d0f9-49cd-b81d-78cedb11cf82"
      },
      "period": {
        "start": "1974-01-02T08:00:00+00:00"
      },
      "payor": [ {
        "reference": "Organization/bee4f02e-783c-4ed4-9fa5-84a56e864b31"
      } ]
    },
    "request": {
      "method": "PUT",
      "url": "Coverage/6028a893-363c-411c-a2c1-3f5e95177143"
    }
  }, {
    "fullUrl": "https://madie.cms.gov/Organization/bee4f02e-783c-4ed4-9fa5-84a56e864b31",
    "resource": {
      "resourceType": "Organization",
      "id": "bee4f02e-783c-4ed4-9fa5-84a56e864b31",
      "meta": {
        "profile": [ "http://hl7.org/fhir/us/qicore/StructureDefinition/qicore-organization" ]
      },
      "identifier": [ {
        "use": "temp",
        "system": "urn:oid:2.16.840.1.113883.4.4",
        "value": "21-3259825"
      } ],
      "active": true,
      "type": [ {
        "coding": [ {
          "system": "http://terminology.hl7.org/CodeSystem/organization-type",
          "code": "pay",
          "display": "Payer"
        } ]
      } ],
      "name": "Blue Cross Blue Shield of Texas",
      "telecom": [ {
        "system": "phone",
        "value": "(+1) 972-766-6900"
      } ],
      "address": [ {
        "use": "billing",
        "type": "postal",
        "line": [ "P.O. Box 660044" ],
        "city": "Dallas",
        "state": "TX",
        "postalCode": "75266-0044",
        "country": "USA"
      } ]
    },
    "request": {
      "method": "PUT",
      "url": "Organization/bee4f02e-783c-4ed4-9fa5-84a56e864b31"
    }
  }, {
    "fullUrl": "https://madie.cms.gov/Practitioner/b94b9a75-3611-462b-9341-0e813ed03685",
    "resource": {
      "resourceType": "Practitioner",
      "id": "b94b9a75-3611-462b-9341-0e813ed03685",
      "identifier": [ {
        "system": "http://hl7.org/fhir/sid/us-npi",
        "value": "123456"
      } ],
      "name": [ {
        "family": "Evil",
        "prefix": [ "Dr" ]
      } ]
    },
    "request": {
      "method": "PUT",
      "url": "Practitioner/b94b9a75-3611-462b-9341-0e813ed03685"
    }
  }, {
    "fullUrl": "https://madie.cms.gov/MeasureReport/274ca96b-adf0-4b01-91fe-733318dcc214",
    "resource": {
      "resourceType": "MeasureReport",
      "id": "274ca96b-adf0-4b01-91fe-733318dcc214",
      "meta": {
        "profile": [ "http://hl7.org/fhir/us/cqfmeasures/StructureDefinition/test-case-cqfm" ]
      },
      "contained": [ {
        "resourceType": "Parameters",
        "id": "f30e3d14-1bf2-450b-99d1-556088b5c14a-parameters",
        "parameter": [ {
          "name": "subject",
          "valueString": "b7b511dc-d0f9-49cd-b81d-78cedb11cf82"
        } ]
      } ],
      "extension": [ {
        "url": "http://hl7.org/fhir/us/cqfmeasures/StructureDefinition/cqfm-inputParameters",
        "valueReference": {
          "reference": "#f30e3d14-1bf2-450b-99d1-556088b5c14a-parameters"
        }
      }, {
        "url": "http://hl7.org/fhir/us/cqfmeasures/StructureDefinition/cqfm-testCaseDescription",
        "valueMarkdown": "CMO occurs in Observation that OB ends <1 hour before Adm. But this case pass because it is on the same day as adm date\n"
      } ],
      "modifierExtension": [ {
        "url": "http://hl7.org/fhir/us/cqfmeasures/StructureDefinition/cqfm-isTestCase",
        "valueBoolean": true
      } ],
      "status": "complete",
      "type": "individual",
      "measure": "https://madie.cms.gov/Measure/VenousThromboembolismProphylaxisFHIR",
      "period": {
        "start": "2025-01-01",
        "end": "2025-12-31"
      },
      "group": [ {
        "population": [ {
          "code": {
            "coding": [ {
              "system": "http://terminology.hl7.org/CodeSystem/measure-population",
              "code": "initial-population",
              "display": "Initial Population"
            } ]
          },
          "count": 1
        }, {
          "code": {
            "coding": [ {
              "system": "http://terminology.hl7.org/CodeSystem/measure-population",
              "code": "denominator",
              "display": "Denominator"
            } ]
          },
          "count": 1
        }, {
          "code": {
            "coding": [ {
              "system": "http://terminology.hl7.org/CodeSystem/measure-population",
              "code": "denominator-exclusion",
              "display": "Denominator Exclusion"
            } ]
          },
          "count": 1
        }, {
          "code": {
            "coding": [ {
              "system": "http://terminology.hl7.org/CodeSystem/measure-population",
              "code": "numerator",
              "display": "Numerator"
            } ]
          },
          "count": 0
        } ]
      } ],
      "evaluatedResource": [ {
        "reference": "Patient/b7b511dc-d0f9-49cd-b81d-78cedb11cf82"
      }, {
        "reference": "Encounter/27e60c1b-af54-42b7-869b-12486ccca6fe"
      }, {
        "reference": "Encounter/4ef0c5c8-a157-4908-a7b7-f6cd2cdbd65f"
      }, {
        "reference": "Encounter/1080e4c3-3d84-49fd-9bb2-12dc485e7234"
      }, {
        "reference": "ServiceRequest/2d441927-a582-477c-b386-350940cfc213"
      }, {
        "reference": "Coverage/6028a893-363c-411c-a2c1-3f5e95177143"
      }, {
        "reference": "Organization/bee4f02e-783c-4ed4-9fa5-84a56e864b31"
      }, {
        "reference": "Practitioner/b94b9a75-3611-462b-9341-0e813ed03685"
      } ]
    },
    "request": {
      "method": "PUT",
      "url": "MeasureReport/274ca96b-adf0-4b01-91fe-733318dcc214"
    }
  } ]
}