{
  "resourceType": "Bundle",
  "id": "60abda28bf0a01003e3f76bd",
  "type": "transaction",
  "entry": [ {
    "fullUrl": "https://madie.cms.gov/Patient/2a1d8b51-131f-4552-90f7-59ca5a7979ce",
    "resource": {
      "resourceType": "Patient",
      "id": "2a1d8b51-131f-4552-90f7-59ca5a7979ce",
      "meta": {
        "profile": [ "http://hl7.org/fhir/us/qicore/StructureDefinition/qicore-patient" ]
      },
      "extension": [ {
        "url": "http://hl7.org/fhir/us/core/StructureDefinition/us-core-race",
        "extension": [ {
          "url": "ombCategory",
          "valueCoding": {
            "system": "urn:oid:2.16.840.1.113883.6.238",
            "code": "2054-5",
            "display": "Black or African American",
            "userSelected": true
          }
        }, {
          "url": "text",
          "valueString": "Black or African American"
        } ]
      }, {
        "url": "http://hl7.org/fhir/us/core/StructureDefinition/us-core-ethnicity",
        "extension": [ {
          "url": "ombCategory",
          "valueCoding": {
            "system": "urn:oid:2.16.840.1.113883.6.238",
            "code": "2186-5",
            "display": "Not Hispanic or Latino",
            "userSelected": true
          }
        }, {
          "url": "text",
          "valueString": "Not Hispanic or Latino"
        } ]
      } ],
      "identifier": [ {
        "type": {
          "coding": [ {
            "system": "http://terminology.hl7.org/CodeSystem/v2-0203",
            "code": "MR"
          } ]
        },
        "system": "https://bonnie-fhir.healthit.gov/",
        "value": "60abda28bf0a01003e3f76bd"
      } ],
      "name": [ {
        "family": "NUMERPass",
        "given": [ "DEXA2YearsBeforeADT" ]
      } ],
      "gender": "male",
      "birthDate": "1947-07-15"
    },
    "request": {
      "method": "PUT",
      "url": "Patient/2a1d8b51-131f-4552-90f7-59ca5a7979ce"
    }
  }, {
    "fullUrl": "https://madie.cms.gov/Encounter/096606c6-0a7d-4720-8169-447d330d8c31",
    "resource": {
      "resourceType": "Encounter",
      "id": "096606c6-0a7d-4720-8169-447d330d8c31",
      "meta": {
        "profile": [ "http://hl7.org/fhir/us/qicore/StructureDefinition/qicore-encounter" ]
      },
      "status": "finished",
      "class": {
        "system": "http://terminology.hl7.org/CodeSystem/v3-ActCode",
        "code": "AMB",
        "display": "ambulatory"
      },
      "type": [ {
        "coding": [ {
          "system": "http://snomed.info/sct",
          "version": "2021-09",
          "code": "185463005",
          "display": "Visit out of hours (procedure)",
          "userSelected": true
        } ]
      } ],
      "subject": {
        "reference": "Patient/2a1d8b51-131f-4552-90f7-59ca5a7979ce"
      },
      "period": {
        "start": "2026-06-05T08:00:00.000+00:00",
        "end": "2026-06-05T08:15:00.000+00:00"
      }
    },
    "request": {
      "method": "PUT",
      "url": "Encounter/096606c6-0a7d-4720-8169-447d330d8c31"
    }
  }, {
    "fullUrl": "https://madie.cms.gov/Condition/dce9dbaa-74da-43f3-b3eb-e753d6c058de",
    "resource": {
      "resourceType": "Condition",
      "id": "dce9dbaa-74da-43f3-b3eb-e753d6c058de",
      "meta": {
        "profile": [ "http://hl7.org/fhir/us/qicore/StructureDefinition/qicore-condition-problems-health-concerns" ]
      },
      "clinicalStatus": {
        "coding": [ {
          "system": "http://terminology.hl7.org/CodeSystem/condition-clinical",
          "code": "active",
          "display": "Active",
          "userSelected": true
        } ]
      },
      "verificationStatus": {
        "coding": [ {
          "system": "http://terminology.hl7.org/CodeSystem/condition-ver-status",
          "code": "confirmed"
        } ]
      },
      "category": [ {
        "coding": [ {
          "system": "http://terminology.hl7.org/CodeSystem/condition-category",
          "code": "problem-list-item",
          "display": "Problem List Item"
        } ]
      } ],
      "code": {
        "coding": [ {
          "system": "http://snomed.info/sct",
          "version": "http://snomed.info/sct/731000124108/version/20250301",
          "code": "254900004",
          "display": "Carcinoma of prostate (disorder)",
          "userSelected": true
        } ]
      },
      "subject": {
        "reference": "Patient/2a1d8b51-131f-4552-90f7-59ca5a7979ce"
      },
      "onsetPeriod": {
        "start": "2026-05-30T08:00:00.000+00:00"
      }
    },
    "request": {
      "method": "PUT",
      "url": "Condition/dce9dbaa-74da-43f3-b3eb-e753d6c058de"
    }
  }, {
    "fullUrl": "https://madie.cms.gov/Observation/2ef9a1c6-a53b-4dc8-bc3d-b48a5e1a506b",
    "resource": {
      "resourceType": "Observation",
      "id": "2ef9a1c6-a53b-4dc8-bc3d-b48a5e1a506b",
      "meta": {
        "profile": [ "http://hl7.org/fhir/us/qicore/StructureDefinition/qicore-observation-clinical-result" ]
      },
      "status": "final",
      "category": [ {
        "coding": [ {
          "system": "http://terminology.hl7.org/CodeSystem/observation-category",
          "code": "imaging",
          "display": "Imaging"
        } ]
      }, {
        "coding": [ {
          "system": "http://terminology.hl7.org/CodeSystem/observation-category",
          "code": "survey"
        } ]
      } ],
      "code": {
        "coding": [ {
          "system": "http://loinc.org",
          "version": "2.69",
          "code": "38265-5",
          "display": "DXA Radius and Ulna [T-score] Bone density",
          "userSelected": true
        } ]
      },
      "subject": {
        "reference": "Patient/2a1d8b51-131f-4552-90f7-59ca5a7979ce"
      },
      "effectiveDateTime": "2024-06-05T10:00:00.000+00:00",
      "dataAbsentReason": {
        "coding": [ {
          "system": "http://terminology.hl7.org/CodeSystem/data-absent-reason",
          "code": "unknown",
          "display": "Unknown"
        } ]
      }
    },
    "request": {
      "method": "PUT",
      "url": "Observation/2ef9a1c6-a53b-4dc8-bc3d-b48a5e1a506b"
    }
  }, {
    "fullUrl": "https://madie.cms.gov/Practitioner/887e71eb-f862-4464-80ac-5131619c223f",
    "resource": {
      "resourceType": "Practitioner",
      "id": "887e71eb-f862-4464-80ac-5131619c223f",
      "meta": {
        "profile": [ "http://hl7.org/fhir/us/qicore/StructureDefinition/qicore-practitioner" ]
      },
      "identifier": [ {
        "use": "temp",
        "system": "urn:oid:2.16.840.1.113883.4.336",
        "value": "Practitioner-23"
      } ],
      "active": true,
      "name": [ {
        "family": "Careful",
        "given": [ "Adam" ],
        "prefix": [ "Dr" ]
      } ],
      "address": [ {
        "use": "home",
        "line": [ "534 Erewhon St" ],
        "city": "PleasantVille",
        "state": "UT",
        "postalCode": "84414"
      } ],
      "qualification": [ {
        "identifier": [ {
          "system": "http://example.org/UniversityIdentifier",
          "value": "12345"
        } ],
        "code": {
          "coding": [ {
            "system": "http://terminology.hl7.org/CodeSystem/v2-0360|2.7",
            "code": "BS",
            "display": "Bachelor of Science"
          } ],
          "text": "Bachelor of Science"
        },
        "period": {
          "start": "1996"
        },
        "issuer": {
          "display": "Example University"
        }
      } ]
    },
    "request": {
      "method": "PUT",
      "url": "Practitioner/887e71eb-f862-4464-80ac-5131619c223f"
    }
  }, {
    "fullUrl": "https://madie.cms.gov/MedicationRequest/66faa713-a858-457d-a51c-e6be6afd40ca",
    "resource": {
      "resourceType": "MedicationRequest",
      "id": "66faa713-a858-457d-a51c-e6be6afd40ca",
      "meta": {
        "profile": [ "http://hl7.org/fhir/us/qicore/StructureDefinition/qicore-medicationrequest" ]
      },
      "status": "active",
      "intent": "order",
      "medicationCodeableConcept": {
        "coding": [ {
          "system": "http://www.nlm.nih.gov/research/umls/rxnorm",
          "code": "1115257",
          "display": "1.5 ML leuprolide acetate 30 MG/ML Prefilled Syringe",
          "userSelected": true
        } ]
      },
      "subject": {
        "reference": "Patient/2a1d8b51-131f-4552-90f7-59ca5a7979ce"
      },
      "authoredOn": "2026-06-05T08:00:00.000+00:00",
      "requester": {
        "reference": "http://myGoodHealthcare.com/fhir/Practitioner/887e71eb-f862-4464-80ac-5131619c223f"
      },
      "dosageInstruction": [ {
        "timing": {
          "repeat": {
            "boundsPeriod": {
              "start": "2026-06-05T08:00:00.000+00:00",
              "end": "2026-07-05T08:00:00.000+00:00"
            }
          }
        }
      } ]
    },
    "request": {
      "method": "PUT",
      "url": "MedicationRequest/66faa713-a858-457d-a51c-e6be6afd40ca"
    }
  }, {
    "fullUrl": "https://madie.cms.gov/ServiceRequest/1e3cec08-e486-41a0-94eb-ecc0f570f623",
    "resource": {
      "resourceType": "ServiceRequest",
      "id": "1e3cec08-e486-41a0-94eb-ecc0f570f623",
      "meta": {
        "profile": [ "http://hl7.org/fhir/us/qicore/StructureDefinition/qicore-servicerequest" ]
      },
      "status": "active",
      "intent": "order",
      "code": {
        "coding": [ {
          "system": "http://snomed.info/sct",
          "version": "http://snomed.info/sct/731000124108/version/20250301",
          "code": "456381000124102",
          "display": "Injection of leuprolide acetate for twelve month period (regime/therapy)",
          "userSelected": true
        } ]
      },
      "subject": {
        "reference": "Patient/2a1d8b51-131f-4552-90f7-59ca5a7979ce"
      },
      "authoredOn": "2026-06-05T08:00:00.000+00:00"
    },
    "request": {
      "method": "PUT",
      "url": "ServiceRequest/1e3cec08-e486-41a0-94eb-ecc0f570f623"
    }
  }, {
    "fullUrl": "https://madie.cms.gov/MeasureReport/4e4d3e28-f001-42d0-b24f-837ad0c4489a",
    "resource": {
      "resourceType": "MeasureReport",
      "id": "4e4d3e28-f001-42d0-b24f-837ad0c4489a",
      "meta": {
        "profile": [ "http://hl7.org/fhir/us/cqfmeasures/StructureDefinition/test-case-cqfm" ]
      },
      "contained": [ {
        "resourceType": "Parameters",
        "id": "0f7bdc27-6460-4ac8-b253-1ebe111d4b05-parameters",
        "parameter": [ {
          "name": "subject",
          "valueString": "2a1d8b51-131f-4552-90f7-59ca5a7979ce"
        } ]
      } ],
      "extension": [ {
        "url": "http://hl7.org/fhir/StructureDefinition/cqf-inputParameters",
        "valueReference": {
          "reference": "#0f7bdc27-6460-4ac8-b253-1ebe111d4b05-parameters"
        }
      }, {
        "url": "http://hl7.org/fhir/us/cqfmeasures/StructureDefinition/cqfm-testCaseDescription",
        "valueMarkdown": "Encounter Office Visit in MP.  Dx Prostate Cancer in MP. Procedure \nOrdered. DEXA 2 years before start of ADR. Edge. NUMER Criteria Pass"
      } ],
      "modifierExtension": [ {
        "url": "http://hl7.org/fhir/us/cqfmeasures/StructureDefinition/cqfm-isTestCase",
        "valueBoolean": true
      } ],
      "status": "complete",
      "type": "individual",
      "measure": "https://madie.cms.gov/Measure/CMS645FHIRBoneDensityPCADTherapy",
      "period": {
        "start": "2026-01-01",
        "end": "2026-12-31"
      },
      "group": [ {
        "id": "Group_1",
        "population": [ {
          "id": "InitialPopulation_1",
          "code": {
            "coding": [ {
              "system": "http://terminology.hl7.org/CodeSystem/measure-population",
              "code": "initial-population",
              "display": "Initial Population"
            } ]
          },
          "count": 1
        }, {
          "id": "Denominator_1",
          "code": {
            "coding": [ {
              "system": "http://terminology.hl7.org/CodeSystem/measure-population",
              "code": "denominator",
              "display": "Denominator"
            } ]
          },
          "count": 1
        }, {
          "id": "Numerator_1",
          "code": {
            "coding": [ {
              "system": "http://terminology.hl7.org/CodeSystem/measure-population",
              "code": "numerator",
              "display": "Numerator"
            } ]
          },
          "count": 1
        }, {
          "id": "DenominatorException_1",
          "code": {
            "coding": [ {
              "system": "http://terminology.hl7.org/CodeSystem/measure-population",
              "code": "denominator-exception",
              "display": "Denominator Exception"
            } ]
          },
          "count": 0
        } ],
        "measureScore": {
          "value": 1.0
        }
      } ],
      "evaluatedResource": [ {
        "reference": "Patient/2a1d8b51-131f-4552-90f7-59ca5a7979ce"
      }, {
        "reference": "Encounter/096606c6-0a7d-4720-8169-447d330d8c31"
      }, {
        "reference": "Condition/dce9dbaa-74da-43f3-b3eb-e753d6c058de"
      }, {
        "reference": "Observation/2ef9a1c6-a53b-4dc8-bc3d-b48a5e1a506b"
      }, {
        "reference": "Practitioner/887e71eb-f862-4464-80ac-5131619c223f"
      }, {
        "reference": "MedicationRequest/66faa713-a858-457d-a51c-e6be6afd40ca"
      }, {
        "reference": "ServiceRequest/1e3cec08-e486-41a0-94eb-ecc0f570f623"
      } ]
    },
    "request": {
      "method": "PUT",
      "url": "MeasureReport/4e4d3e28-f001-42d0-b24f-837ad0c4489a"
    }
  } ]
}