{
  "resourceType": "Bundle",
  "id": "60abda28bf0a01003e3f76bd",
  "type": "transaction",
  "entry": [ {
    "fullUrl": "https://madie.cms.gov/Patient/959743cc-af58-48ff-afa3-68428e69f0f5",
    "resource": {
      "resourceType": "Patient",
      "id": "959743cc-af58-48ff-afa3-68428e69f0f5",
      "meta": {
        "profile": [ "http://hl7.org/fhir/us/qicore/StructureDefinition/qicore-patient" ]
      },
      "extension": [ {
        "url": "http://hl7.org/fhir/us/core/StructureDefinition/us-core-race",
        "extension": [ {
          "url": "ombCategory",
          "valueCoding": {
            "system": "urn:oid:2.16.840.1.113883.6.238",
            "code": "2054-5",
            "display": "Black or African American"
          }
        }, {
          "url": "text",
          "valueString": "Black or African American"
        } ]
      }, {
        "url": "http://hl7.org/fhir/us/core/StructureDefinition/us-core-ethnicity",
        "extension": [ {
          "url": "ombCategory",
          "valueCoding": {
            "system": "urn:oid:2.16.840.1.113883.6.238",
            "code": "2186-5",
            "display": "Not Hispanic or Latino"
          }
        }, {
          "url": "text",
          "valueString": "Not Hispanic or Latino"
        } ]
      } ],
      "identifier": [ {
        "type": {
          "coding": [ {
            "system": "http://terminology.hl7.org/CodeSystem/v2-0203",
            "code": "MR"
          } ]
        },
        "system": "https://bonnie-fhir.healthit.gov/",
        "value": "4616351646135312"
      } ],
      "name": [ {
        "family": "NUMERFail",
        "given": [ "DexaDoNotPerformTrue" ]
      } ],
      "gender": "male",
      "birthDate": "1954-06-15"
    },
    "request": {
      "method": "PUT",
      "url": "Patient/959743cc-af58-48ff-afa3-68428e69f0f5"
    }
  }, {
    "fullUrl": "https://madie.cms.gov/Encounter/d554134b-1c7a-4ca2-afda-195159beab9e",
    "resource": {
      "resourceType": "Encounter",
      "id": "d554134b-1c7a-4ca2-afda-195159beab9e",
      "meta": {
        "profile": [ "http://hl7.org/fhir/us/qicore/StructureDefinition/qicore-encounter" ]
      },
      "status": "finished",
      "class": {
        "system": "http://terminology.hl7.org/CodeSystem/v3-ActCode",
        "code": "AMB",
        "display": "ambulatory"
      },
      "type": [ {
        "coding": [ {
          "system": "http://snomed.info/sct",
          "version": "http://snomed.info/sct/731000124108/version/20240301",
          "code": "185463005",
          "display": "Visit out of hours (procedure)"
        } ]
      } ],
      "subject": {
        "reference": "Patient/959743cc-af58-48ff-afa3-68428e69f0f5"
      },
      "period": {
        "start": "2026-02-04T08:00:00.000Z",
        "end": "2026-02-04T08:15:00.000Z"
      }
    },
    "request": {
      "method": "PUT",
      "url": "Encounter/d554134b-1c7a-4ca2-afda-195159beab9e"
    }
  }, {
    "fullUrl": "https://madie.cms.gov/Condition/74bb3cd9-a4d7-4d8a-8e72-fd18844e31df",
    "resource": {
      "resourceType": "Condition",
      "id": "74bb3cd9-a4d7-4d8a-8e72-fd18844e31df",
      "meta": {
        "profile": [ "http://hl7.org/fhir/us/qicore/StructureDefinition/qicore-condition-problems-health-concerns" ]
      },
      "clinicalStatus": {
        "coding": [ {
          "system": "http://terminology.hl7.org/CodeSystem/condition-clinical",
          "code": "active",
          "display": "Active"
        } ]
      },
      "verificationStatus": {
        "coding": [ {
          "system": "http://terminology.hl7.org/CodeSystem/condition-ver-status",
          "code": "confirmed"
        } ]
      },
      "category": [ {
        "coding": [ {
          "system": "http://terminology.hl7.org/CodeSystem/condition-category",
          "code": "problem-list-item",
          "display": "Problem List Item"
        } ]
      } ],
      "code": {
        "coding": [ {
          "system": "http://snomed.info/sct",
          "version": "http://snomed.info/sct/731000124108/version/20250301",
          "code": "254900004",
          "display": "Carcinoma of prostate (disorder)"
        } ]
      },
      "subject": {
        "reference": "Patient/959743cc-af58-48ff-afa3-68428e69f0f5"
      },
      "onsetPeriod": {
        "start": "2025-10-04T08:00:00.000Z"
      }
    },
    "request": {
      "method": "PUT",
      "url": "Condition/74bb3cd9-a4d7-4d8a-8e72-fd18844e31df"
    }
  }, {
    "fullUrl": "https://madie.cms.gov/ServiceRequest/aeb83994-f687-4542-a648-003732d76b0a",
    "resource": {
      "resourceType": "ServiceRequest",
      "id": "aeb83994-f687-4542-a648-003732d76b0a",
      "meta": {
        "profile": [ "http://hl7.org/fhir/us/qicore/StructureDefinition/qicore-servicerequest" ]
      },
      "status": "revoked",
      "intent": "order",
      "doNotPerform": false,
      "code": {
        "coding": [ {
          "system": "http://loinc.org",
          "version": "2.76",
          "code": "38265-5",
          "display": "DXA Radius and Ulna [T-score] Bone density"
        } ]
      },
      "subject": {
        "reference": "Patient/959743cc-af58-48ff-afa3-68428e69f0f5"
      },
      "authoredOn": "2025-05-04T10:00:00.000Z"
    },
    "request": {
      "method": "PUT",
      "url": "ServiceRequest/aeb83994-f687-4542-a648-003732d76b0a"
    }
  }, {
    "fullUrl": "https://madie.cms.gov/Practitioner/05302182-1e74-4185-921b-9a8443e75f69",
    "resource": {
      "resourceType": "Practitioner",
      "id": "05302182-1e74-4185-921b-9a8443e75f69",
      "meta": {
        "profile": [ "http://hl7.org/fhir/us/qicore/StructureDefinition/qicore-practitioner" ]
      },
      "identifier": [ {
        "use": "temp",
        "system": "urn:oid:2.16.840.1.113883.4.336",
        "value": "Practitioner-23"
      } ],
      "active": true,
      "name": [ {
        "family": "Careful",
        "given": [ "Adam" ],
        "prefix": [ "Dr" ]
      } ],
      "address": [ {
        "use": "home",
        "line": [ "534 Erewhon St" ],
        "city": "PleasantVille",
        "state": "UT",
        "postalCode": "84414"
      } ],
      "qualification": [ {
        "identifier": [ {
          "system": "http://example.org/UniversityIdentifier",
          "value": "12345"
        } ],
        "code": {
          "coding": [ {
            "system": "http://terminology.hl7.org/CodeSystem/v2-0360|2.7",
            "code": "BS",
            "display": "Bachelor of Science"
          } ],
          "text": "Bachelor of Science"
        },
        "period": {
          "start": "1996"
        },
        "issuer": {
          "display": "Example University"
        }
      } ]
    },
    "request": {
      "method": "PUT",
      "url": "Practitioner/05302182-1e74-4185-921b-9a8443e75f69"
    }
  }, {
    "fullUrl": "https://madie.cms.gov/MedicationRequest/65299fea-253a-41d6-931f-ba26f62bffbc",
    "resource": {
      "resourceType": "MedicationRequest",
      "id": "65299fea-253a-41d6-931f-ba26f62bffbc",
      "meta": {
        "profile": [ "http://hl7.org/fhir/us/qicore/StructureDefinition/qicore-medicationrequest" ]
      },
      "status": "active",
      "intent": "order",
      "medicationCodeableConcept": {
        "coding": [ {
          "system": "http://www.nlm.nih.gov/research/umls/rxnorm",
          "version": "06052023",
          "code": "1115257",
          "display": "1.5 ML leuprolide acetate 30 MG/ML Prefilled Syringe"
        } ]
      },
      "subject": {
        "reference": "Patient/959743cc-af58-48ff-afa3-68428e69f0f5"
      },
      "authoredOn": "2025-12-03T08:00:00.000Z",
      "requester": {
        "reference": "http://myGoodHealthcare.com/fhir/Practitioner/05302182-1e74-4185-921b-9a8443e75f69"
      },
      "dosageInstruction": [ {
        "timing": {
          "repeat": {
            "boundsPeriod": {
              "start": "2025-12-03T08:00:00.000Z",
              "end": "2026-03-04T08:00:00.000Z"
            }
          }
        }
      } ]
    },
    "request": {
      "method": "PUT",
      "url": "MedicationRequest/65299fea-253a-41d6-931f-ba26f62bffbc"
    }
  }, {
    "fullUrl": "https://madie.cms.gov/ServiceRequest/46ce22a8-97ee-4cda-9c07-4c8fad7dbeb4",
    "resource": {
      "resourceType": "ServiceRequest",
      "id": "46ce22a8-97ee-4cda-9c07-4c8fad7dbeb4",
      "meta": {
        "profile": [ "http://hl7.org/fhir/us/qicore/StructureDefinition/qicore-servicerequest" ]
      },
      "status": "active",
      "intent": "order",
      "code": {
        "coding": [ {
          "system": "http://snomed.info/sct",
          "version": "http://snomed.info/sct/731000124108/version/20250301",
          "code": "456381000124102",
          "display": "Injection of leuprolide acetate for twelve month period (regime/therapy)"
        } ]
      },
      "subject": {
        "reference": "Patient/959743cc-af58-48ff-afa3-68428e69f0f5"
      },
      "authoredOn": "2025-12-04T08:00:00.000Z"
    },
    "request": {
      "method": "PUT",
      "url": "ServiceRequest/46ce22a8-97ee-4cda-9c07-4c8fad7dbeb4"
    }
  }, {
    "fullUrl": "https://madie.cms.gov/MeasureReport/8c026812-79a1-4292-a6df-bbc19d7db5e4",
    "resource": {
      "resourceType": "MeasureReport",
      "id": "8c026812-79a1-4292-a6df-bbc19d7db5e4",
      "meta": {
        "profile": [ "http://hl7.org/fhir/us/cqfmeasures/StructureDefinition/test-case-cqfm" ]
      },
      "contained": [ {
        "resourceType": "Parameters",
        "id": "2a45e358-2beb-419b-a5f1-c6c968ee5ee8-parameters",
        "parameter": [ {
          "name": "subject",
          "valueString": "959743cc-af58-48ff-afa3-68428e69f0f5"
        } ]
      } ],
      "extension": [ {
        "url": "http://hl7.org/fhir/StructureDefinition/cqf-inputParameters",
        "valueReference": {
          "reference": "#2a45e358-2beb-419b-a5f1-c6c968ee5ee8-parameters"
        }
      }, {
        "url": "http://hl7.org/fhir/us/cqfmeasures/StructureDefinition/cqfm-testCaseDescription",
        "valueMarkdown": "Case to cover QI-Core issue with status revoked for DEXA Service Request"
      } ],
      "modifierExtension": [ {
        "url": "http://hl7.org/fhir/us/cqfmeasures/StructureDefinition/cqfm-isTestCase",
        "valueBoolean": true
      } ],
      "status": "complete",
      "type": "individual",
      "measure": "https://madie.cms.gov/Measure/CMS645FHIRBoneDensityPCADTherapy",
      "period": {
        "start": "2026-01-01",
        "end": "2026-12-31"
      },
      "group": [ {
        "id": "Group_1",
        "population": [ {
          "id": "InitialPopulation_1",
          "code": {
            "coding": [ {
              "system": "http://terminology.hl7.org/CodeSystem/measure-population",
              "code": "initial-population",
              "display": "Initial Population"
            } ]
          },
          "count": 1
        }, {
          "id": "Denominator_1",
          "code": {
            "coding": [ {
              "system": "http://terminology.hl7.org/CodeSystem/measure-population",
              "code": "denominator",
              "display": "Denominator"
            } ]
          },
          "count": 1
        }, {
          "id": "Numerator_1",
          "code": {
            "coding": [ {
              "system": "http://terminology.hl7.org/CodeSystem/measure-population",
              "code": "numerator",
              "display": "Numerator"
            } ]
          },
          "count": 0
        }, {
          "id": "DenominatorException_1",
          "code": {
            "coding": [ {
              "system": "http://terminology.hl7.org/CodeSystem/measure-population",
              "code": "denominator-exception",
              "display": "Denominator Exception"
            } ]
          },
          "count": 0
        } ],
        "measureScore": {
          "value": 1.0
        }
      } ],
      "evaluatedResource": [ {
        "reference": "Patient/959743cc-af58-48ff-afa3-68428e69f0f5"
      }, {
        "reference": "Encounter/d554134b-1c7a-4ca2-afda-195159beab9e"
      }, {
        "reference": "Condition/74bb3cd9-a4d7-4d8a-8e72-fd18844e31df"
      }, {
        "reference": "ServiceRequest/aeb83994-f687-4542-a648-003732d76b0a"
      }, {
        "reference": "Practitioner/05302182-1e74-4185-921b-9a8443e75f69"
      }, {
        "reference": "MedicationRequest/65299fea-253a-41d6-931f-ba26f62bffbc"
      }, {
        "reference": "ServiceRequest/46ce22a8-97ee-4cda-9c07-4c8fad7dbeb4"
      } ]
    },
    "request": {
      "method": "PUT",
      "url": "MeasureReport/8c026812-79a1-4292-a6df-bbc19d7db5e4"
    }
  } ]
}