{
  "resourceType": "Bundle",
  "id": "612e6a8f02c62a011f2ea597",
  "type": "transaction",
  "entry": [ {
    "fullUrl": "https://madie.cms.gov/Patient/833a9f8a-c0b9-40c0-b5e8-ba573e0e6f51",
    "resource": {
      "resourceType": "Patient",
      "id": "833a9f8a-c0b9-40c0-b5e8-ba573e0e6f51",
      "meta": {
        "profile": [ "http://hl7.org/fhir/us/qicore/StructureDefinition/qicore-patient" ]
      },
      "text": {
        "status": "generated",
        "div": "<div xmlns=\"http://www.w3.org/1999/xhtml\"><div class=\"hapiHeaderText\">MA_LMWH_DayOfAnes <b>NUMERPASS </b></div><table class=\"hapiPropertyTable\"><tbody><tr><td>Identifier</td><td>b927d5087a427d5964453696d616a163</td></tr><tr><td>Date of birth</td><td><span>02 January 1974</span></td></tr></tbody></table></div>"
      },
      "extension": [ {
        "url": "http://hl7.org/fhir/us/core/StructureDefinition/us-core-race",
        "extension": [ {
          "url": "ombCategory",
          "valueCoding": {
            "system": "urn:oid:2.16.840.1.113883.6.238",
            "code": "1002-5",
            "display": "American Indian or Alaska Native",
            "userSelected": true
          }
        }, {
          "url": "text",
          "valueString": "American Indian or Alaska Native"
        } ]
      }, {
        "url": "http://hl7.org/fhir/us/core/StructureDefinition/us-core-ethnicity",
        "extension": [ {
          "url": "ombCategory",
          "valueCoding": {
            "system": "urn:oid:2.16.840.1.113883.6.238",
            "code": "2135-2",
            "display": "Hispanic or Latino",
            "userSelected": true
          }
        }, {
          "url": "text",
          "valueString": "Hispanic or Latino"
        } ]
      } ],
      "identifier": [ {
        "type": {
          "coding": [ {
            "system": "http://terminology.hl7.org/CodeSystem/v2-0203",
            "code": "MR"
          } ]
        },
        "system": "https://bonnie-fhir.healthit.gov/",
        "value": "612e6a8f02c62a011f2ea597"
      } ],
      "active": true,
      "name": [ {
        "use": "usual",
        "family": "NUMERPass",
        "given": [ "MA_LMWH_DayOfAnes" ]
      } ],
      "gender": "male",
      "birthDate": "1974-01-02"
    },
    "request": {
      "method": "PUT",
      "url": "Patient/833a9f8a-c0b9-40c0-b5e8-ba573e0e6f51"
    }
  }, {
    "fullUrl": "https://madie.cms.gov/Encounter/9b89ca1e-2869-4e23-a441-2dd60fad5aba",
    "resource": {
      "resourceType": "Encounter",
      "id": "9b89ca1e-2869-4e23-a441-2dd60fad5aba",
      "meta": {
        "profile": [ "http://hl7.org/fhir/us/qicore/StructureDefinition/qicore-encounter" ]
      },
      "status": "finished",
      "class": {
        "system": "http://terminology.hl7.org/CodeSystem/v3-ActCode",
        "code": "IMP",
        "display": "inpatient encounter"
      },
      "type": [ {
        "coding": [ {
          "system": "http://snomed.info/sct",
          "code": "8715000"
        } ]
      } ],
      "subject": {
        "reference": "Patient/833a9f8a-c0b9-40c0-b5e8-ba573e0e6f51"
      },
      "period": {
        "start": "2025-11-01T08:00:00+00:00",
        "end": "2025-11-26T08:15:00+00:00"
      },
      "length": {
        "value": 25.0,
        "unit": "days"
      }
    },
    "request": {
      "method": "PUT",
      "url": "Encounter/9b89ca1e-2869-4e23-a441-2dd60fad5aba"
    }
  }, {
    "fullUrl": "https://madie.cms.gov/Coverage/495e39fa-71a1-4d65-b734-2fc7f82fc6e4",
    "resource": {
      "resourceType": "Coverage",
      "id": "495e39fa-71a1-4d65-b734-2fc7f82fc6e4",
      "status": "active",
      "beneficiary": {
        "reference": "Patient/833a9f8a-c0b9-40c0-b5e8-ba573e0e6f51"
      },
      "period": {
        "start": "1974-01-02T08:00:00+00:00"
      },
      "payor": [ {
        "reference": "Organization/f421629a-fdbf-487c-9509-6b4097451b2c"
      } ]
    },
    "request": {
      "method": "PUT",
      "url": "Coverage/495e39fa-71a1-4d65-b734-2fc7f82fc6e4"
    }
  }, {
    "fullUrl": "https://madie.cms.gov/MedicationAdministration/9ea0739f-526c-4130-b885-32a6987771e2",
    "resource": {
      "resourceType": "MedicationAdministration",
      "id": "9ea0739f-526c-4130-b885-32a6987771e2",
      "meta": {
        "profile": [ "http://hl7.org/fhir/us/qicore/StructureDefinition/qicore-medicationadministration" ]
      },
      "status": "completed",
      "medicationCodeableConcept": {
        "coding": [ {
          "system": "http://www.nlm.nih.gov/research/umls/rxnorm",
          "code": "854228"
        } ]
      },
      "subject": {
        "reference": "Patient/833a9f8a-c0b9-40c0-b5e8-ba573e0e6f51"
      },
      "effectivePeriod": {
        "start": "2025-11-01T10:00:00+00:00"
      }
    },
    "request": {
      "method": "PUT",
      "url": "MedicationAdministration/9ea0739f-526c-4130-b885-32a6987771e2"
    }
  }, {
    "fullUrl": "https://madie.cms.gov/Procedure/a62870aa-0337-4551-a71a-021a0a90d9f3",
    "resource": {
      "resourceType": "Procedure",
      "id": "a62870aa-0337-4551-a71a-021a0a90d9f3",
      "meta": {
        "profile": [ "http://hl7.org/fhir/us/qicore/StructureDefinition/qicore-procedure" ]
      },
      "extension": [ {
        "url": "http://hl7.org/fhir/us/qicore/StructureDefinition/qicore-recorded",
        "valueDateTime": "2012-11-01T09:35:00-04:00"
      } ],
      "status": "completed",
      "code": {
        "coding": [ {
          "system": "http://www.icd10data.com/icd10pcs",
          "code": "3E030FZ"
        }, {
          "system": "http://snomed.info/sct",
          "code": "18946005"
        } ]
      },
      "subject": {
        "reference": "Patient/833a9f8a-c0b9-40c0-b5e8-ba573e0e6f51"
      },
      "performedPeriod": {
        "start": "2025-11-01T09:00:00+00:00",
        "end": "2025-11-01T09:15:00+00:00"
      }
    },
    "request": {
      "method": "PUT",
      "url": "Procedure/a62870aa-0337-4551-a71a-021a0a90d9f3"
    }
  }, {
    "fullUrl": "https://madie.cms.gov/Organization/f421629a-fdbf-487c-9509-6b4097451b2c",
    "resource": {
      "resourceType": "Organization",
      "id": "f421629a-fdbf-487c-9509-6b4097451b2c",
      "meta": {
        "profile": [ "http://hl7.org/fhir/us/qicore/StructureDefinition/qicore-organization" ]
      },
      "identifier": [ {
        "use": "temp",
        "system": "urn:oid:2.16.840.1.113883.4.4",
        "value": "21-3259825"
      } ],
      "active": true,
      "type": [ {
        "coding": [ {
          "system": "http://terminology.hl7.org/CodeSystem/organization-type",
          "code": "pay",
          "display": "Payer"
        } ]
      } ],
      "name": "Blue Cross Blue Shield of Texas",
      "telecom": [ {
        "system": "phone",
        "value": "(+1) 972-766-6900"
      } ],
      "address": [ {
        "use": "billing",
        "type": "postal",
        "line": [ "P.O. Box 660044" ],
        "city": "Dallas",
        "state": "TX",
        "postalCode": "75266-0044",
        "country": "USA"
      } ]
    },
    "request": {
      "method": "PUT",
      "url": "Organization/f421629a-fdbf-487c-9509-6b4097451b2c"
    }
  }, {
    "fullUrl": "https://madie.cms.gov/Practitioner/05129865-f5d5-4548-aed8-78ec0a10b39e",
    "resource": {
      "resourceType": "Practitioner",
      "id": "05129865-f5d5-4548-aed8-78ec0a10b39e",
      "identifier": [ {
        "system": "http://hl7.org/fhir/sid/us-npi",
        "value": "123456"
      } ],
      "name": [ {
        "family": "Evil",
        "prefix": [ "Dr" ]
      } ]
    },
    "request": {
      "method": "PUT",
      "url": "Practitioner/05129865-f5d5-4548-aed8-78ec0a10b39e"
    }
  }, {
    "fullUrl": "https://madie.cms.gov/MeasureReport/26cb604c-c14b-4e70-ae06-f9847fc28df2",
    "resource": {
      "resourceType": "MeasureReport",
      "id": "26cb604c-c14b-4e70-ae06-f9847fc28df2",
      "meta": {
        "profile": [ "http://hl7.org/fhir/us/cqfmeasures/StructureDefinition/test-case-cqfm" ]
      },
      "contained": [ {
        "resourceType": "Parameters",
        "id": "49700ad2-ed01-43e7-86b8-fe787fd037fb-parameters",
        "parameter": [ {
          "name": "subject",
          "valueString": "833a9f8a-c0b9-40c0-b5e8-ba573e0e6f51"
        } ]
      } ],
      "extension": [ {
        "url": "http://hl7.org/fhir/us/cqfmeasures/StructureDefinition/cqfm-inputParameters",
        "valueReference": {
          "reference": "#49700ad2-ed01-43e7-86b8-fe787fd037fb-parameters"
        }
      }, {
        "url": "http://hl7.org/fhir/us/cqfmeasures/StructureDefinition/cqfm-testCaseDescription",
        "valueMarkdown": "lmwh administered =0  day after end of anesthesia\n"
      } ],
      "modifierExtension": [ {
        "url": "http://hl7.org/fhir/us/cqfmeasures/StructureDefinition/cqfm-isTestCase",
        "valueBoolean": true
      } ],
      "status": "complete",
      "type": "individual",
      "measure": "https://madie.cms.gov/Measure/VenousThromboembolismProphylaxisFHIR",
      "period": {
        "start": "2025-01-01",
        "end": "2025-12-31"
      },
      "group": [ {
        "population": [ {
          "code": {
            "coding": [ {
              "system": "http://terminology.hl7.org/CodeSystem/measure-population",
              "code": "initial-population",
              "display": "Initial Population"
            } ]
          },
          "count": 1
        }, {
          "code": {
            "coding": [ {
              "system": "http://terminology.hl7.org/CodeSystem/measure-population",
              "code": "denominator",
              "display": "Denominator"
            } ]
          },
          "count": 1
        }, {
          "code": {
            "coding": [ {
              "system": "http://terminology.hl7.org/CodeSystem/measure-population",
              "code": "denominator-exclusion",
              "display": "Denominator Exclusion"
            } ]
          },
          "count": 0
        }, {
          "code": {
            "coding": [ {
              "system": "http://terminology.hl7.org/CodeSystem/measure-population",
              "code": "numerator",
              "display": "Numerator"
            } ]
          },
          "count": 1
        } ]
      } ],
      "evaluatedResource": [ {
        "reference": "Patient/833a9f8a-c0b9-40c0-b5e8-ba573e0e6f51"
      }, {
        "reference": "Encounter/9b89ca1e-2869-4e23-a441-2dd60fad5aba"
      }, {
        "reference": "Coverage/495e39fa-71a1-4d65-b734-2fc7f82fc6e4"
      }, {
        "reference": "MedicationAdministration/9ea0739f-526c-4130-b885-32a6987771e2"
      }, {
        "reference": "Procedure/a62870aa-0337-4551-a71a-021a0a90d9f3"
      }, {
        "reference": "Organization/f421629a-fdbf-487c-9509-6b4097451b2c"
      }, {
        "reference": "Practitioner/05129865-f5d5-4548-aed8-78ec0a10b39e"
      } ]
    },
    "request": {
      "method": "PUT",
      "url": "MeasureReport/26cb604c-c14b-4e70-ae06-f9847fc28df2"
    }
  } ]
}