{
  "resourceType": "Bundle",
  "id": "DENEXPass-HospiceDiagnosisStartsDuringMP",
  "type": "collection",
  "entry": [ {
    "fullUrl": "https://madie.cms.gov/Patient/26549e84-fbf3-43dc-8971-2f3baaf508d7",
    "resource": {
      "resourceType": "Patient",
      "id": "26549e84-fbf3-43dc-8971-2f3baaf508d7",
      "meta": {
        "profile": [ "http://hl7.org/fhir/us/qicore/StructureDefinition/qicore-patient" ]
      },
      "identifier": [ {
        "system": "http://hospital.smarthealthit.org",
        "value": "999999995"
      } ],
      "name": [ {
        "family": "Bertha",
        "given": [ "Betty" ]
      } ],
      "gender": "female",
      "birthDate": "2005-01-01"
    }
  }, {
    "fullUrl": "https://madie.cms.gov/Encounter/063d9825-1783-4c68-93cb-3ce7d1d0e35e",
    "resource": {
      "resourceType": "Encounter",
      "id": "063d9825-1783-4c68-93cb-3ce7d1d0e35e",
      "meta": {
        "profile": [ "http://hl7.org/fhir/us/qicore/StructureDefinition/qicore-encounter" ]
      },
      "status": "finished",
      "class": {
        "system": "http://terminology.hl7.org/CodeSystem/v3-ActCode",
        "code": "AMB",
        "display": "ambulatory"
      },
      "type": [ {
        "coding": [ {
          "system": "http://www.ada.org/cdt",
          "code": "D0120",
          "display": "periodic oral evaluation - established patient"
        } ]
      } ],
      "subject": {
        "reference": "Patient/26549e84-fbf3-43dc-8971-2f3baaf508d7"
      },
      "period": {
        "start": "2025-01-01T00:00:00.000Z",
        "end": "2025-01-01T01:15:00.000Z"
      }
    }
  }, {
    "fullUrl": "https://madie.cms.gov/Condition/85b1ed20-6a4e-4167-ba5d-38a53858069c",
    "resource": {
      "resourceType": "Condition",
      "id": "85b1ed20-6a4e-4167-ba5d-38a53858069c",
      "meta": {
        "profile": [ "http://hl7.org/fhir/us/qicore/StructureDefinition/qicore-condition-problems-health-concerns" ]
      },
      "clinicalStatus": {
        "coding": [ {
          "system": "http://terminology.hl7.org/CodeSystem/condition-clinical",
          "code": "active"
        } ]
      },
      "category": [ {
        "coding": [ {
          "system": "http://terminology.hl7.org/CodeSystem/condition-category",
          "code": "problem-list-item",
          "display": "Problem List Item"
        } ]
      } ],
      "code": {
        "coding": [ {
          "system": "http://snomed.info/sct",
          "code": "170935008",
          "display": "Full care by hospice (finding)"
        } ]
      },
      "subject": {
        "reference": "Patient/26549e84-fbf3-43dc-8971-2f3baaf508d7"
      },
      "onsetDateTime": "2025-01-01T00:00:00.000Z"
    }
  }, {
    "fullUrl": "https://madie.cms.gov/MeasureReport/46ae0f74-9658-4e86-b9ae-180c47daee02",
    "resource": {
      "resourceType": "MeasureReport",
      "id": "46ae0f74-9658-4e86-b9ae-180c47daee02",
      "meta": {
        "profile": [ "http://hl7.org/fhir/us/cqfmeasures/StructureDefinition/test-case-cqfm" ]
      },
      "contained": [ {
        "resourceType": "Parameters",
        "id": "f0eb3abf-d103-45a6-a0e5-b2d9f008b697-parameters",
        "parameter": [ {
          "name": "subject",
          "valueString": "26549e84-fbf3-43dc-8971-2f3baaf508d7"
        } ]
      } ],
      "extension": [ {
        "url": "http://hl7.org/fhir/us/cqfmeasures/StructureDefinition/cqfm-inputParameters",
        "valueReference": {
          "reference": "#f0eb3abf-d103-45a6-a0e5-b2d9f008b697-parameters"
        }
      }, {
        "url": "http://hl7.org/fhir/us/cqfmeasures/StructureDefinition/cqfm-testCaseDescription",
        "valueMarkdown": "Hospice Condition - For meeting 100% coverage"
      } ],
      "modifierExtension": [ {
        "url": "http://hl7.org/fhir/us/cqfmeasures/StructureDefinition/cqfm-isTestCase",
        "valueBoolean": true
      } ],
      "status": "complete",
      "type": "individual",
      "measure": "https://madie.cms.gov/Measure/ChildrenWhoHaveDentalDecayOrCavitiesFHIR",
      "period": {
        "start": "2025-01-01",
        "end": "2025-12-31"
      },
      "group": [ {
        "population": [ {
          "code": {
            "coding": [ {
              "system": "http://terminology.hl7.org/CodeSystem/measure-population",
              "code": "initial-population",
              "display": "Initial Population"
            } ]
          },
          "count": 1
        }, {
          "code": {
            "coding": [ {
              "system": "http://terminology.hl7.org/CodeSystem/measure-population",
              "code": "denominator",
              "display": "Denominator"
            } ]
          },
          "count": 1
        }, {
          "code": {
            "coding": [ {
              "system": "http://terminology.hl7.org/CodeSystem/measure-population",
              "code": "denominator-exclusion",
              "display": "Denominator Exclusion"
            } ]
          },
          "count": 1
        }, {
          "code": {
            "coding": [ {
              "system": "http://terminology.hl7.org/CodeSystem/measure-population",
              "code": "numerator",
              "display": "Numerator"
            } ]
          },
          "count": 0
        } ]
      } ],
      "evaluatedResource": [ {
        "reference": "Patient/26549e84-fbf3-43dc-8971-2f3baaf508d7"
      }, {
        "reference": "Encounter/063d9825-1783-4c68-93cb-3ce7d1d0e35e"
      }, {
        "reference": "Condition/85b1ed20-6a4e-4167-ba5d-38a53858069c"
      } ]
    }
  } ]
}