{
  "resourceType": "Bundle",
  "id": "612e6afd02c62a011f2ec06f",
  "type": "transaction",
  "entry": [ {
    "fullUrl": "https://madie.cms.gov/Patient/d3d0d195-5355-47c7-8a3f-8b2b9107532a",
    "resource": {
      "resourceType": "Patient",
      "id": "d3d0d195-5355-47c7-8a3f-8b2b9107532a",
      "meta": {
        "profile": [ "http://hl7.org/fhir/us/qicore/StructureDefinition/qicore-patient" ]
      },
      "text": {
        "status": "generated",
        "div": "<div xmlns=\"http://www.w3.org/1999/xhtml\"><div class=\"hapiHeaderText\">PrincDxIschStroke <b>DENEXPASS </b></div><table class=\"hapiPropertyTable\"><tbody><tr><td>Identifier</td><td>29c9716eb5f48b54d7b337bf497e0e5e</td></tr><tr><td>Date of birth</td><td><span>01 December 2003</span></td></tr></tbody></table></div>"
      },
      "extension": [ {
        "url": "http://hl7.org/fhir/us/core/StructureDefinition/us-core-race",
        "extension": [ {
          "url": "ombCategory",
          "valueCoding": {
            "system": "urn:oid:2.16.840.1.113883.6.238",
            "code": "1002-5",
            "display": "American Indian or Alaska Native",
            "userSelected": true
          }
        }, {
          "url": "text",
          "valueString": "American Indian or Alaska Native"
        } ]
      }, {
        "url": "http://hl7.org/fhir/us/core/StructureDefinition/us-core-ethnicity",
        "extension": [ {
          "url": "ombCategory",
          "valueCoding": {
            "system": "urn:oid:2.16.840.1.113883.6.238",
            "code": "2135-2",
            "display": "Hispanic or Latino",
            "userSelected": true
          }
        }, {
          "url": "text",
          "valueString": "Hispanic or Latino"
        } ]
      } ],
      "identifier": [ {
        "type": {
          "coding": [ {
            "system": "http://terminology.hl7.org/CodeSystem/v2-0203",
            "code": "MR"
          } ]
        },
        "system": "https://bonnie-fhir.healthit.gov/",
        "value": "612e6afd02c62a011f2ec06f"
      } ],
      "active": true,
      "name": [ {
        "use": "usual",
        "family": "DENEXPass",
        "given": [ "PrincDxIschStroke" ]
      } ],
      "gender": "male",
      "birthDate": "2002-12-01"
    },
    "request": {
      "method": "PUT",
      "url": "Patient/d3d0d195-5355-47c7-8a3f-8b2b9107532a"
    }
  }, {
    "fullUrl": "https://madie.cms.gov/Encounter/a64cd651-c410-4a7b-8182-8b62d5d4c354",
    "resource": {
      "resourceType": "Encounter",
      "id": "a64cd651-c410-4a7b-8182-8b62d5d4c354",
      "meta": {
        "profile": [ "http://hl7.org/fhir/us/qicore/StructureDefinition/qicore-encounter" ]
      },
      "status": "finished",
      "class": {
        "system": "http://terminology.hl7.org/CodeSystem/v3-ActCode",
        "code": "IMP",
        "display": "inpatient encounter"
      },
      "type": [ {
        "coding": [ {
          "system": "http://snomed.info/sct",
          "code": "183452005"
        } ]
      } ],
      "subject": {
        "reference": "Patient/d3d0d195-5355-47c7-8a3f-8b2b9107532a"
      },
      "period": {
        "start": "2025-12-01T00:00:00+00:00",
        "end": "2025-12-31T23:59:00+00:00"
      },
      "length": {
        "value": 30,
        "unit": "days"
      },
      "diagnosis": [ {
        "condition": {
          "reference": "Condition/b5368938-14e1-457c-a20b-a40191868f02"
        },
        "use": {
          "coding": [ {
            "system": "http://terminology.hl7.org/CodeSystem/diagnosis-role",
            "code": "billing"
          } ]
        },
        "rank": 1
      } ]
    },
    "request": {
      "method": "PUT",
      "url": "Encounter/a64cd651-c410-4a7b-8182-8b62d5d4c354"
    }
  }, {
    "fullUrl": "https://madie.cms.gov/Coverage/995ad5eb-89c1-4174-8186-a73a7ac695cd",
    "resource": {
      "resourceType": "Coverage",
      "id": "995ad5eb-89c1-4174-8186-a73a7ac695cd",
      "status": "active",
      "beneficiary": {
        "reference": "Patient/d3d0d195-5355-47c7-8a3f-8b2b9107532a"
      },
      "period": {
        "start": "2003-12-01T01:00:00+00:00"
      },
      "payor": [ {
        "reference": "Organization/22b20471-dab0-4bd4-b905-ac98bd581a56"
      } ]
    },
    "request": {
      "method": "PUT",
      "url": "Coverage/995ad5eb-89c1-4174-8186-a73a7ac695cd"
    }
  }, {
    "fullUrl": "https://madie.cms.gov/Condition/b5368938-14e1-457c-a20b-a40191868f02",
    "resource": {
      "resourceType": "Condition",
      "id": "b5368938-14e1-457c-a20b-a40191868f02",
      "meta": {
        "profile": [ "http://hl7.org/fhir/us/qicore/StructureDefinition/qicore-condition" ]
      },
      "category": [ {
        "coding": [ {
          "system": "http://terminology.hl7.org/CodeSystem/condition-category",
          "code": "encounter-diagnosis",
          "display": "Encounter Diagnosis"
        } ]
      } ],
      "code": {
        "coding": [ {
          "system": "http://snomed.info/sct",
          "version": "2025-03",
          "code": "111297002",
          "display": "Nonparalytic stroke (disorder)",
          "userSelected": true
        } ]
      },
      "subject": {
        "reference": "Patient/d3d0d195-5355-47c7-8a3f-8b2b9107532a"
      },
      "recordedDate": "2025-07-13T08:00:00.000+00:00"
    },
    "request": {
      "method": "PUT",
      "url": "Condition/b5368938-14e1-457c-a20b-a40191868f02"
    }
  }, {
    "fullUrl": "https://madie.cms.gov/Organization/22b20471-dab0-4bd4-b905-ac98bd581a56",
    "resource": {
      "resourceType": "Organization",
      "id": "22b20471-dab0-4bd4-b905-ac98bd581a56",
      "meta": {
        "profile": [ "http://hl7.org/fhir/us/qicore/StructureDefinition/qicore-organization" ]
      },
      "identifier": [ {
        "use": "temp",
        "system": "urn:oid:2.16.840.1.113883.4.4",
        "value": "21-3259825"
      } ],
      "active": true,
      "type": [ {
        "coding": [ {
          "system": "http://terminology.hl7.org/CodeSystem/organization-type",
          "code": "pay",
          "display": "Payer"
        } ]
      } ],
      "name": "Blue Cross Blue Shield of Texas",
      "telecom": [ {
        "system": "phone",
        "value": "(+1) 972-766-6900"
      } ],
      "address": [ {
        "use": "billing",
        "type": "postal",
        "line": [ "P.O. Box 660044" ],
        "city": "Dallas",
        "state": "TX",
        "postalCode": "75266-0044",
        "country": "USA"
      } ]
    },
    "request": {
      "method": "PUT",
      "url": "Organization/22b20471-dab0-4bd4-b905-ac98bd581a56"
    }
  }, {
    "fullUrl": "https://madie.cms.gov/Practitioner/f01bfa89-4fa1-4ceb-a2a0-0e888038790c",
    "resource": {
      "resourceType": "Practitioner",
      "id": "f01bfa89-4fa1-4ceb-a2a0-0e888038790c",
      "identifier": [ {
        "system": "http://hl7.org/fhir/sid/us-npi",
        "value": "123456"
      } ],
      "name": [ {
        "family": "Evil",
        "prefix": [ "Dr" ]
      } ]
    },
    "request": {
      "method": "PUT",
      "url": "Practitioner/f01bfa89-4fa1-4ceb-a2a0-0e888038790c"
    }
  }, {
    "fullUrl": "https://madie.cms.gov/MeasureReport/6d4f200d-6953-4500-b60e-1dfe0a6371c3",
    "resource": {
      "resourceType": "MeasureReport",
      "id": "6d4f200d-6953-4500-b60e-1dfe0a6371c3",
      "meta": {
        "profile": [ "http://hl7.org/fhir/us/cqfmeasures/StructureDefinition/test-case-cqfm" ]
      },
      "contained": [ {
        "resourceType": "Parameters",
        "id": "437e3766-10bc-4706-995e-141ae1f5c10f-parameters",
        "parameter": [ {
          "name": "subject",
          "valueString": "d3d0d195-5355-47c7-8a3f-8b2b9107532a"
        } ]
      } ],
      "extension": [ {
        "url": "http://hl7.org/fhir/us/cqfmeasures/StructureDefinition/cqfm-inputParameters",
        "valueReference": {
          "reference": "#437e3766-10bc-4706-995e-141ae1f5c10f-parameters"
        }
      }, {
        "url": "http://hl7.org/fhir/us/cqfmeasures/StructureDefinition/cqfm-testCaseDescription",
        "valueMarkdown": "Principal Dx of IschStroke, also test Race and Gender\n"
      } ],
      "modifierExtension": [ {
        "url": "http://hl7.org/fhir/us/cqfmeasures/StructureDefinition/cqfm-isTestCase",
        "valueBoolean": true
      } ],
      "status": "complete",
      "type": "individual",
      "measure": "https://madie.cms.gov/Measure/VenousThromboembolismProphylaxisFHIR",
      "period": {
        "start": "2025-01-01",
        "end": "2025-12-31"
      },
      "group": [ {
        "population": [ {
          "code": {
            "coding": [ {
              "system": "http://terminology.hl7.org/CodeSystem/measure-population",
              "code": "initial-population",
              "display": "Initial Population"
            } ]
          },
          "count": 1
        }, {
          "code": {
            "coding": [ {
              "system": "http://terminology.hl7.org/CodeSystem/measure-population",
              "code": "denominator",
              "display": "Denominator"
            } ]
          },
          "count": 1
        }, {
          "code": {
            "coding": [ {
              "system": "http://terminology.hl7.org/CodeSystem/measure-population",
              "code": "denominator-exclusion",
              "display": "Denominator Exclusion"
            } ]
          },
          "count": 1
        }, {
          "code": {
            "coding": [ {
              "system": "http://terminology.hl7.org/CodeSystem/measure-population",
              "code": "numerator",
              "display": "Numerator"
            } ]
          },
          "count": 0
        } ]
      } ],
      "evaluatedResource": [ {
        "reference": "Patient/d3d0d195-5355-47c7-8a3f-8b2b9107532a"
      }, {
        "reference": "Encounter/a64cd651-c410-4a7b-8182-8b62d5d4c354"
      }, {
        "reference": "Coverage/995ad5eb-89c1-4174-8186-a73a7ac695cd"
      }, {
        "reference": "Condition/b5368938-14e1-457c-a20b-a40191868f02"
      }, {
        "reference": "Organization/22b20471-dab0-4bd4-b905-ac98bd581a56"
      }, {
        "reference": "Practitioner/f01bfa89-4fa1-4ceb-a2a0-0e888038790c"
      } ]
    },
    "request": {
      "method": "PUT",
      "url": "MeasureReport/6d4f200d-6953-4500-b60e-1dfe0a6371c3"
    }
  } ]
}