{
  "resourceType": "Bundle",
  "id": "62bb3859e8081f5ef5e199f5",
  "type": "transaction",
  "entry": [ {
    "fullUrl": "https://madie.cms.gov/Patient/6aa2d002-1279-4313-85c3-a4a28e17da81",
    "resource": {
      "resourceType": "Patient",
      "id": "6aa2d002-1279-4313-85c3-a4a28e17da81",
      "meta": {
        "profile": [ "http://hl7.org/fhir/us/qicore/StructureDefinition/qicore-patient" ]
      },
      "extension": [ {
        "url": "http://hl7.org/fhir/us/core/StructureDefinition/us-core-race",
        "extension": [ {
          "url": "ombCategory",
          "valueCoding": {
            "system": "urn:oid:2.16.840.1.113883.6.238",
            "code": "1002-5",
            "display": "American Indian or Alaska Native",
            "userSelected": true
          }
        }, {
          "url": "text",
          "valueString": "American Indian or Alaska Native"
        } ]
      }, {
        "url": "http://hl7.org/fhir/us/core/StructureDefinition/us-core-ethnicity",
        "extension": [ {
          "url": "ombCategory",
          "valueCoding": {
            "system": "urn:oid:2.16.840.1.113883.6.238",
            "code": "2135-2",
            "display": "Hispanic or Latino",
            "userSelected": true
          }
        }, {
          "url": "text",
          "valueString": "Hispanic or Latino"
        } ]
      } ],
      "identifier": [ {
        "type": {
          "coding": [ {
            "system": "http://terminology.hl7.org/CodeSystem/v2-0203",
            "code": "MR"
          } ]
        },
        "system": "https://bonnie-fhir.healthit.gov/",
        "value": "62bb3859e8081f5ef5e199f5"
      } ],
      "name": [ {
        "family": "IPPFail",
        "given": [ "ADTWithoutPCa" ]
      } ],
      "gender": "male",
      "birthDate": "1962-07-19"
    },
    "request": {
      "method": "PUT",
      "url": "Patient/6aa2d002-1279-4313-85c3-a4a28e17da81"
    }
  }, {
    "fullUrl": "https://madie.cms.gov/Encounter/aaa6f65a-bf15-4ea6-bb00-be4bc1c85b42",
    "resource": {
      "resourceType": "Encounter",
      "id": "aaa6f65a-bf15-4ea6-bb00-be4bc1c85b42",
      "meta": {
        "profile": [ "http://hl7.org/fhir/us/qicore/StructureDefinition/qicore-encounter" ]
      },
      "status": "finished",
      "class": {
        "system": "http://terminology.hl7.org/CodeSystem/v3-ActCode",
        "code": "AMB",
        "display": "ambulatory"
      },
      "type": [ {
        "coding": [ {
          "system": "http://snomed.info/sct",
          "version": "http://snomed.info/sct/731000124108/version/20240401",
          "code": "185463005",
          "display": "Visit out of hours (procedure)",
          "userSelected": true
        } ]
      } ],
      "subject": {
        "reference": "Patient/6aa2d002-1279-4313-85c3-a4a28e17da81"
      },
      "period": {
        "start": "2026-05-03T08:00:00.000+00:00",
        "end": "2026-05-03T08:15:00.000+00:00"
      }
    },
    "request": {
      "method": "PUT",
      "url": "Encounter/aaa6f65a-bf15-4ea6-bb00-be4bc1c85b42"
    }
  }, {
    "fullUrl": "https://madie.cms.gov/MedicationRequest/24b127d8-5033-43ea-8970-8bc04e6470eb",
    "resource": {
      "resourceType": "MedicationRequest",
      "id": "24b127d8-5033-43ea-8970-8bc04e6470eb",
      "meta": {
        "profile": [ "http://hl7.org/fhir/us/qicore/StructureDefinition/qicore-medicationrequest" ]
      },
      "status": "active",
      "intent": "order",
      "medicationCodeableConcept": {
        "coding": [ {
          "system": "http://www.nlm.nih.gov/research/umls/rxnorm",
          "version": "2025-01",
          "code": "752886",
          "display": "0.375 ML leuprolide acetate 120 MG/ML Prefilled Syringe",
          "userSelected": true
        } ]
      },
      "subject": {
        "reference": "Patient/6aa2d002-1279-4313-85c3-a4a28e17da81"
      },
      "authoredOn": "2025-05-02T08:00:00.000+00:00",
      "requester": {
        "reference": "http://myGoodHealthcare.com/fhir/Practitioner/646346"
      },
      "dosageInstruction": [ {
        "timing": {
          "repeat": {
            "boundsPeriod": {
              "start": "2025-05-03T08:00:00.000+00:00"
            }
          }
        }
      } ]
    },
    "request": {
      "method": "PUT",
      "url": "MedicationRequest/24b127d8-5033-43ea-8970-8bc04e6470eb"
    }
  }, {
    "fullUrl": "https://madie.cms.gov/ServiceRequest/bc790451-1427-44e7-a182-5c8845eb0ea7",
    "resource": {
      "resourceType": "ServiceRequest",
      "id": "bc790451-1427-44e7-a182-5c8845eb0ea7",
      "meta": {
        "profile": [ "http://hl7.org/fhir/us/qicore/StructureDefinition/qicore-servicerequest" ]
      },
      "status": "active",
      "intent": "order",
      "code": {
        "coding": [ {
          "system": "http://snomed.info/sct",
          "code": "456381000124102",
          "display": "Injection of leuprolide acetate for twelve month period (regime/therapy)",
          "userSelected": true
        } ]
      },
      "subject": {
        "reference": "Patient/6aa2d002-1279-4313-85c3-a4a28e17da81"
      },
      "authoredOn": "2025-05-03T08:00:00.000+00:00"
    },
    "request": {
      "method": "PUT",
      "url": "ServiceRequest/bc790451-1427-44e7-a182-5c8845eb0ea7"
    }
  }, {
    "fullUrl": "https://madie.cms.gov/MeasureReport/de934ded-d604-4feb-aa15-f4011fc7445a",
    "resource": {
      "resourceType": "MeasureReport",
      "id": "de934ded-d604-4feb-aa15-f4011fc7445a",
      "meta": {
        "profile": [ "http://hl7.org/fhir/us/cqfmeasures/StructureDefinition/test-case-cqfm" ]
      },
      "contained": [ {
        "resourceType": "Parameters",
        "id": "1796fca8-e10d-4b84-b3be-0209a0f7524f-parameters",
        "parameter": [ {
          "name": "subject",
          "valueString": "6aa2d002-1279-4313-85c3-a4a28e17da81"
        } ]
      } ],
      "extension": [ {
        "url": "http://hl7.org/fhir/StructureDefinition/cqf-inputParameters",
        "valueReference": {
          "reference": "#1796fca8-e10d-4b84-b3be-0209a0f7524f-parameters"
        }
      }, {
        "url": "http://hl7.org/fhir/us/cqfmeasures/StructureDefinition/cqfm-testCaseDescription",
        "valueMarkdown": "ADT but no PCa diagnosis. Fails IPP. "
      } ],
      "modifierExtension": [ {
        "url": "http://hl7.org/fhir/us/cqfmeasures/StructureDefinition/cqfm-isTestCase",
        "valueBoolean": true
      } ],
      "status": "complete",
      "type": "individual",
      "measure": "https://madie.cms.gov/Measure/CMS645FHIRBoneDensityProstateCancerAndrogenDeprivationTherapy",
      "period": {
        "start": "2026-01-01",
        "end": "2026-12-31"
      },
      "group": [ {
        "id": "Group_1",
        "population": [ {
          "id": "InitialPopulation_1",
          "code": {
            "coding": [ {
              "system": "http://terminology.hl7.org/CodeSystem/measure-population",
              "code": "initial-population",
              "display": "Initial Population"
            } ]
          },
          "count": 0
        }, {
          "id": "Denominator_1",
          "code": {
            "coding": [ {
              "system": "http://terminology.hl7.org/CodeSystem/measure-population",
              "code": "denominator",
              "display": "Denominator"
            } ]
          },
          "count": 0
        }, {
          "id": "Numerator_1",
          "code": {
            "coding": [ {
              "system": "http://terminology.hl7.org/CodeSystem/measure-population",
              "code": "numerator",
              "display": "Numerator"
            } ]
          },
          "count": 0
        }, {
          "id": "DenominatorException_1",
          "code": {
            "coding": [ {
              "system": "http://terminology.hl7.org/CodeSystem/measure-population",
              "code": "denominator-exception",
              "display": "Denominator Exception"
            } ]
          },
          "count": 0
        } ],
        "measureScore": {
          "value": 1.0
        }
      } ],
      "evaluatedResource": [ {
        "reference": "Patient/6aa2d002-1279-4313-85c3-a4a28e17da81"
      }, {
        "reference": "Encounter/aaa6f65a-bf15-4ea6-bb00-be4bc1c85b42"
      }, {
        "reference": "MedicationRequest/24b127d8-5033-43ea-8970-8bc04e6470eb"
      }, {
        "reference": "ServiceRequest/bc790451-1427-44e7-a182-5c8845eb0ea7"
      } ]
    },
    "request": {
      "method": "PUT",
      "url": "MeasureReport/de934ded-d604-4feb-aa15-f4011fc7445a"
    }
  } ]
}