{
  "resourceType": "Bundle",
  "id": "612e6a7202c62a011f2ea1b5",
  "type": "transaction",
  "entry": [ {
    "fullUrl": "https://madie.cms.gov/Patient/1a8d08ba-36ea-4842-9fbe-84258a31b168",
    "resource": {
      "resourceType": "Patient",
      "id": "1a8d08ba-36ea-4842-9fbe-84258a31b168",
      "meta": {
        "profile": [ "http://hl7.org/fhir/us/qicore/StructureDefinition/qicore-patient" ]
      },
      "text": {
        "status": "generated",
        "div": "<div xmlns=\"http://www.w3.org/1999/xhtml\"><div class=\"hapiHeaderText\">PtRef_MA_LDUHep_IPEnc <b>NUMERPASS </b></div><table class=\"hapiPropertyTable\"><tbody><tr><td>Identifier</td><td>809833d2a174c1ec259d0188ba65e72e</td></tr><tr><td>Date of birth</td><td><span>02 January 1974</span></td></tr></tbody></table></div>"
      },
      "extension": [ {
        "url": "http://hl7.org/fhir/us/core/StructureDefinition/us-core-race",
        "extension": [ {
          "url": "ombCategory",
          "valueCoding": {
            "system": "urn:oid:2.16.840.1.113883.6.238",
            "code": "1002-5",
            "display": "American Indian or Alaska Native",
            "userSelected": true
          }
        }, {
          "url": "text",
          "valueString": "American Indian or Alaska Native"
        } ]
      }, {
        "url": "http://hl7.org/fhir/us/core/StructureDefinition/us-core-ethnicity",
        "extension": [ {
          "url": "ombCategory",
          "valueCoding": {
            "system": "urn:oid:2.16.840.1.113883.6.238",
            "code": "2135-2",
            "display": "Hispanic or Latino",
            "userSelected": true
          }
        }, {
          "url": "text",
          "valueString": "Hispanic or Latino"
        } ]
      } ],
      "identifier": [ {
        "type": {
          "coding": [ {
            "system": "http://terminology.hl7.org/CodeSystem/v2-0203",
            "code": "MR"
          } ]
        },
        "system": "https://bonnie-fhir.healthit.gov/",
        "value": "612e6a7202c62a011f2ea1b5"
      } ],
      "active": true,
      "name": [ {
        "use": "usual",
        "family": "NUMERPass",
        "given": [ "PtRef_MA_LDUHep_IPEnc" ]
      } ],
      "gender": "male",
      "birthDate": "1974-01-02"
    },
    "request": {
      "method": "PUT",
      "url": "Patient/1a8d08ba-36ea-4842-9fbe-84258a31b168"
    }
  }, {
    "fullUrl": "https://madie.cms.gov/Encounter/39f9e002-1da6-4605-bf32-dfac8336f370",
    "resource": {
      "resourceType": "Encounter",
      "id": "39f9e002-1da6-4605-bf32-dfac8336f370",
      "meta": {
        "profile": [ "http://hl7.org/fhir/us/qicore/StructureDefinition/qicore-encounter" ]
      },
      "status": "finished",
      "class": {
        "system": "http://terminology.hl7.org/CodeSystem/v3-ActCode",
        "code": "IMP",
        "display": "inpatient encounter"
      },
      "type": [ {
        "coding": [ {
          "system": "http://snomed.info/sct",
          "code": "8715000"
        } ]
      } ],
      "subject": {
        "reference": "Patient/1a8d08ba-36ea-4842-9fbe-84258a31b168"
      },
      "period": {
        "start": "2025-11-01T08:00:00+00:00",
        "end": "2025-11-26T08:15:00+00:00"
      },
      "length": {
        "value": 25,
        "unit": "days"
      }
    },
    "request": {
      "method": "PUT",
      "url": "Encounter/39f9e002-1da6-4605-bf32-dfac8336f370"
    }
  }, {
    "fullUrl": "https://madie.cms.gov/Coverage/b18aec90-cccd-450d-9dde-ab624e31935d",
    "resource": {
      "resourceType": "Coverage",
      "id": "b18aec90-cccd-450d-9dde-ab624e31935d",
      "status": "active",
      "beneficiary": {
        "reference": "Patient/1a8d08ba-36ea-4842-9fbe-84258a31b168"
      },
      "period": {
        "start": "1974-01-02T08:00:00+00:00"
      },
      "payor": [ {
        "reference": "Organization/e9c58d1c-3c77-400b-9fc6-616acefe008c"
      } ]
    },
    "request": {
      "method": "PUT",
      "url": "Coverage/b18aec90-cccd-450d-9dde-ab624e31935d"
    }
  }, {
    "fullUrl": "https://madie.cms.gov/MedicationAdministration/68bef035-e35a-4e2c-8878-d944f69773da",
    "resource": {
      "resourceType": "MedicationAdministration",
      "id": "68bef035-e35a-4e2c-8878-d944f69773da",
      "meta": {
        "profile": [ "http://hl7.org/fhir/us/qicore/StructureDefinition/qicore-mednotadministered" ]
      },
      "extension": [ {
        "url": "http://hl7.org/fhir/us/qicore/StructureDefinition/qicore-recorded",
        "valueDateTime": "2025-11-02T09:00:00+00:00"
      } ],
      "status": "not-done",
      "statusReason": [ {
        "coding": [ {
          "system": "http://snomed.info/sct",
          "code": "443390004",
          "display": "Refusal of treatment by patient (situation)"
        } ]
      } ],
      "medicationCodeableConcept": {
        "coding": [ {
          "system": "http://www.nlm.nih.gov/research/umls/rxnorm",
          "code": "1361574"
        } ]
      },
      "subject": {
        "reference": "Patient/1a8d08ba-36ea-4842-9fbe-84258a31b168"
      },
      "effectivePeriod": {
        "start": "2025-11-02T09:00:00+00:00"
      }
    },
    "request": {
      "method": "PUT",
      "url": "MedicationAdministration/68bef035-e35a-4e2c-8878-d944f69773da"
    }
  }, {
    "fullUrl": "https://madie.cms.gov/Organization/e9c58d1c-3c77-400b-9fc6-616acefe008c",
    "resource": {
      "resourceType": "Organization",
      "id": "e9c58d1c-3c77-400b-9fc6-616acefe008c",
      "meta": {
        "profile": [ "http://hl7.org/fhir/us/qicore/StructureDefinition/qicore-organization" ]
      },
      "identifier": [ {
        "use": "temp",
        "system": "urn:oid:2.16.840.1.113883.4.4",
        "value": "21-3259825"
      } ],
      "active": true,
      "type": [ {
        "coding": [ {
          "system": "http://terminology.hl7.org/CodeSystem/organization-type",
          "code": "pay",
          "display": "Payer"
        } ]
      } ],
      "name": "Blue Cross Blue Shield of Texas",
      "telecom": [ {
        "system": "phone",
        "value": "(+1) 972-766-6900"
      } ],
      "address": [ {
        "use": "billing",
        "type": "postal",
        "line": [ "P.O. Box 660044" ],
        "city": "Dallas",
        "state": "TX",
        "postalCode": "75266-0044",
        "country": "USA"
      } ]
    },
    "request": {
      "method": "PUT",
      "url": "Organization/e9c58d1c-3c77-400b-9fc6-616acefe008c"
    }
  }, {
    "fullUrl": "https://madie.cms.gov/Practitioner/7a32c2b9-6542-4900-8e89-b3f157b80282",
    "resource": {
      "resourceType": "Practitioner",
      "id": "7a32c2b9-6542-4900-8e89-b3f157b80282",
      "identifier": [ {
        "system": "http://hl7.org/fhir/sid/us-npi",
        "value": "123456"
      } ],
      "name": [ {
        "family": "Evil",
        "prefix": [ "Dr" ]
      } ]
    },
    "request": {
      "method": "PUT",
      "url": "Practitioner/7a32c2b9-6542-4900-8e89-b3f157b80282"
    }
  }, {
    "fullUrl": "https://madie.cms.gov/MeasureReport/a01890b0-9f83-4e74-b0c9-27768638d455",
    "resource": {
      "resourceType": "MeasureReport",
      "id": "a01890b0-9f83-4e74-b0c9-27768638d455",
      "meta": {
        "profile": [ "http://hl7.org/fhir/us/cqfmeasures/StructureDefinition/test-case-cqfm" ]
      },
      "contained": [ {
        "resourceType": "Parameters",
        "id": "1cbb006e-fc04-4548-9d2b-3b26f8205fb4-parameters",
        "parameter": [ {
          "name": "subject",
          "valueString": "1a8d08ba-36ea-4842-9fbe-84258a31b168"
        } ]
      } ],
      "extension": [ {
        "url": "http://hl7.org/fhir/us/cqfmeasures/StructureDefinition/cqfm-inputParameters",
        "valueReference": {
          "reference": "#1cbb006e-fc04-4548-9d2b-3b26f8205fb4-parameters"
        }
      }, {
        "url": "http://hl7.org/fhir/us/cqfmeasures/StructureDefinition/cqfm-testCaseDescription",
        "valueMarkdown": "unfractionated heparin not given due to patient refusal <= 1 day after start of IP encounter\n"
      } ],
      "modifierExtension": [ {
        "url": "http://hl7.org/fhir/us/cqfmeasures/StructureDefinition/cqfm-isTestCase",
        "valueBoolean": true
      } ],
      "status": "complete",
      "type": "individual",
      "measure": "https://madie.cms.gov/Measure/VenousThromboembolismProphylaxisFHIR",
      "period": {
        "start": "2025-01-01",
        "end": "2025-12-31"
      },
      "group": [ {
        "population": [ {
          "code": {
            "coding": [ {
              "system": "http://terminology.hl7.org/CodeSystem/measure-population",
              "code": "initial-population",
              "display": "Initial Population"
            } ]
          },
          "count": 1
        }, {
          "code": {
            "coding": [ {
              "system": "http://terminology.hl7.org/CodeSystem/measure-population",
              "code": "denominator",
              "display": "Denominator"
            } ]
          },
          "count": 1
        }, {
          "code": {
            "coding": [ {
              "system": "http://terminology.hl7.org/CodeSystem/measure-population",
              "code": "denominator-exclusion",
              "display": "Denominator Exclusion"
            } ]
          },
          "count": 0
        }, {
          "code": {
            "coding": [ {
              "system": "http://terminology.hl7.org/CodeSystem/measure-population",
              "code": "numerator",
              "display": "Numerator"
            } ]
          },
          "count": 1
        } ]
      } ],
      "evaluatedResource": [ {
        "reference": "Patient/1a8d08ba-36ea-4842-9fbe-84258a31b168"
      }, {
        "reference": "Encounter/39f9e002-1da6-4605-bf32-dfac8336f370"
      }, {
        "reference": "Coverage/b18aec90-cccd-450d-9dde-ab624e31935d"
      }, {
        "reference": "MedicationAdministration/68bef035-e35a-4e2c-8878-d944f69773da"
      }, {
        "reference": "Organization/e9c58d1c-3c77-400b-9fc6-616acefe008c"
      }, {
        "reference": "Practitioner/7a32c2b9-6542-4900-8e89-b3f157b80282"
      } ]
    },
    "request": {
      "method": "PUT",
      "url": "MeasureReport/a01890b0-9f83-4e74-b0c9-27768638d455"
    }
  } ]
}