{
  "resourceType": "Bundle",
  "id": "612e6a6602c62a011f2e9f67",
  "type": "transaction",
  "entry": [ {
    "fullUrl": "https://madie.cms.gov/Patient/a9b6a81d-809f-4567-afb4-f5f657288de7",
    "resource": {
      "resourceType": "Patient",
      "id": "a9b6a81d-809f-4567-afb4-f5f657288de7",
      "meta": {
        "profile": [ "http://hl7.org/fhir/us/qicore/StructureDefinition/qicore-patient" ]
      },
      "text": {
        "status": "generated",
        "div": "<div xmlns=\"http://www.w3.org/1999/xhtml\"><div class=\"hapiHeaderText\">INRGT3_1DayAFEnc <b>NUMERPASS </b></div><table class=\"hapiPropertyTable\"><tbody><tr><td>Identifier</td><td>349f9a26f7e54660aa55a3feeea5c73c</td></tr><tr><td>Date of birth</td><td><span>02 January 1974</span></td></tr></tbody></table></div>"
      },
      "extension": [ {
        "url": "http://hl7.org/fhir/us/core/StructureDefinition/us-core-race",
        "extension": [ {
          "url": "ombCategory",
          "valueCoding": {
            "system": "urn:oid:2.16.840.1.113883.6.238",
            "code": "1002-5",
            "display": "American Indian or Alaska Native",
            "userSelected": true
          }
        }, {
          "url": "text",
          "valueString": "American Indian or Alaska Native"
        } ]
      }, {
        "url": "http://hl7.org/fhir/us/core/StructureDefinition/us-core-ethnicity",
        "extension": [ {
          "url": "ombCategory",
          "valueCoding": {
            "system": "urn:oid:2.16.840.1.113883.6.238",
            "code": "2135-2",
            "display": "Hispanic or Latino",
            "userSelected": true
          }
        }, {
          "url": "text",
          "valueString": "Hispanic or Latino"
        } ]
      } ],
      "identifier": [ {
        "type": {
          "coding": [ {
            "system": "http://terminology.hl7.org/CodeSystem/v2-0203",
            "code": "MR"
          } ]
        },
        "system": "https://bonnie-fhir.healthit.gov/",
        "value": "612e6a6602c62a011f2e9f67"
      } ],
      "active": true,
      "name": [ {
        "use": "usual",
        "family": "NUMERPass",
        "given": [ "INRGT3_1DayAFEnc" ]
      } ],
      "gender": "male",
      "birthDate": "1974-01-02"
    },
    "request": {
      "method": "PUT",
      "url": "Patient/a9b6a81d-809f-4567-afb4-f5f657288de7"
    }
  }, {
    "fullUrl": "https://madie.cms.gov/Encounter/e47203b9-7a56-4240-a49b-ea784050041d",
    "resource": {
      "resourceType": "Encounter",
      "id": "e47203b9-7a56-4240-a49b-ea784050041d",
      "meta": {
        "profile": [ "http://hl7.org/fhir/us/qicore/StructureDefinition/qicore-encounter" ]
      },
      "status": "finished",
      "class": {
        "system": "http://terminology.hl7.org/CodeSystem/v3-ActCode",
        "code": "IMP",
        "display": "inpatient encounter"
      },
      "type": [ {
        "coding": [ {
          "system": "http://snomed.info/sct",
          "code": "8715000"
        } ]
      } ],
      "subject": {
        "reference": "Patient/a9b6a81d-809f-4567-afb4-f5f657288de7"
      },
      "period": {
        "start": "2025-11-01T08:00:00+00:00",
        "end": "2025-11-26T08:15:00+00:00"
      },
      "length": {
        "value": 25.0,
        "unit": "days"
      }
    },
    "request": {
      "method": "PUT",
      "url": "Encounter/e47203b9-7a56-4240-a49b-ea784050041d"
    }
  }, {
    "fullUrl": "https://madie.cms.gov/Coverage/8796129a-e0b4-406e-b41e-a5fe82dfcc87",
    "resource": {
      "resourceType": "Coverage",
      "id": "8796129a-e0b4-406e-b41e-a5fe82dfcc87",
      "status": "active",
      "beneficiary": {
        "reference": "Patient/a9b6a81d-809f-4567-afb4-f5f657288de7"
      },
      "period": {
        "start": "1974-01-02T08:00:00+00:00"
      },
      "payor": [ {
        "reference": "Organization/f4a6d1df-386e-4051-9470-83c2b000d86a"
      } ]
    },
    "request": {
      "method": "PUT",
      "url": "Coverage/8796129a-e0b4-406e-b41e-a5fe82dfcc87"
    }
  }, {
    "fullUrl": "https://madie.cms.gov/Observation/222af757-18ea-42e6-b6f4-8021ef3ba3da",
    "resource": {
      "resourceType": "Observation",
      "id": "222af757-18ea-42e6-b6f4-8021ef3ba3da",
      "meta": {
        "profile": [ "http://hl7.org/fhir/us/core/StructureDefinition/us-core-observation-lab" ]
      },
      "status": "amended",
      "category": [ {
        "coding": [ {
          "system": "http://terminology.hl7.org/CodeSystem/observation-category",
          "code": "laboratory",
          "display": "Laboratory"
        } ]
      } ],
      "code": {
        "coding": [ {
          "system": "http://loinc.org",
          "code": "34714-6"
        } ]
      },
      "subject": {
        "reference": "Patient/a9b6a81d-809f-4567-afb4-f5f657288de7"
      },
      "issued": "2025-11-01T09:00:00.000+00:00",
      "valueQuantity": {
        "value": 3.5,
        "unit": "{INR}"
      }
    },
    "request": {
      "method": "PUT",
      "url": "Observation/222af757-18ea-42e6-b6f4-8021ef3ba3da"
    }
  }, {
    "fullUrl": "https://madie.cms.gov/Organization/f4a6d1df-386e-4051-9470-83c2b000d86a",
    "resource": {
      "resourceType": "Organization",
      "id": "f4a6d1df-386e-4051-9470-83c2b000d86a",
      "meta": {
        "profile": [ "http://hl7.org/fhir/us/qicore/StructureDefinition/qicore-organization" ]
      },
      "identifier": [ {
        "use": "temp",
        "system": "urn:oid:2.16.840.1.113883.4.4",
        "value": "21-3259825"
      } ],
      "active": true,
      "type": [ {
        "coding": [ {
          "system": "http://terminology.hl7.org/CodeSystem/organization-type",
          "code": "pay",
          "display": "Payer"
        } ]
      } ],
      "name": "Blue Cross Blue Shield of Texas",
      "telecom": [ {
        "system": "phone",
        "value": "(+1) 972-766-6900"
      } ],
      "address": [ {
        "use": "billing",
        "type": "postal",
        "line": [ "P.O. Box 660044" ],
        "city": "Dallas",
        "state": "TX",
        "postalCode": "75266-0044",
        "country": "USA"
      } ]
    },
    "request": {
      "method": "PUT",
      "url": "Organization/f4a6d1df-386e-4051-9470-83c2b000d86a"
    }
  }, {
    "fullUrl": "https://madie.cms.gov/Practitioner/466256ee-2337-429c-a8af-41e2ee7aeaf3",
    "resource": {
      "resourceType": "Practitioner",
      "id": "466256ee-2337-429c-a8af-41e2ee7aeaf3",
      "identifier": [ {
        "system": "http://hl7.org/fhir/sid/us-npi",
        "value": "123456"
      } ],
      "name": [ {
        "family": "Evil",
        "prefix": [ "Dr" ]
      } ]
    },
    "request": {
      "method": "PUT",
      "url": "Practitioner/466256ee-2337-429c-a8af-41e2ee7aeaf3"
    }
  }, {
    "fullUrl": "https://madie.cms.gov/MeasureReport/8d8bb82a-33b0-45fc-b2ca-c63d9866d846",
    "resource": {
      "resourceType": "MeasureReport",
      "id": "8d8bb82a-33b0-45fc-b2ca-c63d9866d846",
      "meta": {
        "profile": [ "http://hl7.org/fhir/us/cqfmeasures/StructureDefinition/test-case-cqfm" ]
      },
      "contained": [ {
        "resourceType": "Parameters",
        "id": "f344a4a0-ff31-4896-b808-0f16c53ba1db-parameters",
        "parameter": [ {
          "name": "subject",
          "valueString": "a9b6a81d-809f-4567-afb4-f5f657288de7"
        } ]
      } ],
      "extension": [ {
        "url": "http://hl7.org/fhir/us/cqfmeasures/StructureDefinition/cqfm-inputParameters",
        "valueReference": {
          "reference": "#f344a4a0-ff31-4896-b808-0f16c53ba1db-parameters"
        }
      }, {
        "url": "http://hl7.org/fhir/us/cqfmeasures/StructureDefinition/cqfm-testCaseDescription",
        "valueMarkdown": "INR > 3 = 1 day after start of IP encounter\n"
      } ],
      "modifierExtension": [ {
        "url": "http://hl7.org/fhir/us/cqfmeasures/StructureDefinition/cqfm-isTestCase",
        "valueBoolean": true
      } ],
      "status": "complete",
      "type": "individual",
      "measure": "https://madie.cms.gov/Measure/VenousThromboembolismProphylaxisFHIR",
      "period": {
        "start": "2025-01-01",
        "end": "2025-12-31"
      },
      "group": [ {
        "population": [ {
          "code": {
            "coding": [ {
              "system": "http://terminology.hl7.org/CodeSystem/measure-population",
              "code": "initial-population",
              "display": "Initial Population"
            } ]
          },
          "count": 1
        }, {
          "code": {
            "coding": [ {
              "system": "http://terminology.hl7.org/CodeSystem/measure-population",
              "code": "denominator",
              "display": "Denominator"
            } ]
          },
          "count": 1
        }, {
          "code": {
            "coding": [ {
              "system": "http://terminology.hl7.org/CodeSystem/measure-population",
              "code": "denominator-exclusion",
              "display": "Denominator Exclusion"
            } ]
          },
          "count": 0
        }, {
          "code": {
            "coding": [ {
              "system": "http://terminology.hl7.org/CodeSystem/measure-population",
              "code": "numerator",
              "display": "Numerator"
            } ]
          },
          "count": 1
        } ]
      } ],
      "evaluatedResource": [ {
        "reference": "Patient/a9b6a81d-809f-4567-afb4-f5f657288de7"
      }, {
        "reference": "Encounter/e47203b9-7a56-4240-a49b-ea784050041d"
      }, {
        "reference": "Coverage/8796129a-e0b4-406e-b41e-a5fe82dfcc87"
      }, {
        "reference": "Observation/222af757-18ea-42e6-b6f4-8021ef3ba3da"
      }, {
        "reference": "Organization/f4a6d1df-386e-4051-9470-83c2b000d86a"
      }, {
        "reference": "Practitioner/466256ee-2337-429c-a8af-41e2ee7aeaf3"
      } ]
    },
    "request": {
      "method": "PUT",
      "url": "MeasureReport/8d8bb82a-33b0-45fc-b2ca-c63d9866d846"
    }
  } ]
}