{
  "resourceType": "Bundle",
  "id": "DENEXFail-HospiceServicesEndOnDec31B4MP",
  "type": "collection",
  "entry": [ {
    "fullUrl": "https://madie.cms.gov/Patient/6ddffc8d-02e7-44ce-a766-e67ae088db62",
    "resource": {
      "resourceType": "Patient",
      "id": "6ddffc8d-02e7-44ce-a766-e67ae088db62",
      "meta": {
        "profile": [ "http://hl7.org/fhir/us/qicore/StructureDefinition/qicore-patient" ]
      },
      "extension": [ {
        "url": "http://hl7.org/fhir/us/core/StructureDefinition/us-core-race",
        "extension": [ {
          "url": "ombCategory",
          "valueCoding": {
            "system": "urn:oid:2.16.840.1.113883.6.238",
            "code": "2028-9",
            "display": "Asian"
          }
        }, {
          "url": "text",
          "valueString": "Asian"
        } ]
      }, {
        "url": "http://hl7.org/fhir/us/core/StructureDefinition/us-core-ethnicity",
        "extension": [ {
          "url": "ombCategory",
          "valueCoding": {
            "system": "urn:oid:2.16.840.1.113883.6.238",
            "code": "2135-2",
            "display": "Hispanic or Latino"
          }
        }, {
          "url": "text",
          "valueString": "Hispanic or Latino"
        } ]
      } ],
      "identifier": [ {
        "system": "http://hospital.smarthealthit.org",
        "value": "999999995"
      } ],
      "name": [ {
        "family": "Bertha",
        "given": [ "Betty" ]
      } ],
      "gender": "female",
      "birthDate": "2005-01-01"
    }
  }, {
    "fullUrl": "https://madie.cms.gov/Encounter/033c8aea-badc-4460-8ee6-35546e06a4a3",
    "resource": {
      "resourceType": "Encounter",
      "id": "033c8aea-badc-4460-8ee6-35546e06a4a3",
      "meta": {
        "profile": [ "http://hl7.org/fhir/us/qicore/StructureDefinition/qicore-encounter" ]
      },
      "status": "finished",
      "class": {
        "system": "http://terminology.hl7.org/CodeSystem/v3-ActCode",
        "code": "AMB",
        "display": "ambulatory"
      },
      "type": [ {
        "coding": [ {
          "system": "http://www.ada.org/cdt",
          "code": "D0120",
          "display": "periodic oral evaluation - established patient"
        } ]
      } ],
      "subject": {
        "reference": "Patient/6ddffc8d-02e7-44ce-a766-e67ae088db62"
      },
      "period": {
        "start": "2025-01-01T00:00:00.000Z",
        "end": "2025-01-01T01:15:00.000Z"
      }
    }
  }, {
    "fullUrl": "https://madie.cms.gov/Encounter/033c8aea-badc-4460-8ee6-35546e06a4a3.1",
    "resource": {
      "resourceType": "Encounter",
      "id": "033c8aea-badc-4460-8ee6-35546e06a4a3.1",
      "meta": {
        "profile": [ "http://hl7.org/fhir/us/qicore/StructureDefinition/qicore-encounter" ]
      },
      "status": "finished",
      "class": {
        "system": "http://terminology.hl7.org/CodeSystem/v3-ActCode",
        "code": "AMB",
        "display": "ambulatory"
      },
      "type": [ {
        "coding": [ {
          "system": "http://snomed.info/sct",
          "code": "183452005",
          "display": "Emergency hospital admission (procedure)"
        } ]
      } ],
      "subject": {
        "reference": "Patient/6ddffc8d-02e7-44ce-a766-e67ae088db62"
      },
      "period": {
        "start": "2024-12-31T00:00:00.000Z",
        "end": "2024-12-31T23:59:59.000Z"
      },
      "hospitalization": {
        "dischargeDisposition": {
          "coding": [ {
            "system": "http://snomed.info/sct",
            "code": "428371000124100",
            "display": "Discharge to healthcare facility for hospice care (procedure)"
          } ]
        }
      }
    }
  }, {
    "fullUrl": "https://madie.cms.gov/MeasureReport/70fa4edb-0a51-49f5-909b-79180d44af2c",
    "resource": {
      "resourceType": "MeasureReport",
      "id": "70fa4edb-0a51-49f5-909b-79180d44af2c",
      "meta": {
        "profile": [ "http://hl7.org/fhir/us/cqfmeasures/StructureDefinition/test-case-cqfm" ]
      },
      "contained": [ {
        "resourceType": "Parameters",
        "id": "cb8f7149-88a7-45c9-b265-cc0cfd89aa41-parameters",
        "parameter": [ {
          "name": "subject",
          "valueString": "6ddffc8d-02e7-44ce-a766-e67ae088db62"
        } ]
      } ],
      "extension": [ {
        "url": "http://hl7.org/fhir/us/cqfmeasures/StructureDefinition/cqfm-inputParameters",
        "valueReference": {
          "reference": "#cb8f7149-88a7-45c9-b265-cc0cfd89aa41-parameters"
        }
      }, {
        "url": "http://hl7.org/fhir/us/cqfmeasures/StructureDefinition/cqfm-testCaseDescription",
        "valueMarkdown": "Patient 20yo w/ an Oral Evaluation Encounter 1/1 of the MP & Hospice Encounter that ends on 1/1 of the MP."
      } ],
      "modifierExtension": [ {
        "url": "http://hl7.org/fhir/us/cqfmeasures/StructureDefinition/cqfm-isTestCase",
        "valueBoolean": true
      } ],
      "status": "complete",
      "type": "individual",
      "measure": "https://madie.cms.gov/Measure/ChildrenWhoHaveDentalDecayOrCavitiesFHIR",
      "period": {
        "start": "2025-01-01",
        "end": "2025-12-31"
      },
      "group": [ {
        "population": [ {
          "code": {
            "coding": [ {
              "system": "http://terminology.hl7.org/CodeSystem/measure-population",
              "code": "initial-population",
              "display": "Initial Population"
            } ]
          },
          "count": 1
        }, {
          "code": {
            "coding": [ {
              "system": "http://terminology.hl7.org/CodeSystem/measure-population",
              "code": "denominator",
              "display": "Denominator"
            } ]
          },
          "count": 1
        }, {
          "code": {
            "coding": [ {
              "system": "http://terminology.hl7.org/CodeSystem/measure-population",
              "code": "denominator-exclusion",
              "display": "Denominator Exclusion"
            } ]
          },
          "count": 0
        }, {
          "code": {
            "coding": [ {
              "system": "http://terminology.hl7.org/CodeSystem/measure-population",
              "code": "numerator",
              "display": "Numerator"
            } ]
          },
          "count": 0
        } ]
      } ],
      "evaluatedResource": [ {
        "reference": "Patient/6ddffc8d-02e7-44ce-a766-e67ae088db62"
      }, {
        "reference": "Encounter/033c8aea-badc-4460-8ee6-35546e06a4a3"
      }, {
        "reference": "Encounter/033c8aea-badc-4460-8ee6-35546e06a4a3.1"
      } ]
    }
  } ]
}