{
  "resourceType": "Bundle",
  "id": "612e6a9c02c62a011f2ea93c",
  "type": "transaction",
  "entry": [ {
    "fullUrl": "https://madie.cms.gov/Patient/f831d60b-0de8-4b43-8f01-7430a6c00790",
    "resource": {
      "resourceType": "Patient",
      "id": "f831d60b-0de8-4b43-8f01-7430a6c00790",
      "meta": {
        "profile": [ "http://hl7.org/fhir/us/qicore/StructureDefinition/qicore-patient" ]
      },
      "text": {
        "status": "generated",
        "div": "<div xmlns=\"http://www.w3.org/1999/xhtml\"><div class=\"hapiHeaderText\">MA_Glyco1DayAfterAnes <b>NUMERPASS </b></div><table class=\"hapiPropertyTable\"><tbody><tr><td>Identifier</td><td>66d2578ee9fbf1a6dd6e4e6d73908c98</td></tr><tr><td>Date of birth</td><td><span>02 January 1974</span></td></tr></tbody></table></div>"
      },
      "extension": [ {
        "url": "http://hl7.org/fhir/us/core/StructureDefinition/us-core-race",
        "extension": [ {
          "url": "ombCategory",
          "valueCoding": {
            "system": "urn:oid:2.16.840.1.113883.6.238",
            "code": "1002-5",
            "display": "American Indian or Alaska Native",
            "userSelected": true
          }
        }, {
          "url": "text",
          "valueString": "American Indian or Alaska Native"
        } ]
      }, {
        "url": "http://hl7.org/fhir/us/core/StructureDefinition/us-core-ethnicity",
        "extension": [ {
          "url": "ombCategory",
          "valueCoding": {
            "system": "urn:oid:2.16.840.1.113883.6.238",
            "code": "2135-2",
            "display": "Hispanic or Latino",
            "userSelected": true
          }
        }, {
          "url": "text",
          "valueString": "Hispanic or Latino"
        } ]
      } ],
      "identifier": [ {
        "type": {
          "coding": [ {
            "system": "http://terminology.hl7.org/CodeSystem/v2-0203",
            "code": "MR"
          } ]
        },
        "system": "https://bonnie-fhir.healthit.gov/",
        "value": "612e6a9c02c62a011f2ea93c"
      } ],
      "active": true,
      "name": [ {
        "use": "usual",
        "family": "NUMERPass",
        "given": [ "MA_Glyco1DayAfterAnes" ]
      } ],
      "gender": "male",
      "birthDate": "1974-01-02"
    },
    "request": {
      "method": "PUT",
      "url": "Patient/f831d60b-0de8-4b43-8f01-7430a6c00790"
    }
  }, {
    "fullUrl": "https://madie.cms.gov/Encounter/b13fe9b5-e971-44af-8d94-951f79de159b",
    "resource": {
      "resourceType": "Encounter",
      "id": "b13fe9b5-e971-44af-8d94-951f79de159b",
      "meta": {
        "profile": [ "http://hl7.org/fhir/us/qicore/StructureDefinition/qicore-encounter" ]
      },
      "status": "finished",
      "class": {
        "system": "http://terminology.hl7.org/CodeSystem/v3-ActCode",
        "code": "IMP",
        "display": "inpatient encounter"
      },
      "type": [ {
        "coding": [ {
          "system": "http://snomed.info/sct",
          "code": "8715000"
        } ]
      } ],
      "subject": {
        "reference": "Patient/f831d60b-0de8-4b43-8f01-7430a6c00790"
      },
      "period": {
        "start": "2025-11-01T08:00:00+00:00",
        "end": "2025-11-26T08:15:00+00:00"
      },
      "length": {
        "value": 25.0,
        "unit": "days"
      }
    },
    "request": {
      "method": "PUT",
      "url": "Encounter/b13fe9b5-e971-44af-8d94-951f79de159b"
    }
  }, {
    "fullUrl": "https://madie.cms.gov/Coverage/edbf7415-0ee1-415a-b16d-1cc2d6996b24",
    "resource": {
      "resourceType": "Coverage",
      "id": "edbf7415-0ee1-415a-b16d-1cc2d6996b24",
      "status": "active",
      "beneficiary": {
        "reference": "Patient/f831d60b-0de8-4b43-8f01-7430a6c00790"
      },
      "period": {
        "start": "1974-01-02T08:00:00+00:00"
      },
      "payor": [ {
        "reference": "Organization/429b5754-abfd-41e6-9ced-0f95f1482e65"
      } ]
    },
    "request": {
      "method": "PUT",
      "url": "Coverage/edbf7415-0ee1-415a-b16d-1cc2d6996b24"
    }
  }, {
    "fullUrl": "https://madie.cms.gov/MedicationAdministration/19a29fb6-ce97-4b11-a541-b184bc13cdff",
    "resource": {
      "resourceType": "MedicationAdministration",
      "id": "19a29fb6-ce97-4b11-a541-b184bc13cdff",
      "meta": {
        "profile": [ "http://hl7.org/fhir/us/qicore/StructureDefinition/qicore-medicationadministration" ]
      },
      "status": "completed",
      "medicationCodeableConcept": {
        "coding": [ {
          "system": "http://www.nlm.nih.gov/research/umls/rxnorm",
          "code": "200349"
        } ]
      },
      "subject": {
        "reference": "Patient/f831d60b-0de8-4b43-8f01-7430a6c00790"
      },
      "effectivePeriod": {
        "start": "2025-11-03T11:00:00+00:00",
        "end": "2025-11-03T11:15:00+00:00"
      }
    },
    "request": {
      "method": "PUT",
      "url": "MedicationAdministration/19a29fb6-ce97-4b11-a541-b184bc13cdff"
    }
  }, {
    "fullUrl": "https://madie.cms.gov/Procedure/85627ca0-3367-470d-b904-c0f0e693e54f",
    "resource": {
      "resourceType": "Procedure",
      "id": "85627ca0-3367-470d-b904-c0f0e693e54f",
      "meta": {
        "profile": [ "http://hl7.org/fhir/us/qicore/StructureDefinition/qicore-procedure" ]
      },
      "extension": [ {
        "url": "http://hl7.org/fhir/us/qicore/StructureDefinition/qicore-recorded",
        "valueDateTime": "2012-11-03T09:35:00-04:00"
      } ],
      "status": "completed",
      "code": {
        "coding": [ {
          "system": "http://www.cms.gov/Medicare/Coding/ICD10",
          "code": "3E030FZ"
        }, {
          "system": "http://snomed.info/sct",
          "code": "18946005"
        } ]
      },
      "subject": {
        "reference": "Patient/f831d60b-0de8-4b43-8f01-7430a6c00790"
      },
      "performedPeriod": {
        "start": "2025-11-02T09:00:00+00:00",
        "end": "2025-11-02T10:15:00+00:00"
      }
    },
    "request": {
      "method": "PUT",
      "url": "Procedure/85627ca0-3367-470d-b904-c0f0e693e54f"
    }
  }, {
    "fullUrl": "https://madie.cms.gov/Organization/429b5754-abfd-41e6-9ced-0f95f1482e65",
    "resource": {
      "resourceType": "Organization",
      "id": "429b5754-abfd-41e6-9ced-0f95f1482e65",
      "meta": {
        "profile": [ "http://hl7.org/fhir/us/qicore/StructureDefinition/qicore-organization" ]
      },
      "identifier": [ {
        "use": "temp",
        "system": "urn:oid:2.16.840.1.113883.4.4",
        "value": "21-3259825"
      } ],
      "active": true,
      "type": [ {
        "coding": [ {
          "system": "http://terminology.hl7.org/CodeSystem/organization-type",
          "code": "pay",
          "display": "Payer"
        } ]
      } ],
      "name": "Blue Cross Blue Shield of Texas",
      "telecom": [ {
        "system": "phone",
        "value": "(+1) 972-766-6900"
      } ],
      "address": [ {
        "use": "billing",
        "type": "postal",
        "line": [ "P.O. Box 660044" ],
        "city": "Dallas",
        "state": "TX",
        "postalCode": "75266-0044",
        "country": "USA"
      } ]
    },
    "request": {
      "method": "PUT",
      "url": "Organization/429b5754-abfd-41e6-9ced-0f95f1482e65"
    }
  }, {
    "fullUrl": "https://madie.cms.gov/Practitioner/d50d6fa1-76c7-4dd6-a7e1-6d64ff148d1d",
    "resource": {
      "resourceType": "Practitioner",
      "id": "d50d6fa1-76c7-4dd6-a7e1-6d64ff148d1d",
      "identifier": [ {
        "system": "http://hl7.org/fhir/sid/us-npi",
        "value": "123456"
      } ],
      "name": [ {
        "family": "Evil",
        "prefix": [ "Dr" ]
      } ]
    },
    "request": {
      "method": "PUT",
      "url": "Practitioner/d50d6fa1-76c7-4dd6-a7e1-6d64ff148d1d"
    }
  }, {
    "fullUrl": "https://madie.cms.gov/MeasureReport/76b78431-2e98-418c-a766-fc91ea8df048",
    "resource": {
      "resourceType": "MeasureReport",
      "id": "76b78431-2e98-418c-a766-fc91ea8df048",
      "meta": {
        "profile": [ "http://hl7.org/fhir/us/cqfmeasures/StructureDefinition/test-case-cqfm" ]
      },
      "contained": [ {
        "resourceType": "Parameters",
        "id": "277ea94c-c757-4c00-9146-b9a6eff03820-parameters",
        "parameter": [ {
          "name": "subject",
          "valueString": "f831d60b-0de8-4b43-8f01-7430a6c00790"
        } ]
      } ],
      "extension": [ {
        "url": "http://hl7.org/fhir/us/cqfmeasures/StructureDefinition/cqfm-inputParameters",
        "valueReference": {
          "reference": "#277ea94c-c757-4c00-9146-b9a6eff03820-parameters"
        }
      }, {
        "url": "http://hl7.org/fhir/us/cqfmeasures/StructureDefinition/cqfm-testCaseDescription",
        "valueMarkdown": "Glycoprotein IIb/IIIa Inhibitors administered = 1 day after end of anesthesia\n"
      } ],
      "modifierExtension": [ {
        "url": "http://hl7.org/fhir/us/cqfmeasures/StructureDefinition/cqfm-isTestCase",
        "valueBoolean": true
      } ],
      "status": "complete",
      "type": "individual",
      "measure": "https://madie.cms.gov/Measure/VenousThromboembolismProphylaxisFHIR",
      "period": {
        "start": "2025-01-01",
        "end": "2025-12-31"
      },
      "group": [ {
        "population": [ {
          "code": {
            "coding": [ {
              "system": "http://terminology.hl7.org/CodeSystem/measure-population",
              "code": "initial-population",
              "display": "Initial Population"
            } ]
          },
          "count": 1
        }, {
          "code": {
            "coding": [ {
              "system": "http://terminology.hl7.org/CodeSystem/measure-population",
              "code": "denominator",
              "display": "Denominator"
            } ]
          },
          "count": 1
        }, {
          "code": {
            "coding": [ {
              "system": "http://terminology.hl7.org/CodeSystem/measure-population",
              "code": "denominator-exclusion",
              "display": "Denominator Exclusion"
            } ]
          },
          "count": 0
        }, {
          "code": {
            "coding": [ {
              "system": "http://terminology.hl7.org/CodeSystem/measure-population",
              "code": "numerator",
              "display": "Numerator"
            } ]
          },
          "count": 1
        } ]
      } ],
      "evaluatedResource": [ {
        "reference": "Patient/f831d60b-0de8-4b43-8f01-7430a6c00790"
      }, {
        "reference": "Encounter/b13fe9b5-e971-44af-8d94-951f79de159b"
      }, {
        "reference": "Coverage/edbf7415-0ee1-415a-b16d-1cc2d6996b24"
      }, {
        "reference": "MedicationAdministration/19a29fb6-ce97-4b11-a541-b184bc13cdff"
      }, {
        "reference": "Procedure/85627ca0-3367-470d-b904-c0f0e693e54f"
      }, {
        "reference": "Organization/429b5754-abfd-41e6-9ced-0f95f1482e65"
      }, {
        "reference": "Practitioner/d50d6fa1-76c7-4dd6-a7e1-6d64ff148d1d"
      } ]
    },
    "request": {
      "method": "PUT",
      "url": "MeasureReport/76b78431-2e98-418c-a766-fc91ea8df048"
    }
  } ]
}