{
  "resourceType": "Bundle",
  "id": "DENEXPass-HospiceProcedureOverlapsMP",
  "type": "collection",
  "entry": [ {
    "fullUrl": "https://madie.cms.gov/Patient/326c7237-c7a4-4e1b-bd1d-ba518dc942dd",
    "resource": {
      "resourceType": "Patient",
      "id": "326c7237-c7a4-4e1b-bd1d-ba518dc942dd",
      "meta": {
        "profile": [ "http://hl7.org/fhir/us/qicore/StructureDefinition/qicore-patient" ]
      },
      "identifier": [ {
        "system": "http://hospital.smarthealthit.org",
        "value": "999999995"
      } ],
      "name": [ {
        "family": "Bertha",
        "given": [ "Betty" ]
      } ],
      "gender": "female",
      "birthDate": "2005-01-01"
    }
  }, {
    "fullUrl": "https://madie.cms.gov/Encounter/0585d772-861c-4448-82be-5cc18826cb32",
    "resource": {
      "resourceType": "Encounter",
      "id": "0585d772-861c-4448-82be-5cc18826cb32",
      "meta": {
        "profile": [ "http://hl7.org/fhir/us/qicore/StructureDefinition/qicore-encounter" ]
      },
      "status": "finished",
      "class": {
        "system": "http://terminology.hl7.org/CodeSystem/v3-ActCode",
        "code": "AMB",
        "display": "ambulatory"
      },
      "type": [ {
        "coding": [ {
          "system": "http://www.ada.org/cdt",
          "code": "D0120",
          "display": "periodic oral evaluation - established patient"
        } ]
      } ],
      "subject": {
        "reference": "Patient/326c7237-c7a4-4e1b-bd1d-ba518dc942dd"
      },
      "period": {
        "start": "2025-01-01T00:00:00.000Z",
        "end": "2025-01-01T01:15:00.000Z"
      }
    }
  }, {
    "fullUrl": "https://madie.cms.gov/Procedure/40909a20-d2b8-43f4-bfea-5eb3d1cc08c0",
    "resource": {
      "resourceType": "Procedure",
      "id": "40909a20-d2b8-43f4-bfea-5eb3d1cc08c0",
      "meta": {
        "profile": [ "http://hl7.org/fhir/us/qicore/StructureDefinition/qicore-procedure" ]
      },
      "extension": [ {
        "url": "http://hl7.org/fhir/us/qicore/StructureDefinition/qicore-recorded",
        "valueDateTime": "2024-12-31T23:00:00.000Z"
      } ],
      "status": "completed",
      "code": {
        "coding": [ {
          "system": "http://snomed.info/sct",
          "code": "385763009",
          "display": "Hospice care (regime/therapy)"
        } ]
      },
      "subject": {
        "reference": "Patient/326c7237-c7a4-4e1b-bd1d-ba518dc942dd"
      },
      "performedPeriod": {
        "start": "2024-12-31T00:00:00.000Z",
        "end": "2025-01-01T00:00:00.000Z"
      }
    }
  }, {
    "fullUrl": "https://madie.cms.gov/MeasureReport/1a504a9a-c594-4a86-bb27-6ba9c00e220d",
    "resource": {
      "resourceType": "MeasureReport",
      "id": "1a504a9a-c594-4a86-bb27-6ba9c00e220d",
      "meta": {
        "profile": [ "http://hl7.org/fhir/us/cqfmeasures/StructureDefinition/test-case-cqfm" ]
      },
      "contained": [ {
        "resourceType": "Parameters",
        "id": "0903b9d4-aa80-49b2-b9ea-838da3fb01ef-parameters",
        "parameter": [ {
          "name": "subject",
          "valueString": "326c7237-c7a4-4e1b-bd1d-ba518dc942dd"
        } ]
      } ],
      "extension": [ {
        "url": "http://hl7.org/fhir/us/cqfmeasures/StructureDefinition/cqfm-inputParameters",
        "valueReference": {
          "reference": "#0903b9d4-aa80-49b2-b9ea-838da3fb01ef-parameters"
        }
      }, {
        "url": "http://hl7.org/fhir/us/cqfmeasures/StructureDefinition/cqfm-testCaseDescription",
        "valueMarkdown": "Hospice Procedure - For meeting 100% coverage"
      } ],
      "modifierExtension": [ {
        "url": "http://hl7.org/fhir/us/cqfmeasures/StructureDefinition/cqfm-isTestCase",
        "valueBoolean": true
      } ],
      "status": "complete",
      "type": "individual",
      "measure": "https://madie.cms.gov/Measure/ChildrenWhoHaveDentalDecayOrCavitiesFHIR",
      "period": {
        "start": "2025-01-01",
        "end": "2025-12-31"
      },
      "group": [ {
        "population": [ {
          "code": {
            "coding": [ {
              "system": "http://terminology.hl7.org/CodeSystem/measure-population",
              "code": "initial-population",
              "display": "Initial Population"
            } ]
          },
          "count": 1
        }, {
          "code": {
            "coding": [ {
              "system": "http://terminology.hl7.org/CodeSystem/measure-population",
              "code": "denominator",
              "display": "Denominator"
            } ]
          },
          "count": 1
        }, {
          "code": {
            "coding": [ {
              "system": "http://terminology.hl7.org/CodeSystem/measure-population",
              "code": "denominator-exclusion",
              "display": "Denominator Exclusion"
            } ]
          },
          "count": 1
        }, {
          "code": {
            "coding": [ {
              "system": "http://terminology.hl7.org/CodeSystem/measure-population",
              "code": "numerator",
              "display": "Numerator"
            } ]
          },
          "count": 0
        } ]
      } ],
      "evaluatedResource": [ {
        "reference": "Patient/326c7237-c7a4-4e1b-bd1d-ba518dc942dd"
      }, {
        "reference": "Encounter/0585d772-861c-4448-82be-5cc18826cb32"
      }, {
        "reference": "Procedure/40909a20-d2b8-43f4-bfea-5eb3d1cc08c0"
      } ]
    }
  } ]
}