{
  "resourceType": "Bundle",
  "id": "612e6aee02c62a011f2ebccf",
  "type": "transaction",
  "entry": [ {
    "fullUrl": "https://madie.cms.gov/Patient/7d5bc720-601c-4162-abdd-4bde610ed21b",
    "resource": {
      "resourceType": "Patient",
      "id": "7d5bc720-601c-4162-abdd-4bde610ed21b",
      "meta": {
        "profile": [ "http://hl7.org/fhir/us/qicore/StructureDefinition/qicore-patient" ]
      },
      "text": {
        "status": "generated",
        "div": "<div xmlns=\"http://www.w3.org/1999/xhtml\"><div class=\"hapiHeaderText\">TestMultipleOccur_1inDen1inNum <b>NUMERPASS </b></div><table class=\"hapiPropertyTable\"><tbody><tr><td>Identifier</td><td>3dff356c8720a84124e00f025cdf399b9398c53f7885da6a8793a56d4f59a3df</td></tr><tr><td>Date of birth</td><td><span>02 January 1974</span></td></tr></tbody></table></div>"
      },
      "extension": [ {
        "url": "http://hl7.org/fhir/us/core/StructureDefinition/us-core-race",
        "extension": [ {
          "url": "ombCategory",
          "valueCoding": {
            "system": "urn:oid:2.16.840.1.113883.6.238",
            "code": "1002-5",
            "display": "American Indian or Alaska Native",
            "userSelected": true
          }
        }, {
          "url": "text",
          "valueString": "American Indian or Alaska Native"
        } ]
      }, {
        "url": "http://hl7.org/fhir/us/core/StructureDefinition/us-core-ethnicity",
        "extension": [ {
          "url": "ombCategory",
          "valueCoding": {
            "system": "urn:oid:2.16.840.1.113883.6.238",
            "code": "2135-2",
            "display": "Hispanic or Latino",
            "userSelected": true
          }
        }, {
          "url": "text",
          "valueString": "Hispanic or Latino"
        } ]
      } ],
      "identifier": [ {
        "type": {
          "coding": [ {
            "system": "http://terminology.hl7.org/CodeSystem/v2-0203",
            "code": "MR"
          } ]
        },
        "system": "https://bonnie-fhir.healthit.gov/",
        "value": "612e6aee02c62a011f2ebccf"
      } ],
      "active": true,
      "name": [ {
        "use": "usual",
        "family": "NUMERPass",
        "given": [ "TestMultipleOccur_1inDen1inNum" ]
      } ],
      "gender": "male",
      "birthDate": "1974-01-02"
    },
    "request": {
      "method": "PUT",
      "url": "Patient/7d5bc720-601c-4162-abdd-4bde610ed21b"
    }
  }, {
    "fullUrl": "https://madie.cms.gov/Encounter/b21438ee-7457-42ee-bffa-8fa3d6dcf7cd",
    "resource": {
      "resourceType": "Encounter",
      "id": "b21438ee-7457-42ee-bffa-8fa3d6dcf7cd",
      "meta": {
        "profile": [ "http://hl7.org/fhir/us/qicore/StructureDefinition/qicore-encounter" ]
      },
      "status": "finished",
      "class": {
        "system": "http://terminology.hl7.org/CodeSystem/v3-ActCode",
        "code": "IMP",
        "display": "inpatient encounter"
      },
      "type": [ {
        "coding": [ {
          "system": "http://snomed.info/sct",
          "code": "183452005"
        } ]
      } ],
      "subject": {
        "reference": "Patient/7d5bc720-601c-4162-abdd-4bde610ed21b"
      },
      "period": {
        "start": "2025-04-01T08:00:00+00:00",
        "end": "2025-04-05T08:15:00+00:00"
      },
      "length": {
        "value": 4.0,
        "unit": "days"
      }
    },
    "request": {
      "method": "PUT",
      "url": "Encounter/b21438ee-7457-42ee-bffa-8fa3d6dcf7cd"
    }
  }, {
    "fullUrl": "https://madie.cms.gov/Encounter/c11ef895-13ac-4de7-a515-5febfc3328ff",
    "resource": {
      "resourceType": "Encounter",
      "id": "c11ef895-13ac-4de7-a515-5febfc3328ff",
      "meta": {
        "profile": [ "http://hl7.org/fhir/us/qicore/StructureDefinition/qicore-encounter" ]
      },
      "status": "finished",
      "class": {
        "system": "http://terminology.hl7.org/CodeSystem/v3-ActCode",
        "code": "IMP",
        "display": "inpatient encounter"
      },
      "type": [ {
        "coding": [ {
          "system": "http://snomed.info/sct",
          "code": "8715000"
        } ]
      } ],
      "subject": {
        "reference": "Patient/7d5bc720-601c-4162-abdd-4bde610ed21b"
      },
      "period": {
        "start": "2025-11-01T08:00:00+00:00",
        "end": "2025-11-26T08:15:00+00:00"
      },
      "length": {
        "value": 25.0,
        "unit": "days"
      }
    },
    "request": {
      "method": "PUT",
      "url": "Encounter/c11ef895-13ac-4de7-a515-5febfc3328ff"
    }
  }, {
    "fullUrl": "https://madie.cms.gov/Coverage/afc86965-5a11-493a-a65f-4706da6de950",
    "resource": {
      "resourceType": "Coverage",
      "id": "afc86965-5a11-493a-a65f-4706da6de950",
      "status": "active",
      "beneficiary": {
        "reference": "Patient/7d5bc720-601c-4162-abdd-4bde610ed21b"
      },
      "period": {
        "start": "1974-01-02T08:00:00+00:00"
      },
      "payor": [ {
        "reference": "Organization/07d19026-3157-4955-b578-fb4b92dd031f"
      } ]
    },
    "request": {
      "method": "PUT",
      "url": "Coverage/afc86965-5a11-493a-a65f-4706da6de950"
    }
  }, {
    "fullUrl": "https://madie.cms.gov/MedicationAdministration/889b4cf8-cd68-4c6a-9a6b-65b8c4c76af6",
    "resource": {
      "resourceType": "MedicationAdministration",
      "id": "889b4cf8-cd68-4c6a-9a6b-65b8c4c76af6",
      "meta": {
        "profile": [ "http://hl7.org/fhir/us/qicore/StructureDefinition/qicore-medicationadministration" ]
      },
      "status": "completed",
      "medicationCodeableConcept": {
        "coding": [ {
          "system": "http://www.nlm.nih.gov/research/umls/rxnorm",
          "code": "200349"
        } ]
      },
      "subject": {
        "reference": "Patient/7d5bc720-601c-4162-abdd-4bde610ed21b"
      },
      "effectivePeriod": {
        "start": "2025-11-01T09:00:00+00:00"
      }
    },
    "request": {
      "method": "PUT",
      "url": "MedicationAdministration/889b4cf8-cd68-4c6a-9a6b-65b8c4c76af6"
    }
  }, {
    "fullUrl": "https://madie.cms.gov/Procedure/a65b64bb-86ef-4ac2-9472-3bc68b983251",
    "resource": {
      "resourceType": "Procedure",
      "id": "a65b64bb-86ef-4ac2-9472-3bc68b983251",
      "meta": {
        "profile": [ "http://hl7.org/fhir/us/qicore/StructureDefinition/qicore-procedure" ]
      },
      "extension": [ {
        "url": "http://hl7.org/fhir/us/qicore/StructureDefinition/qicore-recorded",
        "valueDateTime": "2012-11-03T09:35:00-04:00"
      } ],
      "status": "completed",
      "code": {
        "coding": [ {
          "system": "http://snomed.info/sct",
          "version": "2025-03",
          "code": "442410008",
          "display": "Application of venous foot pump (procedure)",
          "userSelected": true
        } ]
      },
      "subject": {
        "reference": "Patient/7d5bc720-601c-4162-abdd-4bde610ed21b"
      },
      "performedDateTime": "2025-11-02T08:00:00.000+00:00"
    },
    "request": {
      "method": "PUT",
      "url": "Procedure/a65b64bb-86ef-4ac2-9472-3bc68b983251"
    }
  }, {
    "fullUrl": "https://madie.cms.gov/Organization/07d19026-3157-4955-b578-fb4b92dd031f",
    "resource": {
      "resourceType": "Organization",
      "id": "07d19026-3157-4955-b578-fb4b92dd031f",
      "meta": {
        "profile": [ "http://hl7.org/fhir/us/qicore/StructureDefinition/qicore-organization" ]
      },
      "identifier": [ {
        "use": "temp",
        "system": "urn:oid:2.16.840.1.113883.4.4",
        "value": "21-3259825"
      } ],
      "active": true,
      "type": [ {
        "coding": [ {
          "system": "http://terminology.hl7.org/CodeSystem/organization-type",
          "code": "pay",
          "display": "Payer"
        } ]
      } ],
      "name": "Blue Cross Blue Shield of Texas",
      "telecom": [ {
        "system": "phone",
        "value": "(+1) 972-766-6900"
      } ],
      "address": [ {
        "use": "billing",
        "type": "postal",
        "line": [ "P.O. Box 660044" ],
        "city": "Dallas",
        "state": "TX",
        "postalCode": "75266-0044",
        "country": "USA"
      } ]
    },
    "request": {
      "method": "PUT",
      "url": "Organization/07d19026-3157-4955-b578-fb4b92dd031f"
    }
  }, {
    "fullUrl": "https://madie.cms.gov/Practitioner/cc663ca7-970f-49a4-bc55-4cfb64400b2b",
    "resource": {
      "resourceType": "Practitioner",
      "id": "cc663ca7-970f-49a4-bc55-4cfb64400b2b",
      "identifier": [ {
        "system": "http://hl7.org/fhir/sid/us-npi",
        "value": "123456"
      } ],
      "name": [ {
        "family": "Evil",
        "prefix": [ "Dr" ]
      } ]
    },
    "request": {
      "method": "PUT",
      "url": "Practitioner/cc663ca7-970f-49a4-bc55-4cfb64400b2b"
    }
  }, {
    "fullUrl": "https://madie.cms.gov/MeasureReport/73a86b6d-8f39-43a4-a35e-b786a2498551",
    "resource": {
      "resourceType": "MeasureReport",
      "id": "73a86b6d-8f39-43a4-a35e-b786a2498551",
      "meta": {
        "profile": [ "http://hl7.org/fhir/us/cqfmeasures/StructureDefinition/test-case-cqfm" ]
      },
      "contained": [ {
        "resourceType": "Parameters",
        "id": "bb093d9c-9207-468c-8536-0f3d3812d107-parameters",
        "parameter": [ {
          "name": "subject",
          "valueString": "7d5bc720-601c-4162-abdd-4bde610ed21b"
        } ]
      } ],
      "extension": [ {
        "url": "http://hl7.org/fhir/us/cqfmeasures/StructureDefinition/cqfm-inputParameters",
        "valueReference": {
          "reference": "#bb093d9c-9207-468c-8536-0f3d3812d107-parameters"
        }
      }, {
        "url": "http://hl7.org/fhir/us/cqfmeasures/StructureDefinition/cqfm-testCaseDescription",
        "valueMarkdown": "TestMultipleOccur - 2 occurrences. 1 in Den due to Dvc applied >1 day after Adm and 1 in Numerator\n"
      } ],
      "modifierExtension": [ {
        "url": "http://hl7.org/fhir/us/cqfmeasures/StructureDefinition/cqfm-isTestCase",
        "valueBoolean": true
      } ],
      "status": "complete",
      "type": "individual",
      "measure": "https://madie.cms.gov/Measure/VenousThromboembolismProphylaxisFHIR",
      "period": {
        "start": "2025-01-01",
        "end": "2025-12-31"
      },
      "group": [ {
        "population": [ {
          "code": {
            "coding": [ {
              "system": "http://terminology.hl7.org/CodeSystem/measure-population",
              "code": "initial-population",
              "display": "Initial Population"
            } ]
          },
          "count": 2
        }, {
          "code": {
            "coding": [ {
              "system": "http://terminology.hl7.org/CodeSystem/measure-population",
              "code": "denominator",
              "display": "Denominator"
            } ]
          },
          "count": 2
        }, {
          "code": {
            "coding": [ {
              "system": "http://terminology.hl7.org/CodeSystem/measure-population",
              "code": "denominator-exclusion",
              "display": "Denominator Exclusion"
            } ]
          },
          "count": 0
        }, {
          "code": {
            "coding": [ {
              "system": "http://terminology.hl7.org/CodeSystem/measure-population",
              "code": "numerator",
              "display": "Numerator"
            } ]
          },
          "count": 1
        } ]
      } ],
      "evaluatedResource": [ {
        "reference": "Patient/7d5bc720-601c-4162-abdd-4bde610ed21b"
      }, {
        "reference": "Encounter/b21438ee-7457-42ee-bffa-8fa3d6dcf7cd"
      }, {
        "reference": "Encounter/c11ef895-13ac-4de7-a515-5febfc3328ff"
      }, {
        "reference": "Coverage/afc86965-5a11-493a-a65f-4706da6de950"
      }, {
        "reference": "MedicationAdministration/889b4cf8-cd68-4c6a-9a6b-65b8c4c76af6"
      }, {
        "reference": "Procedure/a65b64bb-86ef-4ac2-9472-3bc68b983251"
      }, {
        "reference": "Organization/07d19026-3157-4955-b578-fb4b92dd031f"
      }, {
        "reference": "Practitioner/cc663ca7-970f-49a4-bc55-4cfb64400b2b"
      } ]
    },
    "request": {
      "method": "PUT",
      "url": "MeasureReport/73a86b6d-8f39-43a4-a35e-b786a2498551"
    }
  } ]
}