{
  "resourceType": "Bundle",
  "id": "612e6b1302c62a011f2ec527",
  "type": "transaction",
  "entry": [ {
    "fullUrl": "https://madie.cms.gov/Patient/aa1c5700-e809-43d3-9a9e-fbbf1af0e3d3",
    "resource": {
      "resourceType": "Patient",
      "id": "aa1c5700-e809-43d3-9a9e-fbbf1af0e3d3",
      "meta": {
        "profile": [ "http://hl7.org/fhir/us/qicore/StructureDefinition/qicore-patient" ]
      },
      "text": {
        "status": "generated",
        "div": "<div xmlns=\"http://www.w3.org/1999/xhtml\"><div class=\"hapiHeaderText\">RixDuringOBS_OBSGT1hr <b>NUMERFAIL </b></div><table class=\"hapiPropertyTable\"><tbody><tr><td>Identifier</td><td>9ac41bff10ef3353d0742df1f73dc984</td></tr><tr><td>Date of birth</td><td><span>02 January 1974</span></td></tr></tbody></table></div>"
      },
      "extension": [ {
        "url": "http://hl7.org/fhir/us/core/StructureDefinition/us-core-race",
        "extension": [ {
          "url": "ombCategory",
          "valueCoding": {
            "system": "urn:oid:2.16.840.1.113883.6.238",
            "code": "1002-5",
            "display": "American Indian or Alaska Native",
            "userSelected": true
          }
        }, {
          "url": "text",
          "valueString": "American Indian or Alaska Native"
        } ]
      }, {
        "url": "http://hl7.org/fhir/us/core/StructureDefinition/us-core-ethnicity",
        "extension": [ {
          "url": "ombCategory",
          "valueCoding": {
            "system": "urn:oid:2.16.840.1.113883.6.238",
            "code": "2135-2",
            "display": "Hispanic or Latino",
            "userSelected": true
          }
        }, {
          "url": "text",
          "valueString": "Hispanic or Latino"
        } ]
      } ],
      "identifier": [ {
        "type": {
          "coding": [ {
            "system": "http://terminology.hl7.org/CodeSystem/v2-0203",
            "code": "MR"
          } ]
        },
        "system": "https://bonnie-fhir.healthit.gov/",
        "value": "612e6b1302c62a011f2ec527"
      } ],
      "active": true,
      "name": [ {
        "use": "usual",
        "family": "NUMERFail",
        "given": [ "RixDuringOBS_OBSGT1hr" ]
      } ],
      "gender": "male",
      "birthDate": "1974-01-02"
    },
    "request": {
      "method": "PUT",
      "url": "Patient/aa1c5700-e809-43d3-9a9e-fbbf1af0e3d3"
    }
  }, {
    "fullUrl": "https://madie.cms.gov/Encounter/2fd9c048-4be0-4009-bab4-deba128a325e",
    "resource": {
      "resourceType": "Encounter",
      "id": "2fd9c048-4be0-4009-bab4-deba128a325e",
      "meta": {
        "profile": [ "http://hl7.org/fhir/us/qicore/StructureDefinition/qicore-encounter" ]
      },
      "status": "finished",
      "class": {
        "system": "http://terminology.hl7.org/CodeSystem/v3-ActCode",
        "code": "IMP",
        "display": "inpatient encounter"
      },
      "type": [ {
        "coding": [ {
          "system": "http://snomed.info/sct",
          "code": "8715000"
        } ]
      } ],
      "subject": {
        "reference": "Patient/aa1c5700-e809-43d3-9a9e-fbbf1af0e3d3"
      },
      "period": {
        "start": "2025-11-01T08:00:00+00:00",
        "end": "2025-11-26T08:15:00+00:00"
      },
      "length": {
        "value": 25.0,
        "unit": "days"
      }
    },
    "request": {
      "method": "PUT",
      "url": "Encounter/2fd9c048-4be0-4009-bab4-deba128a325e"
    }
  }, {
    "fullUrl": "https://madie.cms.gov/Encounter/9efeb4f2-3ec4-4a11-8225-8224aea6bcbd",
    "resource": {
      "resourceType": "Encounter",
      "id": "9efeb4f2-3ec4-4a11-8225-8224aea6bcbd",
      "meta": {
        "profile": [ "http://hl7.org/fhir/us/qicore/StructureDefinition/qicore-encounter" ]
      },
      "status": "finished",
      "class": {
        "system": "http://terminology.hl7.org/CodeSystem/v3-ActCode",
        "code": "EMER",
        "display": "emergency"
      },
      "type": [ {
        "coding": [ {
          "system": "http://snomed.info/sct",
          "code": "4525004"
        } ]
      } ],
      "subject": {
        "reference": "Patient/aa1c5700-e809-43d3-9a9e-fbbf1af0e3d3"
      },
      "period": {
        "start": "2025-10-31T20:00:00+00:00",
        "end": "2025-10-31T20:00:00+00:00"
      }
    },
    "request": {
      "method": "PUT",
      "url": "Encounter/9efeb4f2-3ec4-4a11-8225-8224aea6bcbd"
    }
  }, {
    "fullUrl": "https://madie.cms.gov/Encounter/d7e4a427-62f8-48d7-b7b2-697ec23deda9",
    "resource": {
      "resourceType": "Encounter",
      "id": "d7e4a427-62f8-48d7-b7b2-697ec23deda9",
      "meta": {
        "profile": [ "http://hl7.org/fhir/us/qicore/StructureDefinition/qicore-encounter" ]
      },
      "status": "finished",
      "class": {
        "system": "http://terminology.hl7.org/CodeSystem/v3-ActCode",
        "code": "OBSENC",
        "display": "observation encounter"
      },
      "type": [ {
        "coding": [ {
          "system": "http://snomed.info/sct",
          "code": "448951000124107"
        } ]
      } ],
      "subject": {
        "reference": "Patient/aa1c5700-e809-43d3-9a9e-fbbf1af0e3d3"
      },
      "period": {
        "start": "2025-10-31T20:00:00+00:00",
        "end": "2025-11-01T05:00:00+00:00"
      }
    },
    "request": {
      "method": "PUT",
      "url": "Encounter/d7e4a427-62f8-48d7-b7b2-697ec23deda9"
    }
  }, {
    "fullUrl": "https://madie.cms.gov/Coverage/375e2af1-6f26-4058-b8fc-2935d1848a70",
    "resource": {
      "resourceType": "Coverage",
      "id": "375e2af1-6f26-4058-b8fc-2935d1848a70",
      "status": "active",
      "beneficiary": {
        "reference": "Patient/aa1c5700-e809-43d3-9a9e-fbbf1af0e3d3"
      },
      "period": {
        "start": "1974-01-02T08:00:00+00:00"
      },
      "payor": [ {
        "reference": "Organization/347d3a33-5d0c-4fbf-9cd7-a84a175a3290"
      } ]
    },
    "request": {
      "method": "PUT",
      "url": "Coverage/375e2af1-6f26-4058-b8fc-2935d1848a70"
    }
  }, {
    "fullUrl": "https://madie.cms.gov/MedicationAdministration/64c2731c-7dee-4c77-bb39-e24ec5572ddc",
    "resource": {
      "resourceType": "MedicationAdministration",
      "id": "64c2731c-7dee-4c77-bb39-e24ec5572ddc",
      "status": "completed",
      "medicationCodeableConcept": {
        "coding": [ {
          "system": "http://www.nlm.nih.gov/research/umls/rxnorm",
          "code": "1114198"
        } ]
      },
      "subject": {
        "reference": "Patient/aa1c5700-e809-43d3-9a9e-fbbf1af0e3d3"
      },
      "effectivePeriod": {
        "start": "2025-10-31T09:00:00+00:00",
        "end": "2025-10-31T09:15:00+00:00"
      }
    },
    "request": {
      "method": "PUT",
      "url": "MedicationAdministration/64c2731c-7dee-4c77-bb39-e24ec5572ddc"
    }
  }, {
    "fullUrl": "https://madie.cms.gov/Organization/347d3a33-5d0c-4fbf-9cd7-a84a175a3290",
    "resource": {
      "resourceType": "Organization",
      "id": "347d3a33-5d0c-4fbf-9cd7-a84a175a3290",
      "meta": {
        "profile": [ "http://hl7.org/fhir/us/qicore/StructureDefinition/qicore-organization" ]
      },
      "identifier": [ {
        "use": "temp",
        "system": "urn:oid:2.16.840.1.113883.4.4",
        "value": "21-3259825"
      } ],
      "active": true,
      "type": [ {
        "coding": [ {
          "system": "http://terminology.hl7.org/CodeSystem/organization-type",
          "code": "pay",
          "display": "Payer"
        } ]
      } ],
      "name": "Blue Cross Blue Shield of Texas",
      "telecom": [ {
        "system": "phone",
        "value": "(+1) 972-766-6900"
      } ],
      "address": [ {
        "use": "billing",
        "type": "postal",
        "line": [ "P.O. Box 660044" ],
        "city": "Dallas",
        "state": "TX",
        "postalCode": "75266-0044",
        "country": "USA"
      } ]
    },
    "request": {
      "method": "PUT",
      "url": "Organization/347d3a33-5d0c-4fbf-9cd7-a84a175a3290"
    }
  }, {
    "fullUrl": "https://madie.cms.gov/Practitioner/35256cb8-1e82-4fcf-ba1a-903c54c8a872",
    "resource": {
      "resourceType": "Practitioner",
      "id": "35256cb8-1e82-4fcf-ba1a-903c54c8a872",
      "identifier": [ {
        "system": "http://hl7.org/fhir/sid/us-npi",
        "value": "123456"
      } ],
      "name": [ {
        "family": "Evil",
        "prefix": [ "Dr" ]
      } ]
    },
    "request": {
      "method": "PUT",
      "url": "Practitioner/35256cb8-1e82-4fcf-ba1a-903c54c8a872"
    }
  }, {
    "fullUrl": "https://madie.cms.gov/MeasureReport/e5477752-e7de-4787-91a0-03efa9f49e6b",
    "resource": {
      "resourceType": "MeasureReport",
      "id": "e5477752-e7de-4787-91a0-03efa9f49e6b",
      "meta": {
        "profile": [ "http://hl7.org/fhir/us/cqfmeasures/StructureDefinition/test-case-cqfm" ]
      },
      "contained": [ {
        "resourceType": "Parameters",
        "id": "c1eee297-3afa-46f5-91bc-4944669c44b0-parameters",
        "parameter": [ {
          "name": "subject",
          "valueString": "aa1c5700-e809-43d3-9a9e-fbbf1af0e3d3"
        } ]
      } ],
      "extension": [ {
        "url": "http://hl7.org/fhir/us/cqfmeasures/StructureDefinition/cqfm-inputParameters",
        "valueReference": {
          "reference": "#c1eee297-3afa-46f5-91bc-4944669c44b0-parameters"
        }
      }, {
        "url": "http://hl7.org/fhir/us/cqfmeasures/StructureDefinition/cqfm-testCaseDescription",
        "valueMarkdown": "Rivaroxaban for VTE Prophylaxis Med Administered during OBS which ends >1 hr before adm and ED = 1 hr ends OBS\n"
      } ],
      "modifierExtension": [ {
        "url": "http://hl7.org/fhir/us/cqfmeasures/StructureDefinition/cqfm-isTestCase",
        "valueBoolean": true
      } ],
      "status": "complete",
      "type": "individual",
      "measure": "https://madie.cms.gov/Measure/VenousThromboembolismProphylaxisFHIR",
      "period": {
        "start": "2025-01-01",
        "end": "2025-12-31"
      },
      "group": [ {
        "population": [ {
          "code": {
            "coding": [ {
              "system": "http://terminology.hl7.org/CodeSystem/measure-population",
              "code": "initial-population",
              "display": "Initial Population"
            } ]
          },
          "count": 1
        }, {
          "code": {
            "coding": [ {
              "system": "http://terminology.hl7.org/CodeSystem/measure-population",
              "code": "denominator",
              "display": "Denominator"
            } ]
          },
          "count": 1
        }, {
          "code": {
            "coding": [ {
              "system": "http://terminology.hl7.org/CodeSystem/measure-population",
              "code": "denominator-exclusion",
              "display": "Denominator Exclusion"
            } ]
          },
          "count": 0
        }, {
          "code": {
            "coding": [ {
              "system": "http://terminology.hl7.org/CodeSystem/measure-population",
              "code": "numerator",
              "display": "Numerator"
            } ]
          },
          "count": 0
        } ]
      } ],
      "evaluatedResource": [ {
        "reference": "Patient/aa1c5700-e809-43d3-9a9e-fbbf1af0e3d3"
      }, {
        "reference": "Encounter/2fd9c048-4be0-4009-bab4-deba128a325e"
      }, {
        "reference": "Encounter/9efeb4f2-3ec4-4a11-8225-8224aea6bcbd"
      }, {
        "reference": "Encounter/d7e4a427-62f8-48d7-b7b2-697ec23deda9"
      }, {
        "reference": "Coverage/375e2af1-6f26-4058-b8fc-2935d1848a70"
      }, {
        "reference": "MedicationAdministration/64c2731c-7dee-4c77-bb39-e24ec5572ddc"
      }, {
        "reference": "Organization/347d3a33-5d0c-4fbf-9cd7-a84a175a3290"
      }, {
        "reference": "Practitioner/35256cb8-1e82-4fcf-ba1a-903c54c8a872"
      } ]
    },
    "request": {
      "method": "PUT",
      "url": "MeasureReport/e5477752-e7de-4787-91a0-03efa9f49e6b"
    }
  } ]
}