{
  "resourceType": "Bundle",
  "id": "612e6b8102c62a011f2ee0a5",
  "type": "transaction",
  "entry": [ {
    "fullUrl": "https://madie.cms.gov/Patient/4d24c61a-7de6-4e88-a9fa-992069468175",
    "resource": {
      "resourceType": "Patient",
      "id": "4d24c61a-7de6-4e88-a9fa-992069468175",
      "meta": {
        "profile": [ "http://hl7.org/fhir/us/qicore/StructureDefinition/qicore-patient" ]
      },
      "text": {
        "status": "generated",
        "div": "<div xmlns=\"http://www.w3.org/1999/xhtml\"><div class=\"hapiHeaderText\">MedReason_MA_Rix_DA_VFP_DuringOBS <b>NUMERPASS </b></div><table class=\"hapiPropertyTable\"><tbody><tr><td>Identifier</td><td>d5661b6a7ac7a6b9f13847d23af8475a</td></tr><tr><td>Date of birth</td><td><span>02 January 1974</span></td></tr></tbody></table></div>"
      },
      "extension": [ {
        "url": "http://hl7.org/fhir/us/core/StructureDefinition/us-core-race",
        "extension": [ {
          "url": "ombCategory",
          "valueCoding": {
            "system": "urn:oid:2.16.840.1.113883.6.238",
            "code": "1002-5",
            "display": "American Indian or Alaska Native",
            "userSelected": true
          }
        }, {
          "url": "text",
          "valueString": "American Indian or Alaska Native"
        } ]
      }, {
        "url": "http://hl7.org/fhir/us/core/StructureDefinition/us-core-ethnicity",
        "extension": [ {
          "url": "ombCategory",
          "valueCoding": {
            "system": "urn:oid:2.16.840.1.113883.6.238",
            "code": "2135-2",
            "display": "Hispanic or Latino",
            "userSelected": true
          }
        }, {
          "url": "text",
          "valueString": "Hispanic or Latino"
        } ]
      } ],
      "identifier": [ {
        "type": {
          "coding": [ {
            "system": "http://terminology.hl7.org/CodeSystem/v2-0203",
            "code": "MR"
          } ]
        },
        "system": "https://bonnie-fhir.healthit.gov/",
        "value": "612e6b8102c62a011f2ee0a5"
      } ],
      "active": true,
      "name": [ {
        "use": "usual",
        "family": "NUMERPass",
        "given": [ "MedReason_MA_Rix_DA_VFP_DuringOBS" ]
      } ],
      "gender": "male",
      "birthDate": "1974-01-02"
    },
    "request": {
      "method": "PUT",
      "url": "Patient/4d24c61a-7de6-4e88-a9fa-992069468175"
    }
  }, {
    "fullUrl": "https://madie.cms.gov/Encounter/58e9a294-d801-433e-b94b-0e3f86dfd11d",
    "resource": {
      "resourceType": "Encounter",
      "id": "58e9a294-d801-433e-b94b-0e3f86dfd11d",
      "meta": {
        "profile": [ "http://hl7.org/fhir/us/qicore/StructureDefinition/qicore-encounter" ]
      },
      "status": "finished",
      "class": {
        "system": "http://terminology.hl7.org/CodeSystem/v3-ActCode",
        "code": "OBSENC",
        "display": "observation encounter"
      },
      "type": [ {
        "coding": [ {
          "system": "http://snomed.info/sct",
          "code": "448951000124107"
        } ]
      } ],
      "subject": {
        "reference": "Patient/4d24c61a-7de6-4e88-a9fa-992069468175"
      },
      "period": {
        "start": "2025-10-31T05:00:00+00:00",
        "end": "2025-11-01T08:00:00+00:00"
      },
      "length": {
        "value": 1.0,
        "unit": "days"
      }
    },
    "request": {
      "method": "PUT",
      "url": "Encounter/58e9a294-d801-433e-b94b-0e3f86dfd11d"
    }
  }, {
    "fullUrl": "https://madie.cms.gov/Encounter/870dc66d-a252-4a31-9478-df4cf71af7f7",
    "resource": {
      "resourceType": "Encounter",
      "id": "870dc66d-a252-4a31-9478-df4cf71af7f7",
      "meta": {
        "profile": [ "http://hl7.org/fhir/us/qicore/StructureDefinition/qicore-encounter" ]
      },
      "status": "finished",
      "class": {
        "system": "http://terminology.hl7.org/CodeSystem/v3-ActCode",
        "code": "IMP",
        "display": "inpatient encounter"
      },
      "type": [ {
        "coding": [ {
          "system": "http://snomed.info/sct",
          "code": "8715000"
        } ]
      } ],
      "subject": {
        "reference": "Patient/4d24c61a-7de6-4e88-a9fa-992069468175"
      },
      "period": {
        "start": "2025-11-01T08:00:00+00:00",
        "end": "2025-11-26T08:15:00+00:00"
      },
      "length": {
        "value": 25.0,
        "unit": "days"
      }
    },
    "request": {
      "method": "PUT",
      "url": "Encounter/870dc66d-a252-4a31-9478-df4cf71af7f7"
    }
  }, {
    "fullUrl": "https://madie.cms.gov/Coverage/3f242728-f9c9-4790-a5c8-5496a58db70a",
    "resource": {
      "resourceType": "Coverage",
      "id": "3f242728-f9c9-4790-a5c8-5496a58db70a",
      "status": "active",
      "beneficiary": {
        "reference": "Patient/4d24c61a-7de6-4e88-a9fa-992069468175"
      },
      "period": {
        "start": "1974-01-02T08:00:00+00:00"
      },
      "payor": [ {
        "reference": "Organization/9c5f06c2-7c71-44f9-bb3a-6c6dc3f77ce7"
      } ]
    },
    "request": {
      "method": "PUT",
      "url": "Coverage/3f242728-f9c9-4790-a5c8-5496a58db70a"
    }
  }, {
    "fullUrl": "https://madie.cms.gov/Procedure/68956daa-2dc2-4b37-be00-3ee31eef9733",
    "resource": {
      "resourceType": "Procedure",
      "id": "68956daa-2dc2-4b37-be00-3ee31eef9733",
      "meta": {
        "profile": [ "http://hl7.org/fhir/us/qicore/StructureDefinition/qicore-procedurenotdone" ]
      },
      "extension": [ {
        "url": "http://hl7.org/fhir/us/qicore/StructureDefinition/qicore-recorded",
        "valueDateTime": "2025-10-31T07:35:00-04:00"
      } ],
      "status": "not-done",
      "statusReason": {
        "coding": [ {
          "system": "http://snomed.info/sct",
          "code": "183932001",
          "display": "Procedure contraindicated (situation)",
          "userSelected": true
        } ]
      },
      "code": {
        "coding": [ {
          "system": "http://snomed.info/sct",
          "code": "424831005",
          "display": "Application of foot pump (procedure)",
          "userSelected": true
        } ]
      },
      "subject": {
        "reference": "Patient/4d24c61a-7de6-4e88-a9fa-992069468175"
      },
      "_performedDateTime": {
        "extension": [ {
          "url": "http://hl7.org/fhir/StructureDefinition/data-absent-reason",
          "valueCode": "not-performed"
        } ]
      }
    },
    "request": {
      "method": "PUT",
      "url": "Procedure/68956daa-2dc2-4b37-be00-3ee31eef9733"
    }
  }, {
    "fullUrl": "https://madie.cms.gov/MedicationAdministration/b72e1e3c-767a-423c-acb2-8b3f173ffff3",
    "resource": {
      "resourceType": "MedicationAdministration",
      "id": "b72e1e3c-767a-423c-acb2-8b3f173ffff3",
      "meta": {
        "profile": [ "http://hl7.org/fhir/us/qicore/StructureDefinition/qicore-mednotadministered" ]
      },
      "extension": [ {
        "url": "http://hl7.org/fhir/us/qicore/StructureDefinition/qicore-recorded",
        "valueDateTime": "2025-10-31T07:00:00+00:00"
      } ],
      "status": "not-done",
      "statusReason": [ {
        "coding": [ {
          "system": "http://snomed.info/sct",
          "code": "183932001",
          "display": "Procedure contraindicated (situation)",
          "userSelected": true
        } ]
      } ],
      "medicationCodeableConcept": {
        "coding": [ {
          "system": "http://www.nlm.nih.gov/research/umls/rxnorm",
          "code": "2588062",
          "display": "rivaroxaban 1 MG/ML Oral Suspension"
        } ]
      },
      "subject": {
        "reference": "Patient/4d24c61a-7de6-4e88-a9fa-992069468175"
      },
      "effectivePeriod": {
        "start": "2025-10-31T07:00:00+00:00"
      }
    },
    "request": {
      "method": "PUT",
      "url": "MedicationAdministration/b72e1e3c-767a-423c-acb2-8b3f173ffff3"
    }
  }, {
    "fullUrl": "https://madie.cms.gov/Organization/9c5f06c2-7c71-44f9-bb3a-6c6dc3f77ce7",
    "resource": {
      "resourceType": "Organization",
      "id": "9c5f06c2-7c71-44f9-bb3a-6c6dc3f77ce7",
      "meta": {
        "profile": [ "http://hl7.org/fhir/us/qicore/StructureDefinition/qicore-organization" ]
      },
      "identifier": [ {
        "use": "temp",
        "system": "urn:oid:2.16.840.1.113883.4.4",
        "value": "21-3259825"
      } ],
      "active": true,
      "type": [ {
        "coding": [ {
          "system": "http://terminology.hl7.org/CodeSystem/organization-type",
          "code": "pay",
          "display": "Payer"
        } ]
      } ],
      "name": "Blue Cross Blue Shield of Texas",
      "telecom": [ {
        "system": "phone",
        "value": "(+1) 972-766-6900"
      } ],
      "address": [ {
        "use": "billing",
        "type": "postal",
        "line": [ "P.O. Box 660044" ],
        "city": "Dallas",
        "state": "TX",
        "postalCode": "75266-0044",
        "country": "USA"
      } ]
    },
    "request": {
      "method": "PUT",
      "url": "Organization/9c5f06c2-7c71-44f9-bb3a-6c6dc3f77ce7"
    }
  }, {
    "fullUrl": "https://madie.cms.gov/Practitioner/8185864c-70e3-40cd-a014-847e52b6ce21",
    "resource": {
      "resourceType": "Practitioner",
      "id": "8185864c-70e3-40cd-a014-847e52b6ce21",
      "identifier": [ {
        "system": "http://hl7.org/fhir/sid/us-npi",
        "value": "123456"
      } ],
      "name": [ {
        "family": "Evil",
        "prefix": [ "Dr" ]
      } ]
    },
    "request": {
      "method": "PUT",
      "url": "Practitioner/8185864c-70e3-40cd-a014-847e52b6ce21"
    }
  }, {
    "fullUrl": "https://madie.cms.gov/MeasureReport/d50e5130-0826-4074-8afc-5d9ca8c20638",
    "resource": {
      "resourceType": "MeasureReport",
      "id": "d50e5130-0826-4074-8afc-5d9ca8c20638",
      "meta": {
        "profile": [ "http://hl7.org/fhir/us/cqfmeasures/StructureDefinition/test-case-cqfm" ]
      },
      "contained": [ {
        "resourceType": "Parameters",
        "id": "6bd2f44a-7a63-4598-96c7-52d9a14438da-parameters",
        "parameter": [ {
          "name": "subject",
          "valueString": "4d24c61a-7de6-4e88-a9fa-992069468175"
        } ]
      } ],
      "extension": [ {
        "url": "http://hl7.org/fhir/us/cqfmeasures/StructureDefinition/cqfm-inputParameters",
        "valueReference": {
          "reference": "#6bd2f44a-7a63-4598-96c7-52d9a14438da-parameters"
        }
      }, {
        "url": "http://hl7.org/fhir/us/cqfmeasures/StructureDefinition/cqfm-testCaseDescription",
        "valueMarkdown": "medical reasons for not receiving VFP devices and Rivaroxaban in OBS\n"
      } ],
      "modifierExtension": [ {
        "url": "http://hl7.org/fhir/us/cqfmeasures/StructureDefinition/cqfm-isTestCase",
        "valueBoolean": true
      } ],
      "status": "complete",
      "type": "individual",
      "measure": "https://madie.cms.gov/Measure/VenousThromboembolismProphylaxisFHIR",
      "period": {
        "start": "2025-01-01",
        "end": "2025-12-31"
      },
      "group": [ {
        "population": [ {
          "code": {
            "coding": [ {
              "system": "http://terminology.hl7.org/CodeSystem/measure-population",
              "code": "initial-population",
              "display": "Initial Population"
            } ]
          },
          "count": 1
        }, {
          "code": {
            "coding": [ {
              "system": "http://terminology.hl7.org/CodeSystem/measure-population",
              "code": "denominator",
              "display": "Denominator"
            } ]
          },
          "count": 1
        }, {
          "code": {
            "coding": [ {
              "system": "http://terminology.hl7.org/CodeSystem/measure-population",
              "code": "denominator-exclusion",
              "display": "Denominator Exclusion"
            } ]
          },
          "count": 0
        }, {
          "code": {
            "coding": [ {
              "system": "http://terminology.hl7.org/CodeSystem/measure-population",
              "code": "numerator",
              "display": "Numerator"
            } ]
          },
          "count": 1
        } ]
      } ],
      "evaluatedResource": [ {
        "reference": "Patient/4d24c61a-7de6-4e88-a9fa-992069468175"
      }, {
        "reference": "Encounter/58e9a294-d801-433e-b94b-0e3f86dfd11d"
      }, {
        "reference": "Encounter/870dc66d-a252-4a31-9478-df4cf71af7f7"
      }, {
        "reference": "Coverage/3f242728-f9c9-4790-a5c8-5496a58db70a"
      }, {
        "reference": "Procedure/68956daa-2dc2-4b37-be00-3ee31eef9733"
      }, {
        "reference": "MedicationAdministration/b72e1e3c-767a-423c-acb2-8b3f173ffff3"
      }, {
        "reference": "Organization/9c5f06c2-7c71-44f9-bb3a-6c6dc3f77ce7"
      }, {
        "reference": "Practitioner/8185864c-70e3-40cd-a014-847e52b6ce21"
      } ]
    },
    "request": {
      "method": "PUT",
      "url": "MeasureReport/d50e5130-0826-4074-8afc-5d9ca8c20638"
    }
  } ]
}