{
  "resourceType": "Bundle",
  "id": "612e6a5f02c62a011f2e9d9d",
  "type": "transaction",
  "entry": [ {
    "fullUrl": "https://madie.cms.gov/Patient/1d137dba-b204-4523-847d-e3c6c4d9da53",
    "resource": {
      "resourceType": "Patient",
      "id": "1d137dba-b204-4523-847d-e3c6c4d9da53",
      "meta": {
        "profile": [ "http://hl7.org/fhir/us/qicore/StructureDefinition/qicore-patient" ]
      },
      "text": {
        "status": "generated",
        "div": "<div xmlns=\"http://www.w3.org/1999/xhtml\"><div class=\"hapiHeaderText\">VTE_RiskAssess_DayOfAnes <b>NUMERPASS </b></div><table class=\"hapiPropertyTable\"><tbody><tr><td>Identifier</td><td>c54dbc364ce913dfe300bd0f00b65409</td></tr><tr><td>Date of birth</td><td><span>02 January 1974</span></td></tr></tbody></table></div>"
      },
      "extension": [ {
        "url": "http://hl7.org/fhir/us/core/StructureDefinition/us-core-race",
        "extension": [ {
          "url": "ombCategory",
          "valueCoding": {
            "system": "urn:oid:2.16.840.1.113883.6.238",
            "code": "1002-5",
            "display": "American Indian or Alaska Native",
            "userSelected": true
          }
        }, {
          "url": "text",
          "valueString": "American Indian or Alaska Native"
        } ]
      }, {
        "url": "http://hl7.org/fhir/us/core/StructureDefinition/us-core-ethnicity",
        "extension": [ {
          "url": "ombCategory",
          "valueCoding": {
            "system": "urn:oid:2.16.840.1.113883.6.238",
            "code": "2135-2",
            "display": "Hispanic or Latino",
            "userSelected": true
          }
        }, {
          "url": "text",
          "valueString": "Hispanic or Latino"
        } ]
      } ],
      "identifier": [ {
        "type": {
          "coding": [ {
            "system": "http://terminology.hl7.org/CodeSystem/v2-0203",
            "code": "MR"
          } ]
        },
        "system": "https://bonnie-fhir.healthit.gov/",
        "value": "612e6a5f02c62a011f2e9d9d"
      } ],
      "active": true,
      "name": [ {
        "use": "usual",
        "family": "NUMERPass",
        "given": [ "VTE_RiskAssess_DayOfAnes" ]
      } ],
      "gender": "male",
      "birthDate": "1974-01-02"
    },
    "request": {
      "method": "PUT",
      "url": "Patient/1d137dba-b204-4523-847d-e3c6c4d9da53"
    }
  }, {
    "fullUrl": "https://madie.cms.gov/Encounter/657b4adc-236e-41b4-8697-b3fecade3cd2",
    "resource": {
      "resourceType": "Encounter",
      "id": "657b4adc-236e-41b4-8697-b3fecade3cd2",
      "meta": {
        "profile": [ "http://hl7.org/fhir/us/qicore/StructureDefinition/qicore-encounter" ]
      },
      "status": "finished",
      "class": {
        "system": "http://terminology.hl7.org/CodeSystem/v3-ActCode",
        "code": "IMP",
        "display": "inpatient encounter"
      },
      "type": [ {
        "coding": [ {
          "system": "http://snomed.info/sct",
          "code": "8715000"
        } ]
      } ],
      "subject": {
        "reference": "Patient/1d137dba-b204-4523-847d-e3c6c4d9da53"
      },
      "period": {
        "start": "2025-11-01T08:00:00+00:00",
        "end": "2025-11-26T08:15:00+00:00"
      },
      "length": {
        "value": 25.0,
        "unit": "days"
      }
    },
    "request": {
      "method": "PUT",
      "url": "Encounter/657b4adc-236e-41b4-8697-b3fecade3cd2"
    }
  }, {
    "fullUrl": "https://madie.cms.gov/Observation/803962bd-e08a-4523-a755-b180a16f16ad",
    "resource": {
      "resourceType": "Observation",
      "id": "803962bd-e08a-4523-a755-b180a16f16ad",
      "meta": {
        "profile": [ "http://hl7.org/fhir/us/qicore/StructureDefinition/qicore-observation" ]
      },
      "status": "final",
      "category": [ {
        "coding": [ {
          "system": "http://terminology.hl7.org/CodeSystem/observation-category",
          "code": "exam",
          "display": "exam"
        } ]
      } ],
      "code": {
        "coding": [ {
          "system": "http://loinc.org",
          "code": "72136-5"
        } ]
      },
      "subject": {
        "reference": "Patient/1d137dba-b204-4523-847d-e3c6c4d9da53"
      },
      "effectivePeriod": {
        "start": "2025-11-02T11:00:00+00:00",
        "end": "2025-11-02T11:05:00+00:00"
      },
      "valueCodeableConcept": {
        "coding": [ {
          "system": "http://snomed.info/sct",
          "code": "260362008",
          "display": "Low Risk"
        } ]
      }
    },
    "request": {
      "method": "PUT",
      "url": "Observation/803962bd-e08a-4523-a755-b180a16f16ad"
    }
  }, {
    "fullUrl": "https://madie.cms.gov/Coverage/6fccd5ed-e3b0-4e48-82dc-8f59141357d5",
    "resource": {
      "resourceType": "Coverage",
      "id": "6fccd5ed-e3b0-4e48-82dc-8f59141357d5",
      "status": "active",
      "beneficiary": {
        "reference": "Patient/1d137dba-b204-4523-847d-e3c6c4d9da53"
      },
      "period": {
        "start": "1974-01-02T08:00:00+00:00"
      },
      "payor": [ {
        "reference": "Organization/570daec3-4dbd-47bd-8a60-fc8f3b017a9a"
      } ]
    },
    "request": {
      "method": "PUT",
      "url": "Coverage/6fccd5ed-e3b0-4e48-82dc-8f59141357d5"
    }
  }, {
    "fullUrl": "https://madie.cms.gov/Procedure/f198bdec-1ad3-45ec-a063-86168c953318",
    "resource": {
      "resourceType": "Procedure",
      "id": "f198bdec-1ad3-45ec-a063-86168c953318",
      "meta": {
        "profile": [ "http://hl7.org/fhir/us/qicore/StructureDefinition/qicore-procedure" ]
      },
      "extension": [ {
        "url": "http://hl7.org/fhir/us/qicore/StructureDefinition/qicore-recorded",
        "valueDateTime": "2025-11-02T09:35:00-04:00"
      } ],
      "status": "completed",
      "code": {
        "coding": [ {
          "system": "http://www.icd10data.com/icd10pcs",
          "code": "3E030FZ"
        }, {
          "system": "http://snomed.info/sct",
          "code": "18946005"
        } ]
      },
      "subject": {
        "reference": "Patient/1d137dba-b204-4523-847d-e3c6c4d9da53"
      },
      "performedPeriod": {
        "start": "2025-11-02T09:00:00+00:00",
        "end": "2025-11-02T09:15:00+00:00"
      }
    },
    "request": {
      "method": "PUT",
      "url": "Procedure/f198bdec-1ad3-45ec-a063-86168c953318"
    }
  }, {
    "fullUrl": "https://madie.cms.gov/Organization/570daec3-4dbd-47bd-8a60-fc8f3b017a9a",
    "resource": {
      "resourceType": "Organization",
      "id": "570daec3-4dbd-47bd-8a60-fc8f3b017a9a",
      "meta": {
        "profile": [ "http://hl7.org/fhir/us/qicore/StructureDefinition/qicore-organization" ]
      },
      "identifier": [ {
        "use": "temp",
        "system": "urn:oid:2.16.840.1.113883.4.4",
        "value": "21-3259825"
      } ],
      "active": true,
      "type": [ {
        "coding": [ {
          "system": "http://terminology.hl7.org/CodeSystem/organization-type",
          "code": "pay",
          "display": "Payer"
        } ]
      } ],
      "name": "Blue Cross Blue Shield of Texas",
      "telecom": [ {
        "system": "phone",
        "value": "(+1) 972-766-6900"
      } ],
      "address": [ {
        "use": "billing",
        "type": "postal",
        "line": [ "P.O. Box 660044" ],
        "city": "Dallas",
        "state": "TX",
        "postalCode": "75266-0044",
        "country": "USA"
      } ]
    },
    "request": {
      "method": "PUT",
      "url": "Organization/570daec3-4dbd-47bd-8a60-fc8f3b017a9a"
    }
  }, {
    "fullUrl": "https://madie.cms.gov/Practitioner/a240e4fb-895e-471d-be38-83f239ced5f5",
    "resource": {
      "resourceType": "Practitioner",
      "id": "a240e4fb-895e-471d-be38-83f239ced5f5",
      "identifier": [ {
        "system": "http://hl7.org/fhir/sid/us-npi",
        "value": "123456"
      } ],
      "name": [ {
        "family": "Evil",
        "prefix": [ "Dr" ]
      } ]
    },
    "request": {
      "method": "PUT",
      "url": "Practitioner/a240e4fb-895e-471d-be38-83f239ced5f5"
    }
  }, {
    "fullUrl": "https://madie.cms.gov/MeasureReport/46d04d30-6984-4ffe-8fa8-afc5d55b7f82",
    "resource": {
      "resourceType": "MeasureReport",
      "id": "46d04d30-6984-4ffe-8fa8-afc5d55b7f82",
      "meta": {
        "profile": [ "http://hl7.org/fhir/us/cqfmeasures/StructureDefinition/test-case-cqfm" ]
      },
      "contained": [ {
        "resourceType": "Parameters",
        "id": "d640f697-db97-4e3b-a8e1-bdc173f488c5-parameters",
        "parameter": [ {
          "name": "subject",
          "valueString": "1d137dba-b204-4523-847d-e3c6c4d9da53"
        } ]
      } ],
      "extension": [ {
        "url": "http://hl7.org/fhir/us/cqfmeasures/StructureDefinition/cqfm-inputParameters",
        "valueReference": {
          "reference": "#d640f697-db97-4e3b-a8e1-bdc173f488c5-parameters"
        }
      }, {
        "url": "http://hl7.org/fhir/us/cqfmeasures/StructureDefinition/cqfm-testCaseDescription",
        "valueMarkdown": "risk assessment done on the day of end of anesthesia, result is low risk. Risk Assessment uses effectivePeriod\n"
      } ],
      "modifierExtension": [ {
        "url": "http://hl7.org/fhir/us/cqfmeasures/StructureDefinition/cqfm-isTestCase",
        "valueBoolean": true
      } ],
      "status": "complete",
      "type": "individual",
      "measure": "https://madie.cms.gov/Measure/VenousThromboembolismProphylaxisFHIR",
      "period": {
        "start": "2025-01-01",
        "end": "2025-12-31"
      },
      "group": [ {
        "population": [ {
          "code": {
            "coding": [ {
              "system": "http://terminology.hl7.org/CodeSystem/measure-population",
              "code": "initial-population",
              "display": "Initial Population"
            } ]
          },
          "count": 1
        }, {
          "code": {
            "coding": [ {
              "system": "http://terminology.hl7.org/CodeSystem/measure-population",
              "code": "denominator",
              "display": "Denominator"
            } ]
          },
          "count": 1
        }, {
          "code": {
            "coding": [ {
              "system": "http://terminology.hl7.org/CodeSystem/measure-population",
              "code": "denominator-exclusion",
              "display": "Denominator Exclusion"
            } ]
          },
          "count": 0
        }, {
          "code": {
            "coding": [ {
              "system": "http://terminology.hl7.org/CodeSystem/measure-population",
              "code": "numerator",
              "display": "Numerator"
            } ]
          },
          "count": 1
        } ]
      } ],
      "evaluatedResource": [ {
        "reference": "Patient/1d137dba-b204-4523-847d-e3c6c4d9da53"
      }, {
        "reference": "Encounter/657b4adc-236e-41b4-8697-b3fecade3cd2"
      }, {
        "reference": "Observation/803962bd-e08a-4523-a755-b180a16f16ad"
      }, {
        "reference": "Coverage/6fccd5ed-e3b0-4e48-82dc-8f59141357d5"
      }, {
        "reference": "Procedure/f198bdec-1ad3-45ec-a063-86168c953318"
      }, {
        "reference": "Organization/570daec3-4dbd-47bd-8a60-fc8f3b017a9a"
      }, {
        "reference": "Practitioner/a240e4fb-895e-471d-be38-83f239ced5f5"
      } ]
    },
    "request": {
      "method": "PUT",
      "url": "MeasureReport/46d04d30-6984-4ffe-8fa8-afc5d55b7f82"
    }
  } ]
}