{
  "resourceType": "Bundle",
  "id": "612e6a9002c62a011f2ea5f6",
  "type": "transaction",
  "entry": [ {
    "fullUrl": "https://madie.cms.gov/Patient/452d0645-0e74-4d1d-a105-37c55c8cc640",
    "resource": {
      "resourceType": "Patient",
      "id": "452d0645-0e74-4d1d-a105-37c55c8cc640",
      "meta": {
        "profile": [ "http://hl7.org/fhir/us/qicore/StructureDefinition/qicore-patient" ]
      },
      "text": {
        "status": "generated",
        "div": "<div xmlns=\"http://www.w3.org/1999/xhtml\"><div class=\"hapiHeaderText\">DA_VFP_DayOfAdm_BfAdmDT <b>NUMERPASS </b></div><table class=\"hapiPropertyTable\"><tbody><tr><td>Identifier</td><td>af7fb96c408ff8f32d85ce64a563f18b</td></tr><tr><td>Date of birth</td><td><span>02 January 1974</span></td></tr></tbody></table></div>"
      },
      "extension": [ {
        "url": "http://hl7.org/fhir/us/core/StructureDefinition/us-core-race",
        "extension": [ {
          "url": "ombCategory",
          "valueCoding": {
            "system": "urn:oid:2.16.840.1.113883.6.238",
            "code": "1002-5",
            "display": "American Indian or Alaska Native",
            "userSelected": true
          }
        }, {
          "url": "text",
          "valueString": "American Indian or Alaska Native"
        } ]
      }, {
        "url": "http://hl7.org/fhir/us/core/StructureDefinition/us-core-ethnicity",
        "extension": [ {
          "url": "ombCategory",
          "valueCoding": {
            "system": "urn:oid:2.16.840.1.113883.6.238",
            "code": "2135-2",
            "display": "Hispanic or Latino",
            "userSelected": true
          }
        }, {
          "url": "text",
          "valueString": "Hispanic or Latino"
        } ]
      } ],
      "identifier": [ {
        "type": {
          "coding": [ {
            "system": "http://terminology.hl7.org/CodeSystem/v2-0203",
            "code": "MR"
          } ]
        },
        "system": "https://bonnie-fhir.healthit.gov/",
        "value": "612e6a9002c62a011f2ea5f6"
      } ],
      "active": true,
      "name": [ {
        "use": "usual",
        "family": "NUMERPass",
        "given": [ "DA_VFP_DayOfAdm_BfAdmDT" ]
      } ],
      "gender": "male",
      "birthDate": "1974-01-02"
    },
    "request": {
      "method": "PUT",
      "url": "Patient/452d0645-0e74-4d1d-a105-37c55c8cc640"
    }
  }, {
    "fullUrl": "https://madie.cms.gov/Encounter/59bbaef4-faa3-4058-983d-13d98b871bab",
    "resource": {
      "resourceType": "Encounter",
      "id": "59bbaef4-faa3-4058-983d-13d98b871bab",
      "meta": {
        "profile": [ "http://hl7.org/fhir/us/qicore/StructureDefinition/qicore-encounter" ]
      },
      "status": "finished",
      "class": {
        "system": "http://terminology.hl7.org/CodeSystem/v3-ActCode",
        "code": "IMP",
        "display": "inpatient encounter"
      },
      "type": [ {
        "coding": [ {
          "system": "http://snomed.info/sct",
          "code": "8715000"
        } ]
      } ],
      "subject": {
        "reference": "Patient/452d0645-0e74-4d1d-a105-37c55c8cc640"
      },
      "period": {
        "start": "2025-11-01T08:00:00+00:00",
        "end": "2025-11-26T08:15:00+00:00"
      },
      "length": {
        "value": 25.0,
        "unit": "days"
      }
    },
    "request": {
      "method": "PUT",
      "url": "Encounter/59bbaef4-faa3-4058-983d-13d98b871bab"
    }
  }, {
    "fullUrl": "https://madie.cms.gov/Coverage/068b0c23-a7c9-4ae0-8d16-45a077fdeab1",
    "resource": {
      "resourceType": "Coverage",
      "id": "068b0c23-a7c9-4ae0-8d16-45a077fdeab1",
      "status": "active",
      "beneficiary": {
        "reference": "Patient/452d0645-0e74-4d1d-a105-37c55c8cc640"
      },
      "period": {
        "start": "1974-01-02T08:00:00+00:00"
      },
      "payor": [ {
        "reference": "Organization/3334805d-ea73-4edd-81f9-8e1bbb18c9fd"
      } ]
    },
    "request": {
      "method": "PUT",
      "url": "Coverage/068b0c23-a7c9-4ae0-8d16-45a077fdeab1"
    }
  }, {
    "fullUrl": "https://madie.cms.gov/Procedure/a16659f4-efb9-4a9b-ac8c-97e4b487fbfb",
    "resource": {
      "resourceType": "Procedure",
      "id": "a16659f4-efb9-4a9b-ac8c-97e4b487fbfb",
      "meta": {
        "profile": [ "http://hl7.org/fhir/us/qicore/StructureDefinition/qicore-procedure" ]
      },
      "extension": [ {
        "url": "http://hl7.org/fhir/us/qicore/StructureDefinition/qicore-recorded",
        "valueDateTime": "2012-11-19T09:35:00-04:00"
      } ],
      "status": "completed",
      "code": {
        "coding": [ {
          "system": "http://snomed.info/sct",
          "code": "18946005"
        } ]
      },
      "subject": {
        "reference": "Patient/452d0645-0e74-4d1d-a105-37c55c8cc640"
      },
      "performedPeriod": {
        "start": "2025-11-01T09:00:00+00:00",
        "end": "2025-11-01T09:15:00+00:00"
      }
    },
    "request": {
      "method": "PUT",
      "url": "Procedure/a16659f4-efb9-4a9b-ac8c-97e4b487fbfb"
    }
  }, {
    "fullUrl": "https://madie.cms.gov/Procedure/9bceb6c6-3f21-4bc5-badc-296c46342ab0",
    "resource": {
      "resourceType": "Procedure",
      "id": "9bceb6c6-3f21-4bc5-badc-296c46342ab0",
      "meta": {
        "profile": [ "http://hl7.org/fhir/us/qicore/StructureDefinition/qicore-procedure" ]
      },
      "extension": [ {
        "url": "http://hl7.org/fhir/us/qicore/StructureDefinition/qicore-recorded",
        "valueDateTime": "2012-11-01T09:35:00-04:00"
      } ],
      "status": "completed",
      "code": {
        "coding": [ {
          "system": "http://snomed.info/sct",
          "code": "442410008",
          "display": "Application of venous foot pump (procedure)"
        } ]
      },
      "subject": {
        "reference": "Patient/452d0645-0e74-4d1d-a105-37c55c8cc640"
      },
      "performedDateTime": "2025-11-02T07:00:00.000+00:00",
      "usedCode": [ {
        "coding": [ {
          "system": "http://snomed.info/sct",
          "code": "442023007",
          "display": "Venous foot pump, device (physical object)",
          "userSelected": true
        } ]
      } ]
    },
    "request": {
      "method": "PUT",
      "url": "Procedure/9bceb6c6-3f21-4bc5-badc-296c46342ab0"
    }
  }, {
    "fullUrl": "https://madie.cms.gov/Organization/3334805d-ea73-4edd-81f9-8e1bbb18c9fd",
    "resource": {
      "resourceType": "Organization",
      "id": "3334805d-ea73-4edd-81f9-8e1bbb18c9fd",
      "meta": {
        "profile": [ "http://hl7.org/fhir/us/qicore/StructureDefinition/qicore-organization" ]
      },
      "identifier": [ {
        "use": "temp",
        "system": "urn:oid:2.16.840.1.113883.4.4",
        "value": "21-3259825"
      } ],
      "active": true,
      "type": [ {
        "coding": [ {
          "system": "http://terminology.hl7.org/CodeSystem/organization-type",
          "code": "pay",
          "display": "Payer"
        } ]
      } ],
      "name": "Blue Cross Blue Shield of Texas",
      "telecom": [ {
        "system": "phone",
        "value": "(+1) 972-766-6900"
      } ],
      "address": [ {
        "use": "billing",
        "type": "postal",
        "line": [ "P.O. Box 660044" ],
        "city": "Dallas",
        "state": "TX",
        "postalCode": "75266-0044",
        "country": "USA"
      } ]
    },
    "request": {
      "method": "PUT",
      "url": "Organization/3334805d-ea73-4edd-81f9-8e1bbb18c9fd"
    }
  }, {
    "fullUrl": "https://madie.cms.gov/Practitioner/83ad2514-bc29-453f-9d3d-ed0837bb179b",
    "resource": {
      "resourceType": "Practitioner",
      "id": "83ad2514-bc29-453f-9d3d-ed0837bb179b",
      "identifier": [ {
        "system": "http://hl7.org/fhir/sid/us-npi",
        "value": "123456"
      } ],
      "name": [ {
        "family": "Evil",
        "prefix": [ "Dr" ]
      } ]
    },
    "request": {
      "method": "PUT",
      "url": "Practitioner/83ad2514-bc29-453f-9d3d-ed0837bb179b"
    }
  }, {
    "fullUrl": "https://madie.cms.gov/MeasureReport/577c2b35-8573-452a-8f07-5a9220c0011c",
    "resource": {
      "resourceType": "MeasureReport",
      "id": "577c2b35-8573-452a-8f07-5a9220c0011c",
      "meta": {
        "profile": [ "http://hl7.org/fhir/us/cqfmeasures/StructureDefinition/test-case-cqfm" ]
      },
      "contained": [ {
        "resourceType": "Parameters",
        "id": "f233ecb7-09ce-4dc3-8e2b-986c08fee9af-parameters",
        "parameter": [ {
          "name": "subject",
          "valueString": "452d0645-0e74-4d1d-a105-37c55c8cc640"
        } ]
      } ],
      "extension": [ {
        "url": "http://hl7.org/fhir/us/cqfmeasures/StructureDefinition/cqfm-inputParameters",
        "valueReference": {
          "reference": "#f233ecb7-09ce-4dc3-8e2b-986c08fee9af-parameters"
        }
      }, {
        "url": "http://hl7.org/fhir/us/cqfmeasures/StructureDefinition/cqfm-testCaseDescription",
        "valueMarkdown": "vfp applied on the same day of admission date but it was before adm time"
      } ],
      "modifierExtension": [ {
        "url": "http://hl7.org/fhir/us/cqfmeasures/StructureDefinition/cqfm-isTestCase",
        "valueBoolean": true
      } ],
      "status": "complete",
      "type": "individual",
      "measure": "https://madie.cms.gov/Measure/VenousThromboembolismProphylaxisFHIR",
      "period": {
        "start": "2025-01-01",
        "end": "2025-12-31"
      },
      "group": [ {
        "population": [ {
          "code": {
            "coding": [ {
              "system": "http://terminology.hl7.org/CodeSystem/measure-population",
              "code": "initial-population",
              "display": "Initial Population"
            } ]
          },
          "count": 1
        }, {
          "code": {
            "coding": [ {
              "system": "http://terminology.hl7.org/CodeSystem/measure-population",
              "code": "denominator",
              "display": "Denominator"
            } ]
          },
          "count": 1
        }, {
          "code": {
            "coding": [ {
              "system": "http://terminology.hl7.org/CodeSystem/measure-population",
              "code": "denominator-exclusion",
              "display": "Denominator Exclusion"
            } ]
          },
          "count": 0
        }, {
          "code": {
            "coding": [ {
              "system": "http://terminology.hl7.org/CodeSystem/measure-population",
              "code": "numerator",
              "display": "Numerator"
            } ]
          },
          "count": 1
        } ]
      } ],
      "evaluatedResource": [ {
        "reference": "Patient/452d0645-0e74-4d1d-a105-37c55c8cc640"
      }, {
        "reference": "Encounter/59bbaef4-faa3-4058-983d-13d98b871bab"
      }, {
        "reference": "Coverage/068b0c23-a7c9-4ae0-8d16-45a077fdeab1"
      }, {
        "reference": "Procedure/a16659f4-efb9-4a9b-ac8c-97e4b487fbfb"
      }, {
        "reference": "Procedure/9bceb6c6-3f21-4bc5-badc-296c46342ab0"
      }, {
        "reference": "Organization/3334805d-ea73-4edd-81f9-8e1bbb18c9fd"
      }, {
        "reference": "Practitioner/83ad2514-bc29-453f-9d3d-ed0837bb179b"
      } ]
    },
    "request": {
      "method": "PUT",
      "url": "MeasureReport/577c2b35-8573-452a-8f07-5a9220c0011c"
    }
  } ]
}