{
  "resourceType": "Bundle",
  "id": "612e6b5d02c62a011f2ed7ba",
  "type": "transaction",
  "entry": [ {
    "fullUrl": "https://madie.cms.gov/Patient/16724438-dde5-4277-84d8-75ed1b102b46",
    "resource": {
      "resourceType": "Patient",
      "id": "16724438-dde5-4277-84d8-75ed1b102b46",
      "meta": {
        "profile": [ "http://hl7.org/fhir/us/qicore/StructureDefinition/qicore-patient" ]
      },
      "text": {
        "status": "generated",
        "div": "<div xmlns=\"http://www.w3.org/1999/xhtml\"><div class=\"hapiHeaderText\">MA_UHep_EDendTimeOnIPEncStrtTm <b>NUMERPASS </b></div><table class=\"hapiPropertyTable\"><tbody><tr><td>Identifier</td><td>613a0a42598b5d681406521f174c78ac</td></tr><tr><td>Date of birth</td><td><span>02 January 1974</span></td></tr></tbody></table></div>"
      },
      "extension": [ {
        "url": "http://hl7.org/fhir/us/core/StructureDefinition/us-core-race",
        "extension": [ {
          "url": "ombCategory",
          "valueCoding": {
            "system": "urn:oid:2.16.840.1.113883.6.238",
            "code": "1002-5",
            "display": "American Indian or Alaska Native",
            "userSelected": true
          }
        }, {
          "url": "text",
          "valueString": "American Indian or Alaska Native"
        } ]
      }, {
        "url": "http://hl7.org/fhir/us/core/StructureDefinition/us-core-ethnicity",
        "extension": [ {
          "url": "ombCategory",
          "valueCoding": {
            "system": "urn:oid:2.16.840.1.113883.6.238",
            "code": "2135-2",
            "display": "Hispanic or Latino",
            "userSelected": true
          }
        }, {
          "url": "text",
          "valueString": "Hispanic or Latino"
        } ]
      } ],
      "identifier": [ {
        "type": {
          "coding": [ {
            "system": "http://terminology.hl7.org/CodeSystem/v2-0203",
            "code": "MR"
          } ]
        },
        "system": "https://bonnie-fhir.healthit.gov/",
        "value": "612e6b5d02c62a011f2ed7ba"
      } ],
      "active": true,
      "name": [ {
        "use": "usual",
        "family": "NUMERPass",
        "given": [ "MA_UHep_EDendTimeOnIPEncStrtTm" ]
      } ],
      "gender": "male",
      "birthDate": "1974-01-02"
    },
    "request": {
      "method": "PUT",
      "url": "Patient/16724438-dde5-4277-84d8-75ed1b102b46"
    }
  }, {
    "fullUrl": "https://madie.cms.gov/Encounter/84f8974a-abb0-49f8-934d-b83b12bb0c64",
    "resource": {
      "resourceType": "Encounter",
      "id": "84f8974a-abb0-49f8-934d-b83b12bb0c64",
      "meta": {
        "profile": [ "http://hl7.org/fhir/us/qicore/StructureDefinition/qicore-encounter" ]
      },
      "status": "finished",
      "class": {
        "system": "http://terminology.hl7.org/CodeSystem/v3-ActCode",
        "code": "EMER",
        "display": "emergency"
      },
      "type": [ {
        "coding": [ {
          "system": "http://snomed.info/sct",
          "code": "4525004"
        } ]
      } ],
      "subject": {
        "reference": "Patient/16724438-dde5-4277-84d8-75ed1b102b46"
      },
      "period": {
        "start": "2025-10-30T06:00:00+00:00",
        "end": "2025-11-01T08:00:00+00:00"
      },
      "length": {
        "value": 2.0,
        "unit": "days"
      }
    },
    "request": {
      "method": "PUT",
      "url": "Encounter/84f8974a-abb0-49f8-934d-b83b12bb0c64"
    }
  }, {
    "fullUrl": "https://madie.cms.gov/Encounter/d9ab1c26-1d52-439b-a693-99d120ebddb4",
    "resource": {
      "resourceType": "Encounter",
      "id": "d9ab1c26-1d52-439b-a693-99d120ebddb4",
      "meta": {
        "profile": [ "http://hl7.org/fhir/us/qicore/StructureDefinition/qicore-encounter" ]
      },
      "status": "finished",
      "class": {
        "system": "http://terminology.hl7.org/CodeSystem/v3-ActCode",
        "code": "IMP",
        "display": "inpatient encounter"
      },
      "type": [ {
        "coding": [ {
          "system": "http://snomed.info/sct",
          "code": "8715000"
        } ]
      } ],
      "subject": {
        "reference": "Patient/16724438-dde5-4277-84d8-75ed1b102b46"
      },
      "period": {
        "start": "2025-11-01T08:00:00+00:00",
        "end": "2025-11-26T08:15:00+00:00"
      },
      "length": {
        "value": 25.0,
        "unit": "days"
      }
    },
    "request": {
      "method": "PUT",
      "url": "Encounter/d9ab1c26-1d52-439b-a693-99d120ebddb4"
    }
  }, {
    "fullUrl": "https://madie.cms.gov/Coverage/2db3be2d-568f-4508-a8a8-59f95f6e00d1",
    "resource": {
      "resourceType": "Coverage",
      "id": "2db3be2d-568f-4508-a8a8-59f95f6e00d1",
      "status": "active",
      "beneficiary": {
        "reference": "Patient/16724438-dde5-4277-84d8-75ed1b102b46"
      },
      "period": {
        "start": "1974-01-02T08:00:00+00:00"
      },
      "payor": [ {
        "reference": "Organization/fd88b455-1e92-448b-9796-4ab518443522"
      } ]
    },
    "request": {
      "method": "PUT",
      "url": "Coverage/2db3be2d-568f-4508-a8a8-59f95f6e00d1"
    }
  }, {
    "fullUrl": "https://madie.cms.gov/MedicationAdministration/df694aa8-8427-4dc0-af48-65d0c0542138",
    "resource": {
      "resourceType": "MedicationAdministration",
      "id": "df694aa8-8427-4dc0-af48-65d0c0542138",
      "meta": {
        "profile": [ "http://hl7.org/fhir/us/qicore/StructureDefinition/qicore-medicationadministration" ]
      },
      "status": "completed",
      "medicationCodeableConcept": {
        "coding": [ {
          "system": "http://www.nlm.nih.gov/research/umls/rxnorm",
          "code": "1361607"
        } ]
      },
      "subject": {
        "reference": "Patient/16724438-dde5-4277-84d8-75ed1b102b46"
      },
      "effectivePeriod": {
        "start": "2025-11-01T06:00:00+00:00",
        "end": "2025-11-01T07:00:00+00:00"
      },
      "dosage": {
        "route": {
          "coding": [ {
            "system": "http://snomed.info/sct",
            "code": "418114005",
            "display": "Intravenous route"
          } ]
        },
        "dose": {
          "value": 500,
          "unit": "ml",
          "system": "http://unitsofmeasure.org",
          "code": "ml"
        }
      }
    },
    "request": {
      "method": "PUT",
      "url": "MedicationAdministration/df694aa8-8427-4dc0-af48-65d0c0542138"
    }
  }, {
    "fullUrl": "https://madie.cms.gov/Organization/fd88b455-1e92-448b-9796-4ab518443522",
    "resource": {
      "resourceType": "Organization",
      "id": "fd88b455-1e92-448b-9796-4ab518443522",
      "meta": {
        "profile": [ "http://hl7.org/fhir/us/qicore/StructureDefinition/qicore-organization" ]
      },
      "identifier": [ {
        "use": "temp",
        "system": "urn:oid:2.16.840.1.113883.4.4",
        "value": "21-3259825"
      } ],
      "active": true,
      "type": [ {
        "coding": [ {
          "system": "http://terminology.hl7.org/CodeSystem/organization-type",
          "code": "pay",
          "display": "Payer"
        } ]
      } ],
      "name": "Blue Cross Blue Shield of Texas",
      "telecom": [ {
        "system": "phone",
        "value": "(+1) 972-766-6900"
      } ],
      "address": [ {
        "use": "billing",
        "type": "postal",
        "line": [ "P.O. Box 660044" ],
        "city": "Dallas",
        "state": "TX",
        "postalCode": "75266-0044",
        "country": "USA"
      } ]
    },
    "request": {
      "method": "PUT",
      "url": "Organization/fd88b455-1e92-448b-9796-4ab518443522"
    }
  }, {
    "fullUrl": "https://madie.cms.gov/Practitioner/ed0c267f-64ea-4054-b041-4dbe21d81bd1",
    "resource": {
      "resourceType": "Practitioner",
      "id": "ed0c267f-64ea-4054-b041-4dbe21d81bd1",
      "identifier": [ {
        "system": "http://hl7.org/fhir/sid/us-npi",
        "value": "123456"
      } ],
      "name": [ {
        "family": "Evil",
        "prefix": [ "Dr" ]
      } ]
    },
    "request": {
      "method": "PUT",
      "url": "Practitioner/ed0c267f-64ea-4054-b041-4dbe21d81bd1"
    }
  }, {
    "fullUrl": "https://madie.cms.gov/MeasureReport/57eef82b-edef-4f7f-8cad-90cd783b4176",
    "resource": {
      "resourceType": "MeasureReport",
      "id": "57eef82b-edef-4f7f-8cad-90cd783b4176",
      "meta": {
        "profile": [ "http://hl7.org/fhir/us/cqfmeasures/StructureDefinition/test-case-cqfm" ]
      },
      "contained": [ {
        "resourceType": "Parameters",
        "id": "4088c8ae-c3f0-437a-a895-0716af48d3bd-parameters",
        "parameter": [ {
          "name": "subject",
          "valueString": "16724438-dde5-4277-84d8-75ed1b102b46"
        } ]
      } ],
      "extension": [ {
        "url": "http://hl7.org/fhir/us/cqfmeasures/StructureDefinition/cqfm-inputParameters",
        "valueReference": {
          "reference": "#4088c8ae-c3f0-437a-a895-0716af48d3bd-parameters"
        }
      }, {
        "url": "http://hl7.org/fhir/us/cqfmeasures/StructureDefinition/cqfm-testCaseDescription",
        "valueMarkdown": ">18, LOS<120 day, Unfractionated Heparin during ED, EDendTime concurrent EncInp StartTime\n"
      } ],
      "modifierExtension": [ {
        "url": "http://hl7.org/fhir/us/cqfmeasures/StructureDefinition/cqfm-isTestCase",
        "valueBoolean": true
      } ],
      "status": "complete",
      "type": "individual",
      "measure": "https://madie.cms.gov/Measure/VenousThromboembolismProphylaxisFHIR",
      "period": {
        "start": "2025-01-01",
        "end": "2025-12-31"
      },
      "group": [ {
        "population": [ {
          "code": {
            "coding": [ {
              "system": "http://terminology.hl7.org/CodeSystem/measure-population",
              "code": "initial-population",
              "display": "Initial Population"
            } ]
          },
          "count": 1
        }, {
          "code": {
            "coding": [ {
              "system": "http://terminology.hl7.org/CodeSystem/measure-population",
              "code": "denominator",
              "display": "Denominator"
            } ]
          },
          "count": 1
        }, {
          "code": {
            "coding": [ {
              "system": "http://terminology.hl7.org/CodeSystem/measure-population",
              "code": "denominator-exclusion",
              "display": "Denominator Exclusion"
            } ]
          },
          "count": 0
        }, {
          "code": {
            "coding": [ {
              "system": "http://terminology.hl7.org/CodeSystem/measure-population",
              "code": "numerator",
              "display": "Numerator"
            } ]
          },
          "count": 1
        } ]
      } ],
      "evaluatedResource": [ {
        "reference": "Patient/16724438-dde5-4277-84d8-75ed1b102b46"
      }, {
        "reference": "Encounter/84f8974a-abb0-49f8-934d-b83b12bb0c64"
      }, {
        "reference": "Encounter/d9ab1c26-1d52-439b-a693-99d120ebddb4"
      }, {
        "reference": "Coverage/2db3be2d-568f-4508-a8a8-59f95f6e00d1"
      }, {
        "reference": "MedicationAdministration/df694aa8-8427-4dc0-af48-65d0c0542138"
      }, {
        "reference": "Organization/fd88b455-1e92-448b-9796-4ab518443522"
      }, {
        "reference": "Practitioner/ed0c267f-64ea-4054-b041-4dbe21d81bd1"
      } ]
    },
    "request": {
      "method": "PUT",
      "url": "MeasureReport/57eef82b-edef-4f7f-8cad-90cd783b4176"
    }
  } ]
}