{
  "resourceType": "Bundle",
  "id": "13161321321351024",
  "type": "transaction",
  "entry": [ {
    "fullUrl": "https://madie.cms.gov/Patient/9bff7002-9697-407d-a42b-9debdafc9695",
    "resource": {
      "resourceType": "Patient",
      "id": "9bff7002-9697-407d-a42b-9debdafc9695",
      "meta": {
        "profile": [ "http://hl7.org/fhir/us/qicore/StructureDefinition/qicore-patient" ]
      },
      "extension": [ {
        "url": "http://hl7.org/fhir/us/core/StructureDefinition/us-core-race",
        "extension": [ {
          "url": "ombCategory",
          "valueCoding": {
            "system": "urn:oid:2.16.840.1.113883.6.238",
            "code": "2076-8",
            "display": "Native Hawaiian or Other Pacific Islander"
          }
        }, {
          "url": "text",
          "valueString": "Other Race"
        } ]
      }, {
        "url": "http://hl7.org/fhir/us/core/StructureDefinition/us-core-ethnicity",
        "extension": [ {
          "url": "ombCategory",
          "valueCoding": {
            "system": "urn:oid:2.16.840.1.113883.6.238",
            "code": "2135-2",
            "display": "Hispanic or Latino",
            "userSelected": true
          }
        }, {
          "url": "text",
          "valueString": "Hispanic or Latino"
        } ]
      } ],
      "identifier": [ {
        "type": {
          "coding": [ {
            "system": "http://terminology.hl7.org/CodeSystem/v2-0203",
            "code": "MR"
          } ]
        },
        "system": "https://bonnie-fhir.healthit.gov/",
        "value": "60abce8bcd7f9706e4189cfd"
      } ],
      "name": [ {
        "family": "DENOMPass",
        "given": [ "ADTMultipleOccurencesNoDexa" ]
      } ],
      "gender": "male",
      "birthDate": "1949-07-09"
    },
    "request": {
      "method": "PUT",
      "url": "Patient/9bff7002-9697-407d-a42b-9debdafc9695"
    }
  }, {
    "fullUrl": "https://madie.cms.gov/Encounter/b8684f89-14f8-49d7-a195-c8cf89b4e3cd",
    "resource": {
      "resourceType": "Encounter",
      "id": "b8684f89-14f8-49d7-a195-c8cf89b4e3cd",
      "meta": {
        "profile": [ "http://hl7.org/fhir/us/qicore/StructureDefinition/qicore-encounter" ]
      },
      "status": "finished",
      "class": {
        "system": "http://terminology.hl7.org/CodeSystem/v3-ActCode",
        "code": "AMB",
        "display": "ambulatory"
      },
      "type": [ {
        "coding": [ {
          "system": "http://snomed.info/sct",
          "version": "http://snomed.info/sct/731000124108/version/20240401",
          "code": "185463005",
          "display": "Visit out of hours (procedure)"
        } ]
      } ],
      "subject": {
        "reference": "Patient/9bff7002-9697-407d-a42b-9debdafc9695"
      },
      "period": {
        "start": "2025-02-03T08:00:00+00:00",
        "end": "2025-02-03T08:45:00+00:00"
      }
    },
    "request": {
      "method": "PUT",
      "url": "Encounter/b8684f89-14f8-49d7-a195-c8cf89b4e3cd"
    }
  }, {
    "fullUrl": "https://madie.cms.gov/MedicationRequest/f1a2f910-27ca-48f2-b316-6b4fffce4a92",
    "resource": {
      "resourceType": "MedicationRequest",
      "id": "f1a2f910-27ca-48f2-b316-6b4fffce4a92",
      "meta": {
        "profile": [ "http://hl7.org/fhir/us/qicore/StructureDefinition/qicore-medicationrequest" ]
      },
      "status": "active",
      "intent": "order",
      "doNotPerform": false,
      "medicationCodeableConcept": {
        "coding": [ {
          "system": "http://www.nlm.nih.gov/research/umls/rxnorm",
          "version": "2025-01",
          "code": "314008",
          "display": "goserelin 10.8 MG Drug Implant"
        } ]
      },
      "subject": {
        "reference": "Patient/9bff7002-9697-407d-a42b-9debdafc9695"
      },
      "authoredOn": "2024-09-01T08:00:00.000+00:00",
      "requester": {
        "reference": "http://myGoodHealthcare.com/fhir/Practitioner/ba4e2c8d-bb2a-44d6-8a2f-f4006ce8d5e3"
      },
      "dosageInstruction": [ {
        "timing": {
          "repeat": {
            "boundsPeriod": {
              "start": "2024-09-03T08:00:00.000+00:00",
              "end": "2024-09-03T09:00:00.000+00:00"
            }
          }
        }
      } ]
    },
    "request": {
      "method": "PUT",
      "url": "MedicationRequest/f1a2f910-27ca-48f2-b316-6b4fffce4a92"
    }
  }, {
    "fullUrl": "https://madie.cms.gov/Condition/ec4dba1a-96eb-4bbb-ba41-7b904968636f",
    "resource": {
      "resourceType": "Condition",
      "id": "ec4dba1a-96eb-4bbb-ba41-7b904968636f",
      "meta": {
        "profile": [ "http://hl7.org/fhir/us/qicore/StructureDefinition/qicore-condition-problems-health-concerns" ]
      },
      "clinicalStatus": {
        "coding": [ {
          "system": "http://terminology.hl7.org/CodeSystem/condition-clinical",
          "code": "active"
        } ]
      },
      "verificationStatus": {
        "coding": [ {
          "system": "http://terminology.hl7.org/CodeSystem/condition-ver-status",
          "code": "confirmed"
        } ]
      },
      "category": [ {
        "coding": [ {
          "system": "http://terminology.hl7.org/CodeSystem/condition-category",
          "code": "problem-list-item",
          "display": "Problem List Item"
        } ]
      } ],
      "code": {
        "coding": [ {
          "system": "http://snomed.info/sct",
          "version": "http://snomed.info/sct/731000124108/version/20240401",
          "code": "254900004",
          "display": "Carcinoma of prostate (disorder)"
        } ]
      },
      "subject": {
        "reference": "Patient/9bff7002-9697-407d-a42b-9debdafc9695"
      },
      "onsetPeriod": {
        "start": "2025-01-03T08:00:00.000+00:00"
      }
    },
    "request": {
      "method": "PUT",
      "url": "Condition/ec4dba1a-96eb-4bbb-ba41-7b904968636f"
    }
  }, {
    "fullUrl": "https://madie.cms.gov/MedicationRequest/f0e3669d-d001-4d92-8c51-fd8af87ed374",
    "resource": {
      "resourceType": "MedicationRequest",
      "id": "f0e3669d-d001-4d92-8c51-fd8af87ed374",
      "meta": {
        "profile": [ "http://hl7.org/fhir/us/qicore/StructureDefinition/qicore-medicationrequest" ]
      },
      "status": "active",
      "intent": "order",
      "medicationCodeableConcept": {
        "coding": [ {
          "system": "http://www.nlm.nih.gov/research/umls/rxnorm",
          "version": "2025-01",
          "code": "314008",
          "display": "goserelin 10.8 MG Drug Implant"
        } ]
      },
      "subject": {
        "reference": "Patient/9bff7002-9697-407d-a42b-9debdafc9695"
      },
      "authoredOn": "2025-02-01T08:00:00.000+00:00",
      "requester": {
        "reference": "http://myGoodHealthcare.com/fhir/Practitioner/ba4e2c8d-bb2a-44d6-8a2f-f4006ce8d5e3"
      },
      "dosageInstruction": [ {
        "timing": {
          "repeat": {
            "boundsPeriod": {
              "start": "2025-03-03T08:00:00.000+00:00",
              "end": "2025-03-03T09:00:00.000+00:00"
            }
          }
        }
      } ]
    },
    "request": {
      "method": "PUT",
      "url": "MedicationRequest/f0e3669d-d001-4d92-8c51-fd8af87ed374"
    }
  }, {
    "fullUrl": "https://madie.cms.gov/Practitioner/ba4e2c8d-bb2a-44d6-8a2f-f4006ce8d5e3",
    "resource": {
      "resourceType": "Practitioner",
      "id": "ba4e2c8d-bb2a-44d6-8a2f-f4006ce8d5e3",
      "meta": {
        "profile": [ "http://hl7.org/fhir/us/qicore/StructureDefinition/qicore-practitioner" ]
      },
      "identifier": [ {
        "use": "temp",
        "system": "urn:oid:2.16.840.1.113883.4.336",
        "value": "Practitioner-23"
      } ],
      "active": true,
      "name": [ {
        "family": "Careful",
        "given": [ "Adam" ],
        "prefix": [ "Dr" ]
      } ],
      "address": [ {
        "use": "home",
        "line": [ "534 Erewhon St" ],
        "city": "PleasantVille",
        "state": "UT",
        "postalCode": "84414"
      } ],
      "qualification": [ {
        "identifier": [ {
          "system": "http://example.org/UniversityIdentifier",
          "value": "12345"
        } ],
        "code": {
          "coding": [ {
            "system": "http://terminology.hl7.org/CodeSystem/v2-0360|2.7",
            "code": "BS",
            "display": "Bachelor of Science"
          } ],
          "text": "Bachelor of Science"
        },
        "period": {
          "start": "1995"
        },
        "issuer": {
          "display": "Example University"
        }
      } ]
    },
    "request": {
      "method": "PUT",
      "url": "Practitioner/ba4e2c8d-bb2a-44d6-8a2f-f4006ce8d5e3"
    }
  }, {
    "fullUrl": "https://madie.cms.gov/ServiceRequest/346b7881-370a-45f0-b9fe-1987f8ee499c",
    "resource": {
      "resourceType": "ServiceRequest",
      "id": "346b7881-370a-45f0-b9fe-1987f8ee499c",
      "meta": {
        "profile": [ "http://hl7.org/fhir/us/qicore/StructureDefinition/qicore-servicerequest" ]
      },
      "status": "active",
      "intent": "order",
      "code": {
        "coding": [ {
          "system": "http://snomed.info/sct",
          "code": "456381000124102",
          "display": "Injection of leuprolide acetate for twelve month period (regime/therapy)"
        } ]
      },
      "subject": {
        "reference": "Patient/9bff7002-9697-407d-a42b-9debdafc9695"
      },
      "authoredOn": "2025-03-03T08:00:00.000+00:00"
    },
    "request": {
      "method": "PUT",
      "url": "ServiceRequest/346b7881-370a-45f0-b9fe-1987f8ee499c"
    }
  }, {
    "fullUrl": "https://madie.cms.gov/MeasureReport/85b6e386-73b2-460c-920f-c43361885b75",
    "resource": {
      "resourceType": "MeasureReport",
      "id": "85b6e386-73b2-460c-920f-c43361885b75",
      "meta": {
        "profile": [ "http://hl7.org/fhir/us/cqfmeasures/StructureDefinition/test-case-cqfm" ]
      },
      "contained": [ {
        "resourceType": "Parameters",
        "id": "9cf008a5-28ca-4da9-86e1-c78fff1caf3c-parameters",
        "parameter": [ {
          "name": "subject",
          "valueString": "9bff7002-9697-407d-a42b-9debdafc9695"
        } ]
      } ],
      "extension": [ {
        "url": "http://hl7.org/fhir/us/cqfmeasures/StructureDefinition/cqfm-inputParameters",
        "valueReference": {
          "reference": "#9cf008a5-28ca-4da9-86e1-c78fff1caf3c-parameters"
        }
      }, {
        "url": "http://hl7.org/fhir/us/cqfmeasures/StructureDefinition/cqfm-testCaseDescription",
        "valueMarkdown": "Male with encounter in MP, Dx: Prostate Cancer.  Procedure Order in MP.  Androgen Deprivation Therapy For Urology Care given multiple times with no Dexa. Passes DENOM as should."
      } ],
      "modifierExtension": [ {
        "url": "http://hl7.org/fhir/us/cqfmeasures/StructureDefinition/cqfm-isTestCase",
        "valueBoolean": true
      } ],
      "status": "complete",
      "type": "individual",
      "measure": "https://madie.cms.gov/Measure/BoneDensityProstateCancerAndrogenDeprivationTherapyFHIR6",
      "period": {
        "start": "2025-01-01",
        "end": "2025-12-31"
      },
      "group": [ {
        "id": "67b61060a0d801640767a597",
        "population": [ {
          "id": "E8F25116-1779-4BA6-B606-34F12AE4F5BA",
          "code": {
            "coding": [ {
              "system": "http://terminology.hl7.org/CodeSystem/measure-population",
              "code": "initial-population",
              "display": "Initial Population"
            } ]
          },
          "count": 1
        }, {
          "id": "1C145A56-9250-4444-A497-86C44F55CFDB",
          "code": {
            "coding": [ {
              "system": "http://terminology.hl7.org/CodeSystem/measure-population",
              "code": "denominator",
              "display": "Denominator"
            } ]
          },
          "count": 1
        }, {
          "id": "B1E0E3D2-D44E-4BFF-92F8-077CF1AE234F",
          "code": {
            "coding": [ {
              "system": "http://terminology.hl7.org/CodeSystem/measure-population",
              "code": "numerator",
              "display": "Numerator"
            } ]
          },
          "count": 0
        }, {
          "id": "A9552F46-139C-4270-835C-224132205362",
          "code": {
            "coding": [ {
              "system": "http://terminology.hl7.org/CodeSystem/measure-population",
              "code": "denominator-exception",
              "display": "Denominator Exception"
            } ]
          },
          "count": 0
        } ],
        "measureScore": {
          "value": 1.0
        }
      } ],
      "evaluatedResource": [ {
        "reference": "Patient/9bff7002-9697-407d-a42b-9debdafc9695"
      }, {
        "reference": "Encounter/b8684f89-14f8-49d7-a195-c8cf89b4e3cd"
      }, {
        "reference": "MedicationRequest/f1a2f910-27ca-48f2-b316-6b4fffce4a92"
      }, {
        "reference": "Condition/ec4dba1a-96eb-4bbb-ba41-7b904968636f"
      }, {
        "reference": "MedicationRequest/f0e3669d-d001-4d92-8c51-fd8af87ed374"
      }, {
        "reference": "Practitioner/ba4e2c8d-bb2a-44d6-8a2f-f4006ce8d5e3"
      }, {
        "reference": "ServiceRequest/346b7881-370a-45f0-b9fe-1987f8ee499c"
      } ]
    },
    "request": {
      "method": "PUT",
      "url": "MeasureReport/85b6e386-73b2-460c-920f-c43361885b75"
    }
  } ]
}