{
  "resourceType": "Bundle",
  "id": "13161321321351024",
  "type": "transaction",
  "entry": [ {
    "fullUrl": "https://madie.cms.gov/Patient/9bff7002-9697-407d-a42b-9debdafc9695",
    "resource": {
      "resourceType": "Patient",
      "id": "9bff7002-9697-407d-a42b-9debdafc9695",
      "meta": {
        "profile": [ "http://hl7.org/fhir/us/qicore/StructureDefinition/qicore-patient" ]
      },
      "extension": [ {
        "url": "http://hl7.org/fhir/us/core/StructureDefinition/us-core-race",
        "extension": [ {
          "url": "ombCategory",
          "valueCoding": {
            "system": "urn:oid:2.16.840.1.113883.6.238",
            "code": "2076-8",
            "display": "Native Hawaiian or Other Pacific Islander"
          }
        }, {
          "url": "text",
          "valueString": "Other Race"
        } ]
      }, {
        "url": "http://hl7.org/fhir/us/core/StructureDefinition/us-core-ethnicity",
        "extension": [ {
          "url": "ombCategory",
          "valueCoding": {
            "system": "urn:oid:2.16.840.1.113883.6.238",
            "code": "2135-2",
            "display": "Hispanic or Latino",
            "userSelected": true
          }
        }, {
          "url": "text",
          "valueString": "Hispanic or Latino"
        } ]
      } ],
      "identifier": [ {
        "type": {
          "coding": [ {
            "system": "http://terminology.hl7.org/CodeSystem/v2-0203",
            "code": "MR"
          } ]
        },
        "system": "https://bonnie-fhir.healthit.gov/",
        "value": "60abce8bcd7f9706e4189cfd"
      } ],
      "name": [ {
        "family": "DENOMPass",
        "given": [ "ADTMultipleOccurencesNoDexa" ]
      } ],
      "gender": "male",
      "birthDate": "1950-07-09"
    },
    "request": {
      "method": "PUT",
      "url": "Patient/9bff7002-9697-407d-a42b-9debdafc9695"
    }
  }, {
    "fullUrl": "https://madie.cms.gov/Encounter/a79227fe-2db5-4591-b5cc-12eb8f24d238",
    "resource": {
      "resourceType": "Encounter",
      "id": "a79227fe-2db5-4591-b5cc-12eb8f24d238",
      "meta": {
        "profile": [ "http://hl7.org/fhir/us/qicore/StructureDefinition/qicore-encounter" ]
      },
      "status": "finished",
      "class": {
        "system": "http://terminology.hl7.org/CodeSystem/v3-ActCode",
        "code": "AMB",
        "display": "ambulatory"
      },
      "type": [ {
        "coding": [ {
          "system": "http://snomed.info/sct",
          "version": "http://snomed.info/sct/731000124108/version/20240401",
          "code": "185463005",
          "display": "Visit out of hours (procedure)"
        } ]
      } ],
      "subject": {
        "reference": "Patient/9bff7002-9697-407d-a42b-9debdafc9695"
      },
      "period": {
        "start": "2026-02-03T08:00:00+00:00",
        "end": "2026-02-03T08:45:00+00:00"
      }
    },
    "request": {
      "method": "PUT",
      "url": "Encounter/a79227fe-2db5-4591-b5cc-12eb8f24d238"
    }
  }, {
    "fullUrl": "https://madie.cms.gov/MedicationRequest/787444ed-0592-492a-8359-225b0e83fb4d",
    "resource": {
      "resourceType": "MedicationRequest",
      "id": "787444ed-0592-492a-8359-225b0e83fb4d",
      "meta": {
        "profile": [ "http://hl7.org/fhir/us/qicore/StructureDefinition/qicore-medicationrequest" ]
      },
      "status": "active",
      "intent": "order",
      "doNotPerform": false,
      "medicationCodeableConcept": {
        "coding": [ {
          "system": "http://www.nlm.nih.gov/research/umls/rxnorm",
          "version": "2025-01",
          "code": "314008",
          "display": "goserelin 10.8 MG Drug Implant"
        } ]
      },
      "subject": {
        "reference": "Patient/9bff7002-9697-407d-a42b-9debdafc9695"
      },
      "authoredOn": "2025-09-01T08:00:00.000+00:00",
      "requester": {
        "reference": "http://myGoodHealthcare.com/fhir/Practitioner/045819f3-a561-44e8-9091-2674308713db"
      },
      "dosageInstruction": [ {
        "timing": {
          "repeat": {
            "boundsPeriod": {
              "start": "2025-09-03T08:00:00.000+00:00",
              "end": "2025-09-03T09:00:00.000+00:00"
            }
          }
        }
      } ]
    },
    "request": {
      "method": "PUT",
      "url": "MedicationRequest/787444ed-0592-492a-8359-225b0e83fb4d"
    }
  }, {
    "fullUrl": "https://madie.cms.gov/Condition/4a180a31-b224-47c0-baa5-f90a157a85ee",
    "resource": {
      "resourceType": "Condition",
      "id": "4a180a31-b224-47c0-baa5-f90a157a85ee",
      "meta": {
        "profile": [ "http://hl7.org/fhir/us/qicore/StructureDefinition/qicore-condition-problems-health-concerns" ]
      },
      "clinicalStatus": {
        "coding": [ {
          "system": "http://terminology.hl7.org/CodeSystem/condition-clinical",
          "code": "active"
        } ]
      },
      "verificationStatus": {
        "coding": [ {
          "system": "http://terminology.hl7.org/CodeSystem/condition-ver-status",
          "code": "confirmed"
        } ]
      },
      "category": [ {
        "coding": [ {
          "system": "http://terminology.hl7.org/CodeSystem/condition-category",
          "code": "problem-list-item",
          "display": "Problem List Item"
        } ]
      } ],
      "code": {
        "coding": [ {
          "system": "http://snomed.info/sct",
          "version": "http://snomed.info/sct/731000124108/version/20240401",
          "code": "254900004",
          "display": "Carcinoma of prostate (disorder)"
        } ]
      },
      "subject": {
        "reference": "Patient/9bff7002-9697-407d-a42b-9debdafc9695"
      },
      "onsetPeriod": {
        "start": "2026-01-03T08:00:00.000+00:00"
      }
    },
    "request": {
      "method": "PUT",
      "url": "Condition/4a180a31-b224-47c0-baa5-f90a157a85ee"
    }
  }, {
    "fullUrl": "https://madie.cms.gov/MedicationRequest/bda2cce0-4d7e-4c49-8e79-060f785344f9",
    "resource": {
      "resourceType": "MedicationRequest",
      "id": "bda2cce0-4d7e-4c49-8e79-060f785344f9",
      "meta": {
        "profile": [ "http://hl7.org/fhir/us/qicore/StructureDefinition/qicore-medicationrequest" ]
      },
      "status": "active",
      "intent": "order",
      "medicationCodeableConcept": {
        "coding": [ {
          "system": "http://www.nlm.nih.gov/research/umls/rxnorm",
          "version": "2025-01",
          "code": "314008",
          "display": "goserelin 10.8 MG Drug Implant"
        } ]
      },
      "subject": {
        "reference": "Patient/9bff7002-9697-407d-a42b-9debdafc9695"
      },
      "authoredOn": "2026-02-01T08:00:00.000+00:00",
      "requester": {
        "reference": "http://myGoodHealthcare.com/fhir/Practitioner/045819f3-a561-44e8-9091-2674308713db"
      },
      "dosageInstruction": [ {
        "timing": {
          "repeat": {
            "boundsPeriod": {
              "start": "2026-03-03T08:00:00.000+00:00",
              "end": "2026-03-03T09:00:00.000+00:00"
            }
          }
        }
      } ]
    },
    "request": {
      "method": "PUT",
      "url": "MedicationRequest/bda2cce0-4d7e-4c49-8e79-060f785344f9"
    }
  }, {
    "fullUrl": "https://madie.cms.gov/Practitioner/045819f3-a561-44e8-9091-2674308713db",
    "resource": {
      "resourceType": "Practitioner",
      "id": "045819f3-a561-44e8-9091-2674308713db",
      "meta": {
        "profile": [ "http://hl7.org/fhir/us/qicore/StructureDefinition/qicore-practitioner" ]
      },
      "identifier": [ {
        "use": "temp",
        "system": "urn:oid:2.16.840.1.113883.4.336",
        "value": "Practitioner-23"
      } ],
      "active": true,
      "name": [ {
        "family": "Careful",
        "given": [ "Adam" ],
        "prefix": [ "Dr" ]
      } ],
      "address": [ {
        "use": "home",
        "line": [ "534 Erewhon St" ],
        "city": "PleasantVille",
        "state": "UT",
        "postalCode": "84414"
      } ],
      "qualification": [ {
        "identifier": [ {
          "system": "http://example.org/UniversityIdentifier",
          "value": "12345"
        } ],
        "code": {
          "coding": [ {
            "system": "http://terminology.hl7.org/CodeSystem/v2-0360|2.7",
            "code": "BS",
            "display": "Bachelor of Science"
          } ],
          "text": "Bachelor of Science"
        },
        "period": {
          "start": "1996"
        },
        "issuer": {
          "display": "Example University"
        }
      } ]
    },
    "request": {
      "method": "PUT",
      "url": "Practitioner/045819f3-a561-44e8-9091-2674308713db"
    }
  }, {
    "fullUrl": "https://madie.cms.gov/ServiceRequest/37077502-19a8-4702-9196-b7579e632afb",
    "resource": {
      "resourceType": "ServiceRequest",
      "id": "37077502-19a8-4702-9196-b7579e632afb",
      "meta": {
        "profile": [ "http://hl7.org/fhir/us/qicore/StructureDefinition/qicore-servicerequest" ]
      },
      "status": "active",
      "intent": "order",
      "code": {
        "coding": [ {
          "system": "http://snomed.info/sct",
          "code": "456381000124102",
          "display": "Injection of leuprolide acetate for twelve month period (regime/therapy)"
        } ]
      },
      "subject": {
        "reference": "Patient/9bff7002-9697-407d-a42b-9debdafc9695"
      },
      "authoredOn": "2026-03-03T08:00:00.000+00:00"
    },
    "request": {
      "method": "PUT",
      "url": "ServiceRequest/37077502-19a8-4702-9196-b7579e632afb"
    }
  }, {
    "fullUrl": "https://madie.cms.gov/MeasureReport/50541b5d-c427-41ec-a5bc-754e0ba98d2c",
    "resource": {
      "resourceType": "MeasureReport",
      "id": "50541b5d-c427-41ec-a5bc-754e0ba98d2c",
      "meta": {
        "profile": [ "http://hl7.org/fhir/us/cqfmeasures/StructureDefinition/test-case-cqfm" ]
      },
      "contained": [ {
        "resourceType": "Parameters",
        "id": "379c654c-977f-45aa-92ac-5bb350bab29e-parameters",
        "parameter": [ {
          "name": "subject",
          "valueString": "9bff7002-9697-407d-a42b-9debdafc9695"
        } ]
      } ],
      "extension": [ {
        "url": "http://hl7.org/fhir/StructureDefinition/cqf-inputParameters",
        "valueReference": {
          "reference": "#379c654c-977f-45aa-92ac-5bb350bab29e-parameters"
        }
      }, {
        "url": "http://hl7.org/fhir/us/cqfmeasures/StructureDefinition/cqfm-testCaseDescription",
        "valueMarkdown": "Male with encounter in MP, Dx: Prostate Cancer.  Procedure Order in MP.  Androgen Deprivation Therapy For Urology Care given multiple times with no Dexa. Passes DENOM as should."
      } ],
      "modifierExtension": [ {
        "url": "http://hl7.org/fhir/us/cqfmeasures/StructureDefinition/cqfm-isTestCase",
        "valueBoolean": true
      } ],
      "status": "complete",
      "type": "individual",
      "measure": "https://madie.cms.gov/Measure/BoneDensityProstateCancerAndrogenDeprivationTherapyFHIR6",
      "period": {
        "start": "2026-01-01",
        "end": "2026-12-31"
      },
      "group": [ {
        "id": "Group_1",
        "population": [ {
          "id": "InitialPopulation_1",
          "code": {
            "coding": [ {
              "system": "http://terminology.hl7.org/CodeSystem/measure-population",
              "code": "initial-population",
              "display": "Initial Population"
            } ]
          },
          "count": 1
        }, {
          "id": "Denominator_1",
          "code": {
            "coding": [ {
              "system": "http://terminology.hl7.org/CodeSystem/measure-population",
              "code": "denominator",
              "display": "Denominator"
            } ]
          },
          "count": 1
        }, {
          "id": "Numerator_1",
          "code": {
            "coding": [ {
              "system": "http://terminology.hl7.org/CodeSystem/measure-population",
              "code": "numerator",
              "display": "Numerator"
            } ]
          },
          "count": 0
        }, {
          "id": "DenominatorException_1",
          "code": {
            "coding": [ {
              "system": "http://terminology.hl7.org/CodeSystem/measure-population",
              "code": "denominator-exception",
              "display": "Denominator Exception"
            } ]
          },
          "count": 0
        } ],
        "measureScore": {
          "value": 1.0
        }
      } ],
      "evaluatedResource": [ {
        "reference": "Patient/9bff7002-9697-407d-a42b-9debdafc9695"
      }, {
        "reference": "Encounter/a79227fe-2db5-4591-b5cc-12eb8f24d238"
      }, {
        "reference": "MedicationRequest/787444ed-0592-492a-8359-225b0e83fb4d"
      }, {
        "reference": "Condition/4a180a31-b224-47c0-baa5-f90a157a85ee"
      }, {
        "reference": "MedicationRequest/bda2cce0-4d7e-4c49-8e79-060f785344f9"
      }, {
        "reference": "Practitioner/045819f3-a561-44e8-9091-2674308713db"
      }, {
        "reference": "ServiceRequest/37077502-19a8-4702-9196-b7579e632afb"
      } ]
    },
    "request": {
      "method": "PUT",
      "url": "MeasureReport/50541b5d-c427-41ec-a5bc-754e0ba98d2c"
    }
  } ]
}