{
  "resourceType": "Bundle",
  "id": "13161321321351024",
  "type": "transaction",
  "entry": [ {
    "fullUrl": "https://madie.cms.gov/Patient/9bff7002-9697-407d-a42b-9debdafc9695",
    "resource": {
      "resourceType": "Patient",
      "id": "9bff7002-9697-407d-a42b-9debdafc9695",
      "meta": {
        "profile": [ "http://hl7.org/fhir/us/qicore/StructureDefinition/qicore-patient" ]
      },
      "extension": [ {
        "url": "http://hl7.org/fhir/us/core/StructureDefinition/us-core-race",
        "extension": [ {
          "url": "ombCategory",
          "valueCoding": {
            "system": "urn:oid:2.16.840.1.113883.6.238",
            "code": "2076-8",
            "display": "Native Hawaiian or Other Pacific Islander"
          }
        }, {
          "url": "text",
          "valueString": "Other Race"
        } ]
      }, {
        "url": "http://hl7.org/fhir/us/core/StructureDefinition/us-core-ethnicity",
        "extension": [ {
          "url": "ombCategory",
          "valueCoding": {
            "system": "urn:oid:2.16.840.1.113883.6.238",
            "code": "2135-2",
            "display": "Hispanic or Latino",
            "userSelected": true
          }
        }, {
          "url": "text",
          "valueString": "Hispanic or Latino"
        } ]
      } ],
      "identifier": [ {
        "type": {
          "coding": [ {
            "system": "http://terminology.hl7.org/CodeSystem/v2-0203",
            "code": "MR"
          } ]
        },
        "system": "https://bonnie-fhir.healthit.gov/",
        "value": "60abce8bcd7f9706e4189cfd"
      } ],
      "name": [ {
        "family": "DENOMPass",
        "given": [ "ADTMultipleOccurencesNoDexa" ]
      } ],
      "gender": "male",
      "birthDate": "1950-07-09"
    },
    "request": {
      "method": "PUT",
      "url": "Patient/9bff7002-9697-407d-a42b-9debdafc9695"
    }
  }, {
    "fullUrl": "https://madie.cms.gov/Encounter/7be9af0f-cf67-406c-8b08-01743ecef8d8",
    "resource": {
      "resourceType": "Encounter",
      "id": "7be9af0f-cf67-406c-8b08-01743ecef8d8",
      "meta": {
        "profile": [ "http://hl7.org/fhir/us/qicore/StructureDefinition/qicore-encounter" ]
      },
      "status": "finished",
      "class": {
        "system": "http://terminology.hl7.org/CodeSystem/v3-ActCode",
        "code": "AMB",
        "display": "ambulatory"
      },
      "type": [ {
        "coding": [ {
          "system": "http://snomed.info/sct",
          "version": "http://snomed.info/sct/731000124108/version/20240401",
          "code": "185463005",
          "display": "Visit out of hours (procedure)"
        } ]
      } ],
      "subject": {
        "reference": "Patient/9bff7002-9697-407d-a42b-9debdafc9695"
      },
      "period": {
        "start": "2026-02-03T08:00:00.000+00:00",
        "end": "2026-02-03T08:45:00.000+00:00"
      }
    },
    "request": {
      "method": "PUT",
      "url": "Encounter/7be9af0f-cf67-406c-8b08-01743ecef8d8"
    }
  }, {
    "fullUrl": "https://madie.cms.gov/MedicationRequest/90e34c54-9451-40b6-901e-42bb6ef358c6",
    "resource": {
      "resourceType": "MedicationRequest",
      "id": "90e34c54-9451-40b6-901e-42bb6ef358c6",
      "meta": {
        "profile": [ "http://hl7.org/fhir/us/qicore/StructureDefinition/qicore-medicationrequest" ]
      },
      "status": "active",
      "intent": "order",
      "doNotPerform": false,
      "medicationCodeableConcept": {
        "coding": [ {
          "system": "http://www.nlm.nih.gov/research/umls/rxnorm",
          "version": "2025-01",
          "code": "314008",
          "display": "goserelin 10.8 MG Drug Implant"
        } ]
      },
      "subject": {
        "reference": "Patient/9bff7002-9697-407d-a42b-9debdafc9695"
      },
      "authoredOn": "2025-09-01T08:00:00.000+00:00",
      "requester": {
        "reference": "http://myGoodHealthcare.com/fhir/Practitioner/f3929c32-9839-4ac2-a52e-cfcf3b22429b"
      },
      "dosageInstruction": [ {
        "timing": {
          "repeat": {
            "boundsPeriod": {
              "start": "2025-09-03T08:00:00.000+00:00",
              "end": "2025-09-03T09:00:00.000+00:00"
            }
          }
        }
      } ]
    },
    "request": {
      "method": "PUT",
      "url": "MedicationRequest/90e34c54-9451-40b6-901e-42bb6ef358c6"
    }
  }, {
    "fullUrl": "https://madie.cms.gov/Condition/8fb555de-a8c6-40e5-ad28-39eed49af800",
    "resource": {
      "resourceType": "Condition",
      "id": "8fb555de-a8c6-40e5-ad28-39eed49af800",
      "meta": {
        "profile": [ "http://hl7.org/fhir/us/qicore/StructureDefinition/qicore-condition-problems-health-concerns" ]
      },
      "clinicalStatus": {
        "coding": [ {
          "system": "http://terminology.hl7.org/CodeSystem/condition-clinical",
          "code": "active"
        } ]
      },
      "verificationStatus": {
        "coding": [ {
          "system": "http://terminology.hl7.org/CodeSystem/condition-ver-status",
          "code": "confirmed"
        } ]
      },
      "category": [ {
        "coding": [ {
          "system": "http://terminology.hl7.org/CodeSystem/condition-category",
          "code": "problem-list-item",
          "display": "Problem List Item"
        } ]
      } ],
      "code": {
        "coding": [ {
          "system": "http://snomed.info/sct",
          "version": "http://snomed.info/sct/731000124108/version/20240401",
          "code": "254900004",
          "display": "Carcinoma of prostate (disorder)"
        } ]
      },
      "subject": {
        "reference": "Patient/9bff7002-9697-407d-a42b-9debdafc9695"
      },
      "onsetPeriod": {
        "start": "2026-01-03T08:00:00.000+00:00"
      }
    },
    "request": {
      "method": "PUT",
      "url": "Condition/8fb555de-a8c6-40e5-ad28-39eed49af800"
    }
  }, {
    "fullUrl": "https://madie.cms.gov/MedicationRequest/f45c2f3e-153c-4629-809a-2a2a8c17f31a",
    "resource": {
      "resourceType": "MedicationRequest",
      "id": "f45c2f3e-153c-4629-809a-2a2a8c17f31a",
      "meta": {
        "profile": [ "http://hl7.org/fhir/us/qicore/StructureDefinition/qicore-medicationrequest" ]
      },
      "status": "active",
      "intent": "order",
      "medicationCodeableConcept": {
        "coding": [ {
          "system": "http://www.nlm.nih.gov/research/umls/rxnorm",
          "version": "2025-01",
          "code": "314008",
          "display": "goserelin 10.8 MG Drug Implant"
        } ]
      },
      "subject": {
        "reference": "Patient/9bff7002-9697-407d-a42b-9debdafc9695"
      },
      "authoredOn": "2026-02-01T08:00:00.000+00:00",
      "requester": {
        "reference": "http://myGoodHealthcare.com/fhir/Practitioner/f3929c32-9839-4ac2-a52e-cfcf3b22429b"
      },
      "dosageInstruction": [ {
        "timing": {
          "repeat": {
            "boundsPeriod": {
              "start": "2026-03-03T08:00:00.000+00:00",
              "end": "2026-03-03T09:00:00.000+00:00"
            }
          }
        }
      } ]
    },
    "request": {
      "method": "PUT",
      "url": "MedicationRequest/f45c2f3e-153c-4629-809a-2a2a8c17f31a"
    }
  }, {
    "fullUrl": "https://madie.cms.gov/Practitioner/f3929c32-9839-4ac2-a52e-cfcf3b22429b",
    "resource": {
      "resourceType": "Practitioner",
      "id": "f3929c32-9839-4ac2-a52e-cfcf3b22429b",
      "meta": {
        "profile": [ "http://hl7.org/fhir/us/qicore/StructureDefinition/qicore-practitioner" ]
      },
      "identifier": [ {
        "use": "temp",
        "system": "urn:oid:2.16.840.1.113883.4.336",
        "value": "Practitioner-23"
      } ],
      "active": true,
      "name": [ {
        "family": "Careful",
        "given": [ "Adam" ],
        "prefix": [ "Dr" ]
      } ],
      "address": [ {
        "use": "home",
        "line": [ "534 Erewhon St" ],
        "city": "PleasantVille",
        "state": "UT",
        "postalCode": "84414"
      } ],
      "qualification": [ {
        "identifier": [ {
          "system": "http://example.org/UniversityIdentifier",
          "value": "12345"
        } ],
        "code": {
          "coding": [ {
            "system": "http://terminology.hl7.org/CodeSystem/v2-0360|2.7",
            "code": "BS",
            "display": "Bachelor of Science"
          } ],
          "text": "Bachelor of Science"
        },
        "period": {
          "start": "1996"
        },
        "issuer": {
          "display": "Example University"
        }
      } ]
    },
    "request": {
      "method": "PUT",
      "url": "Practitioner/f3929c32-9839-4ac2-a52e-cfcf3b22429b"
    }
  }, {
    "fullUrl": "https://madie.cms.gov/ServiceRequest/e686e578-2bec-4efb-bddf-b51866a666bd",
    "resource": {
      "resourceType": "ServiceRequest",
      "id": "e686e578-2bec-4efb-bddf-b51866a666bd",
      "meta": {
        "profile": [ "http://hl7.org/fhir/us/qicore/StructureDefinition/qicore-servicerequest" ]
      },
      "status": "active",
      "intent": "order",
      "code": {
        "coding": [ {
          "system": "http://snomed.info/sct",
          "code": "456381000124102",
          "display": "Injection of leuprolide acetate for twelve month period (regime/therapy)"
        } ]
      },
      "subject": {
        "reference": "Patient/9bff7002-9697-407d-a42b-9debdafc9695"
      },
      "authoredOn": "2026-03-03T08:00:00.000+00:00"
    },
    "request": {
      "method": "PUT",
      "url": "ServiceRequest/e686e578-2bec-4efb-bddf-b51866a666bd"
    }
  }, {
    "fullUrl": "https://madie.cms.gov/MeasureReport/de27c86a-2c88-47cc-b584-9baf2958fbe1",
    "resource": {
      "resourceType": "MeasureReport",
      "id": "de27c86a-2c88-47cc-b584-9baf2958fbe1",
      "meta": {
        "profile": [ "http://hl7.org/fhir/us/cqfmeasures/StructureDefinition/test-case-cqfm" ]
      },
      "contained": [ {
        "resourceType": "Parameters",
        "id": "0a141871-aad5-47ec-bf3c-8690fdf19faa-parameters",
        "parameter": [ {
          "name": "subject",
          "valueString": "9bff7002-9697-407d-a42b-9debdafc9695"
        } ]
      } ],
      "extension": [ {
        "url": "http://hl7.org/fhir/StructureDefinition/cqf-inputParameters",
        "valueReference": {
          "reference": "#0a141871-aad5-47ec-bf3c-8690fdf19faa-parameters"
        }
      }, {
        "url": "http://hl7.org/fhir/us/cqfmeasures/StructureDefinition/cqfm-testCaseDescription",
        "valueMarkdown": "Male with encounter in MP, Dx: Prostate Cancer.  Procedure Order in MP.  Androgen Deprivation Therapy For Urology Care given multiple times with no Dexa. Passes DENOM as should."
      } ],
      "modifierExtension": [ {
        "url": "http://hl7.org/fhir/us/cqfmeasures/StructureDefinition/cqfm-isTestCase",
        "valueBoolean": true
      } ],
      "status": "complete",
      "type": "individual",
      "measure": "https://madie.cms.gov/Measure/CMS645FHIRBoneDensityProstateCancerAndrogenDeprivationTherapy",
      "period": {
        "start": "2026-01-01",
        "end": "2026-12-31"
      },
      "group": [ {
        "id": "Group_1",
        "population": [ {
          "id": "InitialPopulation_1",
          "code": {
            "coding": [ {
              "system": "http://terminology.hl7.org/CodeSystem/measure-population",
              "code": "initial-population",
              "display": "Initial Population"
            } ]
          },
          "count": 1
        }, {
          "id": "Denominator_1",
          "code": {
            "coding": [ {
              "system": "http://terminology.hl7.org/CodeSystem/measure-population",
              "code": "denominator",
              "display": "Denominator"
            } ]
          },
          "count": 1
        }, {
          "id": "Numerator_1",
          "code": {
            "coding": [ {
              "system": "http://terminology.hl7.org/CodeSystem/measure-population",
              "code": "numerator",
              "display": "Numerator"
            } ]
          },
          "count": 0
        }, {
          "id": "DenominatorException_1",
          "code": {
            "coding": [ {
              "system": "http://terminology.hl7.org/CodeSystem/measure-population",
              "code": "denominator-exception",
              "display": "Denominator Exception"
            } ]
          },
          "count": 0
        } ],
        "measureScore": {
          "value": 1.0
        }
      } ],
      "evaluatedResource": [ {
        "reference": "Patient/9bff7002-9697-407d-a42b-9debdafc9695"
      }, {
        "reference": "Encounter/7be9af0f-cf67-406c-8b08-01743ecef8d8"
      }, {
        "reference": "MedicationRequest/90e34c54-9451-40b6-901e-42bb6ef358c6"
      }, {
        "reference": "Condition/8fb555de-a8c6-40e5-ad28-39eed49af800"
      }, {
        "reference": "MedicationRequest/f45c2f3e-153c-4629-809a-2a2a8c17f31a"
      }, {
        "reference": "Practitioner/f3929c32-9839-4ac2-a52e-cfcf3b22429b"
      }, {
        "reference": "ServiceRequest/e686e578-2bec-4efb-bddf-b51866a666bd"
      } ]
    },
    "request": {
      "method": "PUT",
      "url": "MeasureReport/de27c86a-2c88-47cc-b584-9baf2958fbe1"
    }
  } ]
}