{
  "resourceType": "Bundle",
  "id": "1366",
  "meta": {
    "versionId": "1",
    "lastUpdated": "2022-03-30T19:02:32.620+00:00"
  },
  "type": "transaction",
  "entry": [ {
    "fullUrl": "https://madie.cms.gov/Encounter/92179ef0-5643-4c65-917c-550b815ab789",
    "resource": {
      "resourceType": "Encounter",
      "id": "92179ef0-5643-4c65-917c-550b815ab789",
      "meta": {
        "versionId": "1",
        "lastUpdated": "2021-10-13T03:34:10.160+00:00",
        "source": "#nEcAkGd8PRwPP5fA",
        "profile": [ "http://hl7.org/fhir/us/core/StructureDefinition/us-core-encounter" ]
      },
      "text": {
        "status": "generated",
        "div": "<div xmlns=\"http://www.w3.org/1999/xhtml\">Sep 9th 2021 for Asthma<a name=\"mm\"/></div>"
      },
      "status": "in-progress",
      "class": {
        "system": "http://terminology.hl7.org/CodeSystem/v3-ActCode",
        "code": "IMP",
        "display": "inpatient encounter"
      },
      "type": [ {
        "text": "OutPatient"
      } ],
      "subject": {
        "reference": "Patient/7f3b36d9-9384-458e-a5e4-dae98d502d9f"
      },
      "participant": [ {
        "individual": {
          "reference": "Practitioner/30164",
          "display": "Dr John Doe"
        }
      } ],
      "period": {
        "start": "2022-05-13T03:34:10.054Z"
      }
    },
    "request": {
      "method": "PUT",
      "url": "Encounter/92179ef0-5643-4c65-917c-550b815ab789"
    }
  }, {
    "fullUrl": "https://madie.cms.gov/Patient/7f3b36d9-9384-458e-a5e4-dae98d502d9f",
    "resource": {
      "resourceType": "Patient",
      "id": "7f3b36d9-9384-458e-a5e4-dae98d502d9f",
      "meta": {
        "profile": [ "http://hl7.org/fhir/us/qicore/StructureDefinition/qicore-patient" ]
      },
      "text": {
        "status": "generated",
        "div": "<div xmlns=\"http://www.w3.org/1999/xhtml\">Builder Bobby</div>"
      },
      "identifier": [ {
        "system": "http://clinfhir.com/fhir/NamingSystem/identifier",
        "value": "20181011LizzyHealth"
      } ],
      "name": [ {
        "use": "official",
        "text": "Builder Bobby",
        "family": "Bobby",
        "given": [ "Builder" ]
      } ],
      "gender": "female",
      "birthDate": "2000-10-11"
    },
    "request": {
      "method": "PUT",
      "url": "Patient/7f3b36d9-9384-458e-a5e4-dae98d502d9f"
    }
  }, {
    "fullUrl": "https://madie.cms.gov/MeasureReport/270ae84a-474a-4440-9388-cda509a98a8f",
    "resource": {
      "resourceType": "MeasureReport",
      "id": "270ae84a-474a-4440-9388-cda509a98a8f",
      "meta": {
        "profile": [ "http://hl7.org/fhir/us/cqfmeasures/StructureDefinition/test-case-cqfm" ]
      },
      "contained": [ {
        "resourceType": "Parameters",
        "id": "2aa83e34-ffb7-436f-a48c-32ab84dc6970-parameters",
        "parameter": [ {
          "name": "subject",
          "valueString": "7f3b36d9-9384-458e-a5e4-dae98d502d9f"
        } ]
      } ],
      "extension": [ {
        "url": "http://hl7.org/fhir/us/cqfmeasures/StructureDefinition/cqfm-inputParameters",
        "valueReference": {
          "reference": "#2aa83e34-ffb7-436f-a48c-32ab84dc6970-parameters"
        }
      }, {
        "url": "http://hl7.org/fhir/us/cqfmeasures/StructureDefinition/cqfm-testCaseDescription",
        "valueMarkdown": "DENOMFail1723569250901b2"
      } ],
      "modifierExtension": [ {
        "url": "http://hl7.org/fhir/us/cqfmeasures/StructureDefinition/cqfm-isTestCase",
        "valueBoolean": true
      } ],
      "status": "complete",
      "type": "individual",
      "measure": "https://madie.cms.gov/Measure/TestLibrary61723570088892",
      "period": {
        "start": "2022-08-13",
        "end": "2024-08-13"
      },
      "evaluatedResource": [ {
        "reference": "Encounter/92179ef0-5643-4c65-917c-550b815ab789"
      }, {
        "reference": "Patient/7f3b36d9-9384-458e-a5e4-dae98d502d9f"
      } ]
    },
    "request": {
      "method": "PUT",
      "url": "MeasureReport/270ae84a-474a-4440-9388-cda509a98a8f"
    }
  } ]
}