{
  "resourceType": "Bundle",
  "id": "62bb3859e8081f5ef5e199f5",
  "type": "transaction",
  "entry": [ {
    "fullUrl": "https://madie.cms.gov/Patient/b5663718-0277-4e04-8ddf-b70b07893b6d",
    "resource": {
      "resourceType": "Patient",
      "id": "b5663718-0277-4e04-8ddf-b70b07893b6d",
      "meta": {
        "profile": [ "http://hl7.org/fhir/us/qicore/StructureDefinition/qicore-patient" ]
      },
      "extension": [ {
        "url": "http://hl7.org/fhir/us/core/StructureDefinition/us-core-race",
        "extension": [ {
          "url": "ombCategory",
          "valueCoding": {
            "system": "urn:oid:2.16.840.1.113883.6.238",
            "code": "1002-5",
            "display": "American Indian or Alaska Native",
            "userSelected": true
          }
        }, {
          "url": "text",
          "valueString": "American Indian or Alaska Native"
        } ]
      }, {
        "url": "http://hl7.org/fhir/us/core/StructureDefinition/us-core-ethnicity",
        "extension": [ {
          "url": "ombCategory",
          "valueCoding": {
            "system": "urn:oid:2.16.840.1.113883.6.238",
            "code": "2135-2",
            "display": "Hispanic or Latino",
            "userSelected": true
          }
        }, {
          "url": "text",
          "valueString": "Hispanic or Latino"
        } ]
      } ],
      "identifier": [ {
        "type": {
          "coding": [ {
            "system": "http://terminology.hl7.org/CodeSystem/v2-0203",
            "code": "MR"
          } ]
        },
        "system": "https://bonnie-fhir.healthit.gov/",
        "value": "62bb3859e8081f5ef5e199f5"
      } ],
      "name": [ {
        "family": "DENOMFail",
        "given": [ "CancerDxUnconfirmed" ]
      } ],
      "gender": "male",
      "birthDate": "1952-07-19"
    },
    "request": {
      "method": "PUT",
      "url": "Patient/b5663718-0277-4e04-8ddf-b70b07893b6d"
    }
  }, {
    "fullUrl": "https://madie.cms.gov/Encounter/257b3d5e-4eed-40fd-8cc4-44d5bd47c141",
    "resource": {
      "resourceType": "Encounter",
      "id": "257b3d5e-4eed-40fd-8cc4-44d5bd47c141",
      "meta": {
        "profile": [ "http://hl7.org/fhir/us/qicore/StructureDefinition/qicore-encounter" ]
      },
      "status": "finished",
      "class": {
        "system": "http://terminology.hl7.org/CodeSystem/v3-ActCode",
        "code": "AMB",
        "display": "ambulatory"
      },
      "type": [ {
        "coding": [ {
          "system": "http://snomed.info/sct",
          "version": "http://snomed.info/sct/731000124108/version/20240401",
          "code": "185463005",
          "display": "Visit out of hours (procedure)",
          "userSelected": true
        } ]
      } ],
      "subject": {
        "reference": "Patient/b5663718-0277-4e04-8ddf-b70b07893b6d"
      },
      "period": {
        "start": "2026-03-03T08:00:00.000+00:00",
        "end": "2026-03-03T08:15:00.000+00:00"
      }
    },
    "request": {
      "method": "PUT",
      "url": "Encounter/257b3d5e-4eed-40fd-8cc4-44d5bd47c141"
    }
  }, {
    "fullUrl": "https://madie.cms.gov/Condition/972a8668-02ac-4a49-bd87-b9996eca4baa",
    "resource": {
      "resourceType": "Condition",
      "id": "972a8668-02ac-4a49-bd87-b9996eca4baa",
      "meta": {
        "profile": [ "http://hl7.org/fhir/us/qicore/StructureDefinition/qicore-condition-problems-health-concerns" ]
      },
      "clinicalStatus": {
        "coding": [ {
          "system": "http://terminology.hl7.org/CodeSystem/condition-clinical",
          "code": "active",
          "display": "Active",
          "userSelected": true
        } ]
      },
      "verificationStatus": {
        "coding": [ {
          "system": "http://terminology.hl7.org/CodeSystem/condition-ver-status",
          "code": "confirmed",
          "display": "Unconfirmed",
          "userSelected": true
        } ]
      },
      "category": [ {
        "coding": [ {
          "system": "http://terminology.hl7.org/CodeSystem/condition-category",
          "code": "problem-list-item",
          "display": "Problem List Item"
        } ]
      } ],
      "code": {
        "coding": [ {
          "system": "http://snomed.info/sct",
          "version": "http://snomed.info/sct/731000124108/version/20240401",
          "code": "254900004",
          "display": "Carcinoma of prostate (disorder)",
          "userSelected": true
        } ]
      },
      "subject": {
        "reference": "Patient/b5663718-0277-4e04-8ddf-b70b07893b6d"
      },
      "onsetPeriod": {
        "start": "2026-03-03T08:00:00.000+00:00"
      }
    },
    "request": {
      "method": "PUT",
      "url": "Condition/972a8668-02ac-4a49-bd87-b9996eca4baa"
    }
  }, {
    "fullUrl": "https://madie.cms.gov/MedicationRequest/2d72acac-0036-4a57-8597-8be787307cbf",
    "resource": {
      "resourceType": "MedicationRequest",
      "id": "2d72acac-0036-4a57-8597-8be787307cbf",
      "meta": {
        "profile": [ "http://hl7.org/fhir/us/qicore/StructureDefinition/qicore-medicationrequest" ]
      },
      "status": "active",
      "intent": "order",
      "medicationCodeableConcept": {
        "coding": [ {
          "system": "http://www.nlm.nih.gov/research/umls/rxnorm",
          "version": "2025-01",
          "code": "752884",
          "display": "0.375 ML leuprolide acetate 120 MG/ML Prefilled Syringe",
          "userSelected": true
        } ]
      },
      "subject": {
        "reference": "Patient/b5663718-0277-4e04-8ddf-b70b07893b6d"
      },
      "authoredOn": "2025-09-03T08:00:00.000+00:00",
      "requester": {
        "reference": "http://myGoodHealthcare.com/fhir/Practitioner/646346"
      },
      "dosageInstruction": [ {
        "timing": {
          "repeat": {
            "boundsPeriod": {
              "start": "2025-09-03T08:00:00.000+00:00"
            }
          }
        }
      } ]
    },
    "request": {
      "method": "PUT",
      "url": "MedicationRequest/2d72acac-0036-4a57-8597-8be787307cbf"
    }
  }, {
    "fullUrl": "https://madie.cms.gov/ServiceRequest/1a01daf7-7bca-41ad-b828-e7b39abd9259",
    "resource": {
      "resourceType": "ServiceRequest",
      "id": "1a01daf7-7bca-41ad-b828-e7b39abd9259",
      "meta": {
        "profile": [ "http://hl7.org/fhir/us/qicore/StructureDefinition/qicore-servicerequest" ]
      },
      "status": "active",
      "intent": "order",
      "code": {
        "coding": [ {
          "system": "http://snomed.info/sct",
          "code": "456381000124102",
          "display": "Injection of leuprolide acetate for twelve month period (regime/therapy)",
          "userSelected": true
        } ]
      },
      "subject": {
        "reference": "Patient/b5663718-0277-4e04-8ddf-b70b07893b6d"
      },
      "authoredOn": "2025-09-03T08:00:00.000+00:00"
    },
    "request": {
      "method": "PUT",
      "url": "ServiceRequest/1a01daf7-7bca-41ad-b828-e7b39abd9259"
    }
  }, {
    "fullUrl": "https://madie.cms.gov/MeasureReport/9da2cf93-10e6-473f-a460-13488bdc3bfb",
    "resource": {
      "resourceType": "MeasureReport",
      "id": "9da2cf93-10e6-473f-a460-13488bdc3bfb",
      "meta": {
        "profile": [ "http://hl7.org/fhir/us/cqfmeasures/StructureDefinition/test-case-cqfm" ]
      },
      "contained": [ {
        "resourceType": "Parameters",
        "id": "69d44407-6db5-4905-b929-938f36a03999-parameters",
        "parameter": [ {
          "name": "subject",
          "valueString": "b5663718-0277-4e04-8ddf-b70b07893b6d"
        } ]
      } ],
      "extension": [ {
        "url": "http://hl7.org/fhir/StructureDefinition/cqf-inputParameters",
        "valueReference": {
          "reference": "#69d44407-6db5-4905-b929-938f36a03999-parameters"
        }
      }, {
        "url": "http://hl7.org/fhir/us/cqfmeasures/StructureDefinition/cqfm-testCaseDescription",
        "valueMarkdown": "Prostate cancer diagnosis unconfirmed. "
      } ],
      "modifierExtension": [ {
        "url": "http://hl7.org/fhir/us/cqfmeasures/StructureDefinition/cqfm-isTestCase",
        "valueBoolean": true
      } ],
      "status": "complete",
      "type": "individual",
      "measure": "https://madie.cms.gov/Measure/BoneDensityProstateCancerAndrogenDeprivationTherapyFHIR6",
      "period": {
        "start": "2026-01-01",
        "end": "2026-12-31"
      },
      "group": [ {
        "id": "Group_1",
        "population": [ {
          "id": "InitialPopulation_1",
          "code": {
            "coding": [ {
              "system": "http://terminology.hl7.org/CodeSystem/measure-population",
              "code": "initial-population",
              "display": "Initial Population"
            } ]
          },
          "count": 0
        }, {
          "id": "Denominator_1",
          "code": {
            "coding": [ {
              "system": "http://terminology.hl7.org/CodeSystem/measure-population",
              "code": "denominator",
              "display": "Denominator"
            } ]
          },
          "count": 0
        }, {
          "id": "Numerator_1",
          "code": {
            "coding": [ {
              "system": "http://terminology.hl7.org/CodeSystem/measure-population",
              "code": "numerator",
              "display": "Numerator"
            } ]
          },
          "count": 0
        }, {
          "id": "DenominatorException_1",
          "code": {
            "coding": [ {
              "system": "http://terminology.hl7.org/CodeSystem/measure-population",
              "code": "denominator-exception",
              "display": "Denominator Exception"
            } ]
          },
          "count": 0
        } ],
        "measureScore": {
          "value": 1.0
        }
      } ],
      "evaluatedResource": [ {
        "reference": "Patient/b5663718-0277-4e04-8ddf-b70b07893b6d"
      }, {
        "reference": "Encounter/257b3d5e-4eed-40fd-8cc4-44d5bd47c141"
      }, {
        "reference": "Condition/972a8668-02ac-4a49-bd87-b9996eca4baa"
      }, {
        "reference": "MedicationRequest/2d72acac-0036-4a57-8597-8be787307cbf"
      }, {
        "reference": "ServiceRequest/1a01daf7-7bca-41ad-b828-e7b39abd9259"
      } ]
    },
    "request": {
      "method": "PUT",
      "url": "MeasureReport/9da2cf93-10e6-473f-a460-13488bdc3bfb"
    }
  } ]
}