{
  "resourceType": "Bundle",
  "id": "62bb3859e8081f5ef5e199f5",
  "type": "transaction",
  "entry": [ {
    "fullUrl": "https://madie.cms.gov/Patient/b5663718-0277-4e04-8ddf-b70b07893b6d",
    "resource": {
      "resourceType": "Patient",
      "id": "b5663718-0277-4e04-8ddf-b70b07893b6d",
      "meta": {
        "profile": [ "http://hl7.org/fhir/us/qicore/StructureDefinition/qicore-patient" ]
      },
      "extension": [ {
        "url": "http://hl7.org/fhir/us/core/StructureDefinition/us-core-race",
        "extension": [ {
          "url": "ombCategory",
          "valueCoding": {
            "system": "urn:oid:2.16.840.1.113883.6.238",
            "code": "1002-5",
            "display": "American Indian or Alaska Native",
            "userSelected": true
          }
        }, {
          "url": "text",
          "valueString": "American Indian or Alaska Native"
        } ]
      }, {
        "url": "http://hl7.org/fhir/us/core/StructureDefinition/us-core-ethnicity",
        "extension": [ {
          "url": "ombCategory",
          "valueCoding": {
            "system": "urn:oid:2.16.840.1.113883.6.238",
            "code": "2135-2",
            "display": "Hispanic or Latino",
            "userSelected": true
          }
        }, {
          "url": "text",
          "valueString": "Hispanic or Latino"
        } ]
      } ],
      "identifier": [ {
        "type": {
          "coding": [ {
            "system": "http://terminology.hl7.org/CodeSystem/v2-0203",
            "code": "MR"
          } ]
        },
        "system": "https://bonnie-fhir.healthit.gov/",
        "value": "62bb3859e8081f5ef5e199f5"
      } ],
      "name": [ {
        "family": "DENOMFail",
        "given": [ "CancerDxUnconfirmed" ]
      } ],
      "gender": "male",
      "birthDate": "1951-07-19"
    },
    "request": {
      "method": "PUT",
      "url": "Patient/b5663718-0277-4e04-8ddf-b70b07893b6d"
    }
  }, {
    "fullUrl": "https://madie.cms.gov/Encounter/54d1a9f7-d817-4f25-8170-0800f762feb1",
    "resource": {
      "resourceType": "Encounter",
      "id": "54d1a9f7-d817-4f25-8170-0800f762feb1",
      "meta": {
        "profile": [ "http://hl7.org/fhir/us/qicore/StructureDefinition/qicore-encounter" ]
      },
      "status": "finished",
      "class": {
        "system": "http://terminology.hl7.org/CodeSystem/v3-ActCode",
        "code": "AMB",
        "display": "ambulatory"
      },
      "type": [ {
        "coding": [ {
          "system": "http://snomed.info/sct",
          "version": "http://snomed.info/sct/731000124108/version/20240401",
          "code": "185463005",
          "display": "Visit out of hours (procedure)",
          "userSelected": true
        } ]
      } ],
      "subject": {
        "reference": "Patient/b5663718-0277-4e04-8ddf-b70b07893b6d"
      },
      "period": {
        "start": "2025-03-03T08:00:00.000+00:00",
        "end": "2025-03-03T08:15:00.000+00:00"
      }
    },
    "request": {
      "method": "PUT",
      "url": "Encounter/54d1a9f7-d817-4f25-8170-0800f762feb1"
    }
  }, {
    "fullUrl": "https://madie.cms.gov/Condition/0295e939-8c6c-4e2b-9c8e-63001c1c527a",
    "resource": {
      "resourceType": "Condition",
      "id": "0295e939-8c6c-4e2b-9c8e-63001c1c527a",
      "meta": {
        "profile": [ "http://hl7.org/fhir/us/qicore/StructureDefinition/qicore-condition-problems-health-concerns" ]
      },
      "clinicalStatus": {
        "coding": [ {
          "system": "http://terminology.hl7.org/CodeSystem/condition-clinical",
          "code": "active",
          "display": "Active",
          "userSelected": true
        } ]
      },
      "verificationStatus": {
        "coding": [ {
          "system": "http://terminology.hl7.org/CodeSystem/condition-ver-status",
          "code": "confirmed",
          "display": "Unconfirmed",
          "userSelected": true
        } ]
      },
      "category": [ {
        "coding": [ {
          "system": "http://terminology.hl7.org/CodeSystem/condition-category",
          "code": "problem-list-item",
          "display": "Problem List Item"
        } ]
      } ],
      "code": {
        "coding": [ {
          "system": "http://snomed.info/sct",
          "version": "http://snomed.info/sct/731000124108/version/20240401",
          "code": "254900004",
          "display": "Carcinoma of prostate (disorder)",
          "userSelected": true
        } ]
      },
      "subject": {
        "reference": "Patient/b5663718-0277-4e04-8ddf-b70b07893b6d"
      },
      "onsetPeriod": {
        "start": "2025-03-03T08:00:00.000+00:00"
      }
    },
    "request": {
      "method": "PUT",
      "url": "Condition/0295e939-8c6c-4e2b-9c8e-63001c1c527a"
    }
  }, {
    "fullUrl": "https://madie.cms.gov/MedicationRequest/2460fb04-229f-4cd7-b44d-8b2a2e792350",
    "resource": {
      "resourceType": "MedicationRequest",
      "id": "2460fb04-229f-4cd7-b44d-8b2a2e792350",
      "meta": {
        "profile": [ "http://hl7.org/fhir/us/qicore/StructureDefinition/qicore-medicationrequest" ]
      },
      "status": "active",
      "intent": "order",
      "medicationCodeableConcept": {
        "coding": [ {
          "system": "http://www.nlm.nih.gov/research/umls/rxnorm",
          "version": "2025-01",
          "code": "752884",
          "display": "0.375 ML leuprolide acetate 120 MG/ML Prefilled Syringe",
          "userSelected": true
        } ]
      },
      "subject": {
        "reference": "Patient/b5663718-0277-4e04-8ddf-b70b07893b6d"
      },
      "authoredOn": "2024-09-03T08:00:00.000+00:00",
      "requester": {
        "reference": "http://myGoodHealthcare.com/fhir/Practitioner/646346"
      },
      "dosageInstruction": [ {
        "timing": {
          "repeat": {
            "boundsPeriod": {
              "start": "2024-09-03T08:00:00.000+00:00"
            }
          }
        }
      } ]
    },
    "request": {
      "method": "PUT",
      "url": "MedicationRequest/2460fb04-229f-4cd7-b44d-8b2a2e792350"
    }
  }, {
    "fullUrl": "https://madie.cms.gov/ServiceRequest/327f51c0-42b5-496e-8fe4-9b1efc089745",
    "resource": {
      "resourceType": "ServiceRequest",
      "id": "327f51c0-42b5-496e-8fe4-9b1efc089745",
      "meta": {
        "profile": [ "http://hl7.org/fhir/us/qicore/StructureDefinition/qicore-servicerequest" ]
      },
      "status": "active",
      "intent": "order",
      "code": {
        "coding": [ {
          "system": "http://snomed.info/sct",
          "code": "456381000124102",
          "display": "Injection of leuprolide acetate for twelve month period (regime/therapy)",
          "userSelected": true
        } ]
      },
      "subject": {
        "reference": "Patient/b5663718-0277-4e04-8ddf-b70b07893b6d"
      },
      "authoredOn": "2024-09-03T08:00:00.000+00:00"
    },
    "request": {
      "method": "PUT",
      "url": "ServiceRequest/327f51c0-42b5-496e-8fe4-9b1efc089745"
    }
  }, {
    "fullUrl": "https://madie.cms.gov/MeasureReport/d9400961-0f56-4d9f-9ded-e3a6c1281a40",
    "resource": {
      "resourceType": "MeasureReport",
      "id": "d9400961-0f56-4d9f-9ded-e3a6c1281a40",
      "meta": {
        "profile": [ "http://hl7.org/fhir/us/cqfmeasures/StructureDefinition/test-case-cqfm" ]
      },
      "contained": [ {
        "resourceType": "Parameters",
        "id": "c8230f32-b4b8-4596-bfdc-8bb7497d4b93-parameters",
        "parameter": [ {
          "name": "subject",
          "valueString": "b5663718-0277-4e04-8ddf-b70b07893b6d"
        } ]
      } ],
      "extension": [ {
        "url": "http://hl7.org/fhir/us/cqfmeasures/StructureDefinition/cqfm-inputParameters",
        "valueReference": {
          "reference": "#c8230f32-b4b8-4596-bfdc-8bb7497d4b93-parameters"
        }
      }, {
        "url": "http://hl7.org/fhir/us/cqfmeasures/StructureDefinition/cqfm-testCaseDescription",
        "valueMarkdown": "Prostate cancer diagnosis unconfirmed. "
      } ],
      "modifierExtension": [ {
        "url": "http://hl7.org/fhir/us/cqfmeasures/StructureDefinition/cqfm-isTestCase",
        "valueBoolean": true
      } ],
      "status": "complete",
      "type": "individual",
      "measure": "https://madie.cms.gov/Measure/BoneDensityProstateCancerAndrogenDeprivationTherapyFHIR6",
      "period": {
        "start": "2025-01-01",
        "end": "2025-12-31"
      },
      "group": [ {
        "id": "67b61060a0d801640767a597",
        "population": [ {
          "id": "E8F25116-1779-4BA6-B606-34F12AE4F5BA",
          "code": {
            "coding": [ {
              "system": "http://terminology.hl7.org/CodeSystem/measure-population",
              "code": "initial-population",
              "display": "Initial Population"
            } ]
          },
          "count": 0
        }, {
          "id": "1C145A56-9250-4444-A497-86C44F55CFDB",
          "code": {
            "coding": [ {
              "system": "http://terminology.hl7.org/CodeSystem/measure-population",
              "code": "denominator",
              "display": "Denominator"
            } ]
          },
          "count": 0
        }, {
          "id": "B1E0E3D2-D44E-4BFF-92F8-077CF1AE234F",
          "code": {
            "coding": [ {
              "system": "http://terminology.hl7.org/CodeSystem/measure-population",
              "code": "numerator",
              "display": "Numerator"
            } ]
          },
          "count": 0
        }, {
          "id": "A9552F46-139C-4270-835C-224132205362",
          "code": {
            "coding": [ {
              "system": "http://terminology.hl7.org/CodeSystem/measure-population",
              "code": "denominator-exception",
              "display": "Denominator Exception"
            } ]
          },
          "count": 0
        } ],
        "measureScore": {
          "value": 1.0
        }
      } ],
      "evaluatedResource": [ {
        "reference": "Patient/b5663718-0277-4e04-8ddf-b70b07893b6d"
      }, {
        "reference": "Encounter/54d1a9f7-d817-4f25-8170-0800f762feb1"
      }, {
        "reference": "Condition/0295e939-8c6c-4e2b-9c8e-63001c1c527a"
      }, {
        "reference": "MedicationRequest/2460fb04-229f-4cd7-b44d-8b2a2e792350"
      }, {
        "reference": "ServiceRequest/327f51c0-42b5-496e-8fe4-9b1efc089745"
      } ]
    },
    "request": {
      "method": "PUT",
      "url": "MeasureReport/d9400961-0f56-4d9f-9ded-e3a6c1281a40"
    }
  } ]
}