{
  "resourceType": "Bundle",
  "id": "612e6a8b02c62a011f2ea4e5",
  "type": "transaction",
  "entry": [ {
    "fullUrl": "https://madie.cms.gov/Patient/ceb078d7-ec35-4354-8cfc-3953bc288fcd",
    "resource": {
      "resourceType": "Patient",
      "id": "ceb078d7-ec35-4354-8cfc-3953bc288fcd",
      "meta": {
        "profile": [ "http://hl7.org/fhir/us/qicore/StructureDefinition/qicore-patient" ]
      },
      "text": {
        "status": "generated",
        "div": "<div xmlns=\"http://www.w3.org/1999/xhtml\"><div class=\"hapiHeaderText\">MA_LDUHep1DayAfAnes_MedAdmRvltDT <b>NUMERPASS </b></div><table class=\"hapiPropertyTable\"><tbody><tr><td>Identifier</td><td>8a33d2769a6bdab7ccc20de0552fc909</td></tr><tr><td>Date of birth</td><td><span>02 January 1974</span></td></tr></tbody></table></div>"
      },
      "extension": [ {
        "url": "http://hl7.org/fhir/us/core/StructureDefinition/us-core-race",
        "extension": [ {
          "url": "ombCategory",
          "valueCoding": {
            "system": "urn:oid:2.16.840.1.113883.6.238",
            "code": "1002-5",
            "display": "American Indian or Alaska Native",
            "userSelected": true
          }
        }, {
          "url": "text",
          "valueString": "American Indian or Alaska Native"
        } ]
      }, {
        "url": "http://hl7.org/fhir/us/core/StructureDefinition/us-core-ethnicity",
        "extension": [ {
          "url": "ombCategory",
          "valueCoding": {
            "system": "urn:oid:2.16.840.1.113883.6.238",
            "code": "2135-2",
            "display": "Hispanic or Latino",
            "userSelected": true
          }
        }, {
          "url": "text",
          "valueString": "Hispanic or Latino"
        } ]
      } ],
      "identifier": [ {
        "type": {
          "coding": [ {
            "system": "http://terminology.hl7.org/CodeSystem/v2-0203",
            "code": "MR"
          } ]
        },
        "system": "https://bonnie-fhir.healthit.gov/",
        "value": "612e6a8b02c62a011f2ea4e5"
      } ],
      "active": true,
      "name": [ {
        "use": "usual",
        "family": "NUMERPass",
        "given": [ "MA_LDUHep1DayAfAnes_MedAdmRvltDT" ]
      } ],
      "gender": "male",
      "birthDate": "1974-01-02"
    },
    "request": {
      "method": "PUT",
      "url": "Patient/ceb078d7-ec35-4354-8cfc-3953bc288fcd"
    }
  }, {
    "fullUrl": "https://madie.cms.gov/Encounter/eb0e9c4e-989f-4ed1-91ef-2b90e9b34ba9",
    "resource": {
      "resourceType": "Encounter",
      "id": "eb0e9c4e-989f-4ed1-91ef-2b90e9b34ba9",
      "meta": {
        "profile": [ "http://hl7.org/fhir/us/qicore/StructureDefinition/qicore-encounter" ]
      },
      "status": "finished",
      "class": {
        "system": "http://terminology.hl7.org/CodeSystem/v3-ActCode",
        "code": "IMP",
        "display": "inpatient encounter"
      },
      "type": [ {
        "coding": [ {
          "system": "http://snomed.info/sct",
          "code": "8715000"
        } ]
      } ],
      "subject": {
        "reference": "Patient/ceb078d7-ec35-4354-8cfc-3953bc288fcd"
      },
      "period": {
        "start": "2025-11-01T08:00:00+00:00",
        "end": "2025-11-26T08:15:00+00:00"
      },
      "length": {
        "value": 25.0,
        "unit": "days"
      }
    },
    "request": {
      "method": "PUT",
      "url": "Encounter/eb0e9c4e-989f-4ed1-91ef-2b90e9b34ba9"
    }
  }, {
    "fullUrl": "https://madie.cms.gov/Coverage/3a07cc01-935f-41d7-b69c-2ec8b31d46c8",
    "resource": {
      "resourceType": "Coverage",
      "id": "3a07cc01-935f-41d7-b69c-2ec8b31d46c8",
      "status": "active",
      "beneficiary": {
        "reference": "Patient/ceb078d7-ec35-4354-8cfc-3953bc288fcd"
      },
      "period": {
        "start": "1974-01-02T08:00:00+00:00"
      },
      "payor": [ {
        "reference": "Organization/fc1cd0f5-7892-4ae2-8966-652045fcc0c1"
      } ]
    },
    "request": {
      "method": "PUT",
      "url": "Coverage/3a07cc01-935f-41d7-b69c-2ec8b31d46c8"
    }
  }, {
    "fullUrl": "https://madie.cms.gov/MedicationAdministration/6262c6c8-e06e-4754-b185-9cd3feaf9263",
    "resource": {
      "resourceType": "MedicationAdministration",
      "id": "6262c6c8-e06e-4754-b185-9cd3feaf9263",
      "meta": {
        "profile": [ "http://hl7.org/fhir/us/qicore/StructureDefinition/qicore-medicationadministration" ]
      },
      "status": "completed",
      "medicationCodeableConcept": {
        "coding": [ {
          "system": "http://www.nlm.nih.gov/research/umls/rxnorm",
          "code": "1361574"
        } ]
      },
      "subject": {
        "reference": "Patient/ceb078d7-ec35-4354-8cfc-3953bc288fcd"
      },
      "effectiveDateTime": "2025-11-03T10:00:00+00:00",
      "dosage": {
        "route": {
          "coding": [ {
            "system": "http://snomed.info/sct",
            "code": "34206005",
            "display": "Subcutaneous route"
          } ]
        },
        "dose": {
          "value": 20000,
          "unit": "UNT/ML",
          "system": "http://unitsofmeasure.org",
          "code": "UNT/ML"
        }
      }
    },
    "request": {
      "method": "PUT",
      "url": "MedicationAdministration/6262c6c8-e06e-4754-b185-9cd3feaf9263"
    }
  }, {
    "fullUrl": "https://madie.cms.gov/Procedure/12f1823d-57b5-41db-bbd2-f7da9f5bb3a1",
    "resource": {
      "resourceType": "Procedure",
      "id": "12f1823d-57b5-41db-bbd2-f7da9f5bb3a1",
      "meta": {
        "profile": [ "http://hl7.org/fhir/us/qicore/StructureDefinition/qicore-procedure" ]
      },
      "extension": [ {
        "url": "http://hl7.org/fhir/us/qicore/StructureDefinition/qicore-recorded",
        "valueDateTime": "2012-11-02T09:35:00-04:00"
      } ],
      "status": "completed",
      "code": {
        "coding": [ {
          "system": "http://www.icd10data.com/icd10pcs",
          "code": "3E030FZ"
        }, {
          "system": "http://snomed.info/sct",
          "code": "18946005"
        } ]
      },
      "subject": {
        "reference": "Patient/ceb078d7-ec35-4354-8cfc-3953bc288fcd"
      },
      "performedPeriod": {
        "start": "2025-11-02T09:00:00+00:00",
        "end": "2025-11-02T09:15:00+00:00"
      }
    },
    "request": {
      "method": "PUT",
      "url": "Procedure/12f1823d-57b5-41db-bbd2-f7da9f5bb3a1"
    }
  }, {
    "fullUrl": "https://madie.cms.gov/Organization/fc1cd0f5-7892-4ae2-8966-652045fcc0c1",
    "resource": {
      "resourceType": "Organization",
      "id": "fc1cd0f5-7892-4ae2-8966-652045fcc0c1",
      "meta": {
        "profile": [ "http://hl7.org/fhir/us/qicore/StructureDefinition/qicore-organization" ]
      },
      "identifier": [ {
        "use": "temp",
        "system": "urn:oid:2.16.840.1.113883.4.4",
        "value": "21-3259825"
      } ],
      "active": true,
      "type": [ {
        "coding": [ {
          "system": "http://terminology.hl7.org/CodeSystem/organization-type",
          "code": "pay",
          "display": "Payer"
        } ]
      } ],
      "name": "Blue Cross Blue Shield of Texas",
      "telecom": [ {
        "system": "phone",
        "value": "(+1) 972-766-6900"
      } ],
      "address": [ {
        "use": "billing",
        "type": "postal",
        "line": [ "P.O. Box 660044" ],
        "city": "Dallas",
        "state": "TX",
        "postalCode": "75266-0044",
        "country": "USA"
      } ]
    },
    "request": {
      "method": "PUT",
      "url": "Organization/fc1cd0f5-7892-4ae2-8966-652045fcc0c1"
    }
  }, {
    "fullUrl": "https://madie.cms.gov/Practitioner/ac6b4409-b576-41e5-84d0-6f67e83f86df",
    "resource": {
      "resourceType": "Practitioner",
      "id": "ac6b4409-b576-41e5-84d0-6f67e83f86df",
      "identifier": [ {
        "system": "http://hl7.org/fhir/sid/us-npi",
        "value": "123456"
      } ],
      "name": [ {
        "family": "Evil",
        "prefix": [ "Dr" ]
      } ]
    },
    "request": {
      "method": "PUT",
      "url": "Practitioner/ac6b4409-b576-41e5-84d0-6f67e83f86df"
    }
  }, {
    "fullUrl": "https://madie.cms.gov/MeasureReport/a15c1821-f207-49c8-8a17-e9fd3675476c",
    "resource": {
      "resourceType": "MeasureReport",
      "id": "a15c1821-f207-49c8-8a17-e9fd3675476c",
      "meta": {
        "profile": [ "http://hl7.org/fhir/us/cqfmeasures/StructureDefinition/test-case-cqfm" ]
      },
      "contained": [ {
        "resourceType": "Parameters",
        "id": "47dc8f85-cbd2-4d7a-b987-b0ae87476647-parameters",
        "parameter": [ {
          "name": "subject",
          "valueString": "ceb078d7-ec35-4354-8cfc-3953bc288fcd"
        } ]
      } ],
      "extension": [ {
        "url": "http://hl7.org/fhir/us/cqfmeasures/StructureDefinition/cqfm-inputParameters",
        "valueReference": {
          "reference": "#47dc8f85-cbd2-4d7a-b987-b0ae87476647-parameters"
        }
      }, {
        "url": "http://hl7.org/fhir/us/cqfmeasures/StructureDefinition/cqfm-testCaseDescription",
        "valueMarkdown": "low dose SQ heparin as relevant datetime after 1 day of Aneth\n"
      } ],
      "modifierExtension": [ {
        "url": "http://hl7.org/fhir/us/cqfmeasures/StructureDefinition/cqfm-isTestCase",
        "valueBoolean": true
      } ],
      "status": "complete",
      "type": "individual",
      "measure": "https://madie.cms.gov/Measure/VenousThromboembolismProphylaxisFHIR",
      "period": {
        "start": "2025-01-01",
        "end": "2025-12-31"
      },
      "group": [ {
        "population": [ {
          "code": {
            "coding": [ {
              "system": "http://terminology.hl7.org/CodeSystem/measure-population",
              "code": "initial-population",
              "display": "Initial Population"
            } ]
          },
          "count": 1
        }, {
          "code": {
            "coding": [ {
              "system": "http://terminology.hl7.org/CodeSystem/measure-population",
              "code": "denominator",
              "display": "Denominator"
            } ]
          },
          "count": 1
        }, {
          "code": {
            "coding": [ {
              "system": "http://terminology.hl7.org/CodeSystem/measure-population",
              "code": "denominator-exclusion",
              "display": "Denominator Exclusion"
            } ]
          },
          "count": 0
        }, {
          "code": {
            "coding": [ {
              "system": "http://terminology.hl7.org/CodeSystem/measure-population",
              "code": "numerator",
              "display": "Numerator"
            } ]
          },
          "count": 1
        } ]
      } ],
      "evaluatedResource": [ {
        "reference": "Patient/ceb078d7-ec35-4354-8cfc-3953bc288fcd"
      }, {
        "reference": "Encounter/eb0e9c4e-989f-4ed1-91ef-2b90e9b34ba9"
      }, {
        "reference": "Coverage/3a07cc01-935f-41d7-b69c-2ec8b31d46c8"
      }, {
        "reference": "MedicationAdministration/6262c6c8-e06e-4754-b185-9cd3feaf9263"
      }, {
        "reference": "Procedure/12f1823d-57b5-41db-bbd2-f7da9f5bb3a1"
      }, {
        "reference": "Organization/fc1cd0f5-7892-4ae2-8966-652045fcc0c1"
      }, {
        "reference": "Practitioner/ac6b4409-b576-41e5-84d0-6f67e83f86df"
      } ]
    },
    "request": {
      "method": "PUT",
      "url": "MeasureReport/a15c1821-f207-49c8-8a17-e9fd3675476c"
    }
  } ]
}