{
  "resourceType": "Bundle",
  "id": "1366",
  "meta": {
    "versionId": "1",
    "lastUpdated": "2022-03-30T19:02:32.620+00:00"
  },
  "type": "transaction",
  "entry": [ {
    "fullUrl": "https://madie.cms.gov/Encounter/7c70f2ec-a4f8-44ac-8113-3fb83927abc4",
    "resource": {
      "resourceType": "Encounter",
      "id": "7c70f2ec-a4f8-44ac-8113-3fb83927abc4",
      "meta": {
        "versionId": "1",
        "lastUpdated": "2021-10-13T03:34:10.160+00:00",
        "source": "#nEcAkGd8PRwPP5fA",
        "profile": [ "http://hl7.org/fhir/us/core/StructureDefinition/us-core-encounter" ]
      },
      "text": {
        "status": "generated",
        "div": "<div xmlns=\"http://www.w3.org/1999/xhtml\">Sep 9th 2021 for Asthma<a name=\"mm\"/></div>"
      },
      "status": "in-progress",
      "class": {
        "system": "http://terminology.hl7.org/CodeSystem/v3-ActCode",
        "code": "IMP",
        "display": "inpatient encounter"
      },
      "type": [ {
        "text": "OutPatient"
      } ],
      "subject": {
        "reference": "Patient/8527dc9d-3f40-43b4-a6a3-43022722f019"
      },
      "participant": [ {
        "individual": {
          "reference": "Practitioner/30164",
          "display": "Dr John Doe"
        }
      } ],
      "period": {
        "start": "2022-05-13T03:34:10.054Z"
      }
    },
    "request": {
      "method": "PUT",
      "url": "Encounter/7c70f2ec-a4f8-44ac-8113-3fb83927abc4"
    }
  }, {
    "fullUrl": "https://madie.cms.gov/Patient/8527dc9d-3f40-43b4-a6a3-43022722f019",
    "resource": {
      "resourceType": "Patient",
      "id": "8527dc9d-3f40-43b4-a6a3-43022722f019",
      "meta": {
        "profile": [ "http://hl7.org/fhir/us/qicore/StructureDefinition/qicore-patient" ]
      },
      "text": {
        "status": "generated",
        "div": "<div xmlns=\"http://www.w3.org/1999/xhtml\">Lizzy Health</div>"
      },
      "identifier": [ {
        "system": "http://clinfhir.com/fhir/NamingSystem/identifier",
        "value": "20181011LizzyHealth"
      } ],
      "name": [ {
        "use": "official",
        "text": "Lizzy Health",
        "family": "Health",
        "given": [ "Lizzy" ]
      } ],
      "gender": "female",
      "birthDate": "2000-10-11"
    },
    "request": {
      "method": "PUT",
      "url": "Patient/8527dc9d-3f40-43b4-a6a3-43022722f019"
    }
  }, {
    "fullUrl": "https://madie.cms.gov/MeasureReport/36738b0a-0aab-456a-895d-3b58992f2590",
    "resource": {
      "resourceType": "MeasureReport",
      "id": "36738b0a-0aab-456a-895d-3b58992f2590",
      "meta": {
        "profile": [ "http://hl7.org/fhir/us/cqfmeasures/StructureDefinition/test-case-cqfm" ]
      },
      "contained": [ {
        "resourceType": "Parameters",
        "id": "17e3a172-c1a9-457c-acc2-e11ddd03547d-parameters",
        "parameter": [ {
          "name": "subject",
          "valueString": "8527dc9d-3f40-43b4-a6a3-43022722f019"
        } ]
      } ],
      "extension": [ {
        "url": "http://hl7.org/fhir/us/cqfmeasures/StructureDefinition/cqfm-inputParameters",
        "valueReference": {
          "reference": "#17e3a172-c1a9-457c-acc2-e11ddd03547d-parameters"
        }
      }, {
        "url": "http://hl7.org/fhir/us/cqfmeasures/StructureDefinition/cqfm-testCaseDescription",
        "valueMarkdown": "DENOMPass1723569250901b1"
      } ],
      "modifierExtension": [ {
        "url": "http://hl7.org/fhir/us/cqfmeasures/StructureDefinition/cqfm-isTestCase",
        "valueBoolean": true
      } ],
      "status": "complete",
      "type": "individual",
      "measure": "https://madie.cms.gov/Measure/TestLibrary61723570088892",
      "period": {
        "start": "2022-08-13",
        "end": "2024-08-13"
      },
      "evaluatedResource": [ {
        "reference": "Encounter/7c70f2ec-a4f8-44ac-8113-3fb83927abc4"
      }, {
        "reference": "Patient/8527dc9d-3f40-43b4-a6a3-43022722f019"
      } ]
    },
    "request": {
      "method": "PUT",
      "url": "MeasureReport/36738b0a-0aab-456a-895d-3b58992f2590"
    }
  } ]
}