{
  "resourceType": "Bundle",
  "id": "60abda28bf0a01003e3f76bd",
  "type": "transaction",
  "entry": [ {
    "fullUrl": "https://madie.cms.gov/Patient/9eb59f31-41dc-401b-9057-b8c8361f116c",
    "resource": {
      "resourceType": "Patient",
      "id": "9eb59f31-41dc-401b-9057-b8c8361f116c",
      "meta": {
        "profile": [ "http://hl7.org/fhir/us/qicore/StructureDefinition/qicore-patient" ]
      },
      "extension": [ {
        "url": "http://hl7.org/fhir/us/core/StructureDefinition/us-core-race",
        "extension": [ {
          "url": "ombCategory",
          "valueCoding": {
            "system": "urn:oid:2.16.840.1.113883.6.238",
            "code": "2054-5",
            "display": "Black or African American"
          }
        }, {
          "url": "text",
          "valueString": "Black or African American"
        } ]
      }, {
        "url": "http://hl7.org/fhir/us/core/StructureDefinition/us-core-ethnicity",
        "extension": [ {
          "url": "ombCategory",
          "valueCoding": {
            "system": "urn:oid:2.16.840.1.113883.6.238",
            "code": "2186-5",
            "display": "Not Hispanic or Latino"
          }
        }, {
          "url": "text",
          "valueString": "Not Hispanic or Latino"
        } ]
      } ],
      "identifier": [ {
        "type": {
          "coding": [ {
            "system": "http://terminology.hl7.org/CodeSystem/v2-0203",
            "code": "MR"
          } ]
        },
        "system": "https://bonnie-fhir.healthit.gov/",
        "value": "463131313187656"
      } ],
      "name": [ {
        "family": "NUMERPass",
        "given": [ "DEXA89DaysAfterADTEdge" ]
      } ],
      "gender": "male",
      "birthDate": "1953-06-15"
    },
    "request": {
      "method": "PUT",
      "url": "Patient/9eb59f31-41dc-401b-9057-b8c8361f116c"
    }
  }, {
    "fullUrl": "https://madie.cms.gov/Encounter/bd6c8fcc-2f8a-4fb4-b24b-d397030cef49",
    "resource": {
      "resourceType": "Encounter",
      "id": "bd6c8fcc-2f8a-4fb4-b24b-d397030cef49",
      "meta": {
        "profile": [ "http://hl7.org/fhir/us/qicore/StructureDefinition/qicore-encounter" ]
      },
      "status": "finished",
      "class": {
        "system": "http://terminology.hl7.org/CodeSystem/v3-ActCode",
        "code": "AMB",
        "display": "ambulatory"
      },
      "type": [ {
        "coding": [ {
          "system": "http://snomed.info/sct",
          "version": "http://snomed.info/sct/731000124108/version/20240301",
          "code": "185463005",
          "display": "Visit out of hours (procedure)"
        } ]
      } ],
      "subject": {
        "reference": "Patient/9eb59f31-41dc-401b-9057-b8c8361f116c"
      },
      "period": {
        "start": "2025-02-04T08:00:00.000+00:00",
        "end": "2025-02-04T08:15:00.000+00:00"
      }
    },
    "request": {
      "method": "PUT",
      "url": "Encounter/bd6c8fcc-2f8a-4fb4-b24b-d397030cef49"
    }
  }, {
    "fullUrl": "https://madie.cms.gov/Condition/5afbe091-7347-4d45-bc33-d5654e0f15d0",
    "resource": {
      "resourceType": "Condition",
      "id": "5afbe091-7347-4d45-bc33-d5654e0f15d0",
      "meta": {
        "profile": [ "http://hl7.org/fhir/us/qicore/StructureDefinition/qicore-condition-problems-health-concerns" ]
      },
      "clinicalStatus": {
        "coding": [ {
          "system": "http://terminology.hl7.org/CodeSystem/condition-clinical",
          "code": "active",
          "display": "Active",
          "userSelected": true
        } ]
      },
      "verificationStatus": {
        "coding": [ {
          "system": "http://terminology.hl7.org/CodeSystem/condition-ver-status",
          "code": "confirmed"
        } ]
      },
      "category": [ {
        "coding": [ {
          "system": "http://terminology.hl7.org/CodeSystem/condition-category",
          "code": "problem-list-item",
          "display": "Problem List Item"
        } ]
      } ],
      "code": {
        "coding": [ {
          "system": "http://snomed.info/sct",
          "version": "http://snomed.info/sct/731000124108/version/20240301",
          "code": "254900004",
          "display": "Carcinoma of prostate (disorder)"
        } ]
      },
      "subject": {
        "reference": "Patient/9eb59f31-41dc-401b-9057-b8c8361f116c"
      },
      "onsetPeriod": {
        "start": "2025-02-04T08:00:00.000+00:00"
      }
    },
    "request": {
      "method": "PUT",
      "url": "Condition/5afbe091-7347-4d45-bc33-d5654e0f15d0"
    }
  }, {
    "fullUrl": "https://madie.cms.gov/Observation/6c7b933d-077a-49bb-bdde-5f0bdcd98c08",
    "resource": {
      "resourceType": "Observation",
      "id": "6c7b933d-077a-49bb-bdde-5f0bdcd98c08",
      "meta": {
        "profile": [ "http://hl7.org/fhir/us/qicore/StructureDefinition/qicore-observation-lab" ]
      },
      "status": "final",
      "category": [ {
        "coding": [ {
          "system": "http://terminology.hl7.org/CodeSystem/observation-category",
          "code": "imaging",
          "display": "Imaging"
        } ]
      } ],
      "code": {
        "coding": [ {
          "system": "http://loinc.org",
          "version": "2.76",
          "code": "38265-5",
          "display": "DXA Radius and Ulna [T-score] Bone density"
        } ]
      },
      "subject": {
        "reference": "Patient/9eb59f31-41dc-401b-9057-b8c8361f116c"
      },
      "effectivePeriod": {
        "start": "2025-05-04T10:00:00.000+00:00"
      }
    },
    "request": {
      "method": "PUT",
      "url": "Observation/6c7b933d-077a-49bb-bdde-5f0bdcd98c08"
    }
  }, {
    "fullUrl": "https://madie.cms.gov/Practitioner/8faa3af9-1920-45cd-9b5f-3b703806a457",
    "resource": {
      "resourceType": "Practitioner",
      "id": "8faa3af9-1920-45cd-9b5f-3b703806a457",
      "meta": {
        "profile": [ "http://hl7.org/fhir/us/qicore/StructureDefinition/qicore-practitioner" ]
      },
      "identifier": [ {
        "use": "temp",
        "system": "urn:oid:2.16.840.1.113883.4.336",
        "value": "Practitioner-23"
      } ],
      "active": true,
      "name": [ {
        "family": "Careful",
        "given": [ "Adam" ],
        "prefix": [ "Dr" ]
      } ],
      "address": [ {
        "use": "home",
        "line": [ "534 Erewhon St" ],
        "city": "PleasantVille",
        "state": "UT",
        "postalCode": "84414"
      } ],
      "qualification": [ {
        "identifier": [ {
          "system": "http://example.org/UniversityIdentifier",
          "value": "12345"
        } ],
        "code": {
          "coding": [ {
            "system": "http://terminology.hl7.org/CodeSystem/v2-0360|2.7",
            "code": "BS",
            "display": "Bachelor of Science"
          } ],
          "text": "Bachelor of Science"
        },
        "period": {
          "start": "1995"
        },
        "issuer": {
          "display": "Example University"
        }
      } ]
    },
    "request": {
      "method": "PUT",
      "url": "Practitioner/8faa3af9-1920-45cd-9b5f-3b703806a457"
    }
  }, {
    "fullUrl": "https://madie.cms.gov/MedicationRequest/4ff10c6d-88fd-40a0-8736-b73045974769",
    "resource": {
      "resourceType": "MedicationRequest",
      "id": "4ff10c6d-88fd-40a0-8736-b73045974769",
      "meta": {
        "profile": [ "http://hl7.org/fhir/us/qicore/StructureDefinition/qicore-medicationrequest" ]
      },
      "status": "active",
      "intent": "order",
      "medicationCodeableConcept": {
        "coding": [ {
          "system": "http://www.nlm.nih.gov/research/umls/rxnorm",
          "version": "04012024",
          "code": "1115257",
          "display": "1.5 ML leuprolide acetate 30 MG/ML Prefilled Syringe"
        } ]
      },
      "subject": {
        "reference": "Patient/9eb59f31-41dc-401b-9057-b8c8361f116c"
      },
      "authoredOn": "2025-02-04T08:00:00.000+00:00",
      "requester": {
        "reference": "http://myGoodHealthcare.com/fhir/Practitioner/8faa3af9-1920-45cd-9b5f-3b703806a457"
      },
      "dosageInstruction": [ {
        "timing": {
          "repeat": {
            "boundsPeriod": {
              "start": "2025-02-04T08:00:00.000+00:00",
              "end": "2025-03-04T08:00:00.000+00:00"
            }
          }
        }
      } ]
    },
    "request": {
      "method": "PUT",
      "url": "MedicationRequest/4ff10c6d-88fd-40a0-8736-b73045974769"
    }
  }, {
    "fullUrl": "https://madie.cms.gov/ServiceRequest/c1a7936d-47d3-4807-aed6-70e5b5ebd4dc",
    "resource": {
      "resourceType": "ServiceRequest",
      "id": "c1a7936d-47d3-4807-aed6-70e5b5ebd4dc",
      "meta": {
        "profile": [ "http://hl7.org/fhir/us/qicore/StructureDefinition/qicore-servicerequest" ]
      },
      "status": "active",
      "intent": "order",
      "code": {
        "coding": [ {
          "system": "http://snomed.info/sct",
          "version": "http://snomed.info/sct/731000124108/version/20240301",
          "code": "456381000124102",
          "display": "Injection of leuprolide acetate for twelve month period (regime/therapy)"
        } ]
      },
      "subject": {
        "reference": "Patient/9eb59f31-41dc-401b-9057-b8c8361f116c"
      },
      "authoredOn": "2025-02-04T08:00:00.000+00:00"
    },
    "request": {
      "method": "PUT",
      "url": "ServiceRequest/c1a7936d-47d3-4807-aed6-70e5b5ebd4dc"
    }
  }, {
    "fullUrl": "https://madie.cms.gov/MeasureReport/b7bfe57c-b6db-4bde-90c6-515bc45ca019",
    "resource": {
      "resourceType": "MeasureReport",
      "id": "b7bfe57c-b6db-4bde-90c6-515bc45ca019",
      "meta": {
        "profile": [ "http://hl7.org/fhir/us/cqfmeasures/StructureDefinition/test-case-cqfm" ]
      },
      "contained": [ {
        "resourceType": "Parameters",
        "id": "e3c76d58-2ebd-4bc6-b477-d86d9a120dd9-parameters",
        "parameter": [ {
          "name": "subject",
          "valueString": "9eb59f31-41dc-401b-9057-b8c8361f116c"
        } ]
      } ],
      "extension": [ {
        "url": "http://hl7.org/fhir/us/cqfmeasures/StructureDefinition/cqfm-inputParameters",
        "valueReference": {
          "reference": "#e3c76d58-2ebd-4bc6-b477-d86d9a120dd9-parameters"
        }
      }, {
        "url": "http://hl7.org/fhir/us/cqfmeasures/StructureDefinition/cqfm-testCaseDescription",
        "valueMarkdown": "Dx of Prostate Cancer with qualifying encounter(s) in MP.  DEXA 89 days after ADT started to test timing.  Passes NUMER criteria.  "
      } ],
      "modifierExtension": [ {
        "url": "http://hl7.org/fhir/us/cqfmeasures/StructureDefinition/cqfm-isTestCase",
        "valueBoolean": true
      } ],
      "status": "complete",
      "type": "individual",
      "measure": "https://madie.cms.gov/Measure/BoneDensityProstateCancerAndrogenDeprivationTherapyFHIR6",
      "period": {
        "start": "2025-01-01",
        "end": "2025-12-31"
      },
      "group": [ {
        "id": "67b61060a0d801640767a597",
        "population": [ {
          "id": "E8F25116-1779-4BA6-B606-34F12AE4F5BA",
          "code": {
            "coding": [ {
              "system": "http://terminology.hl7.org/CodeSystem/measure-population",
              "code": "initial-population",
              "display": "Initial Population"
            } ]
          },
          "count": 1
        }, {
          "id": "1C145A56-9250-4444-A497-86C44F55CFDB",
          "code": {
            "coding": [ {
              "system": "http://terminology.hl7.org/CodeSystem/measure-population",
              "code": "denominator",
              "display": "Denominator"
            } ]
          },
          "count": 1
        }, {
          "id": "B1E0E3D2-D44E-4BFF-92F8-077CF1AE234F",
          "code": {
            "coding": [ {
              "system": "http://terminology.hl7.org/CodeSystem/measure-population",
              "code": "numerator",
              "display": "Numerator"
            } ]
          },
          "count": 1
        }, {
          "id": "A9552F46-139C-4270-835C-224132205362",
          "code": {
            "coding": [ {
              "system": "http://terminology.hl7.org/CodeSystem/measure-population",
              "code": "denominator-exception",
              "display": "Denominator Exception"
            } ]
          },
          "count": 0
        } ],
        "measureScore": {
          "value": 1.0
        }
      } ],
      "evaluatedResource": [ {
        "reference": "Patient/9eb59f31-41dc-401b-9057-b8c8361f116c"
      }, {
        "reference": "Encounter/bd6c8fcc-2f8a-4fb4-b24b-d397030cef49"
      }, {
        "reference": "Condition/5afbe091-7347-4d45-bc33-d5654e0f15d0"
      }, {
        "reference": "Observation/6c7b933d-077a-49bb-bdde-5f0bdcd98c08"
      }, {
        "reference": "Practitioner/8faa3af9-1920-45cd-9b5f-3b703806a457"
      }, {
        "reference": "MedicationRequest/4ff10c6d-88fd-40a0-8736-b73045974769"
      }, {
        "reference": "ServiceRequest/c1a7936d-47d3-4807-aed6-70e5b5ebd4dc"
      } ]
    },
    "request": {
      "method": "PUT",
      "url": "MeasureReport/b7bfe57c-b6db-4bde-90c6-515bc45ca019"
    }
  } ]
}