{
  "resourceType": "Bundle",
  "id": "60abda28bf0a01003e3f76bd",
  "type": "transaction",
  "entry": [ {
    "fullUrl": "https://madie.cms.gov/Patient/9eb59f31-41dc-401b-9057-b8c8361f116c",
    "resource": {
      "resourceType": "Patient",
      "id": "9eb59f31-41dc-401b-9057-b8c8361f116c",
      "meta": {
        "profile": [ "http://hl7.org/fhir/us/qicore/StructureDefinition/qicore-patient" ]
      },
      "extension": [ {
        "url": "http://hl7.org/fhir/us/core/StructureDefinition/us-core-race",
        "extension": [ {
          "url": "ombCategory",
          "valueCoding": {
            "system": "urn:oid:2.16.840.1.113883.6.238",
            "code": "2054-5",
            "display": "Black or African American"
          }
        }, {
          "url": "text",
          "valueString": "Black or African American"
        } ]
      }, {
        "url": "http://hl7.org/fhir/us/core/StructureDefinition/us-core-ethnicity",
        "extension": [ {
          "url": "ombCategory",
          "valueCoding": {
            "system": "urn:oid:2.16.840.1.113883.6.238",
            "code": "2186-5",
            "display": "Not Hispanic or Latino"
          }
        }, {
          "url": "text",
          "valueString": "Not Hispanic or Latino"
        } ]
      } ],
      "identifier": [ {
        "type": {
          "coding": [ {
            "system": "http://terminology.hl7.org/CodeSystem/v2-0203",
            "code": "MR"
          } ]
        },
        "system": "https://bonnie-fhir.healthit.gov/",
        "value": "463131313187656"
      } ],
      "name": [ {
        "family": "NUMERPass",
        "given": [ "DEXA89DaysAfterADTEdge" ]
      } ],
      "gender": "male",
      "birthDate": "1954-06-15"
    },
    "request": {
      "method": "PUT",
      "url": "Patient/9eb59f31-41dc-401b-9057-b8c8361f116c"
    }
  }, {
    "fullUrl": "https://madie.cms.gov/Encounter/3d816057-d945-42f3-a090-3e8f55526e0b",
    "resource": {
      "resourceType": "Encounter",
      "id": "3d816057-d945-42f3-a090-3e8f55526e0b",
      "meta": {
        "profile": [ "http://hl7.org/fhir/us/qicore/StructureDefinition/qicore-encounter" ]
      },
      "status": "finished",
      "class": {
        "system": "http://terminology.hl7.org/CodeSystem/v3-ActCode",
        "code": "AMB",
        "display": "ambulatory"
      },
      "type": [ {
        "coding": [ {
          "system": "http://snomed.info/sct",
          "version": "http://snomed.info/sct/731000124108/version/20240301",
          "code": "185463005",
          "display": "Visit out of hours (procedure)"
        } ]
      } ],
      "subject": {
        "reference": "Patient/9eb59f31-41dc-401b-9057-b8c8361f116c"
      },
      "period": {
        "start": "2026-02-04T08:00:00.000+00:00",
        "end": "2026-02-04T08:15:00.000+00:00"
      }
    },
    "request": {
      "method": "PUT",
      "url": "Encounter/3d816057-d945-42f3-a090-3e8f55526e0b"
    }
  }, {
    "fullUrl": "https://madie.cms.gov/Condition/0404d234-4180-4000-9e97-a667d7fd9795",
    "resource": {
      "resourceType": "Condition",
      "id": "0404d234-4180-4000-9e97-a667d7fd9795",
      "meta": {
        "profile": [ "http://hl7.org/fhir/us/qicore/StructureDefinition/qicore-condition-problems-health-concerns" ]
      },
      "clinicalStatus": {
        "coding": [ {
          "system": "http://terminology.hl7.org/CodeSystem/condition-clinical",
          "code": "active",
          "display": "Active",
          "userSelected": true
        } ]
      },
      "verificationStatus": {
        "coding": [ {
          "system": "http://terminology.hl7.org/CodeSystem/condition-ver-status",
          "code": "confirmed"
        } ]
      },
      "category": [ {
        "coding": [ {
          "system": "http://terminology.hl7.org/CodeSystem/condition-category",
          "code": "problem-list-item",
          "display": "Problem List Item"
        } ]
      } ],
      "code": {
        "coding": [ {
          "system": "http://snomed.info/sct",
          "version": "http://snomed.info/sct/731000124108/version/20240301",
          "code": "254900004",
          "display": "Carcinoma of prostate (disorder)"
        } ]
      },
      "subject": {
        "reference": "Patient/9eb59f31-41dc-401b-9057-b8c8361f116c"
      },
      "onsetPeriod": {
        "start": "2026-02-04T08:00:00.000+00:00"
      }
    },
    "request": {
      "method": "PUT",
      "url": "Condition/0404d234-4180-4000-9e97-a667d7fd9795"
    }
  }, {
    "fullUrl": "https://madie.cms.gov/Observation/1f47f90d-a320-4901-a292-837bcb96ba9a",
    "resource": {
      "resourceType": "Observation",
      "id": "1f47f90d-a320-4901-a292-837bcb96ba9a",
      "meta": {
        "profile": [ "http://hl7.org/fhir/us/qicore/StructureDefinition/qicore-observation-lab" ]
      },
      "status": "final",
      "category": [ {
        "coding": [ {
          "system": "http://terminology.hl7.org/CodeSystem/observation-category",
          "code": "imaging",
          "display": "Imaging"
        } ]
      } ],
      "code": {
        "coding": [ {
          "system": "http://loinc.org",
          "version": "2.76",
          "code": "38265-5",
          "display": "DXA Radius and Ulna [T-score] Bone density"
        } ]
      },
      "subject": {
        "reference": "Patient/9eb59f31-41dc-401b-9057-b8c8361f116c"
      },
      "effectivePeriod": {
        "start": "2026-05-04T10:00:00.000+00:00"
      }
    },
    "request": {
      "method": "PUT",
      "url": "Observation/1f47f90d-a320-4901-a292-837bcb96ba9a"
    }
  }, {
    "fullUrl": "https://madie.cms.gov/Practitioner/c9e0b65d-12f6-4a03-b765-43ff20d7c110",
    "resource": {
      "resourceType": "Practitioner",
      "id": "c9e0b65d-12f6-4a03-b765-43ff20d7c110",
      "meta": {
        "profile": [ "http://hl7.org/fhir/us/qicore/StructureDefinition/qicore-practitioner" ]
      },
      "identifier": [ {
        "use": "temp",
        "system": "urn:oid:2.16.840.1.113883.4.336",
        "value": "Practitioner-23"
      } ],
      "active": true,
      "name": [ {
        "family": "Careful",
        "given": [ "Adam" ],
        "prefix": [ "Dr" ]
      } ],
      "address": [ {
        "use": "home",
        "line": [ "534 Erewhon St" ],
        "city": "PleasantVille",
        "state": "UT",
        "postalCode": "84414"
      } ],
      "qualification": [ {
        "identifier": [ {
          "system": "http://example.org/UniversityIdentifier",
          "value": "12345"
        } ],
        "code": {
          "coding": [ {
            "system": "http://terminology.hl7.org/CodeSystem/v2-0360|2.7",
            "code": "BS",
            "display": "Bachelor of Science"
          } ],
          "text": "Bachelor of Science"
        },
        "period": {
          "start": "1996"
        },
        "issuer": {
          "display": "Example University"
        }
      } ]
    },
    "request": {
      "method": "PUT",
      "url": "Practitioner/c9e0b65d-12f6-4a03-b765-43ff20d7c110"
    }
  }, {
    "fullUrl": "https://madie.cms.gov/MedicationRequest/b97607e8-b6c8-4b0b-b565-817fd27066b3",
    "resource": {
      "resourceType": "MedicationRequest",
      "id": "b97607e8-b6c8-4b0b-b565-817fd27066b3",
      "meta": {
        "profile": [ "http://hl7.org/fhir/us/qicore/StructureDefinition/qicore-medicationrequest" ]
      },
      "status": "active",
      "intent": "order",
      "medicationCodeableConcept": {
        "coding": [ {
          "system": "http://www.nlm.nih.gov/research/umls/rxnorm",
          "version": "04012024",
          "code": "1115257",
          "display": "1.5 ML leuprolide acetate 30 MG/ML Prefilled Syringe"
        } ]
      },
      "subject": {
        "reference": "Patient/9eb59f31-41dc-401b-9057-b8c8361f116c"
      },
      "authoredOn": "2026-02-04T08:00:00.000+00:00",
      "requester": {
        "reference": "http://myGoodHealthcare.com/fhir/Practitioner/c9e0b65d-12f6-4a03-b765-43ff20d7c110"
      },
      "dosageInstruction": [ {
        "timing": {
          "repeat": {
            "boundsPeriod": {
              "start": "2026-02-04T08:00:00.000+00:00",
              "end": "2026-03-04T08:00:00.000+00:00"
            }
          }
        }
      } ]
    },
    "request": {
      "method": "PUT",
      "url": "MedicationRequest/b97607e8-b6c8-4b0b-b565-817fd27066b3"
    }
  }, {
    "fullUrl": "https://madie.cms.gov/ServiceRequest/47b8647f-4a3c-47fc-a17a-adfa830e402d",
    "resource": {
      "resourceType": "ServiceRequest",
      "id": "47b8647f-4a3c-47fc-a17a-adfa830e402d",
      "meta": {
        "profile": [ "http://hl7.org/fhir/us/qicore/StructureDefinition/qicore-servicerequest" ]
      },
      "status": "active",
      "intent": "order",
      "code": {
        "coding": [ {
          "system": "http://snomed.info/sct",
          "version": "http://snomed.info/sct/731000124108/version/20240301",
          "code": "456381000124102",
          "display": "Injection of leuprolide acetate for twelve month period (regime/therapy)"
        } ]
      },
      "subject": {
        "reference": "Patient/9eb59f31-41dc-401b-9057-b8c8361f116c"
      },
      "authoredOn": "2026-02-04T08:00:00.000+00:00"
    },
    "request": {
      "method": "PUT",
      "url": "ServiceRequest/47b8647f-4a3c-47fc-a17a-adfa830e402d"
    }
  }, {
    "fullUrl": "https://madie.cms.gov/MeasureReport/ff7d0e1e-0e99-408c-ae2a-9fa551e3f69a",
    "resource": {
      "resourceType": "MeasureReport",
      "id": "ff7d0e1e-0e99-408c-ae2a-9fa551e3f69a",
      "meta": {
        "profile": [ "http://hl7.org/fhir/us/cqfmeasures/StructureDefinition/test-case-cqfm" ]
      },
      "contained": [ {
        "resourceType": "Parameters",
        "id": "e35ffe02-ec67-4e61-b230-44e897704a45-parameters",
        "parameter": [ {
          "name": "subject",
          "valueString": "9eb59f31-41dc-401b-9057-b8c8361f116c"
        } ]
      } ],
      "extension": [ {
        "url": "http://hl7.org/fhir/StructureDefinition/cqf-inputParameters",
        "valueReference": {
          "reference": "#e35ffe02-ec67-4e61-b230-44e897704a45-parameters"
        }
      }, {
        "url": "http://hl7.org/fhir/us/cqfmeasures/StructureDefinition/cqfm-testCaseDescription",
        "valueMarkdown": "Dx of Prostate Cancer with qualifying encounter(s) in MP.  DEXA 89 days after ADT started to test timing.  Passes NUMER criteria.  "
      } ],
      "modifierExtension": [ {
        "url": "http://hl7.org/fhir/us/cqfmeasures/StructureDefinition/cqfm-isTestCase",
        "valueBoolean": true
      } ],
      "status": "complete",
      "type": "individual",
      "measure": "https://madie.cms.gov/Measure/BoneDensityProstateCancerAndrogenDeprivationTherapyFHIR6",
      "period": {
        "start": "2026-01-01",
        "end": "2026-12-31"
      },
      "group": [ {
        "id": "Group_1",
        "population": [ {
          "id": "InitialPopulation_1",
          "code": {
            "coding": [ {
              "system": "http://terminology.hl7.org/CodeSystem/measure-population",
              "code": "initial-population",
              "display": "Initial Population"
            } ]
          },
          "count": 1
        }, {
          "id": "Denominator_1",
          "code": {
            "coding": [ {
              "system": "http://terminology.hl7.org/CodeSystem/measure-population",
              "code": "denominator",
              "display": "Denominator"
            } ]
          },
          "count": 1
        }, {
          "id": "Numerator_1",
          "code": {
            "coding": [ {
              "system": "http://terminology.hl7.org/CodeSystem/measure-population",
              "code": "numerator",
              "display": "Numerator"
            } ]
          },
          "count": 1
        }, {
          "id": "DenominatorException_1",
          "code": {
            "coding": [ {
              "system": "http://terminology.hl7.org/CodeSystem/measure-population",
              "code": "denominator-exception",
              "display": "Denominator Exception"
            } ]
          },
          "count": 0
        } ],
        "measureScore": {
          "value": 1.0
        }
      } ],
      "evaluatedResource": [ {
        "reference": "Patient/9eb59f31-41dc-401b-9057-b8c8361f116c"
      }, {
        "reference": "Encounter/3d816057-d945-42f3-a090-3e8f55526e0b"
      }, {
        "reference": "Condition/0404d234-4180-4000-9e97-a667d7fd9795"
      }, {
        "reference": "Observation/1f47f90d-a320-4901-a292-837bcb96ba9a"
      }, {
        "reference": "Practitioner/c9e0b65d-12f6-4a03-b765-43ff20d7c110"
      }, {
        "reference": "MedicationRequest/b97607e8-b6c8-4b0b-b565-817fd27066b3"
      }, {
        "reference": "ServiceRequest/47b8647f-4a3c-47fc-a17a-adfa830e402d"
      } ]
    },
    "request": {
      "method": "PUT",
      "url": "MeasureReport/ff7d0e1e-0e99-408c-ae2a-9fa551e3f69a"
    }
  } ]
}