{
  "resourceType": "Bundle",
  "id": "60abda28bf0a01003e3f76bd",
  "type": "transaction",
  "entry": [ {
    "fullUrl": "https://madie.cms.gov/Patient/959743cc-af58-48ff-afa3-68428e69f0f5",
    "resource": {
      "resourceType": "Patient",
      "id": "959743cc-af58-48ff-afa3-68428e69f0f5",
      "meta": {
        "profile": [ "http://hl7.org/fhir/us/qicore/StructureDefinition/qicore-patient" ]
      },
      "extension": [ {
        "url": "http://hl7.org/fhir/us/core/StructureDefinition/us-core-race",
        "extension": [ {
          "url": "ombCategory",
          "valueCoding": {
            "system": "urn:oid:2.16.840.1.113883.6.238",
            "code": "2054-5",
            "display": "Black or African American"
          }
        }, {
          "url": "text",
          "valueString": "Black or African American"
        } ]
      }, {
        "url": "http://hl7.org/fhir/us/core/StructureDefinition/us-core-ethnicity",
        "extension": [ {
          "url": "ombCategory",
          "valueCoding": {
            "system": "urn:oid:2.16.840.1.113883.6.238",
            "code": "2186-5",
            "display": "Not Hispanic or Latino"
          }
        }, {
          "url": "text",
          "valueString": "Not Hispanic or Latino"
        } ]
      } ],
      "identifier": [ {
        "type": {
          "coding": [ {
            "system": "http://terminology.hl7.org/CodeSystem/v2-0203",
            "code": "MR"
          } ]
        },
        "system": "https://bonnie-fhir.healthit.gov/",
        "value": "4616351646135312"
      } ],
      "name": [ {
        "family": "NUMERFail",
        "given": [ "DexaDoNotPerformTrue" ]
      } ],
      "gender": "male",
      "birthDate": "1954-06-15"
    },
    "request": {
      "method": "PUT",
      "url": "Patient/959743cc-af58-48ff-afa3-68428e69f0f5"
    }
  }, {
    "fullUrl": "https://madie.cms.gov/Encounter/7615bde2-3f50-4468-8b85-c3ccb19e0210",
    "resource": {
      "resourceType": "Encounter",
      "id": "7615bde2-3f50-4468-8b85-c3ccb19e0210",
      "meta": {
        "profile": [ "http://hl7.org/fhir/us/qicore/StructureDefinition/qicore-encounter" ]
      },
      "status": "finished",
      "class": {
        "system": "http://terminology.hl7.org/CodeSystem/v3-ActCode",
        "code": "AMB",
        "display": "ambulatory"
      },
      "type": [ {
        "coding": [ {
          "system": "http://snomed.info/sct",
          "version": "http://snomed.info/sct/731000124108/version/20240301",
          "code": "185463005",
          "display": "Visit out of hours (procedure)"
        } ]
      } ],
      "subject": {
        "reference": "Patient/959743cc-af58-48ff-afa3-68428e69f0f5"
      },
      "period": {
        "start": "2026-02-04T08:00:00.000+00:00",
        "end": "2026-02-04T08:15:00.000+00:00"
      }
    },
    "request": {
      "method": "PUT",
      "url": "Encounter/7615bde2-3f50-4468-8b85-c3ccb19e0210"
    }
  }, {
    "fullUrl": "https://madie.cms.gov/Condition/fc579ab2-7554-4380-9ff4-7b035b88f8af",
    "resource": {
      "resourceType": "Condition",
      "id": "fc579ab2-7554-4380-9ff4-7b035b88f8af",
      "meta": {
        "profile": [ "http://hl7.org/fhir/us/qicore/StructureDefinition/qicore-condition-problems-health-concerns" ]
      },
      "clinicalStatus": {
        "coding": [ {
          "system": "http://terminology.hl7.org/CodeSystem/condition-clinical",
          "code": "active",
          "display": "Active"
        } ]
      },
      "verificationStatus": {
        "coding": [ {
          "system": "http://terminology.hl7.org/CodeSystem/condition-ver-status",
          "code": "confirmed"
        } ]
      },
      "category": [ {
        "coding": [ {
          "system": "http://terminology.hl7.org/CodeSystem/condition-category",
          "code": "problem-list-item",
          "display": "Problem List Item"
        } ]
      } ],
      "code": {
        "coding": [ {
          "system": "http://snomed.info/sct",
          "version": "http://snomed.info/sct/731000124108/version/20240301",
          "code": "254900004",
          "display": "Carcinoma of prostate (disorder)"
        } ]
      },
      "subject": {
        "reference": "Patient/959743cc-af58-48ff-afa3-68428e69f0f5"
      },
      "onsetPeriod": {
        "start": "2025-10-04T08:00:00.000+00:00"
      }
    },
    "request": {
      "method": "PUT",
      "url": "Condition/fc579ab2-7554-4380-9ff4-7b035b88f8af"
    }
  }, {
    "fullUrl": "https://madie.cms.gov/ServiceRequest/c2194001-0dd0-445e-8259-84527db3227e",
    "resource": {
      "resourceType": "ServiceRequest",
      "id": "c2194001-0dd0-445e-8259-84527db3227e",
      "meta": {
        "profile": [ "http://hl7.org/fhir/us/qicore/StructureDefinition/qicore-servicerequest" ]
      },
      "status": "completed",
      "intent": "order",
      "doNotPerform": true,
      "code": {
        "coding": [ {
          "system": "http://loinc.org",
          "version": "2.76",
          "code": "38265-5",
          "display": "DXA Radius and Ulna [T-score] Bone density"
        } ]
      },
      "subject": {
        "reference": "Patient/959743cc-af58-48ff-afa3-68428e69f0f5"
      },
      "authoredOn": "2025-05-04T10:00:00.000+00:00"
    },
    "request": {
      "method": "PUT",
      "url": "ServiceRequest/c2194001-0dd0-445e-8259-84527db3227e"
    }
  }, {
    "fullUrl": "https://madie.cms.gov/Practitioner/9178201b-e692-4361-b834-4d2e3e762f20",
    "resource": {
      "resourceType": "Practitioner",
      "id": "9178201b-e692-4361-b834-4d2e3e762f20",
      "meta": {
        "profile": [ "http://hl7.org/fhir/us/qicore/StructureDefinition/qicore-practitioner" ]
      },
      "identifier": [ {
        "use": "temp",
        "system": "urn:oid:2.16.840.1.113883.4.336",
        "value": "Practitioner-23"
      } ],
      "active": true,
      "name": [ {
        "family": "Careful",
        "given": [ "Adam" ],
        "prefix": [ "Dr" ]
      } ],
      "address": [ {
        "use": "home",
        "line": [ "534 Erewhon St" ],
        "city": "PleasantVille",
        "state": "UT",
        "postalCode": "84414"
      } ],
      "qualification": [ {
        "identifier": [ {
          "system": "http://example.org/UniversityIdentifier",
          "value": "12345"
        } ],
        "code": {
          "coding": [ {
            "system": "http://terminology.hl7.org/CodeSystem/v2-0360|2.7",
            "code": "BS",
            "display": "Bachelor of Science"
          } ],
          "text": "Bachelor of Science"
        },
        "period": {
          "start": "1996"
        },
        "issuer": {
          "display": "Example University"
        }
      } ]
    },
    "request": {
      "method": "PUT",
      "url": "Practitioner/9178201b-e692-4361-b834-4d2e3e762f20"
    }
  }, {
    "fullUrl": "https://madie.cms.gov/MedicationRequest/026c0ee6-73a8-48ba-a4e7-7961087ca6a0",
    "resource": {
      "resourceType": "MedicationRequest",
      "id": "026c0ee6-73a8-48ba-a4e7-7961087ca6a0",
      "meta": {
        "profile": [ "http://hl7.org/fhir/us/qicore/StructureDefinition/qicore-medicationrequest" ]
      },
      "status": "active",
      "intent": "order",
      "medicationCodeableConcept": {
        "coding": [ {
          "system": "http://www.nlm.nih.gov/research/umls/rxnorm",
          "version": "04012024",
          "code": "1115257",
          "display": "1.5 ML leuprolide acetate 30 MG/ML Prefilled Syringe"
        } ]
      },
      "subject": {
        "reference": "Patient/959743cc-af58-48ff-afa3-68428e69f0f5"
      },
      "authoredOn": "2025-12-03T08:00:00.000+00:00",
      "requester": {
        "reference": "http://myGoodHealthcare.com/fhir/Practitioner/9178201b-e692-4361-b834-4d2e3e762f20"
      },
      "dosageInstruction": [ {
        "timing": {
          "repeat": {
            "boundsPeriod": {
              "start": "2025-12-03T08:00:00.000+00:00",
              "end": "2026-03-04T08:00:00.000+00:00"
            }
          }
        }
      } ]
    },
    "request": {
      "method": "PUT",
      "url": "MedicationRequest/026c0ee6-73a8-48ba-a4e7-7961087ca6a0"
    }
  }, {
    "fullUrl": "https://madie.cms.gov/ServiceRequest/abf667c5-9af7-4ccb-8a9c-d791c1ce0da0",
    "resource": {
      "resourceType": "ServiceRequest",
      "id": "abf667c5-9af7-4ccb-8a9c-d791c1ce0da0",
      "meta": {
        "profile": [ "http://hl7.org/fhir/us/qicore/StructureDefinition/qicore-servicerequest" ]
      },
      "status": "active",
      "intent": "order",
      "code": {
        "coding": [ {
          "system": "http://snomed.info/sct",
          "version": "http://snomed.info/sct/731000124108/version/20240301",
          "code": "456381000124102",
          "display": "Injection of leuprolide acetate for twelve month period (regime/therapy)"
        } ]
      },
      "subject": {
        "reference": "Patient/959743cc-af58-48ff-afa3-68428e69f0f5"
      },
      "authoredOn": "2025-12-04T08:00:00.000+00:00"
    },
    "request": {
      "method": "PUT",
      "url": "ServiceRequest/abf667c5-9af7-4ccb-8a9c-d791c1ce0da0"
    }
  }, {
    "fullUrl": "https://madie.cms.gov/MeasureReport/056e80b2-c803-4b49-9d38-66ab1556a025",
    "resource": {
      "resourceType": "MeasureReport",
      "id": "056e80b2-c803-4b49-9d38-66ab1556a025",
      "meta": {
        "profile": [ "http://hl7.org/fhir/us/cqfmeasures/StructureDefinition/test-case-cqfm" ]
      },
      "contained": [ {
        "resourceType": "Parameters",
        "id": "9aae5164-f02f-436b-8a97-a6d0b0c38742-parameters",
        "parameter": [ {
          "name": "subject",
          "valueString": "959743cc-af58-48ff-afa3-68428e69f0f5"
        } ]
      } ],
      "extension": [ {
        "url": "http://hl7.org/fhir/StructureDefinition/cqf-inputParameters",
        "valueReference": {
          "reference": "#9aae5164-f02f-436b-8a97-a6d0b0c38742-parameters"
        }
      }, {
        "url": "http://hl7.org/fhir/us/cqfmeasures/StructureDefinition/cqfm-testCaseDescription",
        "valueMarkdown": "Case to cover QI-Core issue with doNotPerform for DEXA Service Request"
      } ],
      "modifierExtension": [ {
        "url": "http://hl7.org/fhir/us/cqfmeasures/StructureDefinition/cqfm-isTestCase",
        "valueBoolean": true
      } ],
      "status": "complete",
      "type": "individual",
      "measure": "https://madie.cms.gov/Measure/BoneDensityProstateCancerAndrogenDeprivationTherapyFHIR6",
      "period": {
        "start": "2026-01-01",
        "end": "2026-12-31"
      },
      "group": [ {
        "id": "Group_1",
        "population": [ {
          "id": "InitialPopulation_1",
          "code": {
            "coding": [ {
              "system": "http://terminology.hl7.org/CodeSystem/measure-population",
              "code": "initial-population",
              "display": "Initial Population"
            } ]
          },
          "count": 1
        }, {
          "id": "Denominator_1",
          "code": {
            "coding": [ {
              "system": "http://terminology.hl7.org/CodeSystem/measure-population",
              "code": "denominator",
              "display": "Denominator"
            } ]
          },
          "count": 1
        }, {
          "id": "Numerator_1",
          "code": {
            "coding": [ {
              "system": "http://terminology.hl7.org/CodeSystem/measure-population",
              "code": "numerator",
              "display": "Numerator"
            } ]
          },
          "count": 0
        }, {
          "id": "DenominatorException_1",
          "code": {
            "coding": [ {
              "system": "http://terminology.hl7.org/CodeSystem/measure-population",
              "code": "denominator-exception",
              "display": "Denominator Exception"
            } ]
          },
          "count": 0
        } ],
        "measureScore": {
          "value": 1.0
        }
      } ],
      "evaluatedResource": [ {
        "reference": "Patient/959743cc-af58-48ff-afa3-68428e69f0f5"
      }, {
        "reference": "Encounter/7615bde2-3f50-4468-8b85-c3ccb19e0210"
      }, {
        "reference": "Condition/fc579ab2-7554-4380-9ff4-7b035b88f8af"
      }, {
        "reference": "ServiceRequest/c2194001-0dd0-445e-8259-84527db3227e"
      }, {
        "reference": "Practitioner/9178201b-e692-4361-b834-4d2e3e762f20"
      }, {
        "reference": "MedicationRequest/026c0ee6-73a8-48ba-a4e7-7961087ca6a0"
      }, {
        "reference": "ServiceRequest/abf667c5-9af7-4ccb-8a9c-d791c1ce0da0"
      } ]
    },
    "request": {
      "method": "PUT",
      "url": "MeasureReport/056e80b2-c803-4b49-9d38-66ab1556a025"
    }
  } ]
}