{
  "resourceType": "Bundle",
  "id": "60abda28bf0a01003e3f76bd",
  "type": "transaction",
  "entry": [ {
    "fullUrl": "https://madie.cms.gov/Patient/959743cc-af58-48ff-afa3-68428e69f0f5",
    "resource": {
      "resourceType": "Patient",
      "id": "959743cc-af58-48ff-afa3-68428e69f0f5",
      "meta": {
        "profile": [ "http://hl7.org/fhir/us/qicore/StructureDefinition/qicore-patient" ]
      },
      "extension": [ {
        "url": "http://hl7.org/fhir/us/core/StructureDefinition/us-core-race",
        "extension": [ {
          "url": "ombCategory",
          "valueCoding": {
            "system": "urn:oid:2.16.840.1.113883.6.238",
            "code": "2054-5",
            "display": "Black or African American"
          }
        }, {
          "url": "text",
          "valueString": "Black or African American"
        } ]
      }, {
        "url": "http://hl7.org/fhir/us/core/StructureDefinition/us-core-ethnicity",
        "extension": [ {
          "url": "ombCategory",
          "valueCoding": {
            "system": "urn:oid:2.16.840.1.113883.6.238",
            "code": "2186-5",
            "display": "Not Hispanic or Latino"
          }
        }, {
          "url": "text",
          "valueString": "Not Hispanic or Latino"
        } ]
      } ],
      "identifier": [ {
        "type": {
          "coding": [ {
            "system": "http://terminology.hl7.org/CodeSystem/v2-0203",
            "code": "MR"
          } ]
        },
        "system": "https://bonnie-fhir.healthit.gov/",
        "value": "4616351646135312"
      } ],
      "name": [ {
        "family": "NUMERFail",
        "given": [ "DexaDoNotPerformTrue" ]
      } ],
      "gender": "male",
      "birthDate": "1953-06-15"
    },
    "request": {
      "method": "PUT",
      "url": "Patient/959743cc-af58-48ff-afa3-68428e69f0f5"
    }
  }, {
    "fullUrl": "https://madie.cms.gov/Encounter/68cfa60d-de85-41df-8329-be0479572a7a",
    "resource": {
      "resourceType": "Encounter",
      "id": "68cfa60d-de85-41df-8329-be0479572a7a",
      "meta": {
        "profile": [ "http://hl7.org/fhir/us/qicore/StructureDefinition/qicore-encounter" ]
      },
      "status": "finished",
      "class": {
        "system": "http://terminology.hl7.org/CodeSystem/v3-ActCode",
        "code": "AMB",
        "display": "ambulatory"
      },
      "type": [ {
        "coding": [ {
          "system": "http://snomed.info/sct",
          "version": "http://snomed.info/sct/731000124108/version/20240301",
          "code": "185463005",
          "display": "Visit out of hours (procedure)"
        } ]
      } ],
      "subject": {
        "reference": "Patient/959743cc-af58-48ff-afa3-68428e69f0f5"
      },
      "period": {
        "start": "2025-02-04T08:00:00.000+00:00",
        "end": "2025-02-04T08:15:00.000+00:00"
      }
    },
    "request": {
      "method": "PUT",
      "url": "Encounter/68cfa60d-de85-41df-8329-be0479572a7a"
    }
  }, {
    "fullUrl": "https://madie.cms.gov/Condition/ba2001ff-6544-4e76-ace2-4c63079b13bb",
    "resource": {
      "resourceType": "Condition",
      "id": "ba2001ff-6544-4e76-ace2-4c63079b13bb",
      "meta": {
        "profile": [ "http://hl7.org/fhir/us/qicore/StructureDefinition/qicore-condition-problems-health-concerns" ]
      },
      "clinicalStatus": {
        "coding": [ {
          "system": "http://terminology.hl7.org/CodeSystem/condition-clinical",
          "code": "active",
          "display": "Active"
        } ]
      },
      "verificationStatus": {
        "coding": [ {
          "system": "http://terminology.hl7.org/CodeSystem/condition-ver-status",
          "code": "confirmed"
        } ]
      },
      "category": [ {
        "coding": [ {
          "system": "http://terminology.hl7.org/CodeSystem/condition-category",
          "code": "problem-list-item",
          "display": "Problem List Item"
        } ]
      } ],
      "code": {
        "coding": [ {
          "system": "http://snomed.info/sct",
          "version": "http://snomed.info/sct/731000124108/version/20240301",
          "code": "254900004",
          "display": "Carcinoma of prostate (disorder)"
        } ]
      },
      "subject": {
        "reference": "Patient/959743cc-af58-48ff-afa3-68428e69f0f5"
      },
      "onsetPeriod": {
        "start": "2024-10-04T08:00:00.000+00:00"
      }
    },
    "request": {
      "method": "PUT",
      "url": "Condition/ba2001ff-6544-4e76-ace2-4c63079b13bb"
    }
  }, {
    "fullUrl": "https://madie.cms.gov/ServiceRequest/68e1bf9c-cfc4-4d10-8e27-ce40dbf30cfa",
    "resource": {
      "resourceType": "ServiceRequest",
      "id": "68e1bf9c-cfc4-4d10-8e27-ce40dbf30cfa",
      "meta": {
        "profile": [ "http://hl7.org/fhir/us/qicore/StructureDefinition/qicore-servicerequest" ]
      },
      "status": "completed",
      "intent": "order",
      "doNotPerform": true,
      "code": {
        "coding": [ {
          "system": "http://loinc.org",
          "version": "2.76",
          "code": "38265-5",
          "display": "DXA Radius and Ulna [T-score] Bone density"
        } ]
      },
      "subject": {
        "reference": "Patient/959743cc-af58-48ff-afa3-68428e69f0f5"
      },
      "authoredOn": "2024-05-04T10:00:00.000+00:00"
    },
    "request": {
      "method": "PUT",
      "url": "ServiceRequest/68e1bf9c-cfc4-4d10-8e27-ce40dbf30cfa"
    }
  }, {
    "fullUrl": "https://madie.cms.gov/Practitioner/7d417b77-71f3-4c33-9ed4-97d5fe71495d",
    "resource": {
      "resourceType": "Practitioner",
      "id": "7d417b77-71f3-4c33-9ed4-97d5fe71495d",
      "meta": {
        "profile": [ "http://hl7.org/fhir/us/qicore/StructureDefinition/qicore-practitioner" ]
      },
      "identifier": [ {
        "use": "temp",
        "system": "urn:oid:2.16.840.1.113883.4.336",
        "value": "Practitioner-23"
      } ],
      "active": true,
      "name": [ {
        "family": "Careful",
        "given": [ "Adam" ],
        "prefix": [ "Dr" ]
      } ],
      "address": [ {
        "use": "home",
        "line": [ "534 Erewhon St" ],
        "city": "PleasantVille",
        "state": "UT",
        "postalCode": "84414"
      } ],
      "qualification": [ {
        "identifier": [ {
          "system": "http://example.org/UniversityIdentifier",
          "value": "12345"
        } ],
        "code": {
          "coding": [ {
            "system": "http://terminology.hl7.org/CodeSystem/v2-0360|2.7",
            "code": "BS",
            "display": "Bachelor of Science"
          } ],
          "text": "Bachelor of Science"
        },
        "period": {
          "start": "1995"
        },
        "issuer": {
          "display": "Example University"
        }
      } ]
    },
    "request": {
      "method": "PUT",
      "url": "Practitioner/7d417b77-71f3-4c33-9ed4-97d5fe71495d"
    }
  }, {
    "fullUrl": "https://madie.cms.gov/MedicationRequest/b1b2d487-586b-4910-ac7d-6dc8bcfa0e04",
    "resource": {
      "resourceType": "MedicationRequest",
      "id": "b1b2d487-586b-4910-ac7d-6dc8bcfa0e04",
      "meta": {
        "profile": [ "http://hl7.org/fhir/us/qicore/StructureDefinition/qicore-medicationrequest" ]
      },
      "status": "active",
      "intent": "order",
      "medicationCodeableConcept": {
        "coding": [ {
          "system": "http://www.nlm.nih.gov/research/umls/rxnorm",
          "version": "04012024",
          "code": "1115257",
          "display": "1.5 ML leuprolide acetate 30 MG/ML Prefilled Syringe"
        } ]
      },
      "subject": {
        "reference": "Patient/959743cc-af58-48ff-afa3-68428e69f0f5"
      },
      "authoredOn": "2024-12-03T08:00:00.000+00:00",
      "requester": {
        "reference": "http://myGoodHealthcare.com/fhir/Practitioner/7d417b77-71f3-4c33-9ed4-97d5fe71495d"
      },
      "dosageInstruction": [ {
        "timing": {
          "repeat": {
            "boundsPeriod": {
              "start": "2024-12-03T08:00:00.000+00:00",
              "end": "2025-03-04T08:00:00.000+00:00"
            }
          }
        }
      } ]
    },
    "request": {
      "method": "PUT",
      "url": "MedicationRequest/b1b2d487-586b-4910-ac7d-6dc8bcfa0e04"
    }
  }, {
    "fullUrl": "https://madie.cms.gov/ServiceRequest/96e83e57-4898-48e4-bd13-31e89e6ac554",
    "resource": {
      "resourceType": "ServiceRequest",
      "id": "96e83e57-4898-48e4-bd13-31e89e6ac554",
      "meta": {
        "profile": [ "http://hl7.org/fhir/us/qicore/StructureDefinition/qicore-servicerequest" ]
      },
      "status": "active",
      "intent": "order",
      "code": {
        "coding": [ {
          "system": "http://snomed.info/sct",
          "version": "http://snomed.info/sct/731000124108/version/20240301",
          "code": "456381000124102",
          "display": "Injection of leuprolide acetate for twelve month period (regime/therapy)"
        } ]
      },
      "subject": {
        "reference": "Patient/959743cc-af58-48ff-afa3-68428e69f0f5"
      },
      "authoredOn": "2024-12-04T08:00:00.000+00:00"
    },
    "request": {
      "method": "PUT",
      "url": "ServiceRequest/96e83e57-4898-48e4-bd13-31e89e6ac554"
    }
  }, {
    "fullUrl": "https://madie.cms.gov/MeasureReport/7e573618-4d7e-4fb5-a18e-a5f0a99316f0",
    "resource": {
      "resourceType": "MeasureReport",
      "id": "7e573618-4d7e-4fb5-a18e-a5f0a99316f0",
      "meta": {
        "profile": [ "http://hl7.org/fhir/us/cqfmeasures/StructureDefinition/test-case-cqfm" ]
      },
      "contained": [ {
        "resourceType": "Parameters",
        "id": "fc748f43-ba71-43b1-b1ee-8d84e9f12daf-parameters",
        "parameter": [ {
          "name": "subject",
          "valueString": "959743cc-af58-48ff-afa3-68428e69f0f5"
        } ]
      } ],
      "extension": [ {
        "url": "http://hl7.org/fhir/us/cqfmeasures/StructureDefinition/cqfm-inputParameters",
        "valueReference": {
          "reference": "#fc748f43-ba71-43b1-b1ee-8d84e9f12daf-parameters"
        }
      }, {
        "url": "http://hl7.org/fhir/us/cqfmeasures/StructureDefinition/cqfm-testCaseDescription",
        "valueMarkdown": "Case to cover QI-Core issue with doNotPerform for DEXA Service Request"
      } ],
      "modifierExtension": [ {
        "url": "http://hl7.org/fhir/us/cqfmeasures/StructureDefinition/cqfm-isTestCase",
        "valueBoolean": true
      } ],
      "status": "complete",
      "type": "individual",
      "measure": "https://madie.cms.gov/Measure/BoneDensityProstateCancerAndrogenDeprivationTherapyFHIR6",
      "period": {
        "start": "2025-01-01",
        "end": "2025-12-31"
      },
      "group": [ {
        "id": "67b61060a0d801640767a597",
        "population": [ {
          "id": "E8F25116-1779-4BA6-B606-34F12AE4F5BA",
          "code": {
            "coding": [ {
              "system": "http://terminology.hl7.org/CodeSystem/measure-population",
              "code": "initial-population",
              "display": "Initial Population"
            } ]
          },
          "count": 1
        }, {
          "id": "1C145A56-9250-4444-A497-86C44F55CFDB",
          "code": {
            "coding": [ {
              "system": "http://terminology.hl7.org/CodeSystem/measure-population",
              "code": "denominator",
              "display": "Denominator"
            } ]
          },
          "count": 1
        }, {
          "id": "B1E0E3D2-D44E-4BFF-92F8-077CF1AE234F",
          "code": {
            "coding": [ {
              "system": "http://terminology.hl7.org/CodeSystem/measure-population",
              "code": "numerator",
              "display": "Numerator"
            } ]
          },
          "count": 0
        }, {
          "id": "A9552F46-139C-4270-835C-224132205362",
          "code": {
            "coding": [ {
              "system": "http://terminology.hl7.org/CodeSystem/measure-population",
              "code": "denominator-exception",
              "display": "Denominator Exception"
            } ]
          },
          "count": 0
        } ],
        "measureScore": {
          "value": 1.0
        }
      } ],
      "evaluatedResource": [ {
        "reference": "Patient/959743cc-af58-48ff-afa3-68428e69f0f5"
      }, {
        "reference": "Encounter/68cfa60d-de85-41df-8329-be0479572a7a"
      }, {
        "reference": "Condition/ba2001ff-6544-4e76-ace2-4c63079b13bb"
      }, {
        "reference": "ServiceRequest/68e1bf9c-cfc4-4d10-8e27-ce40dbf30cfa"
      }, {
        "reference": "Practitioner/7d417b77-71f3-4c33-9ed4-97d5fe71495d"
      }, {
        "reference": "MedicationRequest/b1b2d487-586b-4910-ac7d-6dc8bcfa0e04"
      }, {
        "reference": "ServiceRequest/96e83e57-4898-48e4-bd13-31e89e6ac554"
      } ]
    },
    "request": {
      "method": "PUT",
      "url": "MeasureReport/7e573618-4d7e-4fb5-a18e-a5f0a99316f0"
    }
  } ]
}