{
  "resourceType": "Bundle",
  "id": "60abda28bf0a01003e3f76bd",
  "type": "transaction",
  "entry": [ {
    "fullUrl": "https://madie.cms.gov/Patient/2585c4a2-7b38-48e4-9317-19ddbbcfa107",
    "resource": {
      "resourceType": "Patient",
      "id": "2585c4a2-7b38-48e4-9317-19ddbbcfa107",
      "meta": {
        "profile": [ "http://hl7.org/fhir/us/qicore/StructureDefinition/qicore-patient" ]
      },
      "extension": [ {
        "url": "http://hl7.org/fhir/us/core/StructureDefinition/us-core-race",
        "extension": [ {
          "url": "ombCategory",
          "valueCoding": {
            "system": "urn:oid:2.16.840.1.113883.6.238",
            "code": "2054-5",
            "display": "Black or African American"
          }
        }, {
          "url": "text",
          "valueString": "Black or African American"
        } ]
      }, {
        "url": "http://hl7.org/fhir/us/core/StructureDefinition/us-core-ethnicity",
        "extension": [ {
          "url": "ombCategory",
          "valueCoding": {
            "system": "urn:oid:2.16.840.1.113883.6.238",
            "code": "2186-5",
            "display": "Not Hispanic or Latino"
          }
        }, {
          "url": "text",
          "valueString": "Not Hispanic or Latino"
        } ]
      } ],
      "identifier": [ {
        "type": {
          "coding": [ {
            "system": "http://terminology.hl7.org/CodeSystem/v2-0203",
            "code": "MR"
          } ]
        },
        "system": "https://bonnie-fhir.healthit.gov/",
        "value": "463131313187656"
      } ],
      "name": [ {
        "family": "NUMERPass",
        "given": [ "ADTandDEXA9MonthsAfterStartofMPEdge" ]
      } ],
      "gender": "male",
      "birthDate": "1950-06-15"
    },
    "request": {
      "method": "PUT",
      "url": "Patient/2585c4a2-7b38-48e4-9317-19ddbbcfa107"
    }
  }, {
    "fullUrl": "https://madie.cms.gov/Encounter/2f495d73-fcae-4a04-8817-e3a604df660c",
    "resource": {
      "resourceType": "Encounter",
      "id": "2f495d73-fcae-4a04-8817-e3a604df660c",
      "meta": {
        "profile": [ "http://hl7.org/fhir/us/qicore/StructureDefinition/qicore-encounter" ]
      },
      "status": "finished",
      "class": {
        "system": "http://terminology.hl7.org/CodeSystem/v3-ActCode",
        "code": "AMB",
        "display": "ambulatory"
      },
      "type": [ {
        "coding": [ {
          "system": "http://snomed.info/sct",
          "version": "http://snomed.info/sct/731000124108/version/20240301",
          "code": "185463005",
          "display": "Visit out of hours (procedure)"
        } ]
      } ],
      "subject": {
        "reference": "Patient/2585c4a2-7b38-48e4-9317-19ddbbcfa107"
      },
      "period": {
        "start": "2026-09-01T08:00:00.000+00:00",
        "end": "2026-09-01T08:15:00.000+00:00"
      }
    },
    "request": {
      "method": "PUT",
      "url": "Encounter/2f495d73-fcae-4a04-8817-e3a604df660c"
    }
  }, {
    "fullUrl": "https://madie.cms.gov/Condition/773c1852-a9da-423c-9a37-1bc9ac2c7090",
    "resource": {
      "resourceType": "Condition",
      "id": "773c1852-a9da-423c-9a37-1bc9ac2c7090",
      "meta": {
        "profile": [ "http://hl7.org/fhir/us/qicore/StructureDefinition/qicore-condition-problems-health-concerns" ]
      },
      "clinicalStatus": {
        "coding": [ {
          "system": "http://terminology.hl7.org/CodeSystem/condition-clinical",
          "code": "active",
          "display": "Active",
          "userSelected": true
        } ]
      },
      "verificationStatus": {
        "coding": [ {
          "system": "http://terminology.hl7.org/CodeSystem/condition-ver-status",
          "code": "confirmed"
        } ]
      },
      "category": [ {
        "coding": [ {
          "system": "http://terminology.hl7.org/CodeSystem/condition-category",
          "code": "problem-list-item",
          "display": "Problem List Item"
        } ]
      } ],
      "code": {
        "coding": [ {
          "system": "http://snomed.info/sct",
          "version": "http://snomed.info/sct/731000124108/version/20240301",
          "code": "254900004",
          "display": "Carcinoma of prostate (disorder)"
        } ]
      },
      "subject": {
        "reference": "Patient/2585c4a2-7b38-48e4-9317-19ddbbcfa107"
      },
      "onsetPeriod": {
        "start": "2026-09-01T08:00:00.000+00:00"
      }
    },
    "request": {
      "method": "PUT",
      "url": "Condition/773c1852-a9da-423c-9a37-1bc9ac2c7090"
    }
  }, {
    "fullUrl": "https://madie.cms.gov/Observation/917eeb8e-56b4-4138-8b46-710a619c19cc",
    "resource": {
      "resourceType": "Observation",
      "id": "917eeb8e-56b4-4138-8b46-710a619c19cc",
      "meta": {
        "profile": [ "http://hl7.org/fhir/us/qicore/StructureDefinition/qicore-observation-lab" ]
      },
      "status": "final",
      "category": [ {
        "coding": [ {
          "system": "http://terminology.hl7.org/CodeSystem/observation-category",
          "code": "imaging",
          "display": "Imaging"
        } ]
      } ],
      "code": {
        "coding": [ {
          "system": "http://loinc.org",
          "version": "2.76",
          "code": "38265-5",
          "display": "DXA Radius and Ulna [T-score] Bone density"
        } ]
      },
      "subject": {
        "reference": "Patient/2585c4a2-7b38-48e4-9317-19ddbbcfa107"
      },
      "effectivePeriod": {
        "start": "2026-09-01T10:00:00.000+00:00"
      }
    },
    "request": {
      "method": "PUT",
      "url": "Observation/917eeb8e-56b4-4138-8b46-710a619c19cc"
    }
  }, {
    "fullUrl": "https://madie.cms.gov/Practitioner/660eba44-cf89-45ba-89a5-8130e6dd33db",
    "resource": {
      "resourceType": "Practitioner",
      "id": "660eba44-cf89-45ba-89a5-8130e6dd33db",
      "meta": {
        "profile": [ "http://hl7.org/fhir/us/qicore/StructureDefinition/qicore-practitioner" ]
      },
      "identifier": [ {
        "use": "temp",
        "system": "urn:oid:2.16.840.1.113883.4.336",
        "value": "Practitioner-23"
      } ],
      "active": true,
      "name": [ {
        "family": "Careful",
        "given": [ "Adam" ],
        "prefix": [ "Dr" ]
      } ],
      "address": [ {
        "use": "home",
        "line": [ "534 Erewhon St" ],
        "city": "PleasantVille",
        "state": "UT",
        "postalCode": "84414"
      } ],
      "qualification": [ {
        "identifier": [ {
          "system": "http://example.org/UniversityIdentifier",
          "value": "12345"
        } ],
        "code": {
          "coding": [ {
            "system": "http://terminology.hl7.org/CodeSystem/v2-0360|2.7",
            "code": "BS",
            "display": "Bachelor of Science"
          } ],
          "text": "Bachelor of Science"
        },
        "period": {
          "start": "1996"
        },
        "issuer": {
          "display": "Example University"
        }
      } ]
    },
    "request": {
      "method": "PUT",
      "url": "Practitioner/660eba44-cf89-45ba-89a5-8130e6dd33db"
    }
  }, {
    "fullUrl": "https://madie.cms.gov/MedicationRequest/bb927e1e-aad2-4789-8d94-7915d245548b",
    "resource": {
      "resourceType": "MedicationRequest",
      "id": "bb927e1e-aad2-4789-8d94-7915d245548b",
      "meta": {
        "profile": [ "http://hl7.org/fhir/us/qicore/StructureDefinition/qicore-medicationrequest" ]
      },
      "status": "active",
      "intent": "order",
      "medicationCodeableConcept": {
        "coding": [ {
          "system": "http://www.nlm.nih.gov/research/umls/rxnorm",
          "version": "04012024",
          "code": "1115257",
          "display": "1.5 ML leuprolide acetate 30 MG/ML Prefilled Syringe"
        } ]
      },
      "subject": {
        "reference": "Patient/2585c4a2-7b38-48e4-9317-19ddbbcfa107"
      },
      "authoredOn": "2026-09-01T08:00:00.000+00:00",
      "requester": {
        "reference": "http://myGoodHealthcare.com/fhir/Practitioner/660eba44-cf89-45ba-89a5-8130e6dd33db"
      },
      "dosageInstruction": [ {
        "timing": {
          "repeat": {
            "boundsPeriod": {
              "start": "2026-09-01T08:00:00.000+00:00",
              "end": "2026-10-01T08:00:00.000+00:00"
            }
          }
        }
      } ]
    },
    "request": {
      "method": "PUT",
      "url": "MedicationRequest/bb927e1e-aad2-4789-8d94-7915d245548b"
    }
  }, {
    "fullUrl": "https://madie.cms.gov/ServiceRequest/79265744-538d-4cb5-842a-52ab516fb767",
    "resource": {
      "resourceType": "ServiceRequest",
      "id": "79265744-538d-4cb5-842a-52ab516fb767",
      "meta": {
        "profile": [ "http://hl7.org/fhir/us/qicore/StructureDefinition/qicore-servicerequest" ]
      },
      "status": "active",
      "intent": "order",
      "code": {
        "coding": [ {
          "system": "http://snomed.info/sct",
          "version": "http://snomed.info/sct/731000124108/version/20240301",
          "code": "456381000124102",
          "display": "Injection of leuprolide acetate for twelve month period (regime/therapy)"
        } ]
      },
      "subject": {
        "reference": "Patient/2585c4a2-7b38-48e4-9317-19ddbbcfa107"
      },
      "authoredOn": "2026-09-01T08:00:00.000+00:00"
    },
    "request": {
      "method": "PUT",
      "url": "ServiceRequest/79265744-538d-4cb5-842a-52ab516fb767"
    }
  }, {
    "fullUrl": "https://madie.cms.gov/MeasureReport/c482e725-b483-4b83-a5b9-b34d5a58bb5b",
    "resource": {
      "resourceType": "MeasureReport",
      "id": "c482e725-b483-4b83-a5b9-b34d5a58bb5b",
      "meta": {
        "profile": [ "http://hl7.org/fhir/us/cqfmeasures/StructureDefinition/test-case-cqfm" ]
      },
      "contained": [ {
        "resourceType": "Parameters",
        "id": "306a8c71-2592-47cc-b5a4-52910eb0c5f6-parameters",
        "parameter": [ {
          "name": "subject",
          "valueString": "2585c4a2-7b38-48e4-9317-19ddbbcfa107"
        } ]
      } ],
      "extension": [ {
        "url": "http://hl7.org/fhir/StructureDefinition/cqf-inputParameters",
        "valueReference": {
          "reference": "#306a8c71-2592-47cc-b5a4-52910eb0c5f6-parameters"
        }
      }, {
        "url": "http://hl7.org/fhir/us/cqfmeasures/StructureDefinition/cqfm-testCaseDescription",
        "valueMarkdown": "Dx of Prostate Cancer with qualifying encounter. ADT and DEXA 9months after start of measurement period.  Passes NUMER criteria."
      } ],
      "modifierExtension": [ {
        "url": "http://hl7.org/fhir/us/cqfmeasures/StructureDefinition/cqfm-isTestCase",
        "valueBoolean": true
      } ],
      "status": "complete",
      "type": "individual",
      "measure": "https://madie.cms.gov/Measure/BoneDensityProstateCancerAndrogenDeprivationTherapyFHIR6",
      "period": {
        "start": "2026-01-01",
        "end": "2026-12-31"
      },
      "group": [ {
        "id": "Group_1",
        "population": [ {
          "id": "InitialPopulation_1",
          "code": {
            "coding": [ {
              "system": "http://terminology.hl7.org/CodeSystem/measure-population",
              "code": "initial-population",
              "display": "Initial Population"
            } ]
          },
          "count": 1
        }, {
          "id": "Denominator_1",
          "code": {
            "coding": [ {
              "system": "http://terminology.hl7.org/CodeSystem/measure-population",
              "code": "denominator",
              "display": "Denominator"
            } ]
          },
          "count": 1
        }, {
          "id": "Numerator_1",
          "code": {
            "coding": [ {
              "system": "http://terminology.hl7.org/CodeSystem/measure-population",
              "code": "numerator",
              "display": "Numerator"
            } ]
          },
          "count": 1
        }, {
          "id": "DenominatorException_1",
          "code": {
            "coding": [ {
              "system": "http://terminology.hl7.org/CodeSystem/measure-population",
              "code": "denominator-exception",
              "display": "Denominator Exception"
            } ]
          },
          "count": 0
        } ],
        "measureScore": {
          "value": 1.0
        }
      } ],
      "evaluatedResource": [ {
        "reference": "Patient/2585c4a2-7b38-48e4-9317-19ddbbcfa107"
      }, {
        "reference": "Encounter/2f495d73-fcae-4a04-8817-e3a604df660c"
      }, {
        "reference": "Condition/773c1852-a9da-423c-9a37-1bc9ac2c7090"
      }, {
        "reference": "Observation/917eeb8e-56b4-4138-8b46-710a619c19cc"
      }, {
        "reference": "Practitioner/660eba44-cf89-45ba-89a5-8130e6dd33db"
      }, {
        "reference": "MedicationRequest/bb927e1e-aad2-4789-8d94-7915d245548b"
      }, {
        "reference": "ServiceRequest/79265744-538d-4cb5-842a-52ab516fb767"
      } ]
    },
    "request": {
      "method": "PUT",
      "url": "MeasureReport/c482e725-b483-4b83-a5b9-b34d5a58bb5b"
    }
  } ]
}