{
  "resourceType": "Bundle",
  "id": "60abda28bf0a01003e3f76bd",
  "type": "transaction",
  "entry": [ {
    "fullUrl": "https://madie.cms.gov/Patient/2585c4a2-7b38-48e4-9317-19ddbbcfa107",
    "resource": {
      "resourceType": "Patient",
      "id": "2585c4a2-7b38-48e4-9317-19ddbbcfa107",
      "meta": {
        "profile": [ "http://hl7.org/fhir/us/qicore/StructureDefinition/qicore-patient" ]
      },
      "extension": [ {
        "url": "http://hl7.org/fhir/us/core/StructureDefinition/us-core-race",
        "extension": [ {
          "url": "ombCategory",
          "valueCoding": {
            "system": "urn:oid:2.16.840.1.113883.6.238",
            "code": "2054-5",
            "display": "Black or African American"
          }
        }, {
          "url": "text",
          "valueString": "Black or African American"
        } ]
      }, {
        "url": "http://hl7.org/fhir/us/core/StructureDefinition/us-core-ethnicity",
        "extension": [ {
          "url": "ombCategory",
          "valueCoding": {
            "system": "urn:oid:2.16.840.1.113883.6.238",
            "code": "2186-5",
            "display": "Not Hispanic or Latino"
          }
        }, {
          "url": "text",
          "valueString": "Not Hispanic or Latino"
        } ]
      } ],
      "identifier": [ {
        "type": {
          "coding": [ {
            "system": "http://terminology.hl7.org/CodeSystem/v2-0203",
            "code": "MR"
          } ]
        },
        "system": "https://bonnie-fhir.healthit.gov/",
        "value": "463131313187656"
      } ],
      "name": [ {
        "family": "NUMERPass",
        "given": [ "ADTandDEXA9MonthsAfterStartofMPEdge" ]
      } ],
      "gender": "male",
      "birthDate": "1949-06-15"
    },
    "request": {
      "method": "PUT",
      "url": "Patient/2585c4a2-7b38-48e4-9317-19ddbbcfa107"
    }
  }, {
    "fullUrl": "https://madie.cms.gov/Encounter/46c8a7e3-92b6-4d79-bc62-d269ac083742",
    "resource": {
      "resourceType": "Encounter",
      "id": "46c8a7e3-92b6-4d79-bc62-d269ac083742",
      "meta": {
        "profile": [ "http://hl7.org/fhir/us/qicore/StructureDefinition/qicore-encounter" ]
      },
      "status": "finished",
      "class": {
        "system": "http://terminology.hl7.org/CodeSystem/v3-ActCode",
        "code": "AMB",
        "display": "ambulatory"
      },
      "type": [ {
        "coding": [ {
          "system": "http://snomed.info/sct",
          "version": "http://snomed.info/sct/731000124108/version/20240301",
          "code": "185463005",
          "display": "Visit out of hours (procedure)"
        } ]
      } ],
      "subject": {
        "reference": "Patient/2585c4a2-7b38-48e4-9317-19ddbbcfa107"
      },
      "period": {
        "start": "2025-09-01T08:00:00.000+00:00",
        "end": "2025-09-01T08:15:00.000+00:00"
      }
    },
    "request": {
      "method": "PUT",
      "url": "Encounter/46c8a7e3-92b6-4d79-bc62-d269ac083742"
    }
  }, {
    "fullUrl": "https://madie.cms.gov/Condition/74b98bbd-58ea-4684-b530-4e5fd4eaf8b2",
    "resource": {
      "resourceType": "Condition",
      "id": "74b98bbd-58ea-4684-b530-4e5fd4eaf8b2",
      "meta": {
        "profile": [ "http://hl7.org/fhir/us/qicore/StructureDefinition/qicore-condition-problems-health-concerns" ]
      },
      "clinicalStatus": {
        "coding": [ {
          "system": "http://terminology.hl7.org/CodeSystem/condition-clinical",
          "code": "active",
          "display": "Active",
          "userSelected": true
        } ]
      },
      "verificationStatus": {
        "coding": [ {
          "system": "http://terminology.hl7.org/CodeSystem/condition-ver-status",
          "code": "confirmed"
        } ]
      },
      "category": [ {
        "coding": [ {
          "system": "http://terminology.hl7.org/CodeSystem/condition-category",
          "code": "problem-list-item",
          "display": "Problem List Item"
        } ]
      } ],
      "code": {
        "coding": [ {
          "system": "http://snomed.info/sct",
          "version": "http://snomed.info/sct/731000124108/version/20240301",
          "code": "254900004",
          "display": "Carcinoma of prostate (disorder)"
        } ]
      },
      "subject": {
        "reference": "Patient/2585c4a2-7b38-48e4-9317-19ddbbcfa107"
      },
      "onsetPeriod": {
        "start": "2025-09-01T08:00:00.000+00:00"
      }
    },
    "request": {
      "method": "PUT",
      "url": "Condition/74b98bbd-58ea-4684-b530-4e5fd4eaf8b2"
    }
  }, {
    "fullUrl": "https://madie.cms.gov/Observation/f3dffbf7-81a5-4763-baa5-bbfef8625d96",
    "resource": {
      "resourceType": "Observation",
      "id": "f3dffbf7-81a5-4763-baa5-bbfef8625d96",
      "meta": {
        "profile": [ "http://hl7.org/fhir/us/qicore/StructureDefinition/qicore-observation-lab" ]
      },
      "status": "final",
      "category": [ {
        "coding": [ {
          "system": "http://terminology.hl7.org/CodeSystem/observation-category",
          "code": "imaging",
          "display": "Imaging"
        } ]
      } ],
      "code": {
        "coding": [ {
          "system": "http://loinc.org",
          "version": "2.76",
          "code": "38265-5",
          "display": "DXA Radius and Ulna [T-score] Bone density"
        } ]
      },
      "subject": {
        "reference": "Patient/2585c4a2-7b38-48e4-9317-19ddbbcfa107"
      },
      "effectivePeriod": {
        "start": "2025-09-01T10:00:00.000+00:00"
      }
    },
    "request": {
      "method": "PUT",
      "url": "Observation/f3dffbf7-81a5-4763-baa5-bbfef8625d96"
    }
  }, {
    "fullUrl": "https://madie.cms.gov/Practitioner/ca78b002-4037-4ea8-9882-11b30a881d9c",
    "resource": {
      "resourceType": "Practitioner",
      "id": "ca78b002-4037-4ea8-9882-11b30a881d9c",
      "meta": {
        "profile": [ "http://hl7.org/fhir/us/qicore/StructureDefinition/qicore-practitioner" ]
      },
      "identifier": [ {
        "use": "temp",
        "system": "urn:oid:2.16.840.1.113883.4.336",
        "value": "Practitioner-23"
      } ],
      "active": true,
      "name": [ {
        "family": "Careful",
        "given": [ "Adam" ],
        "prefix": [ "Dr" ]
      } ],
      "address": [ {
        "use": "home",
        "line": [ "534 Erewhon St" ],
        "city": "PleasantVille",
        "state": "UT",
        "postalCode": "84414"
      } ],
      "qualification": [ {
        "identifier": [ {
          "system": "http://example.org/UniversityIdentifier",
          "value": "12345"
        } ],
        "code": {
          "coding": [ {
            "system": "http://terminology.hl7.org/CodeSystem/v2-0360|2.7",
            "code": "BS",
            "display": "Bachelor of Science"
          } ],
          "text": "Bachelor of Science"
        },
        "period": {
          "start": "1995"
        },
        "issuer": {
          "display": "Example University"
        }
      } ]
    },
    "request": {
      "method": "PUT",
      "url": "Practitioner/ca78b002-4037-4ea8-9882-11b30a881d9c"
    }
  }, {
    "fullUrl": "https://madie.cms.gov/MedicationRequest/75844ca6-3447-4c63-a9c4-566418553d36",
    "resource": {
      "resourceType": "MedicationRequest",
      "id": "75844ca6-3447-4c63-a9c4-566418553d36",
      "meta": {
        "profile": [ "http://hl7.org/fhir/us/qicore/StructureDefinition/qicore-medicationrequest" ]
      },
      "status": "active",
      "intent": "order",
      "medicationCodeableConcept": {
        "coding": [ {
          "system": "http://www.nlm.nih.gov/research/umls/rxnorm",
          "version": "04012024",
          "code": "1115257",
          "display": "1.5 ML leuprolide acetate 30 MG/ML Prefilled Syringe"
        } ]
      },
      "subject": {
        "reference": "Patient/2585c4a2-7b38-48e4-9317-19ddbbcfa107"
      },
      "authoredOn": "2025-09-01T08:00:00.000+00:00",
      "requester": {
        "reference": "http://myGoodHealthcare.com/fhir/Practitioner/ca78b002-4037-4ea8-9882-11b30a881d9c"
      },
      "dosageInstruction": [ {
        "timing": {
          "repeat": {
            "boundsPeriod": {
              "start": "2025-09-01T08:00:00.000+00:00",
              "end": "2025-10-01T08:00:00.000+00:00"
            }
          }
        }
      } ]
    },
    "request": {
      "method": "PUT",
      "url": "MedicationRequest/75844ca6-3447-4c63-a9c4-566418553d36"
    }
  }, {
    "fullUrl": "https://madie.cms.gov/ServiceRequest/9380f721-7cc3-4265-a420-fd594a52eb7d",
    "resource": {
      "resourceType": "ServiceRequest",
      "id": "9380f721-7cc3-4265-a420-fd594a52eb7d",
      "meta": {
        "profile": [ "http://hl7.org/fhir/us/qicore/StructureDefinition/qicore-servicerequest" ]
      },
      "status": "active",
      "intent": "order",
      "code": {
        "coding": [ {
          "system": "http://snomed.info/sct",
          "version": "http://snomed.info/sct/731000124108/version/20240301",
          "code": "456381000124102",
          "display": "Injection of leuprolide acetate for twelve month period (regime/therapy)"
        } ]
      },
      "subject": {
        "reference": "Patient/2585c4a2-7b38-48e4-9317-19ddbbcfa107"
      },
      "authoredOn": "2025-09-01T08:00:00.000+00:00"
    },
    "request": {
      "method": "PUT",
      "url": "ServiceRequest/9380f721-7cc3-4265-a420-fd594a52eb7d"
    }
  }, {
    "fullUrl": "https://madie.cms.gov/MeasureReport/15778502-59ff-4243-9832-a7886aee6cbf",
    "resource": {
      "resourceType": "MeasureReport",
      "id": "15778502-59ff-4243-9832-a7886aee6cbf",
      "meta": {
        "profile": [ "http://hl7.org/fhir/us/cqfmeasures/StructureDefinition/test-case-cqfm" ]
      },
      "contained": [ {
        "resourceType": "Parameters",
        "id": "f5f7b131-ed5c-4262-82fd-7f2b16026ef4-parameters",
        "parameter": [ {
          "name": "subject",
          "valueString": "2585c4a2-7b38-48e4-9317-19ddbbcfa107"
        } ]
      } ],
      "extension": [ {
        "url": "http://hl7.org/fhir/us/cqfmeasures/StructureDefinition/cqfm-inputParameters",
        "valueReference": {
          "reference": "#f5f7b131-ed5c-4262-82fd-7f2b16026ef4-parameters"
        }
      }, {
        "url": "http://hl7.org/fhir/us/cqfmeasures/StructureDefinition/cqfm-testCaseDescription",
        "valueMarkdown": "Dx of Prostate Cancer with qualifying encounter. ADT and DEXA 9months after start of measurement period.  Passes NUMER criteria."
      } ],
      "modifierExtension": [ {
        "url": "http://hl7.org/fhir/us/cqfmeasures/StructureDefinition/cqfm-isTestCase",
        "valueBoolean": true
      } ],
      "status": "complete",
      "type": "individual",
      "measure": "https://madie.cms.gov/Measure/BoneDensityProstateCancerAndrogenDeprivationTherapyFHIR6",
      "period": {
        "start": "2025-01-01",
        "end": "2025-12-31"
      },
      "group": [ {
        "id": "67b61060a0d801640767a597",
        "population": [ {
          "id": "E8F25116-1779-4BA6-B606-34F12AE4F5BA",
          "code": {
            "coding": [ {
              "system": "http://terminology.hl7.org/CodeSystem/measure-population",
              "code": "initial-population",
              "display": "Initial Population"
            } ]
          },
          "count": 1
        }, {
          "id": "1C145A56-9250-4444-A497-86C44F55CFDB",
          "code": {
            "coding": [ {
              "system": "http://terminology.hl7.org/CodeSystem/measure-population",
              "code": "denominator",
              "display": "Denominator"
            } ]
          },
          "count": 1
        }, {
          "id": "B1E0E3D2-D44E-4BFF-92F8-077CF1AE234F",
          "code": {
            "coding": [ {
              "system": "http://terminology.hl7.org/CodeSystem/measure-population",
              "code": "numerator",
              "display": "Numerator"
            } ]
          },
          "count": 1
        }, {
          "id": "A9552F46-139C-4270-835C-224132205362",
          "code": {
            "coding": [ {
              "system": "http://terminology.hl7.org/CodeSystem/measure-population",
              "code": "denominator-exception",
              "display": "Denominator Exception"
            } ]
          },
          "count": 0
        } ],
        "measureScore": {
          "value": 1.0
        }
      } ],
      "evaluatedResource": [ {
        "reference": "Patient/2585c4a2-7b38-48e4-9317-19ddbbcfa107"
      }, {
        "reference": "Encounter/46c8a7e3-92b6-4d79-bc62-d269ac083742"
      }, {
        "reference": "Condition/74b98bbd-58ea-4684-b530-4e5fd4eaf8b2"
      }, {
        "reference": "Observation/f3dffbf7-81a5-4763-baa5-bbfef8625d96"
      }, {
        "reference": "Practitioner/ca78b002-4037-4ea8-9882-11b30a881d9c"
      }, {
        "reference": "MedicationRequest/75844ca6-3447-4c63-a9c4-566418553d36"
      }, {
        "reference": "ServiceRequest/9380f721-7cc3-4265-a420-fd594a52eb7d"
      } ]
    },
    "request": {
      "method": "PUT",
      "url": "MeasureReport/15778502-59ff-4243-9832-a7886aee6cbf"
    }
  } ]
}