{
  "resourceType": "Bundle",
  "id": "60abda28bf0a01003e3f76bd",
  "type": "transaction",
  "entry": [ {
    "fullUrl": "https://madie.cms.gov/Patient/878aa680-2642-45b8-b103-5ef96188b5ea",
    "resource": {
      "resourceType": "Patient",
      "id": "878aa680-2642-45b8-b103-5ef96188b5ea",
      "meta": {
        "profile": [ "http://hl7.org/fhir/us/qicore/StructureDefinition/qicore-patient" ]
      },
      "extension": [ {
        "url": "http://hl7.org/fhir/us/core/StructureDefinition/us-core-race",
        "extension": [ {
          "url": "ombCategory",
          "valueCoding": {
            "system": "urn:oid:2.16.840.1.113883.6.238",
            "code": "2054-5",
            "display": "Black or African American",
            "userSelected": true
          }
        }, {
          "url": "text",
          "valueString": "Black or African American"
        } ]
      }, {
        "url": "http://hl7.org/fhir/us/core/StructureDefinition/us-core-ethnicity",
        "extension": [ {
          "url": "ombCategory",
          "valueCoding": {
            "system": "urn:oid:2.16.840.1.113883.6.238",
            "code": "2186-5",
            "display": "Not Hispanic or Latino",
            "userSelected": true
          }
        }, {
          "url": "text",
          "valueString": "Not Hispanic or Latino"
        } ]
      } ],
      "identifier": [ {
        "type": {
          "coding": [ {
            "system": "http://terminology.hl7.org/CodeSystem/v2-0203",
            "code": "MR"
          } ]
        },
        "system": "https://bonnie-fhir.healthit.gov/",
        "value": "60abda28bf0a01003e3f76bd"
      } ],
      "name": [ {
        "family": "NUMERPass",
        "given": [ "DEXA3MonthsAfterADTEdge" ]
      } ],
      "gender": "male",
      "birthDate": "1929-06-15"
    },
    "request": {
      "method": "PUT",
      "url": "Patient/878aa680-2642-45b8-b103-5ef96188b5ea"
    }
  }, {
    "fullUrl": "https://madie.cms.gov/Encounter/dedfa771-54e1-4e7a-a196-39aef94bda70",
    "resource": {
      "resourceType": "Encounter",
      "id": "dedfa771-54e1-4e7a-a196-39aef94bda70",
      "meta": {
        "profile": [ "http://hl7.org/fhir/us/qicore/StructureDefinition/qicore-encounter" ]
      },
      "status": "finished",
      "class": {
        "system": "http://terminology.hl7.org/CodeSystem/v3-ActCode",
        "code": "AMB",
        "display": "ambulatory"
      },
      "type": [ {
        "coding": [ {
          "system": "http://snomed.info/sct",
          "version": "2021-09",
          "code": "185463005",
          "display": "Visit out of hours (procedure)",
          "userSelected": true
        } ]
      } ],
      "subject": {
        "reference": "Patient/878aa680-2642-45b8-b103-5ef96188b5ea"
      },
      "period": {
        "start": "2025-05-01T08:00:00.000+00:00",
        "end": "2025-05-01T08:15:00.000+00:00"
      }
    },
    "request": {
      "method": "PUT",
      "url": "Encounter/dedfa771-54e1-4e7a-a196-39aef94bda70"
    }
  }, {
    "fullUrl": "https://madie.cms.gov/Condition/88333450-b1a1-4d90-ae10-573e326a6d41",
    "resource": {
      "resourceType": "Condition",
      "id": "88333450-b1a1-4d90-ae10-573e326a6d41",
      "meta": {
        "profile": [ "http://hl7.org/fhir/us/qicore/StructureDefinition/qicore-condition-problems-health-concerns" ]
      },
      "clinicalStatus": {
        "coding": [ {
          "system": "http://terminology.hl7.org/CodeSystem/condition-clinical",
          "code": "active",
          "display": "Active",
          "userSelected": true
        } ]
      },
      "verificationStatus": {
        "coding": [ {
          "system": "http://terminology.hl7.org/CodeSystem/condition-ver-status",
          "code": "confirmed"
        } ]
      },
      "category": [ {
        "coding": [ {
          "system": "http://terminology.hl7.org/CodeSystem/condition-category",
          "code": "problem-list-item",
          "display": "Problem List Item"
        } ]
      } ],
      "code": {
        "coding": [ {
          "system": "http://snomed.info/sct",
          "version": "2021-09",
          "code": "254900004",
          "display": "Carcinoma of prostate (disorder)",
          "userSelected": true
        } ]
      },
      "subject": {
        "reference": "Patient/878aa680-2642-45b8-b103-5ef96188b5ea"
      },
      "onsetPeriod": {
        "start": "2025-04-04T08:00:00.000+00:00"
      }
    },
    "request": {
      "method": "PUT",
      "url": "Condition/88333450-b1a1-4d90-ae10-573e326a6d41"
    }
  }, {
    "fullUrl": "https://madie.cms.gov/Observation/8f80e0a4-ac6a-4e98-a9aa-87f98036ac43",
    "resource": {
      "resourceType": "Observation",
      "id": "8f80e0a4-ac6a-4e98-a9aa-87f98036ac43",
      "meta": {
        "profile": [ "http://hl7.org/fhir/us/qicore/StructureDefinition/qicore-observation-lab" ]
      },
      "status": "final",
      "category": [ {
        "coding": [ {
          "system": "http://terminology.hl7.org/CodeSystem/observation-category",
          "code": "imaging",
          "display": "Imaging"
        } ]
      } ],
      "code": {
        "coding": [ {
          "system": "http://loinc.org",
          "version": "2.69",
          "code": "38265-5",
          "display": "DXA Radius and Ulna [T-score] Bone density",
          "userSelected": true
        } ]
      },
      "subject": {
        "reference": "Patient/878aa680-2642-45b8-b103-5ef96188b5ea"
      },
      "effectivePeriod": {
        "start": "2025-08-02T08:00:00.000+00:00"
      }
    },
    "request": {
      "method": "PUT",
      "url": "Observation/8f80e0a4-ac6a-4e98-a9aa-87f98036ac43"
    }
  }, {
    "fullUrl": "https://madie.cms.gov/Practitioner/1ee270f7-2cbe-4b90-8385-efd59004d180",
    "resource": {
      "resourceType": "Practitioner",
      "id": "1ee270f7-2cbe-4b90-8385-efd59004d180",
      "meta": {
        "profile": [ "http://hl7.org/fhir/us/qicore/StructureDefinition/qicore-practitioner" ]
      },
      "identifier": [ {
        "use": "temp",
        "system": "urn:oid:2.16.840.1.113883.4.336",
        "value": "Practitioner-23"
      } ],
      "active": true,
      "name": [ {
        "family": "Careful",
        "given": [ "Adam" ],
        "prefix": [ "Dr" ]
      } ],
      "address": [ {
        "use": "home",
        "line": [ "534 Erewhon St" ],
        "city": "PleasantVille",
        "state": "UT",
        "postalCode": "84414"
      } ],
      "qualification": [ {
        "identifier": [ {
          "system": "http://example.org/UniversityIdentifier",
          "value": "12345"
        } ],
        "code": {
          "coding": [ {
            "system": "http://terminology.hl7.org/CodeSystem/v2-0360|2.7",
            "code": "BS",
            "display": "Bachelor of Science"
          } ],
          "text": "Bachelor of Science"
        },
        "period": {
          "start": "1995"
        },
        "issuer": {
          "display": "Example University"
        }
      } ]
    },
    "request": {
      "method": "PUT",
      "url": "Practitioner/1ee270f7-2cbe-4b90-8385-efd59004d180"
    }
  }, {
    "fullUrl": "https://madie.cms.gov/MedicationRequest/d76db591-6a19-420c-ae09-bdd03f1e936e",
    "resource": {
      "resourceType": "MedicationRequest",
      "id": "d76db591-6a19-420c-ae09-bdd03f1e936e",
      "meta": {
        "profile": [ "http://hl7.org/fhir/us/qicore/StructureDefinition/qicore-medicationrequest" ]
      },
      "status": "active",
      "intent": "order",
      "medicationCodeableConcept": {
        "coding": [ {
          "system": "http://www.nlm.nih.gov/research/umls/rxnorm",
          "code": "1115257",
          "display": "1.5 ML leuprolide acetate 30 MG/ML Prefilled Syringe",
          "userSelected": true
        } ]
      },
      "subject": {
        "reference": "Patient/878aa680-2642-45b8-b103-5ef96188b5ea"
      },
      "authoredOn": "2025-05-01T08:00:00.000+00:00",
      "requester": {
        "reference": "http://myGoodHealthcare.com/fhir/Practitioner/1ee270f7-2cbe-4b90-8385-efd59004d180"
      },
      "dosageInstruction": [ {
        "timing": {
          "repeat": {
            "boundsPeriod": {
              "start": "2025-05-01T08:00:00.000+00:00",
              "end": "2025-06-01T08:00:00.000+00:00"
            }
          }
        }
      } ]
    },
    "request": {
      "method": "PUT",
      "url": "MedicationRequest/d76db591-6a19-420c-ae09-bdd03f1e936e"
    }
  }, {
    "fullUrl": "https://madie.cms.gov/ServiceRequest/f17b4059-beb4-4da6-9e12-02d81dc381fe",
    "resource": {
      "resourceType": "ServiceRequest",
      "id": "f17b4059-beb4-4da6-9e12-02d81dc381fe",
      "meta": {
        "profile": [ "http://hl7.org/fhir/us/qicore/StructureDefinition/qicore-servicerequest" ]
      },
      "status": "active",
      "intent": "order",
      "code": {
        "coding": [ {
          "system": "http://snomed.info/sct",
          "code": "456381000124102",
          "display": "Injection of leuprolide acetate for twelve month period (regime/therapy)"
        } ]
      },
      "subject": {
        "reference": "Patient/878aa680-2642-45b8-b103-5ef96188b5ea"
      },
      "authoredOn": "2025-05-01T08:00:00.000+00:00"
    },
    "request": {
      "method": "PUT",
      "url": "ServiceRequest/f17b4059-beb4-4da6-9e12-02d81dc381fe"
    }
  }, {
    "fullUrl": "https://madie.cms.gov/MeasureReport/9847df05-139b-4dfc-93a8-a86aae24ec17",
    "resource": {
      "resourceType": "MeasureReport",
      "id": "9847df05-139b-4dfc-93a8-a86aae24ec17",
      "meta": {
        "profile": [ "http://hl7.org/fhir/us/cqfmeasures/StructureDefinition/test-case-cqfm" ]
      },
      "contained": [ {
        "resourceType": "Parameters",
        "id": "9968b5ed-0be2-4739-883a-65cbdf6e65f8-parameters",
        "parameter": [ {
          "name": "subject",
          "valueString": "878aa680-2642-45b8-b103-5ef96188b5ea"
        } ]
      } ],
      "extension": [ {
        "url": "http://hl7.org/fhir/us/cqfmeasures/StructureDefinition/cqfm-inputParameters",
        "valueReference": {
          "reference": "#9968b5ed-0be2-4739-883a-65cbdf6e65f8-parameters"
        }
      }, {
        "url": "http://hl7.org/fhir/us/cqfmeasures/StructureDefinition/cqfm-testCaseDescription",
        "valueMarkdown": "Dx of Prostate Cancer, and qualifying encounter(s) in MP, However, DEXA 3 mo and 1 day after ADT.  Fails NUMER Criteria"
      } ],
      "modifierExtension": [ {
        "url": "http://hl7.org/fhir/us/cqfmeasures/StructureDefinition/cqfm-isTestCase",
        "valueBoolean": true
      } ],
      "status": "complete",
      "type": "individual",
      "measure": "https://madie.cms.gov/Measure/BoneDensityProstateCancerAndrogenDeprivationTherapyFHIR6",
      "period": {
        "start": "2025-01-01",
        "end": "2025-12-31"
      },
      "group": [ {
        "id": "67b61060a0d801640767a597",
        "population": [ {
          "id": "E8F25116-1779-4BA6-B606-34F12AE4F5BA",
          "code": {
            "coding": [ {
              "system": "http://terminology.hl7.org/CodeSystem/measure-population",
              "code": "initial-population",
              "display": "Initial Population"
            } ]
          },
          "count": 1
        }, {
          "id": "1C145A56-9250-4444-A497-86C44F55CFDB",
          "code": {
            "coding": [ {
              "system": "http://terminology.hl7.org/CodeSystem/measure-population",
              "code": "denominator",
              "display": "Denominator"
            } ]
          },
          "count": 1
        }, {
          "id": "B1E0E3D2-D44E-4BFF-92F8-077CF1AE234F",
          "code": {
            "coding": [ {
              "system": "http://terminology.hl7.org/CodeSystem/measure-population",
              "code": "numerator",
              "display": "Numerator"
            } ]
          },
          "count": 0
        }, {
          "id": "A9552F46-139C-4270-835C-224132205362",
          "code": {
            "coding": [ {
              "system": "http://terminology.hl7.org/CodeSystem/measure-population",
              "code": "denominator-exception",
              "display": "Denominator Exception"
            } ]
          },
          "count": 0
        } ],
        "measureScore": {
          "value": 1.0
        }
      } ],
      "evaluatedResource": [ {
        "reference": "Patient/878aa680-2642-45b8-b103-5ef96188b5ea"
      }, {
        "reference": "Encounter/dedfa771-54e1-4e7a-a196-39aef94bda70"
      }, {
        "reference": "Condition/88333450-b1a1-4d90-ae10-573e326a6d41"
      }, {
        "reference": "Observation/8f80e0a4-ac6a-4e98-a9aa-87f98036ac43"
      }, {
        "reference": "Practitioner/1ee270f7-2cbe-4b90-8385-efd59004d180"
      }, {
        "reference": "MedicationRequest/d76db591-6a19-420c-ae09-bdd03f1e936e"
      }, {
        "reference": "ServiceRequest/f17b4059-beb4-4da6-9e12-02d81dc381fe"
      } ]
    },
    "request": {
      "method": "PUT",
      "url": "MeasureReport/9847df05-139b-4dfc-93a8-a86aae24ec17"
    }
  } ]
}