{
  "resourceType": "Bundle",
  "id": "60abda28bf0a01003e3f76bd",
  "type": "transaction",
  "entry": [ {
    "fullUrl": "https://madie.cms.gov/Patient/878aa680-2642-45b8-b103-5ef96188b5ea",
    "resource": {
      "resourceType": "Patient",
      "id": "878aa680-2642-45b8-b103-5ef96188b5ea",
      "meta": {
        "profile": [ "http://hl7.org/fhir/us/qicore/StructureDefinition/qicore-patient" ]
      },
      "extension": [ {
        "url": "http://hl7.org/fhir/us/core/StructureDefinition/us-core-race",
        "extension": [ {
          "url": "ombCategory",
          "valueCoding": {
            "system": "urn:oid:2.16.840.1.113883.6.238",
            "code": "2054-5",
            "display": "Black or African American",
            "userSelected": true
          }
        }, {
          "url": "text",
          "valueString": "Black or African American"
        } ]
      }, {
        "url": "http://hl7.org/fhir/us/core/StructureDefinition/us-core-ethnicity",
        "extension": [ {
          "url": "ombCategory",
          "valueCoding": {
            "system": "urn:oid:2.16.840.1.113883.6.238",
            "code": "2186-5",
            "display": "Not Hispanic or Latino",
            "userSelected": true
          }
        }, {
          "url": "text",
          "valueString": "Not Hispanic or Latino"
        } ]
      } ],
      "identifier": [ {
        "type": {
          "coding": [ {
            "system": "http://terminology.hl7.org/CodeSystem/v2-0203",
            "code": "MR"
          } ]
        },
        "system": "https://bonnie-fhir.healthit.gov/",
        "value": "60abda28bf0a01003e3f76bd"
      } ],
      "name": [ {
        "family": "NUMERPass",
        "given": [ "DEXA3MonthsAfterADTEdge" ]
      } ],
      "gender": "male",
      "birthDate": "1930-06-15"
    },
    "request": {
      "method": "PUT",
      "url": "Patient/878aa680-2642-45b8-b103-5ef96188b5ea"
    }
  }, {
    "fullUrl": "https://madie.cms.gov/Encounter/462b0a47-40b7-420d-b085-8ff9abb6b46a",
    "resource": {
      "resourceType": "Encounter",
      "id": "462b0a47-40b7-420d-b085-8ff9abb6b46a",
      "meta": {
        "profile": [ "http://hl7.org/fhir/us/qicore/StructureDefinition/qicore-encounter" ]
      },
      "status": "finished",
      "class": {
        "system": "http://terminology.hl7.org/CodeSystem/v3-ActCode",
        "code": "AMB",
        "display": "ambulatory"
      },
      "type": [ {
        "coding": [ {
          "system": "http://snomed.info/sct",
          "version": "2021-09",
          "code": "185463005",
          "display": "Visit out of hours (procedure)",
          "userSelected": true
        } ]
      } ],
      "subject": {
        "reference": "Patient/878aa680-2642-45b8-b103-5ef96188b5ea"
      },
      "period": {
        "start": "2026-05-01T08:00:00.000+00:00",
        "end": "2026-05-01T08:15:00.000+00:00"
      }
    },
    "request": {
      "method": "PUT",
      "url": "Encounter/462b0a47-40b7-420d-b085-8ff9abb6b46a"
    }
  }, {
    "fullUrl": "https://madie.cms.gov/Condition/55d4c1fc-9bd3-489b-9dbb-02652f28e82a",
    "resource": {
      "resourceType": "Condition",
      "id": "55d4c1fc-9bd3-489b-9dbb-02652f28e82a",
      "meta": {
        "profile": [ "http://hl7.org/fhir/us/qicore/StructureDefinition/qicore-condition-problems-health-concerns" ]
      },
      "clinicalStatus": {
        "coding": [ {
          "system": "http://terminology.hl7.org/CodeSystem/condition-clinical",
          "code": "active",
          "display": "Active",
          "userSelected": true
        } ]
      },
      "verificationStatus": {
        "coding": [ {
          "system": "http://terminology.hl7.org/CodeSystem/condition-ver-status",
          "code": "confirmed"
        } ]
      },
      "category": [ {
        "coding": [ {
          "system": "http://terminology.hl7.org/CodeSystem/condition-category",
          "code": "problem-list-item",
          "display": "Problem List Item"
        } ]
      } ],
      "code": {
        "coding": [ {
          "system": "http://snomed.info/sct",
          "version": "2021-09",
          "code": "254900004",
          "display": "Carcinoma of prostate (disorder)",
          "userSelected": true
        } ]
      },
      "subject": {
        "reference": "Patient/878aa680-2642-45b8-b103-5ef96188b5ea"
      },
      "onsetPeriod": {
        "start": "2026-04-04T08:00:00.000+00:00"
      }
    },
    "request": {
      "method": "PUT",
      "url": "Condition/55d4c1fc-9bd3-489b-9dbb-02652f28e82a"
    }
  }, {
    "fullUrl": "https://madie.cms.gov/Observation/1f677820-851f-4f61-881d-6724c438a345",
    "resource": {
      "resourceType": "Observation",
      "id": "1f677820-851f-4f61-881d-6724c438a345",
      "meta": {
        "profile": [ "http://hl7.org/fhir/us/qicore/StructureDefinition/qicore-observation-lab" ]
      },
      "status": "final",
      "category": [ {
        "coding": [ {
          "system": "http://terminology.hl7.org/CodeSystem/observation-category",
          "code": "imaging",
          "display": "Imaging"
        } ]
      } ],
      "code": {
        "coding": [ {
          "system": "http://loinc.org",
          "version": "2.69",
          "code": "38265-5",
          "display": "DXA Radius and Ulna [T-score] Bone density",
          "userSelected": true
        } ]
      },
      "subject": {
        "reference": "Patient/878aa680-2642-45b8-b103-5ef96188b5ea"
      },
      "effectivePeriod": {
        "start": "2026-08-02T08:00:00.000+00:00"
      }
    },
    "request": {
      "method": "PUT",
      "url": "Observation/1f677820-851f-4f61-881d-6724c438a345"
    }
  }, {
    "fullUrl": "https://madie.cms.gov/Practitioner/b7f5f89f-4c52-47f8-b0a0-9d242bf636cd",
    "resource": {
      "resourceType": "Practitioner",
      "id": "b7f5f89f-4c52-47f8-b0a0-9d242bf636cd",
      "meta": {
        "profile": [ "http://hl7.org/fhir/us/qicore/StructureDefinition/qicore-practitioner" ]
      },
      "identifier": [ {
        "use": "temp",
        "system": "urn:oid:2.16.840.1.113883.4.336",
        "value": "Practitioner-23"
      } ],
      "active": true,
      "name": [ {
        "family": "Careful",
        "given": [ "Adam" ],
        "prefix": [ "Dr" ]
      } ],
      "address": [ {
        "use": "home",
        "line": [ "534 Erewhon St" ],
        "city": "PleasantVille",
        "state": "UT",
        "postalCode": "84414"
      } ],
      "qualification": [ {
        "identifier": [ {
          "system": "http://example.org/UniversityIdentifier",
          "value": "12345"
        } ],
        "code": {
          "coding": [ {
            "system": "http://terminology.hl7.org/CodeSystem/v2-0360|2.7",
            "code": "BS",
            "display": "Bachelor of Science"
          } ],
          "text": "Bachelor of Science"
        },
        "period": {
          "start": "1996"
        },
        "issuer": {
          "display": "Example University"
        }
      } ]
    },
    "request": {
      "method": "PUT",
      "url": "Practitioner/b7f5f89f-4c52-47f8-b0a0-9d242bf636cd"
    }
  }, {
    "fullUrl": "https://madie.cms.gov/MedicationRequest/8ddbae23-80e5-471c-829e-3b31bf0ac5a8",
    "resource": {
      "resourceType": "MedicationRequest",
      "id": "8ddbae23-80e5-471c-829e-3b31bf0ac5a8",
      "meta": {
        "profile": [ "http://hl7.org/fhir/us/qicore/StructureDefinition/qicore-medicationrequest" ]
      },
      "status": "active",
      "intent": "order",
      "medicationCodeableConcept": {
        "coding": [ {
          "system": "http://www.nlm.nih.gov/research/umls/rxnorm",
          "code": "1115257",
          "display": "1.5 ML leuprolide acetate 30 MG/ML Prefilled Syringe",
          "userSelected": true
        } ]
      },
      "subject": {
        "reference": "Patient/878aa680-2642-45b8-b103-5ef96188b5ea"
      },
      "authoredOn": "2026-05-01T08:00:00.000+00:00",
      "requester": {
        "reference": "http://myGoodHealthcare.com/fhir/Practitioner/b7f5f89f-4c52-47f8-b0a0-9d242bf636cd"
      },
      "dosageInstruction": [ {
        "timing": {
          "repeat": {
            "boundsPeriod": {
              "start": "2026-05-01T08:00:00.000+00:00",
              "end": "2026-06-01T08:00:00.000+00:00"
            }
          }
        }
      } ]
    },
    "request": {
      "method": "PUT",
      "url": "MedicationRequest/8ddbae23-80e5-471c-829e-3b31bf0ac5a8"
    }
  }, {
    "fullUrl": "https://madie.cms.gov/ServiceRequest/ba664299-3481-41d6-a129-93cb368339b0",
    "resource": {
      "resourceType": "ServiceRequest",
      "id": "ba664299-3481-41d6-a129-93cb368339b0",
      "meta": {
        "profile": [ "http://hl7.org/fhir/us/qicore/StructureDefinition/qicore-servicerequest" ]
      },
      "status": "active",
      "intent": "order",
      "code": {
        "coding": [ {
          "system": "http://snomed.info/sct",
          "code": "456381000124102",
          "display": "Injection of leuprolide acetate for twelve month period (regime/therapy)"
        } ]
      },
      "subject": {
        "reference": "Patient/878aa680-2642-45b8-b103-5ef96188b5ea"
      },
      "authoredOn": "2026-05-01T08:00:00.000+00:00"
    },
    "request": {
      "method": "PUT",
      "url": "ServiceRequest/ba664299-3481-41d6-a129-93cb368339b0"
    }
  }, {
    "fullUrl": "https://madie.cms.gov/MeasureReport/f6a6d98a-113b-4304-82cc-43e4d7ebee15",
    "resource": {
      "resourceType": "MeasureReport",
      "id": "f6a6d98a-113b-4304-82cc-43e4d7ebee15",
      "meta": {
        "profile": [ "http://hl7.org/fhir/us/cqfmeasures/StructureDefinition/test-case-cqfm" ]
      },
      "contained": [ {
        "resourceType": "Parameters",
        "id": "4e637a15-b020-4859-8754-2add88a91040-parameters",
        "parameter": [ {
          "name": "subject",
          "valueString": "878aa680-2642-45b8-b103-5ef96188b5ea"
        } ]
      } ],
      "extension": [ {
        "url": "http://hl7.org/fhir/StructureDefinition/cqf-inputParameters",
        "valueReference": {
          "reference": "#4e637a15-b020-4859-8754-2add88a91040-parameters"
        }
      }, {
        "url": "http://hl7.org/fhir/us/cqfmeasures/StructureDefinition/cqfm-testCaseDescription",
        "valueMarkdown": "Dx of Prostate Cancer, and qualifying encounter(s) in MP, However, DEXA 3 mo and 1 day after ADT.  Fails NUMER Criteria"
      } ],
      "modifierExtension": [ {
        "url": "http://hl7.org/fhir/us/cqfmeasures/StructureDefinition/cqfm-isTestCase",
        "valueBoolean": true
      } ],
      "status": "complete",
      "type": "individual",
      "measure": "https://madie.cms.gov/Measure/BoneDensityProstateCancerAndrogenDeprivationTherapyFHIR6",
      "period": {
        "start": "2026-01-01",
        "end": "2026-12-31"
      },
      "group": [ {
        "id": "Group_1",
        "population": [ {
          "id": "InitialPopulation_1",
          "code": {
            "coding": [ {
              "system": "http://terminology.hl7.org/CodeSystem/measure-population",
              "code": "initial-population",
              "display": "Initial Population"
            } ]
          },
          "count": 1
        }, {
          "id": "Denominator_1",
          "code": {
            "coding": [ {
              "system": "http://terminology.hl7.org/CodeSystem/measure-population",
              "code": "denominator",
              "display": "Denominator"
            } ]
          },
          "count": 1
        }, {
          "id": "Numerator_1",
          "code": {
            "coding": [ {
              "system": "http://terminology.hl7.org/CodeSystem/measure-population",
              "code": "numerator",
              "display": "Numerator"
            } ]
          },
          "count": 0
        }, {
          "id": "DenominatorException_1",
          "code": {
            "coding": [ {
              "system": "http://terminology.hl7.org/CodeSystem/measure-population",
              "code": "denominator-exception",
              "display": "Denominator Exception"
            } ]
          },
          "count": 0
        } ],
        "measureScore": {
          "value": 1.0
        }
      } ],
      "evaluatedResource": [ {
        "reference": "Patient/878aa680-2642-45b8-b103-5ef96188b5ea"
      }, {
        "reference": "Encounter/462b0a47-40b7-420d-b085-8ff9abb6b46a"
      }, {
        "reference": "Condition/55d4c1fc-9bd3-489b-9dbb-02652f28e82a"
      }, {
        "reference": "Observation/1f677820-851f-4f61-881d-6724c438a345"
      }, {
        "reference": "Practitioner/b7f5f89f-4c52-47f8-b0a0-9d242bf636cd"
      }, {
        "reference": "MedicationRequest/8ddbae23-80e5-471c-829e-3b31bf0ac5a8"
      }, {
        "reference": "ServiceRequest/ba664299-3481-41d6-a129-93cb368339b0"
      } ]
    },
    "request": {
      "method": "PUT",
      "url": "MeasureReport/f6a6d98a-113b-4304-82cc-43e4d7ebee15"
    }
  } ]
}