{
  "resourceType": "Bundle",
  "id": "60abda28bf0a01003e3f76bd",
  "type": "transaction",
  "entry": [ {
    "fullUrl": "https://madie.cms.gov/Patient/b3d69ee8-375d-4039-9b92-c829cf29e154",
    "resource": {
      "resourceType": "Patient",
      "id": "b3d69ee8-375d-4039-9b92-c829cf29e154",
      "meta": {
        "profile": [ "http://hl7.org/fhir/us/qicore/StructureDefinition/qicore-patient" ]
      },
      "extension": [ {
        "url": "http://hl7.org/fhir/us/core/StructureDefinition/us-core-race",
        "extension": [ {
          "url": "ombCategory",
          "valueCoding": {
            "system": "urn:oid:2.16.840.1.113883.6.238",
            "code": "2054-5",
            "display": "Black or African American"
          }
        }, {
          "url": "text",
          "valueString": "Black or African American"
        } ]
      }, {
        "url": "http://hl7.org/fhir/us/core/StructureDefinition/us-core-ethnicity",
        "extension": [ {
          "url": "ombCategory",
          "valueCoding": {
            "system": "urn:oid:2.16.840.1.113883.6.238",
            "code": "2186-5",
            "display": "Not Hispanic or Latino"
          }
        }, {
          "url": "text",
          "valueString": "Not Hispanic or Latino"
        } ]
      } ],
      "identifier": [ {
        "type": {
          "coding": [ {
            "system": "http://terminology.hl7.org/CodeSystem/v2-0203",
            "code": "MR"
          } ]
        },
        "system": "https://bonnie-fhir.healthit.gov/",
        "value": "463131313187656"
      } ],
      "name": [ {
        "family": "NUMERFail",
        "given": [ "DEXA5YearsBeforeADT" ]
      } ],
      "gender": "male",
      "birthDate": "1983-06-15"
    },
    "request": {
      "method": "PUT",
      "url": "Patient/b3d69ee8-375d-4039-9b92-c829cf29e154"
    }
  }, {
    "fullUrl": "https://madie.cms.gov/Encounter/3beda727-f935-412a-b8c2-abe2fa2d0234",
    "resource": {
      "resourceType": "Encounter",
      "id": "3beda727-f935-412a-b8c2-abe2fa2d0234",
      "meta": {
        "profile": [ "http://hl7.org/fhir/us/qicore/StructureDefinition/qicore-encounter" ]
      },
      "status": "finished",
      "class": {
        "system": "http://terminology.hl7.org/CodeSystem/v3-ActCode",
        "code": "AMB",
        "display": "ambulatory"
      },
      "type": [ {
        "coding": [ {
          "system": "http://snomed.info/sct",
          "version": "http://snomed.info/sct/731000124108/version/20240301",
          "code": "185463005",
          "display": "Visit out of hours (procedure)"
        } ]
      } ],
      "subject": {
        "reference": "Patient/b3d69ee8-375d-4039-9b92-c829cf29e154"
      },
      "period": {
        "start": "2025-05-04T08:00:00.000+00:00",
        "end": "2025-05-04T08:15:00.000+00:00"
      }
    },
    "request": {
      "method": "PUT",
      "url": "Encounter/3beda727-f935-412a-b8c2-abe2fa2d0234"
    }
  }, {
    "fullUrl": "https://madie.cms.gov/Condition/66f8d5f7-54e8-4bfc-930c-2dc0d43fbf9b",
    "resource": {
      "resourceType": "Condition",
      "id": "66f8d5f7-54e8-4bfc-930c-2dc0d43fbf9b",
      "meta": {
        "profile": [ "http://hl7.org/fhir/us/qicore/StructureDefinition/qicore-condition-problems-health-concerns" ]
      },
      "clinicalStatus": {
        "coding": [ {
          "system": "http://terminology.hl7.org/CodeSystem/condition-clinical",
          "code": "active",
          "display": "Active",
          "userSelected": true
        } ]
      },
      "verificationStatus": {
        "coding": [ {
          "system": "http://terminology.hl7.org/CodeSystem/condition-ver-status",
          "code": "confirmed"
        } ]
      },
      "category": [ {
        "coding": [ {
          "system": "http://terminology.hl7.org/CodeSystem/condition-category",
          "code": "problem-list-item",
          "display": "Problem List Item"
        } ]
      } ],
      "code": {
        "coding": [ {
          "system": "http://snomed.info/sct",
          "version": "http://snomed.info/sct/731000124108/version/20240301",
          "code": "254900004",
          "display": "Carcinoma of prostate (disorder)"
        } ]
      },
      "subject": {
        "reference": "Patient/b3d69ee8-375d-4039-9b92-c829cf29e154"
      },
      "onsetPeriod": {
        "start": "2025-05-04T08:00:00.000+00:00"
      }
    },
    "request": {
      "method": "PUT",
      "url": "Condition/66f8d5f7-54e8-4bfc-930c-2dc0d43fbf9b"
    }
  }, {
    "fullUrl": "https://madie.cms.gov/Observation/23cf9075-0ba0-4d53-8b49-ffa695297e21",
    "resource": {
      "resourceType": "Observation",
      "id": "23cf9075-0ba0-4d53-8b49-ffa695297e21",
      "meta": {
        "profile": [ "http://hl7.org/fhir/us/qicore/StructureDefinition/qicore-observation-lab" ]
      },
      "status": "final",
      "category": [ {
        "coding": [ {
          "system": "http://terminology.hl7.org/CodeSystem/observation-category",
          "code": "imaging",
          "display": "Imaging"
        } ]
      } ],
      "code": {
        "coding": [ {
          "system": "http://loinc.org",
          "version": "2.76",
          "code": "38265-5",
          "display": "DXA Radius and Ulna [T-score] Bone density"
        } ]
      },
      "subject": {
        "reference": "Patient/b3d69ee8-375d-4039-9b92-c829cf29e154"
      },
      "effectivePeriod": {
        "start": "2020-05-01T10:00:00.000+00:00"
      }
    },
    "request": {
      "method": "PUT",
      "url": "Observation/23cf9075-0ba0-4d53-8b49-ffa695297e21"
    }
  }, {
    "fullUrl": "https://madie.cms.gov/Practitioner/bdbfea14-d489-4f3a-939d-e209b2a97eaf",
    "resource": {
      "resourceType": "Practitioner",
      "id": "bdbfea14-d489-4f3a-939d-e209b2a97eaf",
      "meta": {
        "profile": [ "http://hl7.org/fhir/us/qicore/StructureDefinition/qicore-practitioner" ]
      },
      "identifier": [ {
        "use": "temp",
        "system": "urn:oid:2.16.840.1.113883.4.336",
        "value": "Practitioner-23"
      } ],
      "active": true,
      "name": [ {
        "family": "Careful",
        "given": [ "Adam" ],
        "prefix": [ "Dr" ]
      } ],
      "address": [ {
        "use": "home",
        "line": [ "534 Erewhon St" ],
        "city": "PleasantVille",
        "state": "UT",
        "postalCode": "84414"
      } ],
      "qualification": [ {
        "identifier": [ {
          "system": "http://example.org/UniversityIdentifier",
          "value": "12345"
        } ],
        "code": {
          "coding": [ {
            "system": "http://terminology.hl7.org/CodeSystem/v2-0360|2.7",
            "code": "BS",
            "display": "Bachelor of Science"
          } ],
          "text": "Bachelor of Science"
        },
        "period": {
          "start": "1995"
        },
        "issuer": {
          "display": "Example University"
        }
      } ]
    },
    "request": {
      "method": "PUT",
      "url": "Practitioner/bdbfea14-d489-4f3a-939d-e209b2a97eaf"
    }
  }, {
    "fullUrl": "https://madie.cms.gov/MedicationRequest/843fb62d-7f6c-407e-b019-5f81e8929231",
    "resource": {
      "resourceType": "MedicationRequest",
      "id": "843fb62d-7f6c-407e-b019-5f81e8929231",
      "meta": {
        "profile": [ "http://hl7.org/fhir/us/qicore/StructureDefinition/qicore-medicationrequest" ]
      },
      "status": "active",
      "intent": "order",
      "medicationCodeableConcept": {
        "coding": [ {
          "system": "http://www.nlm.nih.gov/research/umls/rxnorm",
          "version": "04012024",
          "code": "1115257",
          "display": "1.5 ML leuprolide acetate 30 MG/ML Prefilled Syringe"
        } ]
      },
      "subject": {
        "reference": "Patient/b3d69ee8-375d-4039-9b92-c829cf29e154"
      },
      "authoredOn": "2025-05-04T08:00:00.000+00:00",
      "requester": {
        "reference": "http://myGoodHealthcare.com/fhir/Practitioner/bdbfea14-d489-4f3a-939d-e209b2a97eaf"
      },
      "dosageInstruction": [ {
        "timing": {
          "repeat": {
            "boundsPeriod": {
              "start": "2025-05-04T08:00:00.000+00:00",
              "end": "2025-06-04T08:00:00.000+00:00"
            }
          }
        }
      } ]
    },
    "request": {
      "method": "PUT",
      "url": "MedicationRequest/843fb62d-7f6c-407e-b019-5f81e8929231"
    }
  }, {
    "fullUrl": "https://madie.cms.gov/ServiceRequest/3227950b-a765-431a-b1cd-8ccafdee4471",
    "resource": {
      "resourceType": "ServiceRequest",
      "id": "3227950b-a765-431a-b1cd-8ccafdee4471",
      "meta": {
        "profile": [ "http://hl7.org/fhir/us/qicore/StructureDefinition/qicore-servicerequest" ]
      },
      "status": "active",
      "intent": "order",
      "code": {
        "coding": [ {
          "system": "http://snomed.info/sct",
          "version": "http://snomed.info/sct/731000124108/version/20240301",
          "code": "456381000124102",
          "display": "Injection of leuprolide acetate for twelve month period (regime/therapy)"
        } ]
      },
      "subject": {
        "reference": "Patient/b3d69ee8-375d-4039-9b92-c829cf29e154"
      },
      "authoredOn": "2025-05-04T08:00:00.000+00:00"
    },
    "request": {
      "method": "PUT",
      "url": "ServiceRequest/3227950b-a765-431a-b1cd-8ccafdee4471"
    }
  }, {
    "fullUrl": "https://madie.cms.gov/MeasureReport/278deefd-6c98-4aca-8656-77292cb83be5",
    "resource": {
      "resourceType": "MeasureReport",
      "id": "278deefd-6c98-4aca-8656-77292cb83be5",
      "meta": {
        "profile": [ "http://hl7.org/fhir/us/cqfmeasures/StructureDefinition/test-case-cqfm" ]
      },
      "contained": [ {
        "resourceType": "Parameters",
        "id": "05444560-0eb0-4ce5-acd8-f5624fb5d4fe-parameters",
        "parameter": [ {
          "name": "subject",
          "valueString": "b3d69ee8-375d-4039-9b92-c829cf29e154"
        } ]
      } ],
      "extension": [ {
        "url": "http://hl7.org/fhir/us/cqfmeasures/StructureDefinition/cqfm-inputParameters",
        "valueReference": {
          "reference": "#05444560-0eb0-4ce5-acd8-f5624fb5d4fe-parameters"
        }
      }, {
        "url": "http://hl7.org/fhir/us/cqfmeasures/StructureDefinition/cqfm-testCaseDescription",
        "valueMarkdown": "Dx of Prostate Cancer with qualifying encounter(s) in MP Procedure Ordered. DEXA 5 years prior to ADT.   Failed NUMER Criteria"
      } ],
      "modifierExtension": [ {
        "url": "http://hl7.org/fhir/us/cqfmeasures/StructureDefinition/cqfm-isTestCase",
        "valueBoolean": true
      } ],
      "status": "complete",
      "type": "individual",
      "measure": "https://madie.cms.gov/Measure/BoneDensityProstateCancerAndrogenDeprivationTherapyFHIR6",
      "period": {
        "start": "2025-01-01",
        "end": "2025-12-31"
      },
      "group": [ {
        "id": "67b61060a0d801640767a597",
        "population": [ {
          "id": "E8F25116-1779-4BA6-B606-34F12AE4F5BA",
          "code": {
            "coding": [ {
              "system": "http://terminology.hl7.org/CodeSystem/measure-population",
              "code": "initial-population",
              "display": "Initial Population"
            } ]
          },
          "count": 1
        }, {
          "id": "1C145A56-9250-4444-A497-86C44F55CFDB",
          "code": {
            "coding": [ {
              "system": "http://terminology.hl7.org/CodeSystem/measure-population",
              "code": "denominator",
              "display": "Denominator"
            } ]
          },
          "count": 1
        }, {
          "id": "B1E0E3D2-D44E-4BFF-92F8-077CF1AE234F",
          "code": {
            "coding": [ {
              "system": "http://terminology.hl7.org/CodeSystem/measure-population",
              "code": "numerator",
              "display": "Numerator"
            } ]
          },
          "count": 0
        }, {
          "id": "A9552F46-139C-4270-835C-224132205362",
          "code": {
            "coding": [ {
              "system": "http://terminology.hl7.org/CodeSystem/measure-population",
              "code": "denominator-exception",
              "display": "Denominator Exception"
            } ]
          },
          "count": 0
        } ],
        "measureScore": {
          "value": 1.0
        }
      } ],
      "evaluatedResource": [ {
        "reference": "Patient/b3d69ee8-375d-4039-9b92-c829cf29e154"
      }, {
        "reference": "Encounter/3beda727-f935-412a-b8c2-abe2fa2d0234"
      }, {
        "reference": "Condition/66f8d5f7-54e8-4bfc-930c-2dc0d43fbf9b"
      }, {
        "reference": "Observation/23cf9075-0ba0-4d53-8b49-ffa695297e21"
      }, {
        "reference": "Practitioner/bdbfea14-d489-4f3a-939d-e209b2a97eaf"
      }, {
        "reference": "MedicationRequest/843fb62d-7f6c-407e-b019-5f81e8929231"
      }, {
        "reference": "ServiceRequest/3227950b-a765-431a-b1cd-8ccafdee4471"
      } ]
    },
    "request": {
      "method": "PUT",
      "url": "MeasureReport/278deefd-6c98-4aca-8656-77292cb83be5"
    }
  } ]
}