{
  "resourceType": "Bundle",
  "id": "612e6b6a02c62a011f2eda61",
  "type": "transaction",
  "entry": [ {
    "fullUrl": "https://madie.cms.gov/Patient/4b737a03-fd7e-485b-af16-dcca5e7833db",
    "resource": {
      "resourceType": "Patient",
      "id": "4b737a03-fd7e-485b-af16-dcca5e7833db",
      "meta": {
        "profile": [ "http://hl7.org/fhir/us/qicore/StructureDefinition/qicore-patient" ]
      },
      "text": {
        "status": "generated",
        "div": "<div xmlns=\"http://www.w3.org/1999/xhtml\"><div class=\"hapiHeaderText\">EncEndsOnLastMinOfMP <b>IPPPASS </b></div><table class=\"hapiPropertyTable\"><tbody><tr><td>Identifier</td><td>2d02a76d3c6414633bcaff3b3573dd91</td></tr><tr><td>Date of birth</td><td><span>01 January 2003</span></td></tr></tbody></table></div>"
      },
      "extension": [ {
        "url": "http://hl7.org/fhir/us/core/StructureDefinition/us-core-race",
        "extension": [ {
          "url": "ombCategory",
          "valueCoding": {
            "system": "urn:oid:2.16.840.1.113883.6.238",
            "code": "1002-5",
            "display": "American Indian or Alaska Native",
            "userSelected": true
          }
        }, {
          "url": "text",
          "valueString": "American Indian or Alaska Native"
        } ]
      }, {
        "url": "http://hl7.org/fhir/us/core/StructureDefinition/us-core-ethnicity",
        "extension": [ {
          "url": "ombCategory",
          "valueCoding": {
            "system": "urn:oid:2.16.840.1.113883.6.238",
            "code": "2135-2",
            "display": "Hispanic or Latino",
            "userSelected": true
          }
        }, {
          "url": "text",
          "valueString": "Hispanic or Latino"
        } ]
      } ],
      "identifier": [ {
        "type": {
          "coding": [ {
            "system": "http://terminology.hl7.org/CodeSystem/v2-0203",
            "code": "MR"
          } ]
        },
        "system": "https://bonnie-fhir.healthit.gov/",
        "value": "612e6b6a02c62a011f2eda61"
      } ],
      "active": true,
      "name": [ {
        "use": "usual",
        "family": "IPPPass",
        "given": [ "EncEndsOnLastMinOfMP" ]
      } ],
      "gender": "male",
      "birthDate": "2003-01-01"
    },
    "request": {
      "method": "PUT",
      "url": "Patient/4b737a03-fd7e-485b-af16-dcca5e7833db"
    }
  }, {
    "fullUrl": "https://madie.cms.gov/Encounter/8126590a-d9bd-447e-a304-e60fe8067e82",
    "resource": {
      "resourceType": "Encounter",
      "id": "8126590a-d9bd-447e-a304-e60fe8067e82",
      "meta": {
        "profile": [ "http://hl7.org/fhir/us/qicore/StructureDefinition/qicore-encounter" ]
      },
      "status": "finished",
      "class": {
        "system": "http://terminology.hl7.org/CodeSystem/v3-ActCode",
        "code": "IMP",
        "display": "inpatient encounter"
      },
      "type": [ {
        "coding": [ {
          "system": "http://snomed.info/sct",
          "code": "8715000"
        } ]
      } ],
      "subject": {
        "reference": "Patient/4b737a03-fd7e-485b-af16-dcca5e7833db"
      },
      "period": {
        "start": "2025-12-01T00:00:00+00:00",
        "end": "2025-12-31T23:59:00+00:00"
      },
      "length": {
        "value": 30.0,
        "unit": "days"
      }
    },
    "request": {
      "method": "PUT",
      "url": "Encounter/8126590a-d9bd-447e-a304-e60fe8067e82"
    }
  }, {
    "fullUrl": "https://madie.cms.gov/Coverage/88ea6b12-2817-45e0-9e8d-d7c6c7bfe4d6",
    "resource": {
      "resourceType": "Coverage",
      "id": "88ea6b12-2817-45e0-9e8d-d7c6c7bfe4d6",
      "status": "active",
      "beneficiary": {
        "reference": "Patient/4b737a03-fd7e-485b-af16-dcca5e7833db"
      },
      "period": {
        "start": "2003-01-01T08:00:00+00:00"
      },
      "payor": [ {
        "reference": "Organization/4ade8fb7-667b-4920-a4bd-1c9168e6e4e6"
      } ]
    },
    "request": {
      "method": "PUT",
      "url": "Coverage/88ea6b12-2817-45e0-9e8d-d7c6c7bfe4d6"
    }
  }, {
    "fullUrl": "https://madie.cms.gov/Organization/4ade8fb7-667b-4920-a4bd-1c9168e6e4e6",
    "resource": {
      "resourceType": "Organization",
      "id": "4ade8fb7-667b-4920-a4bd-1c9168e6e4e6",
      "meta": {
        "profile": [ "http://hl7.org/fhir/us/qicore/StructureDefinition/qicore-organization" ]
      },
      "identifier": [ {
        "use": "temp",
        "system": "urn:oid:2.16.840.1.113883.4.4",
        "value": "21-3259825"
      } ],
      "active": true,
      "type": [ {
        "coding": [ {
          "system": "http://terminology.hl7.org/CodeSystem/organization-type",
          "code": "pay",
          "display": "Payer"
        } ]
      } ],
      "name": "Blue Cross Blue Shield of Texas",
      "telecom": [ {
        "system": "phone",
        "value": "(+1) 972-766-6900"
      } ],
      "address": [ {
        "use": "billing",
        "type": "postal",
        "line": [ "P.O. Box 660044" ],
        "city": "Dallas",
        "state": "TX",
        "postalCode": "75266-0044",
        "country": "USA"
      } ]
    },
    "request": {
      "method": "PUT",
      "url": "Organization/4ade8fb7-667b-4920-a4bd-1c9168e6e4e6"
    }
  }, {
    "fullUrl": "https://madie.cms.gov/Practitioner/0d6c2207-f706-4805-a40a-8b91b69e759e",
    "resource": {
      "resourceType": "Practitioner",
      "id": "0d6c2207-f706-4805-a40a-8b91b69e759e",
      "identifier": [ {
        "system": "http://hl7.org/fhir/sid/us-npi",
        "value": "123456"
      } ],
      "name": [ {
        "family": "Evil",
        "prefix": [ "Dr" ]
      } ]
    },
    "request": {
      "method": "PUT",
      "url": "Practitioner/0d6c2207-f706-4805-a40a-8b91b69e759e"
    }
  }, {
    "fullUrl": "https://madie.cms.gov/MeasureReport/2766070e-44ed-47d2-8ad7-3dd8780341f6",
    "resource": {
      "resourceType": "MeasureReport",
      "id": "2766070e-44ed-47d2-8ad7-3dd8780341f6",
      "meta": {
        "profile": [ "http://hl7.org/fhir/us/cqfmeasures/StructureDefinition/test-case-cqfm" ]
      },
      "contained": [ {
        "resourceType": "Parameters",
        "id": "90ebd339-adcc-4732-b7e3-e5bd782a3217-parameters",
        "parameter": [ {
          "name": "subject",
          "valueString": "4b737a03-fd7e-485b-af16-dcca5e7833db"
        } ]
      } ],
      "extension": [ {
        "url": "http://hl7.org/fhir/us/cqfmeasures/StructureDefinition/cqfm-inputParameters",
        "valueReference": {
          "reference": "#90ebd339-adcc-4732-b7e3-e5bd782a3217-parameters"
        }
      }, {
        "url": "http://hl7.org/fhir/us/cqfmeasures/StructureDefinition/cqfm-testCaseDescription",
        "valueMarkdown": "Patient is 18 years old with LOS < 120 days ending during MP\n"
      } ],
      "modifierExtension": [ {
        "url": "http://hl7.org/fhir/us/cqfmeasures/StructureDefinition/cqfm-isTestCase",
        "valueBoolean": true
      } ],
      "status": "complete",
      "type": "individual",
      "measure": "https://madie.cms.gov/Measure/VenousThromboembolismProphylaxisFHIR",
      "period": {
        "start": "2025-01-01",
        "end": "2025-12-31"
      },
      "group": [ {
        "population": [ {
          "code": {
            "coding": [ {
              "system": "http://terminology.hl7.org/CodeSystem/measure-population",
              "code": "initial-population",
              "display": "Initial Population"
            } ]
          },
          "count": 1
        }, {
          "code": {
            "coding": [ {
              "system": "http://terminology.hl7.org/CodeSystem/measure-population",
              "code": "denominator",
              "display": "Denominator"
            } ]
          },
          "count": 1
        }, {
          "code": {
            "coding": [ {
              "system": "http://terminology.hl7.org/CodeSystem/measure-population",
              "code": "denominator-exclusion",
              "display": "Denominator Exclusion"
            } ]
          },
          "count": 0
        }, {
          "code": {
            "coding": [ {
              "system": "http://terminology.hl7.org/CodeSystem/measure-population",
              "code": "numerator",
              "display": "Numerator"
            } ]
          },
          "count": 0
        } ]
      } ],
      "evaluatedResource": [ {
        "reference": "Patient/4b737a03-fd7e-485b-af16-dcca5e7833db"
      }, {
        "reference": "Encounter/8126590a-d9bd-447e-a304-e60fe8067e82"
      }, {
        "reference": "Coverage/88ea6b12-2817-45e0-9e8d-d7c6c7bfe4d6"
      }, {
        "reference": "Organization/4ade8fb7-667b-4920-a4bd-1c9168e6e4e6"
      }, {
        "reference": "Practitioner/0d6c2207-f706-4805-a40a-8b91b69e759e"
      } ]
    },
    "request": {
      "method": "PUT",
      "url": "MeasureReport/2766070e-44ed-47d2-8ad7-3dd8780341f6"
    }
  } ]
}