{
  "resourceType": "Bundle",
  "id": "DENEXPass-HospiceServiceRequestCompleted",
  "type": "collection",
  "entry": [ {
    "fullUrl": "https://madie.cms.gov/Patient/043f64b7-dd25-42ea-9785-0bdcbe64b27a",
    "resource": {
      "resourceType": "Patient",
      "id": "043f64b7-dd25-42ea-9785-0bdcbe64b27a",
      "meta": {
        "profile": [ "http://hl7.org/fhir/us/qicore/StructureDefinition/qicore-patient" ]
      },
      "identifier": [ {
        "system": "http://hospital.smarthealthit.org",
        "value": "999999995"
      } ],
      "name": [ {
        "family": "Bertha",
        "given": [ "Betty" ]
      } ],
      "gender": "female",
      "birthDate": "2005-01-01"
    }
  }, {
    "fullUrl": "https://madie.cms.gov/Encounter/a6fea36c-962a-4eab-ac7e-4ec4b175092a",
    "resource": {
      "resourceType": "Encounter",
      "id": "a6fea36c-962a-4eab-ac7e-4ec4b175092a",
      "meta": {
        "profile": [ "http://hl7.org/fhir/us/qicore/StructureDefinition/qicore-encounter" ]
      },
      "status": "finished",
      "class": {
        "system": "http://terminology.hl7.org/CodeSystem/v3-ActCode",
        "code": "AMB",
        "display": "ambulatory"
      },
      "type": [ {
        "coding": [ {
          "system": "http://www.ada.org/cdt",
          "code": "D0120",
          "display": "periodic oral evaluation - established patient"
        } ]
      } ],
      "subject": {
        "reference": "Patient/043f64b7-dd25-42ea-9785-0bdcbe64b27a"
      },
      "period": {
        "start": "2025-01-01T00:00:00.000Z",
        "end": "2025-01-01T01:15:00.000Z"
      }
    }
  }, {
    "fullUrl": "https://madie.cms.gov/ServiceRequest/aa7610c3-319e-4079-8602-f4c96eac1c9f",
    "resource": {
      "resourceType": "ServiceRequest",
      "id": "aa7610c3-319e-4079-8602-f4c96eac1c9f",
      "meta": {
        "profile": [ "http://hl7.org/fhir/us/qicore/StructureDefinition/qicore-servicerequest" ]
      },
      "status": "completed",
      "intent": "order",
      "category": [ {
        "coding": [ {
          "system": "http://snomed.info/sct",
          "code": "387713003",
          "display": "Surgical procedure"
        } ]
      } ],
      "priority": "routine",
      "code": {
        "coding": [ {
          "system": "http://snomed.info/sct",
          "code": "385763009",
          "display": "Hospice care (regime/therapy)"
        } ]
      },
      "subject": {
        "reference": "Patient/043f64b7-dd25-42ea-9785-0bdcbe64b27a"
      },
      "authoredOn": "2025-01-02T00:00:00.000Z",
      "performerType": {
        "coding": [ {
          "system": "http://snomed.info/sct",
          "code": "405279007",
          "display": "Attending physician (occupation)"
        } ]
      }
    }
  }, {
    "fullUrl": "https://madie.cms.gov/MeasureReport/5c2bc640-a550-4cff-bcbf-6f9795513ff2",
    "resource": {
      "resourceType": "MeasureReport",
      "id": "5c2bc640-a550-4cff-bcbf-6f9795513ff2",
      "meta": {
        "profile": [ "http://hl7.org/fhir/us/cqfmeasures/StructureDefinition/test-case-cqfm" ]
      },
      "contained": [ {
        "resourceType": "Parameters",
        "id": "d796d9f4-27c5-41cc-9fa1-9ccc79df659f-parameters",
        "parameter": [ {
          "name": "subject",
          "valueString": "043f64b7-dd25-42ea-9785-0bdcbe64b27a"
        } ]
      } ],
      "extension": [ {
        "url": "http://hl7.org/fhir/us/cqfmeasures/StructureDefinition/cqfm-inputParameters",
        "valueReference": {
          "reference": "#d796d9f4-27c5-41cc-9fa1-9ccc79df659f-parameters"
        }
      }, {
        "url": "http://hl7.org/fhir/us/cqfmeasures/StructureDefinition/cqfm-testCaseDescription",
        "valueMarkdown": "Hospice Service Request - For meeting 100% coverage"
      } ],
      "modifierExtension": [ {
        "url": "http://hl7.org/fhir/us/cqfmeasures/StructureDefinition/cqfm-isTestCase",
        "valueBoolean": true
      } ],
      "status": "complete",
      "type": "individual",
      "measure": "https://madie.cms.gov/Measure/ChildrenWhoHaveDentalDecayOrCavitiesFHIR",
      "period": {
        "start": "2025-01-01",
        "end": "2025-12-31"
      },
      "group": [ {
        "population": [ {
          "code": {
            "coding": [ {
              "system": "http://terminology.hl7.org/CodeSystem/measure-population",
              "code": "initial-population",
              "display": "Initial Population"
            } ]
          },
          "count": 1
        }, {
          "code": {
            "coding": [ {
              "system": "http://terminology.hl7.org/CodeSystem/measure-population",
              "code": "denominator",
              "display": "Denominator"
            } ]
          },
          "count": 1
        }, {
          "code": {
            "coding": [ {
              "system": "http://terminology.hl7.org/CodeSystem/measure-population",
              "code": "denominator-exclusion",
              "display": "Denominator Exclusion"
            } ]
          },
          "count": 1
        }, {
          "code": {
            "coding": [ {
              "system": "http://terminology.hl7.org/CodeSystem/measure-population",
              "code": "numerator",
              "display": "Numerator"
            } ]
          },
          "count": 0
        } ]
      } ],
      "evaluatedResource": [ {
        "reference": "Patient/043f64b7-dd25-42ea-9785-0bdcbe64b27a"
      }, {
        "reference": "Encounter/a6fea36c-962a-4eab-ac7e-4ec4b175092a"
      }, {
        "reference": "ServiceRequest/aa7610c3-319e-4079-8602-f4c96eac1c9f"
      } ]
    }
  } ]
}