{
  "resourceType": "Bundle",
  "id": "60abda28bf0a01003e3f76bd",
  "type": "transaction",
  "entry": [ {
    "fullUrl": "https://madie.cms.gov/Patient/326c4d57-1c4e-498e-8975-ceb9913c28f8",
    "resource": {
      "resourceType": "Patient",
      "id": "326c4d57-1c4e-498e-8975-ceb9913c28f8",
      "meta": {
        "profile": [ "http://hl7.org/fhir/us/qicore/StructureDefinition/qicore-patient" ]
      },
      "extension": [ {
        "url": "http://hl7.org/fhir/us/core/StructureDefinition/us-core-race",
        "extension": [ {
          "url": "ombCategory",
          "valueCoding": {
            "system": "urn:oid:2.16.840.1.113883.6.238",
            "code": "2054-5",
            "display": "Black or African American"
          }
        }, {
          "url": "text",
          "valueString": "Black or African American"
        } ]
      }, {
        "url": "http://hl7.org/fhir/us/core/StructureDefinition/us-core-ethnicity",
        "extension": [ {
          "url": "ombCategory",
          "valueCoding": {
            "system": "urn:oid:2.16.840.1.113883.6.238",
            "code": "2186-5",
            "display": "Not Hispanic or Latino"
          }
        }, {
          "url": "text",
          "valueString": "Not Hispanic or Latino"
        } ]
      } ],
      "identifier": [ {
        "type": {
          "coding": [ {
            "system": "http://terminology.hl7.org/CodeSystem/v2-0203",
            "code": "MR"
          } ]
        },
        "system": "https://bonnie-fhir.healthit.gov/",
        "value": "463131313187656"
      } ],
      "name": [ {
        "family": "NUMERFail",
        "given": [ "DEXAorderLessThan4MonthsAfterADT" ]
      } ],
      "gender": "male",
      "birthDate": "1930-06-15"
    },
    "request": {
      "method": "PUT",
      "url": "Patient/326c4d57-1c4e-498e-8975-ceb9913c28f8"
    }
  }, {
    "fullUrl": "https://madie.cms.gov/Encounter/110c3ff4-6e2b-4c38-bfed-63c0ea2b8368",
    "resource": {
      "resourceType": "Encounter",
      "id": "110c3ff4-6e2b-4c38-bfed-63c0ea2b8368",
      "meta": {
        "profile": [ "http://hl7.org/fhir/us/qicore/StructureDefinition/qicore-encounter" ]
      },
      "status": "finished",
      "class": {
        "system": "http://terminology.hl7.org/CodeSystem/v3-ActCode",
        "code": "AMB",
        "display": "ambulatory"
      },
      "type": [ {
        "coding": [ {
          "system": "http://snomed.info/sct",
          "version": "http://snomed.info/sct/731000124108/version/20240301",
          "code": "185463005",
          "display": "Visit out of hours (procedure)"
        } ]
      } ],
      "subject": {
        "reference": "Patient/326c4d57-1c4e-498e-8975-ceb9913c28f8"
      },
      "period": {
        "start": "2026-06-04T08:00:00.000+00:00",
        "end": "2026-06-04T08:15:00.000+00:00"
      }
    },
    "request": {
      "method": "PUT",
      "url": "Encounter/110c3ff4-6e2b-4c38-bfed-63c0ea2b8368"
    }
  }, {
    "fullUrl": "https://madie.cms.gov/Condition/1c2e796f-2808-4771-8cf8-a3eb4cb2f5e5",
    "resource": {
      "resourceType": "Condition",
      "id": "1c2e796f-2808-4771-8cf8-a3eb4cb2f5e5",
      "meta": {
        "profile": [ "http://hl7.org/fhir/us/qicore/StructureDefinition/qicore-condition-problems-health-concerns" ]
      },
      "clinicalStatus": {
        "coding": [ {
          "system": "http://terminology.hl7.org/CodeSystem/condition-clinical",
          "code": "active",
          "display": "Active",
          "userSelected": true
        } ]
      },
      "verificationStatus": {
        "coding": [ {
          "system": "http://terminology.hl7.org/CodeSystem/condition-ver-status",
          "code": "confirmed"
        } ]
      },
      "category": [ {
        "coding": [ {
          "system": "http://terminology.hl7.org/CodeSystem/condition-category",
          "code": "problem-list-item",
          "display": "Problem List Item"
        } ]
      } ],
      "code": {
        "coding": [ {
          "system": "http://snomed.info/sct",
          "version": "http://snomed.info/sct/731000124108/version/20250301",
          "code": "254900004",
          "display": "Carcinoma of prostate (disorder)"
        } ]
      },
      "subject": {
        "reference": "Patient/326c4d57-1c4e-498e-8975-ceb9913c28f8"
      },
      "onsetPeriod": {
        "start": "2026-06-04T08:00:00.000+00:00"
      }
    },
    "request": {
      "method": "PUT",
      "url": "Condition/1c2e796f-2808-4771-8cf8-a3eb4cb2f5e5"
    }
  }, {
    "fullUrl": "https://madie.cms.gov/Observation/8ec8943c-d7d4-49d6-8e42-04fba32e2f7f",
    "resource": {
      "resourceType": "Observation",
      "id": "8ec8943c-d7d4-49d6-8e42-04fba32e2f7f",
      "meta": {
        "profile": [ "http://hl7.org/fhir/us/qicore/StructureDefinition/qicore-observation-clinical-result" ]
      },
      "status": "final",
      "category": [ {
        "coding": [ {
          "system": "http://terminology.hl7.org/CodeSystem/observation-category",
          "code": "imaging",
          "display": "Imaging"
        } ]
      }, {
        "coding": [ {
          "system": "http://terminology.hl7.org/CodeSystem/observation-category",
          "code": "survey"
        } ]
      } ],
      "code": {
        "coding": [ {
          "system": "http://loinc.org",
          "version": "2.76",
          "code": "38265-5",
          "display": "DXA Radius and Ulna [T-score] Bone density"
        } ]
      },
      "subject": {
        "reference": "Patient/326c4d57-1c4e-498e-8975-ceb9913c28f8"
      },
      "effectivePeriod": {
        "start": "2026-09-15T10:00:00.000+00:00"
      },
      "dataAbsentReason": {
        "coding": [ {
          "system": "http://terminology.hl7.org/CodeSystem/data-absent-reason",
          "code": "unknown",
          "display": "Unknown"
        } ]
      }
    },
    "request": {
      "method": "PUT",
      "url": "Observation/8ec8943c-d7d4-49d6-8e42-04fba32e2f7f"
    }
  }, {
    "fullUrl": "https://madie.cms.gov/Practitioner/f113cfb6-9e98-414c-9626-ed0a8a9ed8b4",
    "resource": {
      "resourceType": "Practitioner",
      "id": "f113cfb6-9e98-414c-9626-ed0a8a9ed8b4",
      "meta": {
        "profile": [ "http://hl7.org/fhir/us/qicore/StructureDefinition/qicore-practitioner" ]
      },
      "identifier": [ {
        "use": "temp",
        "system": "urn:oid:2.16.840.1.113883.4.336",
        "value": "Practitioner-23"
      } ],
      "active": true,
      "name": [ {
        "family": "Careful",
        "given": [ "Adam" ],
        "prefix": [ "Dr" ]
      } ],
      "address": [ {
        "use": "home",
        "line": [ "534 Erewhon St" ],
        "city": "PleasantVille",
        "state": "UT",
        "postalCode": "84414"
      } ],
      "qualification": [ {
        "identifier": [ {
          "system": "http://example.org/UniversityIdentifier",
          "value": "12345"
        } ],
        "code": {
          "coding": [ {
            "system": "http://terminology.hl7.org/CodeSystem/v2-0360|2.7",
            "code": "BS",
            "display": "Bachelor of Science"
          } ],
          "text": "Bachelor of Science"
        },
        "period": {
          "start": "1996"
        },
        "issuer": {
          "display": "Example University"
        }
      } ]
    },
    "request": {
      "method": "PUT",
      "url": "Practitioner/f113cfb6-9e98-414c-9626-ed0a8a9ed8b4"
    }
  }, {
    "fullUrl": "https://madie.cms.gov/MedicationRequest/630d3748-f803-46c3-867c-1e9e7cd77da1",
    "resource": {
      "resourceType": "MedicationRequest",
      "id": "630d3748-f803-46c3-867c-1e9e7cd77da1",
      "meta": {
        "profile": [ "http://hl7.org/fhir/us/qicore/StructureDefinition/qicore-medicationrequest" ]
      },
      "status": "active",
      "intent": "order",
      "medicationCodeableConcept": {
        "coding": [ {
          "system": "http://www.nlm.nih.gov/research/umls/rxnorm",
          "version": "06052023",
          "code": "1115257",
          "display": "1.5 ML leuprolide acetate 30 MG/ML Prefilled Syringe"
        } ]
      },
      "subject": {
        "reference": "Patient/326c4d57-1c4e-498e-8975-ceb9913c28f8"
      },
      "authoredOn": "2026-06-04T08:00:00.000+00:00",
      "requester": {
        "reference": "http://myGoodHealthcare.com/fhir/Practitioner/f113cfb6-9e98-414c-9626-ed0a8a9ed8b4"
      },
      "dosageInstruction": [ {
        "timing": {
          "repeat": {
            "boundsPeriod": {
              "start": "2026-06-04T08:00:00.000+00:00",
              "end": "2026-07-04T08:00:00.000+00:00"
            }
          }
        }
      } ]
    },
    "request": {
      "method": "PUT",
      "url": "MedicationRequest/630d3748-f803-46c3-867c-1e9e7cd77da1"
    }
  }, {
    "fullUrl": "https://madie.cms.gov/ServiceRequest/b4e9eda8-e1aa-4f90-a94e-f1381759062a",
    "resource": {
      "resourceType": "ServiceRequest",
      "id": "b4e9eda8-e1aa-4f90-a94e-f1381759062a",
      "meta": {
        "profile": [ "http://hl7.org/fhir/us/qicore/StructureDefinition/qicore-servicerequest" ]
      },
      "status": "active",
      "intent": "order",
      "code": {
        "coding": [ {
          "system": "http://snomed.info/sct",
          "version": "http://snomed.info/sct/731000124108/version/20250301",
          "code": "456381000124102",
          "display": "Injection of leuprolide acetate for twelve month period (regime/therapy)"
        } ]
      },
      "subject": {
        "reference": "Patient/326c4d57-1c4e-498e-8975-ceb9913c28f8"
      },
      "authoredOn": "2026-06-04T08:00:00.000+00:00"
    },
    "request": {
      "method": "PUT",
      "url": "ServiceRequest/b4e9eda8-e1aa-4f90-a94e-f1381759062a"
    }
  }, {
    "fullUrl": "https://madie.cms.gov/MeasureReport/d4ae4fdb-1943-4d28-b8b4-b0e36549ed02",
    "resource": {
      "resourceType": "MeasureReport",
      "id": "d4ae4fdb-1943-4d28-b8b4-b0e36549ed02",
      "meta": {
        "profile": [ "http://hl7.org/fhir/us/cqfmeasures/StructureDefinition/test-case-cqfm" ]
      },
      "contained": [ {
        "resourceType": "Parameters",
        "id": "9884291f-37ee-4be2-9b0b-42046e1625c9-parameters",
        "parameter": [ {
          "name": "subject",
          "valueString": "326c4d57-1c4e-498e-8975-ceb9913c28f8"
        } ]
      } ],
      "extension": [ {
        "url": "http://hl7.org/fhir/StructureDefinition/cqf-inputParameters",
        "valueReference": {
          "reference": "#9884291f-37ee-4be2-9b0b-42046e1625c9-parameters"
        }
      }, {
        "url": "http://hl7.org/fhir/us/cqfmeasures/StructureDefinition/cqfm-testCaseDescription",
        "valueMarkdown": "Patient has diagnosis of Prostate Cancer.  DEXA ordered 4 mo after ADT start.  Fails NUMER criteria."
      } ],
      "modifierExtension": [ {
        "url": "http://hl7.org/fhir/us/cqfmeasures/StructureDefinition/cqfm-isTestCase",
        "valueBoolean": true
      } ],
      "status": "complete",
      "type": "individual",
      "measure": "https://madie.cms.gov/Measure/CMS645FHIRBoneDensityPCADTherapy",
      "period": {
        "start": "2026-01-01",
        "end": "2026-12-31"
      },
      "group": [ {
        "id": "Group_1",
        "population": [ {
          "id": "InitialPopulation_1",
          "code": {
            "coding": [ {
              "system": "http://terminology.hl7.org/CodeSystem/measure-population",
              "code": "initial-population",
              "display": "Initial Population"
            } ]
          },
          "count": 1
        }, {
          "id": "Denominator_1",
          "code": {
            "coding": [ {
              "system": "http://terminology.hl7.org/CodeSystem/measure-population",
              "code": "denominator",
              "display": "Denominator"
            } ]
          },
          "count": 1
        }, {
          "id": "Numerator_1",
          "code": {
            "coding": [ {
              "system": "http://terminology.hl7.org/CodeSystem/measure-population",
              "code": "numerator",
              "display": "Numerator"
            } ]
          },
          "count": 0
        }, {
          "id": "DenominatorException_1",
          "code": {
            "coding": [ {
              "system": "http://terminology.hl7.org/CodeSystem/measure-population",
              "code": "denominator-exception",
              "display": "Denominator Exception"
            } ]
          },
          "count": 0
        } ],
        "measureScore": {
          "value": 1.0
        }
      } ],
      "evaluatedResource": [ {
        "reference": "Patient/326c4d57-1c4e-498e-8975-ceb9913c28f8"
      }, {
        "reference": "Encounter/110c3ff4-6e2b-4c38-bfed-63c0ea2b8368"
      }, {
        "reference": "Condition/1c2e796f-2808-4771-8cf8-a3eb4cb2f5e5"
      }, {
        "reference": "Observation/8ec8943c-d7d4-49d6-8e42-04fba32e2f7f"
      }, {
        "reference": "Practitioner/f113cfb6-9e98-414c-9626-ed0a8a9ed8b4"
      }, {
        "reference": "MedicationRequest/630d3748-f803-46c3-867c-1e9e7cd77da1"
      }, {
        "reference": "ServiceRequest/b4e9eda8-e1aa-4f90-a94e-f1381759062a"
      } ]
    },
    "request": {
      "method": "PUT",
      "url": "MeasureReport/d4ae4fdb-1943-4d28-b8b4-b0e36549ed02"
    }
  } ]
}