{
  "resourceType": "Bundle",
  "id": "60abda28bf0a01003e3f76bd",
  "type": "transaction",
  "entry": [ {
    "fullUrl": "https://madie.cms.gov/Patient/1dc53422-497d-492a-8aa4-8a165264a14d",
    "resource": {
      "resourceType": "Patient",
      "id": "1dc53422-497d-492a-8aa4-8a165264a14d",
      "meta": {
        "profile": [ "http://hl7.org/fhir/us/qicore/StructureDefinition/qicore-patient" ]
      },
      "extension": [ {
        "url": "http://hl7.org/fhir/us/core/StructureDefinition/us-core-race",
        "extension": [ {
          "url": "ombCategory",
          "valueCoding": {
            "system": "urn:oid:2.16.840.1.113883.6.238",
            "code": "2054-5",
            "display": "Black or African American"
          }
        }, {
          "url": "text",
          "valueString": "Black or African American"
        } ]
      }, {
        "url": "http://hl7.org/fhir/us/core/StructureDefinition/us-core-ethnicity",
        "extension": [ {
          "url": "ombCategory",
          "valueCoding": {
            "system": "urn:oid:2.16.840.1.113883.6.238",
            "code": "2186-5",
            "display": "Not Hispanic or Latino"
          }
        }, {
          "url": "text",
          "valueString": "Not Hispanic or Latino"
        } ]
      } ],
      "identifier": [ {
        "type": {
          "coding": [ {
            "system": "http://terminology.hl7.org/CodeSystem/v2-0203",
            "code": "MR"
          } ]
        },
        "system": "https://bonnie-fhir.healthit.gov/",
        "value": "463131313187656"
      } ],
      "name": [ {
        "family": "NUMERPass",
        "given": [ "DEXA3MonthsorLessAfterADT" ]
      } ],
      "gender": "male",
      "birthDate": "1930-06-15"
    },
    "request": {
      "method": "PUT",
      "url": "Patient/1dc53422-497d-492a-8aa4-8a165264a14d"
    }
  }, {
    "fullUrl": "https://madie.cms.gov/Encounter/61c8e4f5-f344-4db8-9cc0-381c8c9cb1c7",
    "resource": {
      "resourceType": "Encounter",
      "id": "61c8e4f5-f344-4db8-9cc0-381c8c9cb1c7",
      "meta": {
        "profile": [ "http://hl7.org/fhir/us/qicore/StructureDefinition/qicore-encounter" ]
      },
      "status": "finished",
      "class": {
        "system": "http://terminology.hl7.org/CodeSystem/v3-ActCode",
        "code": "AMB",
        "display": "ambulatory"
      },
      "type": [ {
        "coding": [ {
          "system": "http://snomed.info/sct",
          "version": "http://snomed.info/sct/731000124108/version/20240301",
          "code": "185463005",
          "display": "Visit out of hours (procedure)"
        } ]
      } ],
      "subject": {
        "reference": "Patient/1dc53422-497d-492a-8aa4-8a165264a14d"
      },
      "period": {
        "start": "2026-02-04T08:00:00.000+00:00",
        "end": "2026-02-04T08:15:00.000+00:00"
      }
    },
    "request": {
      "method": "PUT",
      "url": "Encounter/61c8e4f5-f344-4db8-9cc0-381c8c9cb1c7"
    }
  }, {
    "fullUrl": "https://madie.cms.gov/Condition/ed24b754-0374-45cf-98ad-8431f2f897c2",
    "resource": {
      "resourceType": "Condition",
      "id": "ed24b754-0374-45cf-98ad-8431f2f897c2",
      "meta": {
        "profile": [ "http://hl7.org/fhir/us/qicore/StructureDefinition/qicore-condition-problems-health-concerns" ]
      },
      "clinicalStatus": {
        "coding": [ {
          "system": "http://terminology.hl7.org/CodeSystem/condition-clinical",
          "code": "active",
          "display": "Active",
          "userSelected": true
        } ]
      },
      "verificationStatus": {
        "coding": [ {
          "system": "http://terminology.hl7.org/CodeSystem/condition-ver-status",
          "code": "confirmed"
        } ]
      },
      "category": [ {
        "coding": [ {
          "system": "http://terminology.hl7.org/CodeSystem/condition-category",
          "code": "problem-list-item",
          "display": "Problem List Item"
        } ]
      } ],
      "code": {
        "coding": [ {
          "system": "http://snomed.info/sct",
          "version": "http://snomed.info/sct/731000124108/version/20240301",
          "code": "254900004",
          "display": "Carcinoma of prostate (disorder)"
        } ]
      },
      "subject": {
        "reference": "Patient/1dc53422-497d-492a-8aa4-8a165264a14d"
      },
      "onsetDateTime": "2026-02-04T08:00:00.000+00:00"
    },
    "request": {
      "method": "PUT",
      "url": "Condition/ed24b754-0374-45cf-98ad-8431f2f897c2"
    }
  }, {
    "fullUrl": "https://madie.cms.gov/Observation/1ab478c3-17a1-479b-a44b-d414d536f510",
    "resource": {
      "resourceType": "Observation",
      "id": "1ab478c3-17a1-479b-a44b-d414d536f510",
      "meta": {
        "profile": [ "http://hl7.org/fhir/us/qicore/StructureDefinition/qicore-observation-lab" ]
      },
      "status": "final",
      "category": [ {
        "coding": [ {
          "system": "http://terminology.hl7.org/CodeSystem/observation-category",
          "code": "imaging",
          "display": "Imaging"
        } ]
      } ],
      "code": {
        "coding": [ {
          "system": "http://loinc.org",
          "version": "2.76",
          "code": "38265-5",
          "display": "DXA Radius and Ulna [T-score] Bone density"
        } ]
      },
      "subject": {
        "reference": "Patient/1dc53422-497d-492a-8aa4-8a165264a14d"
      },
      "effectivePeriod": {
        "start": "2026-04-04T10:00:00.000+00:00"
      }
    },
    "request": {
      "method": "PUT",
      "url": "Observation/1ab478c3-17a1-479b-a44b-d414d536f510"
    }
  }, {
    "fullUrl": "https://madie.cms.gov/Practitioner/56aec0a7-e224-417b-9c4a-45e61607481d",
    "resource": {
      "resourceType": "Practitioner",
      "id": "56aec0a7-e224-417b-9c4a-45e61607481d",
      "meta": {
        "profile": [ "http://hl7.org/fhir/us/qicore/StructureDefinition/qicore-practitioner" ]
      },
      "identifier": [ {
        "use": "temp",
        "system": "urn:oid:2.16.840.1.113883.4.336",
        "value": "Practitioner-23"
      } ],
      "active": true,
      "name": [ {
        "family": "Careful",
        "given": [ "Adam" ],
        "prefix": [ "Dr" ]
      } ],
      "address": [ {
        "use": "home",
        "line": [ "534 Erewhon St" ],
        "city": "PleasantVille",
        "state": "UT",
        "postalCode": "84414"
      } ],
      "qualification": [ {
        "identifier": [ {
          "system": "http://example.org/UniversityIdentifier",
          "value": "12345"
        } ],
        "code": {
          "coding": [ {
            "system": "http://terminology.hl7.org/CodeSystem/v2-0360|2.7",
            "code": "BS",
            "display": "Bachelor of Science"
          } ],
          "text": "Bachelor of Science"
        },
        "period": {
          "start": "1996"
        },
        "issuer": {
          "display": "Example University"
        }
      } ]
    },
    "request": {
      "method": "PUT",
      "url": "Practitioner/56aec0a7-e224-417b-9c4a-45e61607481d"
    }
  }, {
    "fullUrl": "https://madie.cms.gov/MedicationRequest/5dd8215b-aeb3-46ac-aeb6-4cd457dbc438",
    "resource": {
      "resourceType": "MedicationRequest",
      "id": "5dd8215b-aeb3-46ac-aeb6-4cd457dbc438",
      "meta": {
        "profile": [ "http://hl7.org/fhir/us/qicore/StructureDefinition/qicore-medicationrequest" ]
      },
      "status": "active",
      "intent": "order",
      "medicationCodeableConcept": {
        "coding": [ {
          "system": "http://www.nlm.nih.gov/research/umls/rxnorm",
          "version": "04012024",
          "code": "1115257",
          "display": "1.5 ML leuprolide acetate 30 MG/ML Prefilled Syringe"
        } ]
      },
      "subject": {
        "reference": "Patient/1dc53422-497d-492a-8aa4-8a165264a14d"
      },
      "authoredOn": "2026-02-04T08:00:00.000+00:00",
      "requester": {
        "reference": "http://myGoodHealthcare.com/fhir/Practitioner/56aec0a7-e224-417b-9c4a-45e61607481d"
      },
      "dosageInstruction": [ {
        "timing": {
          "repeat": {
            "boundsPeriod": {
              "start": "2026-02-04T08:00:00.000+00:00",
              "end": "2026-03-04T08:00:00.000+00:00"
            }
          }
        }
      } ]
    },
    "request": {
      "method": "PUT",
      "url": "MedicationRequest/5dd8215b-aeb3-46ac-aeb6-4cd457dbc438"
    }
  }, {
    "fullUrl": "https://madie.cms.gov/ServiceRequest/c648f49a-af02-444f-898e-26511a989ab1",
    "resource": {
      "resourceType": "ServiceRequest",
      "id": "c648f49a-af02-444f-898e-26511a989ab1",
      "meta": {
        "profile": [ "http://hl7.org/fhir/us/qicore/StructureDefinition/qicore-servicerequest" ]
      },
      "status": "active",
      "intent": "order",
      "code": {
        "coding": [ {
          "system": "http://snomed.info/sct",
          "version": "http://snomed.info/sct/731000124108/version/20240301",
          "code": "456381000124102",
          "display": "Injection of leuprolide acetate for twelve month period (regime/therapy)"
        } ]
      },
      "subject": {
        "reference": "Patient/1dc53422-497d-492a-8aa4-8a165264a14d"
      },
      "authoredOn": "2026-02-04T08:00:00.000+00:00"
    },
    "request": {
      "method": "PUT",
      "url": "ServiceRequest/c648f49a-af02-444f-898e-26511a989ab1"
    }
  }, {
    "fullUrl": "https://madie.cms.gov/MeasureReport/f5bbdc98-0c7c-4dab-ad06-944b805c8351",
    "resource": {
      "resourceType": "MeasureReport",
      "id": "f5bbdc98-0c7c-4dab-ad06-944b805c8351",
      "meta": {
        "profile": [ "http://hl7.org/fhir/us/cqfmeasures/StructureDefinition/test-case-cqfm" ]
      },
      "contained": [ {
        "resourceType": "Parameters",
        "id": "cfd327ad-beb6-41d0-8217-a5956d6da72c-parameters",
        "parameter": [ {
          "name": "subject",
          "valueString": "1dc53422-497d-492a-8aa4-8a165264a14d"
        } ]
      } ],
      "extension": [ {
        "url": "http://hl7.org/fhir/StructureDefinition/cqf-inputParameters",
        "valueReference": {
          "reference": "#cfd327ad-beb6-41d0-8217-a5956d6da72c-parameters"
        }
      }, {
        "url": "http://hl7.org/fhir/us/cqfmeasures/StructureDefinition/cqfm-testCaseDescription",
        "valueMarkdown": "Encounter Office Visit in MP.  Dx Prostate Cancer in MP. Procedure \nOrder. Medication Active: Androgen Deprivation Therapy For Urology Care. Dexa 3 months after ADT.  Passes NUMER as expected."
      } ],
      "modifierExtension": [ {
        "url": "http://hl7.org/fhir/us/cqfmeasures/StructureDefinition/cqfm-isTestCase",
        "valueBoolean": true
      } ],
      "status": "complete",
      "type": "individual",
      "measure": "https://madie.cms.gov/Measure/CMS645FHIRBoneDensityProstateCancerAndrogenDeprivationTherapy",
      "period": {
        "start": "2026-01-01",
        "end": "2026-12-31"
      },
      "group": [ {
        "id": "Group_1",
        "population": [ {
          "id": "InitialPopulation_1",
          "code": {
            "coding": [ {
              "system": "http://terminology.hl7.org/CodeSystem/measure-population",
              "code": "initial-population",
              "display": "Initial Population"
            } ]
          },
          "count": 1
        }, {
          "id": "Denominator_1",
          "code": {
            "coding": [ {
              "system": "http://terminology.hl7.org/CodeSystem/measure-population",
              "code": "denominator",
              "display": "Denominator"
            } ]
          },
          "count": 1
        }, {
          "id": "Numerator_1",
          "code": {
            "coding": [ {
              "system": "http://terminology.hl7.org/CodeSystem/measure-population",
              "code": "numerator",
              "display": "Numerator"
            } ]
          },
          "count": 1
        }, {
          "id": "DenominatorException_1",
          "code": {
            "coding": [ {
              "system": "http://terminology.hl7.org/CodeSystem/measure-population",
              "code": "denominator-exception",
              "display": "Denominator Exception"
            } ]
          },
          "count": 0
        } ],
        "measureScore": {
          "value": 1.0
        }
      } ],
      "evaluatedResource": [ {
        "reference": "Patient/1dc53422-497d-492a-8aa4-8a165264a14d"
      }, {
        "reference": "Encounter/61c8e4f5-f344-4db8-9cc0-381c8c9cb1c7"
      }, {
        "reference": "Condition/ed24b754-0374-45cf-98ad-8431f2f897c2"
      }, {
        "reference": "Observation/1ab478c3-17a1-479b-a44b-d414d536f510"
      }, {
        "reference": "Practitioner/56aec0a7-e224-417b-9c4a-45e61607481d"
      }, {
        "reference": "MedicationRequest/5dd8215b-aeb3-46ac-aeb6-4cd457dbc438"
      }, {
        "reference": "ServiceRequest/c648f49a-af02-444f-898e-26511a989ab1"
      } ]
    },
    "request": {
      "method": "PUT",
      "url": "MeasureReport/f5bbdc98-0c7c-4dab-ad06-944b805c8351"
    }
  } ]
}