{
  "resourceType": "Bundle",
  "id": "62bb3859e8081f5ef5e199f5",
  "type": "transaction",
  "entry": [ {
    "fullUrl": "https://madie.cms.gov/Patient/4d648e0d-3d8c-4089-af65-ddcf3642b735",
    "resource": {
      "resourceType": "Patient",
      "id": "4d648e0d-3d8c-4089-af65-ddcf3642b735",
      "meta": {
        "profile": [ "http://hl7.org/fhir/us/qicore/StructureDefinition/qicore-patient" ]
      },
      "extension": [ {
        "url": "http://hl7.org/fhir/us/core/StructureDefinition/us-core-race",
        "extension": [ {
          "url": "ombCategory",
          "valueCoding": {
            "system": "urn:oid:2.16.840.1.113883.6.238",
            "code": "1002-5",
            "display": "American Indian or Alaska Native",
            "userSelected": true
          }
        }, {
          "url": "text",
          "valueString": "American Indian or Alaska Native"
        } ]
      }, {
        "url": "http://hl7.org/fhir/us/core/StructureDefinition/us-core-ethnicity",
        "extension": [ {
          "url": "ombCategory",
          "valueCoding": {
            "system": "urn:oid:2.16.840.1.113883.6.238",
            "code": "2135-2",
            "display": "Hispanic or Latino",
            "userSelected": true
          }
        }, {
          "url": "text",
          "valueString": "Hispanic or Latino"
        } ]
      } ],
      "identifier": [ {
        "type": {
          "coding": [ {
            "system": "http://terminology.hl7.org/CodeSystem/v2-0203",
            "code": "MR"
          } ]
        },
        "system": "https://bonnie-fhir.healthit.gov/",
        "value": "62bb3859e8081f5ef5e199f5"
      } ],
      "name": [ {
        "family": "IPPFail",
        "given": [ "EncounterInMPNotDone" ]
      } ],
      "gender": "male",
      "birthDate": "1961-07-19"
    },
    "request": {
      "method": "PUT",
      "url": "Patient/4d648e0d-3d8c-4089-af65-ddcf3642b735"
    }
  }, {
    "fullUrl": "https://madie.cms.gov/Encounter/9f4b5f84-010f-4f68-8f98-7919bddba488",
    "resource": {
      "resourceType": "Encounter",
      "id": "9f4b5f84-010f-4f68-8f98-7919bddba488",
      "meta": {
        "profile": [ "http://hl7.org/fhir/us/qicore/StructureDefinition/qicore-encounter" ]
      },
      "status": "finished",
      "class": {
        "system": "http://terminology.hl7.org/CodeSystem/v3-ActCode",
        "code": "AMB",
        "display": "ambulatory"
      },
      "type": [ {
        "coding": [ {
          "system": "http://snomed.info/sct",
          "version": "http://snomed.info/sct/731000124108/version/20240401",
          "code": "185463005",
          "display": "Visit out of hours (procedure)",
          "userSelected": true
        } ]
      } ],
      "subject": {
        "reference": "Patient/4d648e0d-3d8c-4089-af65-ddcf3642b735"
      },
      "period": {
        "start": "2025-11-29T08:00:00.000+00:00",
        "end": "2025-11-29T08:15:00.000+00:00"
      }
    },
    "request": {
      "method": "PUT",
      "url": "Encounter/9f4b5f84-010f-4f68-8f98-7919bddba488"
    }
  }, {
    "fullUrl": "https://madie.cms.gov/Condition/55692036-1e00-4a9c-96f2-ad5803453e3a",
    "resource": {
      "resourceType": "Condition",
      "id": "55692036-1e00-4a9c-96f2-ad5803453e3a",
      "meta": {
        "profile": [ "http://hl7.org/fhir/us/qicore/StructureDefinition/qicore-condition-problems-health-concerns" ]
      },
      "clinicalStatus": {
        "coding": [ {
          "system": "http://terminology.hl7.org/CodeSystem/condition-clinical",
          "code": "active",
          "display": "Active",
          "userSelected": true
        } ]
      },
      "verificationStatus": {
        "coding": [ {
          "system": "http://terminology.hl7.org/CodeSystem/condition-ver-status",
          "code": "confirmed",
          "display": "Confirmed",
          "userSelected": true
        } ]
      },
      "category": [ {
        "coding": [ {
          "system": "http://terminology.hl7.org/CodeSystem/condition-category",
          "code": "problem-list-item",
          "display": "Problem List Item"
        } ]
      } ],
      "code": {
        "coding": [ {
          "system": "http://snomed.info/sct",
          "version": "http://snomed.info/sct/731000124108/version/20240401",
          "code": "254900004",
          "display": "Carcinoma of prostate (disorder)",
          "userSelected": true
        } ]
      },
      "subject": {
        "reference": "Patient/4d648e0d-3d8c-4089-af65-ddcf3642b735"
      },
      "onsetPeriod": {
        "start": "2024-11-25T08:00:00.000+00:00"
      }
    },
    "request": {
      "method": "PUT",
      "url": "Condition/55692036-1e00-4a9c-96f2-ad5803453e3a"
    }
  }, {
    "fullUrl": "https://madie.cms.gov/Observation/efbe5992-c15e-46a2-8c17-7465b27e59cb",
    "resource": {
      "resourceType": "Observation",
      "id": "efbe5992-c15e-46a2-8c17-7465b27e59cb",
      "meta": {
        "profile": [ "http://hl7.org/fhir/us/qicore/StructureDefinition/qicore-observation-lab" ]
      },
      "status": "final",
      "category": [ {
        "coding": [ {
          "system": "http://terminology.hl7.org/CodeSystem/observation-category",
          "code": "imaging",
          "display": "Imaging"
        } ]
      } ],
      "code": {
        "coding": [ {
          "system": "http://loinc.org",
          "version": "2.76",
          "code": "38265-5",
          "display": "DXA Radius and Ulna [T-score] Bone density"
        } ]
      },
      "subject": {
        "reference": "http://GoodHealthcare.com/fhir/Patient/46464646"
      },
      "effectivePeriod": {
        "start": "2024-11-25T10:00:00.000+00:00"
      }
    },
    "request": {
      "method": "PUT",
      "url": "Observation/efbe5992-c15e-46a2-8c17-7465b27e59cb"
    }
  }, {
    "fullUrl": "https://madie.cms.gov/MedicationRequest/3c044f08-3add-4859-a924-8ec68174c52f",
    "resource": {
      "resourceType": "MedicationRequest",
      "id": "3c044f08-3add-4859-a924-8ec68174c52f",
      "meta": {
        "profile": [ "http://hl7.org/fhir/us/qicore/StructureDefinition/qicore-medicationrequest" ]
      },
      "status": "active",
      "intent": "order",
      "medicationCodeableConcept": {
        "coding": [ {
          "system": "http://www.nlm.nih.gov/research/umls/rxnorm",
          "version": "2025-01",
          "code": "752886",
          "display": "0.375 ML leuprolide acetate 120 MG/ML Prefilled Syringe",
          "userSelected": true
        } ]
      },
      "subject": {
        "reference": "Patient/4d648e0d-3d8c-4089-af65-ddcf3642b735"
      },
      "authoredOn": "2024-11-25T08:00:00.000+00:00",
      "requester": {
        "reference": "http://myGoodHealthcare.com/fhir/Practitioner/646346"
      },
      "dosageInstruction": [ {
        "timing": {
          "repeat": {
            "boundsPeriod": {
              "start": "2024-11-25T08:00:00.000+00:00"
            }
          }
        }
      } ]
    },
    "request": {
      "method": "PUT",
      "url": "MedicationRequest/3c044f08-3add-4859-a924-8ec68174c52f"
    }
  }, {
    "fullUrl": "https://madie.cms.gov/ServiceRequest/43a587b6-f0d9-4676-8a7a-f3a6bcf2fe1f",
    "resource": {
      "resourceType": "ServiceRequest",
      "id": "43a587b6-f0d9-4676-8a7a-f3a6bcf2fe1f",
      "meta": {
        "profile": [ "http://hl7.org/fhir/us/qicore/StructureDefinition/qicore-servicerequest" ]
      },
      "status": "active",
      "intent": "order",
      "code": {
        "coding": [ {
          "system": "http://snomed.info/sct",
          "code": "456381000124102",
          "display": "Injection of leuprolide acetate for twelve month period (regime/therapy)",
          "userSelected": true
        } ]
      },
      "subject": {
        "reference": "Patient/4d648e0d-3d8c-4089-af65-ddcf3642b735"
      },
      "authoredOn": "2026-11-25T08:00:00.000+00:00"
    },
    "request": {
      "method": "PUT",
      "url": "ServiceRequest/43a587b6-f0d9-4676-8a7a-f3a6bcf2fe1f"
    }
  }, {
    "fullUrl": "https://madie.cms.gov/MeasureReport/c4d9cb25-e8f7-4926-8b0a-82d3f38e25c6",
    "resource": {
      "resourceType": "MeasureReport",
      "id": "c4d9cb25-e8f7-4926-8b0a-82d3f38e25c6",
      "meta": {
        "profile": [ "http://hl7.org/fhir/us/cqfmeasures/StructureDefinition/test-case-cqfm" ]
      },
      "contained": [ {
        "resourceType": "Parameters",
        "id": "c8de0595-583c-46e6-8955-2b992e866e05-parameters",
        "parameter": [ {
          "name": "subject",
          "valueString": "4d648e0d-3d8c-4089-af65-ddcf3642b735"
        } ]
      } ],
      "extension": [ {
        "url": "http://hl7.org/fhir/us/cqfmeasures/StructureDefinition/cqfm-inputParameters",
        "valueReference": {
          "reference": "#c8de0595-583c-46e6-8955-2b992e866e05-parameters"
        }
      }, {
        "url": "http://hl7.org/fhir/us/cqfmeasures/StructureDefinition/cqfm-testCaseDescription",
        "valueMarkdown": "Dx of Prostate Cancer, ADT is not null, but qualifying encounter(s) was not done  in MP. Fails IPP Criteria"
      } ],
      "modifierExtension": [ {
        "url": "http://hl7.org/fhir/us/cqfmeasures/StructureDefinition/cqfm-isTestCase",
        "valueBoolean": true
      } ],
      "status": "complete",
      "type": "individual",
      "measure": "https://madie.cms.gov/Measure/BoneDensityProstateCancerAndrogenDeprivationTherapyFHIR6",
      "period": {
        "start": "2025-01-01",
        "end": "2025-12-31"
      },
      "group": [ {
        "id": "67b61060a0d801640767a597",
        "population": [ {
          "id": "E8F25116-1779-4BA6-B606-34F12AE4F5BA",
          "code": {
            "coding": [ {
              "system": "http://terminology.hl7.org/CodeSystem/measure-population",
              "code": "initial-population",
              "display": "Initial Population"
            } ]
          },
          "count": 0
        }, {
          "id": "1C145A56-9250-4444-A497-86C44F55CFDB",
          "code": {
            "coding": [ {
              "system": "http://terminology.hl7.org/CodeSystem/measure-population",
              "code": "denominator",
              "display": "Denominator"
            } ]
          },
          "count": 0
        }, {
          "id": "B1E0E3D2-D44E-4BFF-92F8-077CF1AE234F",
          "code": {
            "coding": [ {
              "system": "http://terminology.hl7.org/CodeSystem/measure-population",
              "code": "numerator",
              "display": "Numerator"
            } ]
          },
          "count": 0
        }, {
          "id": "A9552F46-139C-4270-835C-224132205362",
          "code": {
            "coding": [ {
              "system": "http://terminology.hl7.org/CodeSystem/measure-population",
              "code": "denominator-exception",
              "display": "Denominator Exception"
            } ]
          },
          "count": 0
        } ],
        "measureScore": {
          "value": 1.0
        }
      } ],
      "evaluatedResource": [ {
        "reference": "Patient/4d648e0d-3d8c-4089-af65-ddcf3642b735"
      }, {
        "reference": "Encounter/9f4b5f84-010f-4f68-8f98-7919bddba488"
      }, {
        "reference": "Condition/55692036-1e00-4a9c-96f2-ad5803453e3a"
      }, {
        "reference": "Observation/efbe5992-c15e-46a2-8c17-7465b27e59cb"
      }, {
        "reference": "MedicationRequest/3c044f08-3add-4859-a924-8ec68174c52f"
      }, {
        "reference": "ServiceRequest/43a587b6-f0d9-4676-8a7a-f3a6bcf2fe1f"
      } ]
    },
    "request": {
      "method": "PUT",
      "url": "MeasureReport/c4d9cb25-e8f7-4926-8b0a-82d3f38e25c6"
    }
  } ]
}