{
  "resourceType": "Bundle",
  "id": "612e6b3f02c62a011f2ed070",
  "type": "transaction",
  "entry": [ {
    "fullUrl": "https://madie.cms.gov/Patient/7b0e1058-f55c-422b-b7e2-135e29a2dfa6",
    "resource": {
      "resourceType": "Patient",
      "id": "7b0e1058-f55c-422b-b7e2-135e29a2dfa6",
      "meta": {
        "profile": [ "http://hl7.org/fhir/us/qicore/StructureDefinition/qicore-patient" ]
      },
      "text": {
        "status": "generated",
        "div": "<div xmlns=\"http://www.w3.org/1999/xhtml\"><div class=\"hapiHeaderText\">ICU3DaysAfterAdmit <b>DENEXFAIL </b></div><table class=\"hapiPropertyTable\"><tbody><tr><td>Identifier</td><td>e27e5563554c3f0106e7e2711362df0d</td></tr><tr><td>Date of birth</td><td><span>02 January 1974</span></td></tr></tbody></table></div>"
      },
      "extension": [ {
        "url": "http://hl7.org/fhir/us/core/StructureDefinition/us-core-race",
        "extension": [ {
          "url": "ombCategory",
          "valueCoding": {
            "system": "urn:oid:2.16.840.1.113883.6.238",
            "code": "1002-5",
            "display": "American Indian or Alaska Native",
            "userSelected": true
          }
        }, {
          "url": "text",
          "valueString": "American Indian or Alaska Native"
        } ]
      }, {
        "url": "http://hl7.org/fhir/us/core/StructureDefinition/us-core-ethnicity",
        "extension": [ {
          "url": "ombCategory",
          "valueCoding": {
            "system": "urn:oid:2.16.840.1.113883.6.238",
            "code": "2135-2",
            "display": "Hispanic or Latino",
            "userSelected": true
          }
        }, {
          "url": "text",
          "valueString": "Hispanic or Latino"
        } ]
      } ],
      "identifier": [ {
        "type": {
          "coding": [ {
            "system": "http://terminology.hl7.org/CodeSystem/v2-0203",
            "code": "MR"
          } ]
        },
        "system": "https://bonnie-fhir.healthit.gov/",
        "value": "612e6b3f02c62a011f2ed070"
      } ],
      "active": true,
      "name": [ {
        "use": "usual",
        "family": "DENEXFail",
        "given": [ "ICU3DaysAfterAdmit" ]
      } ],
      "gender": "male",
      "birthDate": "1974-01-02"
    },
    "request": {
      "method": "PUT",
      "url": "Patient/7b0e1058-f55c-422b-b7e2-135e29a2dfa6"
    }
  }, {
    "fullUrl": "https://madie.cms.gov/Encounter/87f1cc3d-e2f0-4f32-917d-3d05c57cf167",
    "resource": {
      "resourceType": "Encounter",
      "id": "87f1cc3d-e2f0-4f32-917d-3d05c57cf167",
      "meta": {
        "profile": [ "http://hl7.org/fhir/us/qicore/StructureDefinition/qicore-encounter" ]
      },
      "status": "finished",
      "class": {
        "system": "http://terminology.hl7.org/CodeSystem/v3-ActCode",
        "code": "IMP",
        "display": "inpatient encounter"
      },
      "type": [ {
        "coding": [ {
          "system": "http://snomed.info/sct",
          "code": "8715000"
        } ]
      } ],
      "subject": {
        "reference": "Patient/7b0e1058-f55c-422b-b7e2-135e29a2dfa6"
      },
      "period": {
        "start": "2025-11-01T08:00:00+00:00",
        "end": "2025-11-26T08:15:00+00:00"
      },
      "length": {
        "value": 25.0,
        "unit": "days"
      },
      "location": [ {
        "location": {
          "reference": "Location/4e35ab26-8899-41e0-9c6e-848ee9e84687"
        },
        "period": {
          "start": "2025-11-03T11:00:00.000+00:00",
          "end": "2025-11-05T00:15:00.000+00:00"
        }
      } ]
    },
    "request": {
      "method": "PUT",
      "url": "Encounter/87f1cc3d-e2f0-4f32-917d-3d05c57cf167"
    }
  }, {
    "fullUrl": "https://madie.cms.gov/Coverage/ab643886-4000-4830-a186-060395bea3ed",
    "resource": {
      "resourceType": "Coverage",
      "id": "ab643886-4000-4830-a186-060395bea3ed",
      "status": "active",
      "beneficiary": {
        "reference": "Patient/7b0e1058-f55c-422b-b7e2-135e29a2dfa6"
      },
      "period": {
        "start": "1974-01-02T08:00:00+00:00"
      },
      "payor": [ {
        "reference": "Organization/cfff677c-ba58-4769-af28-de31b0dcbbbd"
      } ]
    },
    "request": {
      "method": "PUT",
      "url": "Coverage/ab643886-4000-4830-a186-060395bea3ed"
    }
  }, {
    "fullUrl": "https://madie.cms.gov/Location/4e35ab26-8899-41e0-9c6e-848ee9e84687",
    "resource": {
      "resourceType": "Location",
      "id": "4e35ab26-8899-41e0-9c6e-848ee9e84687",
      "meta": {
        "profile": [ "http://hl7.org/fhir/us/qicore/StructureDefinition/qicore-location" ]
      },
      "identifier": [ {
        "use": "usual",
        "system": "http://exampleoflocation.com",
        "value": "B1-S.F2"
      } ],
      "name": "Medical Surgical East, first floor",
      "type": [ {
        "coding": [ {
          "system": "http://cts.nlm.nih.gov/fhir/cs/hsloc",
          "version": "2020",
          "code": "1025-6",
          "display": "Trauma Critical Care",
          "userSelected": true
        } ]
      } ]
    },
    "request": {
      "method": "PUT",
      "url": "Location/4e35ab26-8899-41e0-9c6e-848ee9e84687"
    }
  }, {
    "fullUrl": "https://madie.cms.gov/Organization/cfff677c-ba58-4769-af28-de31b0dcbbbd",
    "resource": {
      "resourceType": "Organization",
      "id": "cfff677c-ba58-4769-af28-de31b0dcbbbd",
      "meta": {
        "profile": [ "http://hl7.org/fhir/us/qicore/StructureDefinition/qicore-organization" ]
      },
      "identifier": [ {
        "use": "temp",
        "system": "urn:oid:2.16.840.1.113883.4.4",
        "value": "21-3259825"
      } ],
      "active": true,
      "type": [ {
        "coding": [ {
          "system": "http://terminology.hl7.org/CodeSystem/organization-type",
          "code": "pay",
          "display": "Payer"
        } ]
      } ],
      "name": "Blue Cross Blue Shield of Texas",
      "telecom": [ {
        "system": "phone",
        "value": "(+1) 972-766-6900"
      } ],
      "address": [ {
        "use": "billing",
        "type": "postal",
        "line": [ "P.O. Box 660044" ],
        "city": "Dallas",
        "state": "TX",
        "postalCode": "75266-0044",
        "country": "USA"
      } ]
    },
    "request": {
      "method": "PUT",
      "url": "Organization/cfff677c-ba58-4769-af28-de31b0dcbbbd"
    }
  }, {
    "fullUrl": "https://madie.cms.gov/Practitioner/032fd06d-0981-4bc7-b6f0-55c410a2b2e3",
    "resource": {
      "resourceType": "Practitioner",
      "id": "032fd06d-0981-4bc7-b6f0-55c410a2b2e3",
      "identifier": [ {
        "system": "http://hl7.org/fhir/sid/us-npi",
        "value": "123456"
      } ],
      "name": [ {
        "family": "Evil",
        "prefix": [ "Dr" ]
      } ]
    },
    "request": {
      "method": "PUT",
      "url": "Practitioner/032fd06d-0981-4bc7-b6f0-55c410a2b2e3"
    }
  }, {
    "fullUrl": "https://madie.cms.gov/MeasureReport/70059e00-5767-44f4-8d91-27112b4a5a55",
    "resource": {
      "resourceType": "MeasureReport",
      "id": "70059e00-5767-44f4-8d91-27112b4a5a55",
      "meta": {
        "profile": [ "http://hl7.org/fhir/us/cqfmeasures/StructureDefinition/test-case-cqfm" ]
      },
      "contained": [ {
        "resourceType": "Parameters",
        "id": "7010bdbd-70ce-4a37-b17f-2f9df552d789-parameters",
        "parameter": [ {
          "name": "subject",
          "valueString": "7b0e1058-f55c-422b-b7e2-135e29a2dfa6"
        } ]
      } ],
      "extension": [ {
        "url": "http://hl7.org/fhir/us/cqfmeasures/StructureDefinition/cqfm-inputParameters",
        "valueReference": {
          "reference": "#7010bdbd-70ce-4a37-b17f-2f9df552d789-parameters"
        }
      }, {
        "url": "http://hl7.org/fhir/us/cqfmeasures/StructureDefinition/cqfm-testCaseDescription",
        "valueMarkdown": "ICU admission > 1 day after start of IP encounter\n"
      } ],
      "modifierExtension": [ {
        "url": "http://hl7.org/fhir/us/cqfmeasures/StructureDefinition/cqfm-isTestCase",
        "valueBoolean": true
      } ],
      "status": "complete",
      "type": "individual",
      "measure": "https://madie.cms.gov/Measure/VenousThromboembolismProphylaxisFHIR",
      "period": {
        "start": "2025-01-01",
        "end": "2025-12-31"
      },
      "group": [ {
        "population": [ {
          "code": {
            "coding": [ {
              "system": "http://terminology.hl7.org/CodeSystem/measure-population",
              "code": "initial-population",
              "display": "Initial Population"
            } ]
          },
          "count": 1
        }, {
          "code": {
            "coding": [ {
              "system": "http://terminology.hl7.org/CodeSystem/measure-population",
              "code": "denominator",
              "display": "Denominator"
            } ]
          },
          "count": 1
        }, {
          "code": {
            "coding": [ {
              "system": "http://terminology.hl7.org/CodeSystem/measure-population",
              "code": "denominator-exclusion",
              "display": "Denominator Exclusion"
            } ]
          },
          "count": 0
        }, {
          "code": {
            "coding": [ {
              "system": "http://terminology.hl7.org/CodeSystem/measure-population",
              "code": "numerator",
              "display": "Numerator"
            } ]
          },
          "count": 0
        } ]
      } ],
      "evaluatedResource": [ {
        "reference": "Patient/7b0e1058-f55c-422b-b7e2-135e29a2dfa6"
      }, {
        "reference": "Encounter/87f1cc3d-e2f0-4f32-917d-3d05c57cf167"
      }, {
        "reference": "Coverage/ab643886-4000-4830-a186-060395bea3ed"
      }, {
        "reference": "Location/4e35ab26-8899-41e0-9c6e-848ee9e84687"
      }, {
        "reference": "Organization/cfff677c-ba58-4769-af28-de31b0dcbbbd"
      }, {
        "reference": "Practitioner/032fd06d-0981-4bc7-b6f0-55c410a2b2e3"
      } ]
    },
    "request": {
      "method": "PUT",
      "url": "MeasureReport/70059e00-5767-44f4-8d91-27112b4a5a55"
    }
  } ]
}