{
  "resourceType": "Bundle",
  "id": "62bc59a13e113102f8cedc61",
  "type": "transaction",
  "entry": [ {
    "fullUrl": "https://madie.cms.gov/Patient/c5bfac21-0dbf-4cf5-bc92-d7eff1d0a6c6",
    "resource": {
      "resourceType": "Patient",
      "id": "c5bfac21-0dbf-4cf5-bc92-d7eff1d0a6c6",
      "meta": {
        "profile": [ "http://hl7.org/fhir/us/qicore/StructureDefinition/qicore-patient" ]
      },
      "extension": [ {
        "url": "http://hl7.org/fhir/us/core/StructureDefinition/us-core-race",
        "extension": [ {
          "url": "ombCategory",
          "valueCoding": {
            "system": "urn:oid:2.16.840.1.113883.6.238",
            "code": "1002-5",
            "display": "American Indian or Alaska Native",
            "userSelected": true
          }
        }, {
          "url": "text",
          "valueString": "American Indian or Alaska Native"
        } ]
      }, {
        "url": "http://hl7.org/fhir/us/core/StructureDefinition/us-core-ethnicity",
        "extension": [ {
          "url": "ombCategory",
          "valueCoding": {
            "system": "urn:oid:2.16.840.1.113883.6.238",
            "code": "2135-2",
            "display": "Hispanic or Latino",
            "userSelected": true
          }
        }, {
          "url": "text",
          "valueString": "Hispanic or Latino"
        } ]
      } ],
      "identifier": [ {
        "type": {
          "coding": [ {
            "system": "http://terminology.hl7.org/CodeSystem/v2-0203",
            "code": "MR"
          } ]
        },
        "system": "https://bonnie-fhir.healthit.gov/",
        "value": "62bc59a13e113102f8cedc61"
      } ],
      "name": [ {
        "family": "DENEXCEPPass",
        "given": [ "NoDEXAOrderedDueToPatientRefusal" ]
      } ],
      "gender": "male",
      "birthDate": "1961-06-14"
    },
    "request": {
      "method": "PUT",
      "url": "Patient/c5bfac21-0dbf-4cf5-bc92-d7eff1d0a6c6"
    }
  }, {
    "fullUrl": "https://madie.cms.gov/Encounter/b8f233f5-196d-4184-9da3-ea8ab0f13b27",
    "resource": {
      "resourceType": "Encounter",
      "id": "b8f233f5-196d-4184-9da3-ea8ab0f13b27",
      "meta": {
        "profile": [ "http://hl7.org/fhir/us/qicore/StructureDefinition/qicore-encounter" ]
      },
      "status": "finished",
      "class": {
        "system": "http://terminology.hl7.org/CodeSystem/v3-ActCode",
        "code": "AMB",
        "display": "ambulatory"
      },
      "type": [ {
        "coding": [ {
          "system": "http://snomed.info/sct",
          "version": "http://snomed.info/sct/731000124108/version/20240401",
          "code": "185463005",
          "display": "Visit out of hours (procedure)"
        } ]
      } ],
      "subject": {
        "reference": "Patient/c5bfac21-0dbf-4cf5-bc92-d7eff1d0a6c6"
      },
      "period": {
        "start": "2026-06-25T08:00:00.000+00:00",
        "end": "2026-06-25T08:15:00.000+00:00"
      }
    },
    "request": {
      "method": "PUT",
      "url": "Encounter/b8f233f5-196d-4184-9da3-ea8ab0f13b27"
    }
  }, {
    "fullUrl": "https://madie.cms.gov/Condition/58a95883-2aa1-4c4d-800c-94a3ee0aae83",
    "resource": {
      "resourceType": "Condition",
      "id": "58a95883-2aa1-4c4d-800c-94a3ee0aae83",
      "meta": {
        "profile": [ "http://hl7.org/fhir/us/qicore/StructureDefinition/qicore-condition-problems-health-concerns" ]
      },
      "clinicalStatus": {
        "coding": [ {
          "system": "http://terminology.hl7.org/CodeSystem/condition-clinical",
          "code": "active",
          "display": "Active"
        } ]
      },
      "verificationStatus": {
        "coding": [ {
          "system": "http://terminology.hl7.org/CodeSystem/condition-ver-status",
          "code": "confirmed"
        } ]
      },
      "category": [ {
        "coding": [ {
          "system": "http://terminology.hl7.org/CodeSystem/condition-category",
          "code": "problem-list-item",
          "display": "Problem List Item"
        } ]
      } ],
      "code": {
        "coding": [ {
          "system": "http://snomed.info/sct",
          "version": "http://snomed.info/sct/731000124108/version/20240401",
          "code": "254900004",
          "display": "Carcinoma of prostate (disorder)",
          "userSelected": true
        } ]
      },
      "subject": {
        "reference": "Patient/c5bfac21-0dbf-4cf5-bc92-d7eff1d0a6c6"
      },
      "onsetPeriod": {
        "start": "2026-06-25T08:00:00.000+00:00"
      }
    },
    "request": {
      "method": "PUT",
      "url": "Condition/58a95883-2aa1-4c4d-800c-94a3ee0aae83"
    }
  }, {
    "fullUrl": "https://madie.cms.gov/ServiceRequest/036bbdf9-a6d7-4506-86ca-658445903f87",
    "resource": {
      "resourceType": "ServiceRequest",
      "id": "036bbdf9-a6d7-4506-86ca-658445903f87",
      "meta": {
        "profile": [ "http://hl7.org/fhir/us/qicore/StructureDefinition/qicore-servicerequest" ]
      },
      "status": "active",
      "intent": "order",
      "code": {
        "coding": [ {
          "system": "http://snomed.info/sct",
          "code": "456381000124102",
          "display": "Injection of leuprolide acetate for twelve month period (regime/therapy)"
        } ]
      },
      "subject": {
        "reference": "Patient/c5bfac21-0dbf-4cf5-bc92-d7eff1d0a6c6"
      },
      "authoredOn": "2026-06-25T08:00:00.000+00:00"
    },
    "request": {
      "method": "PUT",
      "url": "ServiceRequest/036bbdf9-a6d7-4506-86ca-658445903f87"
    }
  }, {
    "fullUrl": "https://madie.cms.gov/MedicationRequest/5ef9525f-1e4f-4478-b733-41ec20e74c59",
    "resource": {
      "resourceType": "MedicationRequest",
      "id": "5ef9525f-1e4f-4478-b733-41ec20e74c59",
      "meta": {
        "profile": [ "http://hl7.org/fhir/us/qicore/StructureDefinition/qicore-medicationrequest" ]
      },
      "status": "active",
      "intent": "order",
      "medicationCodeableConcept": {
        "coding": [ {
          "system": "http://www.nlm.nih.gov/research/umls/rxnorm",
          "code": "1115257",
          "display": "1.5 ML leuprolide acetate 30 MG/ML Prefilled Syringe",
          "userSelected": true
        } ]
      },
      "subject": {
        "reference": "Patient/c5bfac21-0dbf-4cf5-bc92-d7eff1d0a6c6"
      },
      "authoredOn": "2026-06-25T08:00:00.000+00:00",
      "requester": {
        "reference": "http://myGoodHealthcare.com/fhir/Practitioner/fa479aa6-596b-48cf-863d-d1812b7c75e2"
      },
      "dosageInstruction": [ {
        "timing": {
          "repeat": {
            "boundsPeriod": {
              "start": "2026-06-25T08:00:00.000+00:00",
              "end": "2026-07-25T08:15:00.000+00:00"
            }
          }
        }
      } ]
    },
    "request": {
      "method": "PUT",
      "url": "MedicationRequest/5ef9525f-1e4f-4478-b733-41ec20e74c59"
    }
  }, {
    "fullUrl": "https://madie.cms.gov/Practitioner/fa479aa6-596b-48cf-863d-d1812b7c75e2",
    "resource": {
      "resourceType": "Practitioner",
      "id": "fa479aa6-596b-48cf-863d-d1812b7c75e2",
      "meta": {
        "profile": [ "http://hl7.org/fhir/us/qicore/StructureDefinition/qicore-practitioner" ]
      },
      "identifier": [ {
        "use": "temp",
        "system": "urn:oid:2.16.840.1.113883.4.336",
        "value": "Practitioner-23"
      } ],
      "active": true,
      "name": [ {
        "family": "Careful",
        "given": [ "Adam" ],
        "prefix": [ "Dr" ]
      } ],
      "address": [ {
        "use": "home",
        "line": [ "534 Erewhon St" ],
        "city": "PleasantVille",
        "state": "UT",
        "postalCode": "84414"
      } ],
      "qualification": [ {
        "identifier": [ {
          "system": "http://example.org/UniversityIdentifier",
          "value": "12345"
        } ],
        "code": {
          "coding": [ {
            "system": "http://terminology.hl7.org/CodeSystem/v2-0360|2.7",
            "code": "BS",
            "display": "Bachelor of Science"
          } ],
          "text": "Bachelor of Science"
        },
        "period": {
          "start": "1996"
        },
        "issuer": {
          "display": "Example University"
        }
      } ]
    },
    "request": {
      "method": "PUT",
      "url": "Practitioner/fa479aa6-596b-48cf-863d-d1812b7c75e2"
    }
  }, {
    "fullUrl": "https://madie.cms.gov/ServiceRequest/91f5fbec-047f-45fb-a483-8e29dc12f14e",
    "resource": {
      "resourceType": "ServiceRequest",
      "id": "91f5fbec-047f-45fb-a483-8e29dc12f14e",
      "meta": {
        "profile": [ "http://hl7.org/fhir/us/qicore/StructureDefinition/qicore-servicenotrequested" ]
      },
      "extension": [ {
        "url": "http://hl7.org/fhir/us/qicore/StructureDefinition/qicore-doNotPerformReason",
        "valueCodeableConcept": {
          "coding": [ {
            "system": "http://snomed.info/sct",
            "code": "105480006",
            "display": "Refusal of treatment by patient (situation)"
          } ]
        }
      } ],
      "status": "completed",
      "intent": "order",
      "doNotPerform": true,
      "code": {
        "coding": [ {
          "system": "http://loinc.org",
          "version": "2.71",
          "code": "38265-5",
          "display": "DXA Radius and Ulna [T-score] Bone density",
          "userSelected": true
        } ]
      },
      "subject": {
        "reference": "Patient/c5bfac21-0dbf-4cf5-bc92-d7eff1d0a6c6"
      },
      "authoredOn": "2026-07-25T08:00:00.000+00:00"
    },
    "request": {
      "method": "PUT",
      "url": "ServiceRequest/91f5fbec-047f-45fb-a483-8e29dc12f14e"
    }
  }, {
    "fullUrl": "https://madie.cms.gov/MeasureReport/7c2b5771-55dd-48a3-a058-639e84ff91fc",
    "resource": {
      "resourceType": "MeasureReport",
      "id": "7c2b5771-55dd-48a3-a058-639e84ff91fc",
      "meta": {
        "profile": [ "http://hl7.org/fhir/us/cqfmeasures/StructureDefinition/test-case-cqfm" ]
      },
      "contained": [ {
        "resourceType": "Parameters",
        "id": "e5126d53-dd47-4a6a-969a-08b0d5bc957a-parameters",
        "parameter": [ {
          "name": "subject",
          "valueString": "c5bfac21-0dbf-4cf5-bc92-d7eff1d0a6c6"
        } ]
      } ],
      "extension": [ {
        "url": "http://hl7.org/fhir/StructureDefinition/cqf-inputParameters",
        "valueReference": {
          "reference": "#e5126d53-dd47-4a6a-969a-08b0d5bc957a-parameters"
        }
      }, {
        "url": "http://hl7.org/fhir/us/cqfmeasures/StructureDefinition/cqfm-testCaseDescription",
        "valueMarkdown": "Prostate cancer and ADT given.  DEXA ordered but patient refused.  DENEXCEP pass   "
      } ],
      "modifierExtension": [ {
        "url": "http://hl7.org/fhir/us/cqfmeasures/StructureDefinition/cqfm-isTestCase",
        "valueBoolean": true
      } ],
      "status": "complete",
      "type": "individual",
      "measure": "https://madie.cms.gov/Measure/CMS645FHIRBoneDensityProstateCancerAndrogenDeprivationTherapy",
      "period": {
        "start": "2026-01-01",
        "end": "2026-12-31"
      },
      "group": [ {
        "id": "Group_1",
        "population": [ {
          "id": "InitialPopulation_1",
          "code": {
            "coding": [ {
              "system": "http://terminology.hl7.org/CodeSystem/measure-population",
              "code": "initial-population",
              "display": "Initial Population"
            } ]
          },
          "count": 1
        }, {
          "id": "Denominator_1",
          "code": {
            "coding": [ {
              "system": "http://terminology.hl7.org/CodeSystem/measure-population",
              "code": "denominator",
              "display": "Denominator"
            } ]
          },
          "count": 1
        }, {
          "id": "Numerator_1",
          "code": {
            "coding": [ {
              "system": "http://terminology.hl7.org/CodeSystem/measure-population",
              "code": "numerator",
              "display": "Numerator"
            } ]
          },
          "count": 0
        }, {
          "id": "DenominatorException_1",
          "code": {
            "coding": [ {
              "system": "http://terminology.hl7.org/CodeSystem/measure-population",
              "code": "denominator-exception",
              "display": "Denominator Exception"
            } ]
          },
          "count": 0
        } ],
        "measureScore": {
          "value": 1.0
        }
      } ],
      "evaluatedResource": [ {
        "reference": "Patient/c5bfac21-0dbf-4cf5-bc92-d7eff1d0a6c6"
      }, {
        "reference": "Encounter/b8f233f5-196d-4184-9da3-ea8ab0f13b27"
      }, {
        "reference": "Condition/58a95883-2aa1-4c4d-800c-94a3ee0aae83"
      }, {
        "reference": "ServiceRequest/036bbdf9-a6d7-4506-86ca-658445903f87"
      }, {
        "reference": "MedicationRequest/5ef9525f-1e4f-4478-b733-41ec20e74c59"
      }, {
        "reference": "Practitioner/fa479aa6-596b-48cf-863d-d1812b7c75e2"
      }, {
        "reference": "ServiceRequest/91f5fbec-047f-45fb-a483-8e29dc12f14e"
      } ]
    },
    "request": {
      "method": "PUT",
      "url": "MeasureReport/7c2b5771-55dd-48a3-a058-639e84ff91fc"
    }
  } ]
}