{
  "resourceType": "Bundle",
  "id": "60abda28bf0a01003e3f76bd",
  "type": "transaction",
  "entry": [ {
    "fullUrl": "https://madie.cms.gov/Patient/b2fd08f5-6a75-4221-8b2d-eb28f45ed981",
    "resource": {
      "resourceType": "Patient",
      "id": "b2fd08f5-6a75-4221-8b2d-eb28f45ed981",
      "meta": {
        "profile": [ "http://hl7.org/fhir/us/qicore/StructureDefinition/qicore-patient" ]
      },
      "extension": [ {
        "url": "http://hl7.org/fhir/us/core/StructureDefinition/us-core-race",
        "extension": [ {
          "url": "ombCategory",
          "valueCoding": {
            "system": "urn:oid:2.16.840.1.113883.6.238",
            "code": "2054-5",
            "display": "Black or African American"
          }
        }, {
          "url": "text",
          "valueString": "Black or African American"
        } ]
      }, {
        "url": "http://hl7.org/fhir/us/core/StructureDefinition/us-core-ethnicity",
        "extension": [ {
          "url": "ombCategory",
          "valueCoding": {
            "system": "urn:oid:2.16.840.1.113883.6.238",
            "code": "2186-5",
            "display": "Not Hispanic or Latino"
          }
        }, {
          "url": "text",
          "valueString": "Not Hispanic or Latino"
        } ]
      } ],
      "identifier": [ {
        "type": {
          "coding": [ {
            "system": "http://terminology.hl7.org/CodeSystem/v2-0203",
            "code": "MR"
          } ]
        },
        "system": "https://bonnie-fhir.healthit.gov/",
        "value": "463131313187656"
      } ],
      "name": [ {
        "family": "NUMERPass",
        "given": [ "ADT9MonthsAfterStartofMPEdge" ]
      } ],
      "gender": "male",
      "birthDate": "1930-06-15"
    },
    "request": {
      "method": "PUT",
      "url": "Patient/b2fd08f5-6a75-4221-8b2d-eb28f45ed981"
    }
  }, {
    "fullUrl": "https://madie.cms.gov/Encounter/a7ee77d2-26a0-4b98-ad57-761c0a6b94c3",
    "resource": {
      "resourceType": "Encounter",
      "id": "a7ee77d2-26a0-4b98-ad57-761c0a6b94c3",
      "meta": {
        "profile": [ "http://hl7.org/fhir/us/qicore/StructureDefinition/qicore-encounter" ]
      },
      "status": "finished",
      "class": {
        "system": "http://terminology.hl7.org/CodeSystem/v3-ActCode",
        "code": "AMB",
        "display": "ambulatory"
      },
      "type": [ {
        "coding": [ {
          "system": "http://snomed.info/sct",
          "version": "http://snomed.info/sct/731000124108/version/20240301",
          "code": "185463005",
          "display": "Visit out of hours (procedure)"
        } ]
      } ],
      "subject": {
        "reference": "Patient/b2fd08f5-6a75-4221-8b2d-eb28f45ed981"
      },
      "period": {
        "start": "2026-09-01T08:00:00.000+00:00",
        "end": "2026-09-01T08:15:00.000+00:00"
      }
    },
    "request": {
      "method": "PUT",
      "url": "Encounter/a7ee77d2-26a0-4b98-ad57-761c0a6b94c3"
    }
  }, {
    "fullUrl": "https://madie.cms.gov/Condition/f045d7bd-72e5-489c-b4c4-e0f1df6b6a09",
    "resource": {
      "resourceType": "Condition",
      "id": "f045d7bd-72e5-489c-b4c4-e0f1df6b6a09",
      "meta": {
        "profile": [ "http://hl7.org/fhir/us/qicore/StructureDefinition/qicore-condition-problems-health-concerns" ]
      },
      "clinicalStatus": {
        "coding": [ {
          "system": "http://terminology.hl7.org/CodeSystem/condition-clinical",
          "code": "active",
          "display": "Active",
          "userSelected": true
        } ]
      },
      "verificationStatus": {
        "coding": [ {
          "system": "http://terminology.hl7.org/CodeSystem/condition-ver-status",
          "code": "confirmed"
        } ]
      },
      "category": [ {
        "coding": [ {
          "system": "http://terminology.hl7.org/CodeSystem/condition-category",
          "code": "problem-list-item",
          "display": "Problem List Item"
        } ]
      } ],
      "code": {
        "coding": [ {
          "system": "http://snomed.info/sct",
          "version": "http://snomed.info/sct/731000124108/version/20240301",
          "code": "254900004",
          "display": "Carcinoma of prostate (disorder)"
        } ]
      },
      "subject": {
        "reference": "Patient/b2fd08f5-6a75-4221-8b2d-eb28f45ed981"
      },
      "onsetPeriod": {
        "start": "2026-09-01T08:00:00.000+00:00"
      }
    },
    "request": {
      "method": "PUT",
      "url": "Condition/f045d7bd-72e5-489c-b4c4-e0f1df6b6a09"
    }
  }, {
    "fullUrl": "https://madie.cms.gov/Observation/d74d8cce-fcfd-43e6-aef2-cf1ff088b56c",
    "resource": {
      "resourceType": "Observation",
      "id": "d74d8cce-fcfd-43e6-aef2-cf1ff088b56c",
      "meta": {
        "profile": [ "http://hl7.org/fhir/us/qicore/StructureDefinition/qicore-observation-lab" ]
      },
      "status": "final",
      "category": [ {
        "coding": [ {
          "system": "http://terminology.hl7.org/CodeSystem/observation-category",
          "code": "imaging",
          "display": "Imaging"
        } ]
      } ],
      "code": {
        "coding": [ {
          "system": "http://loinc.org",
          "version": "2.76",
          "code": "38265-5",
          "display": "DXA Radius and Ulna [T-score] Bone density"
        } ]
      },
      "subject": {
        "reference": "Patient/b2fd08f5-6a75-4221-8b2d-eb28f45ed981"
      },
      "effectivePeriod": {
        "start": "2026-12-31T10:00:00.000+00:00"
      }
    },
    "request": {
      "method": "PUT",
      "url": "Observation/d74d8cce-fcfd-43e6-aef2-cf1ff088b56c"
    }
  }, {
    "fullUrl": "https://madie.cms.gov/Practitioner/dab1e02d-a86a-4612-a465-0a8312e0872b",
    "resource": {
      "resourceType": "Practitioner",
      "id": "dab1e02d-a86a-4612-a465-0a8312e0872b",
      "meta": {
        "profile": [ "http://hl7.org/fhir/us/qicore/StructureDefinition/qicore-practitioner" ]
      },
      "identifier": [ {
        "use": "temp",
        "system": "urn:oid:2.16.840.1.113883.4.336",
        "value": "Practitioner-23"
      } ],
      "active": true,
      "name": [ {
        "family": "Careful",
        "given": [ "Adam" ],
        "prefix": [ "Dr" ]
      } ],
      "address": [ {
        "use": "home",
        "line": [ "534 Erewhon St" ],
        "city": "PleasantVille",
        "state": "UT",
        "postalCode": "84414"
      } ],
      "qualification": [ {
        "identifier": [ {
          "system": "http://example.org/UniversityIdentifier",
          "value": "12345"
        } ],
        "code": {
          "coding": [ {
            "system": "http://terminology.hl7.org/CodeSystem/v2-0360|2.7",
            "code": "BS",
            "display": "Bachelor of Science"
          } ],
          "text": "Bachelor of Science"
        },
        "period": {
          "start": "1996"
        },
        "issuer": {
          "display": "Example University"
        }
      } ]
    },
    "request": {
      "method": "PUT",
      "url": "Practitioner/dab1e02d-a86a-4612-a465-0a8312e0872b"
    }
  }, {
    "fullUrl": "https://madie.cms.gov/MedicationRequest/893fea53-1772-4d75-95a5-b512554a03ca",
    "resource": {
      "resourceType": "MedicationRequest",
      "id": "893fea53-1772-4d75-95a5-b512554a03ca",
      "meta": {
        "profile": [ "http://hl7.org/fhir/us/qicore/StructureDefinition/qicore-medicationrequest" ]
      },
      "status": "active",
      "intent": "order",
      "medicationCodeableConcept": {
        "coding": [ {
          "system": "http://www.nlm.nih.gov/research/umls/rxnorm",
          "version": "04012024",
          "code": "1115257",
          "display": "1.5 ML leuprolide acetate 30 MG/ML Prefilled Syringe"
        } ]
      },
      "subject": {
        "reference": "Patient/b2fd08f5-6a75-4221-8b2d-eb28f45ed981"
      },
      "authoredOn": "2026-09-29T08:00:00.000+00:00",
      "requester": {
        "reference": "http://myGoodHealthcare.com/fhir/Practitioner/dab1e02d-a86a-4612-a465-0a8312e0872b"
      },
      "dosageInstruction": [ {
        "timing": {
          "repeat": {
            "boundsPeriod": {
              "start": "2026-09-30T08:00:00.000+00:00"
            }
          }
        }
      } ]
    },
    "request": {
      "method": "PUT",
      "url": "MedicationRequest/893fea53-1772-4d75-95a5-b512554a03ca"
    }
  }, {
    "fullUrl": "https://madie.cms.gov/ServiceRequest/f6339799-d44b-4160-b1d0-070219d1c534",
    "resource": {
      "resourceType": "ServiceRequest",
      "id": "f6339799-d44b-4160-b1d0-070219d1c534",
      "meta": {
        "profile": [ "http://hl7.org/fhir/us/qicore/StructureDefinition/qicore-servicerequest" ]
      },
      "status": "active",
      "intent": "order",
      "code": {
        "coding": [ {
          "system": "http://snomed.info/sct",
          "version": "http://snomed.info/sct/731000124108/version/20240301",
          "code": "456381000124102",
          "display": "Injection of leuprolide acetate for twelve month period (regime/therapy)"
        } ]
      },
      "subject": {
        "reference": "Patient/b2fd08f5-6a75-4221-8b2d-eb28f45ed981"
      },
      "authoredOn": "2026-09-30T08:00:00.000+00:00"
    },
    "request": {
      "method": "PUT",
      "url": "ServiceRequest/f6339799-d44b-4160-b1d0-070219d1c534"
    }
  }, {
    "fullUrl": "https://madie.cms.gov/MeasureReport/57ce549d-495e-43e0-8578-21ef0e2b8056",
    "resource": {
      "resourceType": "MeasureReport",
      "id": "57ce549d-495e-43e0-8578-21ef0e2b8056",
      "meta": {
        "profile": [ "http://hl7.org/fhir/us/cqfmeasures/StructureDefinition/test-case-cqfm" ]
      },
      "contained": [ {
        "resourceType": "Parameters",
        "id": "e9f27da3-8681-4520-b898-b3452da8bc35-parameters",
        "parameter": [ {
          "name": "subject",
          "valueString": "b2fd08f5-6a75-4221-8b2d-eb28f45ed981"
        } ]
      } ],
      "extension": [ {
        "url": "http://hl7.org/fhir/StructureDefinition/cqf-inputParameters",
        "valueReference": {
          "reference": "#e9f27da3-8681-4520-b898-b3452da8bc35-parameters"
        }
      }, {
        "url": "http://hl7.org/fhir/us/cqfmeasures/StructureDefinition/cqfm-testCaseDescription",
        "valueMarkdown": "Encounter Office Visit in MP.  Dx Prostate Cancer in MP. ADT on 9/30 and DEXA done on 12/31 of MP to test timing.  Fails NUMER Criteria "
      } ],
      "modifierExtension": [ {
        "url": "http://hl7.org/fhir/us/cqfmeasures/StructureDefinition/cqfm-isTestCase",
        "valueBoolean": true
      } ],
      "status": "complete",
      "type": "individual",
      "measure": "https://madie.cms.gov/Measure/CMS645FHIRBoneDensityProstateCancerAndrogenDeprivationTherapy",
      "period": {
        "start": "2026-01-01",
        "end": "2026-12-31"
      },
      "group": [ {
        "id": "Group_1",
        "population": [ {
          "id": "InitialPopulation_1",
          "code": {
            "coding": [ {
              "system": "http://terminology.hl7.org/CodeSystem/measure-population",
              "code": "initial-population",
              "display": "Initial Population"
            } ]
          },
          "count": 1
        }, {
          "id": "Denominator_1",
          "code": {
            "coding": [ {
              "system": "http://terminology.hl7.org/CodeSystem/measure-population",
              "code": "denominator",
              "display": "Denominator"
            } ]
          },
          "count": 1
        }, {
          "id": "Numerator_1",
          "code": {
            "coding": [ {
              "system": "http://terminology.hl7.org/CodeSystem/measure-population",
              "code": "numerator",
              "display": "Numerator"
            } ]
          },
          "count": 0
        }, {
          "id": "DenominatorException_1",
          "code": {
            "coding": [ {
              "system": "http://terminology.hl7.org/CodeSystem/measure-population",
              "code": "denominator-exception",
              "display": "Denominator Exception"
            } ]
          },
          "count": 0
        } ],
        "measureScore": {
          "value": 1.0
        }
      } ],
      "evaluatedResource": [ {
        "reference": "Patient/b2fd08f5-6a75-4221-8b2d-eb28f45ed981"
      }, {
        "reference": "Encounter/a7ee77d2-26a0-4b98-ad57-761c0a6b94c3"
      }, {
        "reference": "Condition/f045d7bd-72e5-489c-b4c4-e0f1df6b6a09"
      }, {
        "reference": "Observation/d74d8cce-fcfd-43e6-aef2-cf1ff088b56c"
      }, {
        "reference": "Practitioner/dab1e02d-a86a-4612-a465-0a8312e0872b"
      }, {
        "reference": "MedicationRequest/893fea53-1772-4d75-95a5-b512554a03ca"
      }, {
        "reference": "ServiceRequest/f6339799-d44b-4160-b1d0-070219d1c534"
      } ]
    },
    "request": {
      "method": "PUT",
      "url": "MeasureReport/57ce549d-495e-43e0-8578-21ef0e2b8056"
    }
  } ]
}