{
  "resourceType": "Bundle",
  "id": "612e6b5b02c62a011f2ed76a",
  "type": "transaction",
  "entry": [ {
    "fullUrl": "https://madie.cms.gov/Patient/116bae83-672f-4671-9a33-418536282d8b",
    "resource": {
      "resourceType": "Patient",
      "id": "116bae83-672f-4671-9a33-418536282d8b",
      "meta": {
        "profile": [ "http://hl7.org/fhir/us/qicore/StructureDefinition/qicore-patient" ]
      },
      "text": {
        "status": "generated",
        "div": "<div xmlns=\"http://www.w3.org/1999/xhtml\"><div class=\"hapiHeaderText\">INRGT3_ED <b>NUMERPASS </b></div><table class=\"hapiPropertyTable\"><tbody><tr><td>Identifier</td><td>2e3da27d77f7d9771e3739059c1b88a9</td></tr><tr><td>Date of birth</td><td><span>02 January 1974</span></td></tr></tbody></table></div>"
      },
      "extension": [ {
        "url": "http://hl7.org/fhir/us/core/StructureDefinition/us-core-race",
        "extension": [ {
          "url": "ombCategory",
          "valueCoding": {
            "system": "urn:oid:2.16.840.1.113883.6.238",
            "code": "1002-5",
            "display": "American Indian or Alaska Native",
            "userSelected": true
          }
        }, {
          "url": "text",
          "valueString": "American Indian or Alaska Native"
        } ]
      }, {
        "url": "http://hl7.org/fhir/us/core/StructureDefinition/us-core-ethnicity",
        "extension": [ {
          "url": "ombCategory",
          "valueCoding": {
            "system": "urn:oid:2.16.840.1.113883.6.238",
            "code": "2135-2",
            "display": "Hispanic or Latino",
            "userSelected": true
          }
        }, {
          "url": "text",
          "valueString": "Hispanic or Latino"
        } ]
      } ],
      "identifier": [ {
        "type": {
          "coding": [ {
            "system": "http://terminology.hl7.org/CodeSystem/v2-0203",
            "code": "MR"
          } ]
        },
        "system": "https://bonnie-fhir.healthit.gov/",
        "value": "612e6b5b02c62a011f2ed76a"
      } ],
      "active": true,
      "name": [ {
        "use": "usual",
        "family": "NUMERPass",
        "given": [ "INRGT3_ED" ]
      } ],
      "gender": "male",
      "birthDate": "1974-01-02"
    },
    "request": {
      "method": "PUT",
      "url": "Patient/116bae83-672f-4671-9a33-418536282d8b"
    }
  }, {
    "fullUrl": "https://madie.cms.gov/Encounter/77fddfd5-40df-4980-9493-cab290ed5f2e",
    "resource": {
      "resourceType": "Encounter",
      "id": "77fddfd5-40df-4980-9493-cab290ed5f2e",
      "meta": {
        "profile": [ "http://hl7.org/fhir/us/qicore/StructureDefinition/qicore-encounter" ]
      },
      "status": "finished",
      "class": {
        "system": "http://terminology.hl7.org/CodeSystem/v3-ActCode",
        "code": "EMER",
        "display": "emergency"
      },
      "type": [ {
        "coding": [ {
          "system": "http://snomed.info/sct",
          "code": "4525004"
        } ]
      } ],
      "subject": {
        "reference": "Patient/116bae83-672f-4671-9a33-418536282d8b"
      },
      "period": {
        "start": "2025-11-01T02:00:00+00:00",
        "end": "2025-11-02T07:40:00+00:00"
      },
      "length": {
        "value": 0.0,
        "unit": "days"
      }
    },
    "request": {
      "method": "PUT",
      "url": "Encounter/77fddfd5-40df-4980-9493-cab290ed5f2e"
    }
  }, {
    "fullUrl": "https://madie.cms.gov/Encounter/c1ee2934-1f13-4648-8fc7-282769ff74ab",
    "resource": {
      "resourceType": "Encounter",
      "id": "c1ee2934-1f13-4648-8fc7-282769ff74ab",
      "meta": {
        "profile": [ "http://hl7.org/fhir/us/qicore/StructureDefinition/qicore-encounter" ]
      },
      "status": "finished",
      "class": {
        "system": "http://terminology.hl7.org/CodeSystem/v3-ActCode",
        "code": "IMP",
        "display": "inpatient encounter"
      },
      "type": [ {
        "coding": [ {
          "system": "http://snomed.info/sct",
          "code": "8715000"
        } ]
      } ],
      "subject": {
        "reference": "Patient/116bae83-672f-4671-9a33-418536282d8b"
      },
      "period": {
        "start": "2025-11-02T08:00:00+00:00",
        "end": "2025-11-26T08:15:00+00:00"
      },
      "length": {
        "value": 24.0,
        "unit": "days"
      }
    },
    "request": {
      "method": "PUT",
      "url": "Encounter/c1ee2934-1f13-4648-8fc7-282769ff74ab"
    }
  }, {
    "fullUrl": "https://madie.cms.gov/Coverage/70c876bf-18f9-4c5f-b9f2-97a0e939df30",
    "resource": {
      "resourceType": "Coverage",
      "id": "70c876bf-18f9-4c5f-b9f2-97a0e939df30",
      "status": "active",
      "beneficiary": {
        "reference": "Patient/116bae83-672f-4671-9a33-418536282d8b"
      },
      "period": {
        "start": "1974-01-02T08:00:00+00:00"
      },
      "payor": [ {
        "reference": "Organization/136c4b8e-0cde-496f-af34-b9e5f32cc176"
      } ]
    },
    "request": {
      "method": "PUT",
      "url": "Coverage/70c876bf-18f9-4c5f-b9f2-97a0e939df30"
    }
  }, {
    "fullUrl": "https://madie.cms.gov/Observation/3d44a845-ce30-4f7f-b536-2bdc81489391",
    "resource": {
      "resourceType": "Observation",
      "id": "3d44a845-ce30-4f7f-b536-2bdc81489391",
      "meta": {
        "profile": [ "http://hl7.org/fhir/us/core/StructureDefinition/us-core-observation-lab" ]
      },
      "status": "final",
      "category": [ {
        "coding": [ {
          "system": "http://terminology.hl7.org/CodeSystem/observation-category",
          "code": "laboratory",
          "display": "Laboratory"
        } ]
      } ],
      "code": {
        "coding": [ {
          "system": "http://loinc.org",
          "code": "34714-6"
        } ]
      },
      "subject": {
        "reference": "Patient/116bae83-672f-4671-9a33-418536282d8b"
      },
      "effectiveDateTime": "2025-11-01T06:00:00+00:00",
      "issued": "2025-11-01T06:00:00.000+00:00",
      "valueQuantity": {
        "value": 3.5,
        "unit": "{INR}"
      }
    },
    "request": {
      "method": "PUT",
      "url": "Observation/3d44a845-ce30-4f7f-b536-2bdc81489391"
    }
  }, {
    "fullUrl": "https://madie.cms.gov/Organization/136c4b8e-0cde-496f-af34-b9e5f32cc176",
    "resource": {
      "resourceType": "Organization",
      "id": "136c4b8e-0cde-496f-af34-b9e5f32cc176",
      "meta": {
        "profile": [ "http://hl7.org/fhir/us/qicore/StructureDefinition/qicore-organization" ]
      },
      "identifier": [ {
        "use": "temp",
        "system": "urn:oid:2.16.840.1.113883.4.4",
        "value": "21-3259825"
      } ],
      "active": true,
      "type": [ {
        "coding": [ {
          "system": "http://terminology.hl7.org/CodeSystem/organization-type",
          "code": "pay",
          "display": "Payer"
        } ]
      } ],
      "name": "Blue Cross Blue Shield of Texas",
      "telecom": [ {
        "system": "phone",
        "value": "(+1) 972-766-6900"
      } ],
      "address": [ {
        "use": "billing",
        "type": "postal",
        "line": [ "P.O. Box 660044" ],
        "city": "Dallas",
        "state": "TX",
        "postalCode": "75266-0044",
        "country": "USA"
      } ]
    },
    "request": {
      "method": "PUT",
      "url": "Organization/136c4b8e-0cde-496f-af34-b9e5f32cc176"
    }
  }, {
    "fullUrl": "https://madie.cms.gov/Practitioner/a371e7ac-259a-4bd2-aa33-f079efc36eaa",
    "resource": {
      "resourceType": "Practitioner",
      "id": "a371e7ac-259a-4bd2-aa33-f079efc36eaa",
      "identifier": [ {
        "system": "http://hl7.org/fhir/sid/us-npi",
        "value": "123456"
      } ],
      "name": [ {
        "family": "Evil",
        "prefix": [ "Dr" ]
      } ]
    },
    "request": {
      "method": "PUT",
      "url": "Practitioner/a371e7ac-259a-4bd2-aa33-f079efc36eaa"
    }
  }, {
    "fullUrl": "https://madie.cms.gov/MeasureReport/fd12d78e-93e9-48b2-851a-51603bda1d7c",
    "resource": {
      "resourceType": "MeasureReport",
      "id": "fd12d78e-93e9-48b2-851a-51603bda1d7c",
      "meta": {
        "profile": [ "http://hl7.org/fhir/us/cqfmeasures/StructureDefinition/test-case-cqfm" ]
      },
      "contained": [ {
        "resourceType": "Parameters",
        "id": "98606da5-df00-4a4b-bebd-472972f9e15b-parameters",
        "parameter": [ {
          "name": "subject",
          "valueString": "116bae83-672f-4671-9a33-418536282d8b"
        } ]
      } ],
      "extension": [ {
        "url": "http://hl7.org/fhir/us/cqfmeasures/StructureDefinition/cqfm-inputParameters",
        "valueReference": {
          "reference": "#98606da5-df00-4a4b-bebd-472972f9e15b-parameters"
        }
      }, {
        "url": "http://hl7.org/fhir/us/cqfmeasures/StructureDefinition/cqfm-testCaseDescription",
        "valueMarkdown": ">18, LOS<120 day.Lab INR>3 during ED\n"
      } ],
      "modifierExtension": [ {
        "url": "http://hl7.org/fhir/us/cqfmeasures/StructureDefinition/cqfm-isTestCase",
        "valueBoolean": true
      } ],
      "status": "complete",
      "type": "individual",
      "measure": "https://madie.cms.gov/Measure/VenousThromboembolismProphylaxisFHIR",
      "period": {
        "start": "2025-01-01",
        "end": "2025-12-31"
      },
      "group": [ {
        "population": [ {
          "code": {
            "coding": [ {
              "system": "http://terminology.hl7.org/CodeSystem/measure-population",
              "code": "initial-population",
              "display": "Initial Population"
            } ]
          },
          "count": 1
        }, {
          "code": {
            "coding": [ {
              "system": "http://terminology.hl7.org/CodeSystem/measure-population",
              "code": "denominator",
              "display": "Denominator"
            } ]
          },
          "count": 1
        }, {
          "code": {
            "coding": [ {
              "system": "http://terminology.hl7.org/CodeSystem/measure-population",
              "code": "denominator-exclusion",
              "display": "Denominator Exclusion"
            } ]
          },
          "count": 0
        }, {
          "code": {
            "coding": [ {
              "system": "http://terminology.hl7.org/CodeSystem/measure-population",
              "code": "numerator",
              "display": "Numerator"
            } ]
          },
          "count": 1
        } ]
      } ],
      "evaluatedResource": [ {
        "reference": "Patient/116bae83-672f-4671-9a33-418536282d8b"
      }, {
        "reference": "Encounter/77fddfd5-40df-4980-9493-cab290ed5f2e"
      }, {
        "reference": "Encounter/c1ee2934-1f13-4648-8fc7-282769ff74ab"
      }, {
        "reference": "Coverage/70c876bf-18f9-4c5f-b9f2-97a0e939df30"
      }, {
        "reference": "Observation/3d44a845-ce30-4f7f-b536-2bdc81489391"
      }, {
        "reference": "Organization/136c4b8e-0cde-496f-af34-b9e5f32cc176"
      }, {
        "reference": "Practitioner/a371e7ac-259a-4bd2-aa33-f079efc36eaa"
      } ]
    },
    "request": {
      "method": "PUT",
      "url": "MeasureReport/fd12d78e-93e9-48b2-851a-51603bda1d7c"
    }
  } ]
}