{
  "resourceType": "Bundle",
  "id": "612e6b6802c62a011f2eda22",
  "type": "transaction",
  "entry": [ {
    "fullUrl": "https://madie.cms.gov/Patient/8c3afd73-9609-45c4-b58f-a3b70f821bec",
    "resource": {
      "resourceType": "Patient",
      "id": "8c3afd73-9609-45c4-b58f-a3b70f821bec",
      "meta": {
        "profile": [ "http://hl7.org/fhir/us/qicore/StructureDefinition/qicore-patient" ]
      },
      "text": {
        "status": "generated",
        "div": "<div xmlns=\"http://www.w3.org/1999/xhtml\"><div class=\"hapiHeaderText\">EncEndsAfterMP <b>IPPFAIL </b></div><table class=\"hapiPropertyTable\"><tbody><tr><td>Identifier</td><td>3f7ac674da24e00d267fc86596c4ed0e</td></tr><tr><td>Date of birth</td><td><span>01 January 2003</span></td></tr></tbody></table></div>"
      },
      "extension": [ {
        "url": "http://hl7.org/fhir/us/core/StructureDefinition/us-core-race",
        "extension": [ {
          "url": "ombCategory",
          "valueCoding": {
            "system": "urn:oid:2.16.840.1.113883.6.238",
            "code": "1002-5",
            "display": "American Indian or Alaska Native",
            "userSelected": true
          }
        }, {
          "url": "text",
          "valueString": "American Indian or Alaska Native"
        } ]
      }, {
        "url": "http://hl7.org/fhir/us/core/StructureDefinition/us-core-ethnicity",
        "extension": [ {
          "url": "ombCategory",
          "valueCoding": {
            "system": "urn:oid:2.16.840.1.113883.6.238",
            "code": "2135-2",
            "display": "Hispanic or Latino",
            "userSelected": true
          }
        }, {
          "url": "text",
          "valueString": "Hispanic or Latino"
        } ]
      } ],
      "identifier": [ {
        "type": {
          "coding": [ {
            "system": "http://terminology.hl7.org/CodeSystem/v2-0203",
            "code": "MR"
          } ]
        },
        "system": "https://bonnie-fhir.healthit.gov/",
        "value": "612e6b6802c62a011f2eda22"
      } ],
      "active": true,
      "name": [ {
        "use": "usual",
        "family": "IPPFail",
        "given": [ "EncEndsAfterMP" ]
      } ],
      "gender": "male",
      "birthDate": "2003-01-01"
    },
    "request": {
      "method": "PUT",
      "url": "Patient/8c3afd73-9609-45c4-b58f-a3b70f821bec"
    }
  }, {
    "fullUrl": "https://madie.cms.gov/Encounter/31a4d4c7-88ab-41d9-b328-fbcfcc83c805",
    "resource": {
      "resourceType": "Encounter",
      "id": "31a4d4c7-88ab-41d9-b328-fbcfcc83c805",
      "meta": {
        "profile": [ "http://hl7.org/fhir/us/qicore/StructureDefinition/qicore-encounter" ]
      },
      "status": "finished",
      "class": {
        "system": "http://terminology.hl7.org/CodeSystem/v3-ActCode",
        "code": "IMP",
        "display": "inpatient encounter"
      },
      "type": [ {
        "coding": [ {
          "system": "http://snomed.info/sct",
          "code": "8715000"
        } ]
      } ],
      "subject": {
        "reference": "Patient/8c3afd73-9609-45c4-b58f-a3b70f821bec"
      },
      "period": {
        "start": "2025-12-01T00:00:00+00:00",
        "end": "2026-01-01T00:00:00+00:00"
      },
      "length": {
        "value": 31.0,
        "unit": "days"
      }
    },
    "request": {
      "method": "PUT",
      "url": "Encounter/31a4d4c7-88ab-41d9-b328-fbcfcc83c805"
    }
  }, {
    "fullUrl": "https://madie.cms.gov/Coverage/93110d66-1258-4f53-b2eb-ed2b87f0821e",
    "resource": {
      "resourceType": "Coverage",
      "id": "93110d66-1258-4f53-b2eb-ed2b87f0821e",
      "status": "active",
      "beneficiary": {
        "reference": "Patient/8c3afd73-9609-45c4-b58f-a3b70f821bec"
      },
      "period": {
        "start": "2003-01-01T08:00:00+00:00"
      },
      "payor": [ {
        "reference": "Organization/6e9f487f-3a09-4e41-b4e3-eb24da0b8583"
      } ]
    },
    "request": {
      "method": "PUT",
      "url": "Coverage/93110d66-1258-4f53-b2eb-ed2b87f0821e"
    }
  }, {
    "fullUrl": "https://madie.cms.gov/Organization/6e9f487f-3a09-4e41-b4e3-eb24da0b8583",
    "resource": {
      "resourceType": "Organization",
      "id": "6e9f487f-3a09-4e41-b4e3-eb24da0b8583",
      "meta": {
        "profile": [ "http://hl7.org/fhir/us/qicore/StructureDefinition/qicore-organization" ]
      },
      "identifier": [ {
        "use": "temp",
        "system": "urn:oid:2.16.840.1.113883.4.4",
        "value": "21-3259825"
      } ],
      "active": true,
      "type": [ {
        "coding": [ {
          "system": "http://terminology.hl7.org/CodeSystem/organization-type",
          "code": "pay",
          "display": "Payer"
        } ]
      } ],
      "name": "Blue Cross Blue Shield of Texas",
      "telecom": [ {
        "system": "phone",
        "value": "(+1) 972-766-6900"
      } ],
      "address": [ {
        "use": "billing",
        "type": "postal",
        "line": [ "P.O. Box 660044" ],
        "city": "Dallas",
        "state": "TX",
        "postalCode": "75266-0044",
        "country": "USA"
      } ]
    },
    "request": {
      "method": "PUT",
      "url": "Organization/6e9f487f-3a09-4e41-b4e3-eb24da0b8583"
    }
  }, {
    "fullUrl": "https://madie.cms.gov/Practitioner/9f128100-1c7d-4729-8302-9256ef5ecdb8",
    "resource": {
      "resourceType": "Practitioner",
      "id": "9f128100-1c7d-4729-8302-9256ef5ecdb8",
      "identifier": [ {
        "system": "http://hl7.org/fhir/sid/us-npi",
        "value": "123456"
      } ],
      "name": [ {
        "family": "Evil",
        "prefix": [ "Dr" ]
      } ]
    },
    "request": {
      "method": "PUT",
      "url": "Practitioner/9f128100-1c7d-4729-8302-9256ef5ecdb8"
    }
  }, {
    "fullUrl": "https://madie.cms.gov/MeasureReport/ec5768df-3c7a-49ac-9b2a-52d039964cd1",
    "resource": {
      "resourceType": "MeasureReport",
      "id": "ec5768df-3c7a-49ac-9b2a-52d039964cd1",
      "meta": {
        "profile": [ "http://hl7.org/fhir/us/cqfmeasures/StructureDefinition/test-case-cqfm" ]
      },
      "contained": [ {
        "resourceType": "Parameters",
        "id": "58b9a2b5-61b6-4753-8ab2-1495f0e6b938-parameters",
        "parameter": [ {
          "name": "subject",
          "valueString": "8c3afd73-9609-45c4-b58f-a3b70f821bec"
        } ]
      } ],
      "extension": [ {
        "url": "http://hl7.org/fhir/us/cqfmeasures/StructureDefinition/cqfm-inputParameters",
        "valueReference": {
          "reference": "#58b9a2b5-61b6-4753-8ab2-1495f0e6b938-parameters"
        }
      }, {
        "url": "http://hl7.org/fhir/us/cqfmeasures/StructureDefinition/cqfm-testCaseDescription",
        "valueMarkdown": "Inp.end 1 min after MP.end\n"
      } ],
      "modifierExtension": [ {
        "url": "http://hl7.org/fhir/us/cqfmeasures/StructureDefinition/cqfm-isTestCase",
        "valueBoolean": true
      } ],
      "status": "complete",
      "type": "individual",
      "measure": "https://madie.cms.gov/Measure/VenousThromboembolismProphylaxisFHIR",
      "period": {
        "start": "2025-01-01",
        "end": "2025-12-31"
      },
      "group": [ {
        "population": [ {
          "code": {
            "coding": [ {
              "system": "http://terminology.hl7.org/CodeSystem/measure-population",
              "code": "initial-population",
              "display": "Initial Population"
            } ]
          },
          "count": 0
        }, {
          "code": {
            "coding": [ {
              "system": "http://terminology.hl7.org/CodeSystem/measure-population",
              "code": "denominator",
              "display": "Denominator"
            } ]
          },
          "count": 0
        }, {
          "code": {
            "coding": [ {
              "system": "http://terminology.hl7.org/CodeSystem/measure-population",
              "code": "denominator-exclusion",
              "display": "Denominator Exclusion"
            } ]
          },
          "count": 0
        }, {
          "code": {
            "coding": [ {
              "system": "http://terminology.hl7.org/CodeSystem/measure-population",
              "code": "numerator",
              "display": "Numerator"
            } ]
          },
          "count": 0
        } ]
      } ],
      "evaluatedResource": [ {
        "reference": "Patient/8c3afd73-9609-45c4-b58f-a3b70f821bec"
      }, {
        "reference": "Encounter/31a4d4c7-88ab-41d9-b328-fbcfcc83c805"
      }, {
        "reference": "Coverage/93110d66-1258-4f53-b2eb-ed2b87f0821e"
      }, {
        "reference": "Organization/6e9f487f-3a09-4e41-b4e3-eb24da0b8583"
      }, {
        "reference": "Practitioner/9f128100-1c7d-4729-8302-9256ef5ecdb8"
      } ]
    },
    "request": {
      "method": "PUT",
      "url": "MeasureReport/ec5768df-3c7a-49ac-9b2a-52d039964cd1"
    }
  } ]
}