{
  "resourceType": "Bundle",
  "id": "612e6b3702c62a011f2ecee0",
  "type": "transaction",
  "entry": [ {
    "fullUrl": "https://madie.cms.gov/Patient/8ff3e23e-8064-4132-812e-b69d4bd17db1",
    "resource": {
      "resourceType": "Patient",
      "id": "8ff3e23e-8064-4132-812e-b69d4bd17db1",
      "meta": {
        "profile": [ "http://hl7.org/fhir/us/qicore/StructureDefinition/qicore-patient" ]
      },
      "text": {
        "status": "generated",
        "div": "<div xmlns=\"http://www.w3.org/1999/xhtml\"><div class=\"hapiHeaderText\">CMPerfRvltStartDayAFAdmEndNull <b>DENEXPASS </b></div><table class=\"hapiPropertyTable\"><tbody><tr><td>Identifier</td><td>8e120c670e34f79f329b985203cc966e</td></tr><tr><td>Date of birth</td><td><span>02 January 1974</span></td></tr></tbody></table></div>"
      },
      "extension": [ {
        "url": "http://hl7.org/fhir/us/core/StructureDefinition/us-core-race",
        "extension": [ {
          "url": "ombCategory",
          "valueCoding": {
            "system": "urn:oid:2.16.840.1.113883.6.238",
            "code": "1002-5",
            "display": "American Indian or Alaska Native",
            "userSelected": true
          }
        }, {
          "url": "text",
          "valueString": "American Indian or Alaska Native"
        } ]
      }, {
        "url": "http://hl7.org/fhir/us/core/StructureDefinition/us-core-ethnicity",
        "extension": [ {
          "url": "ombCategory",
          "valueCoding": {
            "system": "urn:oid:2.16.840.1.113883.6.238",
            "code": "2135-2",
            "display": "Hispanic or Latino",
            "userSelected": true
          }
        }, {
          "url": "text",
          "valueString": "Hispanic or Latino"
        } ]
      } ],
      "identifier": [ {
        "type": {
          "coding": [ {
            "system": "http://terminology.hl7.org/CodeSystem/v2-0203",
            "code": "MR"
          } ]
        },
        "system": "https://bonnie-fhir.healthit.gov/",
        "value": "612e6b3702c62a011f2ecee0"
      } ],
      "active": true,
      "name": [ {
        "use": "usual",
        "family": "DENEXPass",
        "given": [ "CMPerfRvltStartDayAFAdmEndNull" ]
      } ],
      "gender": "male",
      "birthDate": "1974-01-02"
    },
    "request": {
      "method": "PUT",
      "url": "Patient/8ff3e23e-8064-4132-812e-b69d4bd17db1"
    }
  }, {
    "fullUrl": "https://madie.cms.gov/Encounter/4b808f29-2db4-4803-8c41-5d44352fe45a",
    "resource": {
      "resourceType": "Encounter",
      "id": "4b808f29-2db4-4803-8c41-5d44352fe45a",
      "meta": {
        "profile": [ "http://hl7.org/fhir/us/qicore/StructureDefinition/qicore-encounter" ]
      },
      "status": "finished",
      "class": {
        "system": "http://terminology.hl7.org/CodeSystem/v3-ActCode",
        "code": "IMP",
        "display": "inpatient encounter"
      },
      "type": [ {
        "coding": [ {
          "system": "http://snomed.info/sct",
          "code": "8715000"
        } ]
      } ],
      "subject": {
        "reference": "Patient/8ff3e23e-8064-4132-812e-b69d4bd17db1"
      },
      "period": {
        "start": "2025-11-01T08:00:00+00:00",
        "end": "2025-11-26T08:15:00+00:00"
      },
      "length": {
        "value": 25.0,
        "unit": "days"
      }
    },
    "request": {
      "method": "PUT",
      "url": "Encounter/4b808f29-2db4-4803-8c41-5d44352fe45a"
    }
  }, {
    "fullUrl": "https://madie.cms.gov/Procedure/ca09849e-6142-413a-8265-cede2bc94c01",
    "resource": {
      "resourceType": "Procedure",
      "id": "ca09849e-6142-413a-8265-cede2bc94c01",
      "meta": {
        "profile": [ "http://hl7.org/fhir/us/qicore/StructureDefinition/qicore-procedure" ]
      },
      "extension": [ {
        "url": "http://hl7.org/fhir/us/qicore/StructureDefinition/qicore-recorded",
        "valueDateTime": "2012-11-02T09:35:00-04:00"
      } ],
      "status": "completed",
      "code": {
        "coding": [ {
          "system": "http://snomed.info/sct",
          "code": "133918004"
        } ]
      },
      "subject": {
        "reference": "Patient/8ff3e23e-8064-4132-812e-b69d4bd17db1"
      },
      "performedPeriod": {
        "start": "2025-11-02T08:00:00+00:00"
      }
    },
    "request": {
      "method": "PUT",
      "url": "Procedure/ca09849e-6142-413a-8265-cede2bc94c01"
    }
  }, {
    "fullUrl": "https://madie.cms.gov/Coverage/067246e2-50c8-42fc-94ba-07e8d2193152",
    "resource": {
      "resourceType": "Coverage",
      "id": "067246e2-50c8-42fc-94ba-07e8d2193152",
      "status": "active",
      "beneficiary": {
        "reference": "Patient/8ff3e23e-8064-4132-812e-b69d4bd17db1"
      },
      "period": {
        "start": "1974-01-02T08:00:00+00:00"
      },
      "payor": [ {
        "reference": "Organization/d0d0f7cf-4144-46f0-b30b-cec14988ea65"
      } ]
    },
    "request": {
      "method": "PUT",
      "url": "Coverage/067246e2-50c8-42fc-94ba-07e8d2193152"
    }
  }, {
    "fullUrl": "https://madie.cms.gov/Organization/d0d0f7cf-4144-46f0-b30b-cec14988ea65",
    "resource": {
      "resourceType": "Organization",
      "id": "d0d0f7cf-4144-46f0-b30b-cec14988ea65",
      "meta": {
        "profile": [ "http://hl7.org/fhir/us/qicore/StructureDefinition/qicore-organization" ]
      },
      "identifier": [ {
        "use": "temp",
        "system": "urn:oid:2.16.840.1.113883.4.4",
        "value": "21-3259825"
      } ],
      "active": true,
      "type": [ {
        "coding": [ {
          "system": "http://terminology.hl7.org/CodeSystem/organization-type",
          "code": "pay",
          "display": "Payer"
        } ]
      } ],
      "name": "Blue Cross Blue Shield of Texas",
      "telecom": [ {
        "system": "phone",
        "value": "(+1) 972-766-6900"
      } ],
      "address": [ {
        "use": "billing",
        "type": "postal",
        "line": [ "P.O. Box 660044" ],
        "city": "Dallas",
        "state": "TX",
        "postalCode": "75266-0044",
        "country": "USA"
      } ]
    },
    "request": {
      "method": "PUT",
      "url": "Organization/d0d0f7cf-4144-46f0-b30b-cec14988ea65"
    }
  }, {
    "fullUrl": "https://madie.cms.gov/Practitioner/34a7734a-1cc8-487f-bf46-eea3293294e8",
    "resource": {
      "resourceType": "Practitioner",
      "id": "34a7734a-1cc8-487f-bf46-eea3293294e8",
      "identifier": [ {
        "system": "http://hl7.org/fhir/sid/us-npi",
        "value": "123456"
      } ],
      "name": [ {
        "family": "Evil",
        "prefix": [ "Dr" ]
      } ]
    },
    "request": {
      "method": "PUT",
      "url": "Practitioner/34a7734a-1cc8-487f-bf46-eea3293294e8"
    }
  }, {
    "fullUrl": "https://madie.cms.gov/MeasureReport/6b0e80e6-8218-4544-9af7-46158f279f13",
    "resource": {
      "resourceType": "MeasureReport",
      "id": "6b0e80e6-8218-4544-9af7-46158f279f13",
      "meta": {
        "profile": [ "http://hl7.org/fhir/us/cqfmeasures/StructureDefinition/test-case-cqfm" ]
      },
      "contained": [ {
        "resourceType": "Parameters",
        "id": "2c6ab731-6c6a-4e35-974c-ef210686f958-parameters",
        "parameter": [ {
          "name": "subject",
          "valueString": "8ff3e23e-8064-4132-812e-b69d4bd17db1"
        } ]
      } ],
      "extension": [ {
        "url": "http://hl7.org/fhir/us/cqfmeasures/StructureDefinition/cqfm-inputParameters",
        "valueReference": {
          "reference": "#2c6ab731-6c6a-4e35-974c-ef210686f958-parameters"
        }
      }, {
        "url": "http://hl7.org/fhir/us/cqfmeasures/StructureDefinition/cqfm-testCaseDescription",
        "valueMarkdown": "comfort measures performed relevantPeriod start 1 day after IP encounter and ends null\n"
      } ],
      "modifierExtension": [ {
        "url": "http://hl7.org/fhir/us/cqfmeasures/StructureDefinition/cqfm-isTestCase",
        "valueBoolean": true
      } ],
      "status": "complete",
      "type": "individual",
      "measure": "https://madie.cms.gov/Measure/VenousThromboembolismProphylaxisFHIR",
      "period": {
        "start": "2025-01-01",
        "end": "2025-12-31"
      },
      "group": [ {
        "population": [ {
          "code": {
            "coding": [ {
              "system": "http://terminology.hl7.org/CodeSystem/measure-population",
              "code": "initial-population",
              "display": "Initial Population"
            } ]
          },
          "count": 1
        }, {
          "code": {
            "coding": [ {
              "system": "http://terminology.hl7.org/CodeSystem/measure-population",
              "code": "denominator",
              "display": "Denominator"
            } ]
          },
          "count": 1
        }, {
          "code": {
            "coding": [ {
              "system": "http://terminology.hl7.org/CodeSystem/measure-population",
              "code": "denominator-exclusion",
              "display": "Denominator Exclusion"
            } ]
          },
          "count": 1
        }, {
          "code": {
            "coding": [ {
              "system": "http://terminology.hl7.org/CodeSystem/measure-population",
              "code": "numerator",
              "display": "Numerator"
            } ]
          },
          "count": 0
        } ]
      } ],
      "evaluatedResource": [ {
        "reference": "Patient/8ff3e23e-8064-4132-812e-b69d4bd17db1"
      }, {
        "reference": "Encounter/4b808f29-2db4-4803-8c41-5d44352fe45a"
      }, {
        "reference": "Procedure/ca09849e-6142-413a-8265-cede2bc94c01"
      }, {
        "reference": "Coverage/067246e2-50c8-42fc-94ba-07e8d2193152"
      }, {
        "reference": "Organization/d0d0f7cf-4144-46f0-b30b-cec14988ea65"
      }, {
        "reference": "Practitioner/34a7734a-1cc8-487f-bf46-eea3293294e8"
      } ]
    },
    "request": {
      "method": "PUT",
      "url": "MeasureReport/6b0e80e6-8218-4544-9af7-46158f279f13"
    }
  } ]
}