{
  "resourceType": "Bundle",
  "id": "60abda28bf0a01003e3f76bd",
  "type": "transaction",
  "entry": [ {
    "fullUrl": "https://madie.cms.gov/Patient/7dada0a7-61dd-4375-9863-38d08bd6d676",
    "resource": {
      "resourceType": "Patient",
      "id": "7dada0a7-61dd-4375-9863-38d08bd6d676",
      "meta": {
        "profile": [ "http://hl7.org/fhir/us/qicore/StructureDefinition/qicore-patient" ]
      },
      "extension": [ {
        "url": "http://hl7.org/fhir/us/core/StructureDefinition/us-core-race",
        "extension": [ {
          "url": "ombCategory",
          "valueCoding": {
            "system": "urn:oid:2.16.840.1.113883.6.238",
            "code": "2054-5",
            "display": "Black or African American"
          }
        }, {
          "url": "text",
          "valueString": "Black or African American"
        } ]
      }, {
        "url": "http://hl7.org/fhir/us/core/StructureDefinition/us-core-ethnicity",
        "extension": [ {
          "url": "ombCategory",
          "valueCoding": {
            "system": "urn:oid:2.16.840.1.113883.6.238",
            "code": "2186-5",
            "display": "Not Hispanic or Latino"
          }
        }, {
          "url": "text",
          "valueString": "Not Hispanic or Latino"
        } ]
      } ],
      "identifier": [ {
        "type": {
          "coding": [ {
            "system": "http://terminology.hl7.org/CodeSystem/v2-0203",
            "code": "MR"
          } ]
        },
        "system": "https://bonnie-fhir.healthit.gov/",
        "value": "463131313187656"
      } ],
      "name": [ {
        "family": "NUMERFail",
        "given": [ "DEXAOrdered5YearsAfterADT" ]
      } ],
      "gender": "male",
      "birthDate": "1966-06-15"
    },
    "request": {
      "method": "PUT",
      "url": "Patient/7dada0a7-61dd-4375-9863-38d08bd6d676"
    }
  }, {
    "fullUrl": "https://madie.cms.gov/Encounter/ada034c7-de83-460d-83dd-4326f5f94420",
    "resource": {
      "resourceType": "Encounter",
      "id": "ada034c7-de83-460d-83dd-4326f5f94420",
      "meta": {
        "profile": [ "http://hl7.org/fhir/us/qicore/StructureDefinition/qicore-encounter" ]
      },
      "status": "finished",
      "class": {
        "system": "http://terminology.hl7.org/CodeSystem/v3-ActCode",
        "code": "AMB",
        "display": "ambulatory"
      },
      "type": [ {
        "coding": [ {
          "system": "http://snomed.info/sct",
          "version": "http://snomed.info/sct/731000124108/version/20240301",
          "code": "185463005",
          "display": "Visit out of hours (procedure)"
        } ]
      } ],
      "subject": {
        "reference": "Patient/7dada0a7-61dd-4375-9863-38d08bd6d676"
      },
      "period": {
        "start": "2025-02-04T08:00:00.000+00:00",
        "end": "2025-02-04T08:15:00.000+00:00"
      }
    },
    "request": {
      "method": "PUT",
      "url": "Encounter/ada034c7-de83-460d-83dd-4326f5f94420"
    }
  }, {
    "fullUrl": "https://madie.cms.gov/Condition/c1211f89-d4a6-420a-97ec-67c4fd357e5d",
    "resource": {
      "resourceType": "Condition",
      "id": "c1211f89-d4a6-420a-97ec-67c4fd357e5d",
      "meta": {
        "profile": [ "http://hl7.org/fhir/us/qicore/StructureDefinition/qicore-condition-problems-health-concerns" ]
      },
      "clinicalStatus": {
        "coding": [ {
          "system": "http://terminology.hl7.org/CodeSystem/condition-clinical",
          "code": "active",
          "display": "Active",
          "userSelected": true
        } ]
      },
      "verificationStatus": {
        "coding": [ {
          "system": "http://terminology.hl7.org/CodeSystem/condition-ver-status",
          "code": "confirmed"
        } ]
      },
      "category": [ {
        "coding": [ {
          "system": "http://terminology.hl7.org/CodeSystem/condition-category",
          "code": "problem-list-item",
          "display": "Problem List Item"
        } ]
      } ],
      "code": {
        "coding": [ {
          "system": "http://snomed.info/sct",
          "version": "http://snomed.info/sct/731000124108/version/20240301",
          "code": "254900004",
          "display": "Carcinoma of prostate (disorder)"
        } ]
      },
      "subject": {
        "reference": "Patient/7dada0a7-61dd-4375-9863-38d08bd6d676"
      },
      "onsetPeriod": {
        "start": "2025-02-04T08:00:00.000+00:00"
      }
    },
    "request": {
      "method": "PUT",
      "url": "Condition/c1211f89-d4a6-420a-97ec-67c4fd357e5d"
    }
  }, {
    "fullUrl": "https://madie.cms.gov/Observation/4c3f4437-eba9-427a-9ce4-1f36fb1100ca",
    "resource": {
      "resourceType": "Observation",
      "id": "4c3f4437-eba9-427a-9ce4-1f36fb1100ca",
      "meta": {
        "profile": [ "http://hl7.org/fhir/us/qicore/StructureDefinition/qicore-observation-lab" ]
      },
      "status": "final",
      "category": [ {
        "coding": [ {
          "system": "http://terminology.hl7.org/CodeSystem/observation-category",
          "code": "imaging",
          "display": "Imaging"
        } ]
      } ],
      "code": {
        "coding": [ {
          "system": "http://loinc.org",
          "version": "2.76",
          "code": "38265-5",
          "display": "DXA Radius and Ulna [T-score] Bone density"
        } ]
      },
      "subject": {
        "reference": "Patient/7dada0a7-61dd-4375-9863-38d08bd6d676"
      },
      "effectivePeriod": {
        "start": "2029-05-01T10:00:00.000+00:00"
      }
    },
    "request": {
      "method": "PUT",
      "url": "Observation/4c3f4437-eba9-427a-9ce4-1f36fb1100ca"
    }
  }, {
    "fullUrl": "https://madie.cms.gov/Practitioner/2eff9936-d9e2-487b-90ab-72669a7ee631",
    "resource": {
      "resourceType": "Practitioner",
      "id": "2eff9936-d9e2-487b-90ab-72669a7ee631",
      "meta": {
        "profile": [ "http://hl7.org/fhir/us/qicore/StructureDefinition/qicore-practitioner" ]
      },
      "identifier": [ {
        "use": "temp",
        "system": "urn:oid:2.16.840.1.113883.4.336",
        "value": "Practitioner-23"
      } ],
      "active": true,
      "name": [ {
        "family": "Careful",
        "given": [ "Adam" ],
        "prefix": [ "Dr" ]
      } ],
      "address": [ {
        "use": "home",
        "line": [ "534 Erewhon St" ],
        "city": "PleasantVille",
        "state": "UT",
        "postalCode": "84414"
      } ],
      "qualification": [ {
        "identifier": [ {
          "system": "http://example.org/UniversityIdentifier",
          "value": "12345"
        } ],
        "code": {
          "coding": [ {
            "system": "http://terminology.hl7.org/CodeSystem/v2-0360|2.7",
            "code": "BS",
            "display": "Bachelor of Science"
          } ],
          "text": "Bachelor of Science"
        },
        "period": {
          "start": "1995"
        },
        "issuer": {
          "display": "Example University"
        }
      } ]
    },
    "request": {
      "method": "PUT",
      "url": "Practitioner/2eff9936-d9e2-487b-90ab-72669a7ee631"
    }
  }, {
    "fullUrl": "https://madie.cms.gov/MedicationRequest/5090ebd5-b2b9-4984-81f9-762e6048cb6e",
    "resource": {
      "resourceType": "MedicationRequest",
      "id": "5090ebd5-b2b9-4984-81f9-762e6048cb6e",
      "meta": {
        "profile": [ "http://hl7.org/fhir/us/qicore/StructureDefinition/qicore-medicationrequest" ]
      },
      "status": "active",
      "intent": "order",
      "medicationCodeableConcept": {
        "coding": [ {
          "system": "http://www.nlm.nih.gov/research/umls/rxnorm",
          "version": "04012024",
          "code": "1115257",
          "display": "1.5 ML leuprolide acetate 30 MG/ML Prefilled Syringe"
        } ]
      },
      "subject": {
        "reference": "Patient/7dada0a7-61dd-4375-9863-38d08bd6d676"
      },
      "authoredOn": "2025-02-04T08:00:00.000+00:00",
      "requester": {
        "reference": "http://myGoodHealthcare.com/fhir/Practitioner/2eff9936-d9e2-487b-90ab-72669a7ee631"
      },
      "dosageInstruction": [ {
        "timing": {
          "repeat": {
            "boundsPeriod": {
              "start": "2025-02-04T08:00:00.000+00:00",
              "end": "2025-03-04T08:00:00.000+00:00"
            }
          }
        }
      } ]
    },
    "request": {
      "method": "PUT",
      "url": "MedicationRequest/5090ebd5-b2b9-4984-81f9-762e6048cb6e"
    }
  }, {
    "fullUrl": "https://madie.cms.gov/ServiceRequest/4911a015-27cc-46ca-8f98-4ac48843b0eb",
    "resource": {
      "resourceType": "ServiceRequest",
      "id": "4911a015-27cc-46ca-8f98-4ac48843b0eb",
      "meta": {
        "profile": [ "http://hl7.org/fhir/us/qicore/StructureDefinition/qicore-servicerequest" ]
      },
      "status": "active",
      "intent": "order",
      "code": {
        "coding": [ {
          "system": "http://snomed.info/sct",
          "version": "http://snomed.info/sct/731000124108/version/20240301",
          "code": "456381000124102",
          "display": "Injection of leuprolide acetate for twelve month period (regime/therapy)"
        } ]
      },
      "subject": {
        "reference": "Patient/7dada0a7-61dd-4375-9863-38d08bd6d676"
      },
      "authoredOn": "2025-02-04T08:00:00.000+00:00"
    },
    "request": {
      "method": "PUT",
      "url": "ServiceRequest/4911a015-27cc-46ca-8f98-4ac48843b0eb"
    }
  }, {
    "fullUrl": "https://madie.cms.gov/MeasureReport/7f3f1aa5-8272-42b2-973e-6e60dc455467",
    "resource": {
      "resourceType": "MeasureReport",
      "id": "7f3f1aa5-8272-42b2-973e-6e60dc455467",
      "meta": {
        "profile": [ "http://hl7.org/fhir/us/cqfmeasures/StructureDefinition/test-case-cqfm" ]
      },
      "contained": [ {
        "resourceType": "Parameters",
        "id": "22d0d615-ddbd-4acb-ae66-1347ac52fd27-parameters",
        "parameter": [ {
          "name": "subject",
          "valueString": "7dada0a7-61dd-4375-9863-38d08bd6d676"
        } ]
      } ],
      "extension": [ {
        "url": "http://hl7.org/fhir/us/cqfmeasures/StructureDefinition/cqfm-inputParameters",
        "valueReference": {
          "reference": "#22d0d615-ddbd-4acb-ae66-1347ac52fd27-parameters"
        }
      }, {
        "url": "http://hl7.org/fhir/us/cqfmeasures/StructureDefinition/cqfm-testCaseDescription",
        "valueMarkdown": "Male with PCA.  ADT with 12 month order.DEXA ordered 5 years after ADT. Failed NUMER criteria"
      } ],
      "modifierExtension": [ {
        "url": "http://hl7.org/fhir/us/cqfmeasures/StructureDefinition/cqfm-isTestCase",
        "valueBoolean": true
      } ],
      "status": "complete",
      "type": "individual",
      "measure": "https://madie.cms.gov/Measure/BoneDensityProstateCancerAndrogenDeprivationTherapyFHIR6",
      "period": {
        "start": "2025-01-01",
        "end": "2025-12-31"
      },
      "group": [ {
        "id": "67b61060a0d801640767a597",
        "population": [ {
          "id": "E8F25116-1779-4BA6-B606-34F12AE4F5BA",
          "code": {
            "coding": [ {
              "system": "http://terminology.hl7.org/CodeSystem/measure-population",
              "code": "initial-population",
              "display": "Initial Population"
            } ]
          },
          "count": 1
        }, {
          "id": "1C145A56-9250-4444-A497-86C44F55CFDB",
          "code": {
            "coding": [ {
              "system": "http://terminology.hl7.org/CodeSystem/measure-population",
              "code": "denominator",
              "display": "Denominator"
            } ]
          },
          "count": 1
        }, {
          "id": "B1E0E3D2-D44E-4BFF-92F8-077CF1AE234F",
          "code": {
            "coding": [ {
              "system": "http://terminology.hl7.org/CodeSystem/measure-population",
              "code": "numerator",
              "display": "Numerator"
            } ]
          },
          "count": 0
        }, {
          "id": "A9552F46-139C-4270-835C-224132205362",
          "code": {
            "coding": [ {
              "system": "http://terminology.hl7.org/CodeSystem/measure-population",
              "code": "denominator-exception",
              "display": "Denominator Exception"
            } ]
          },
          "count": 0
        } ],
        "measureScore": {
          "value": 1.0
        }
      } ],
      "evaluatedResource": [ {
        "reference": "Patient/7dada0a7-61dd-4375-9863-38d08bd6d676"
      }, {
        "reference": "Encounter/ada034c7-de83-460d-83dd-4326f5f94420"
      }, {
        "reference": "Condition/c1211f89-d4a6-420a-97ec-67c4fd357e5d"
      }, {
        "reference": "Observation/4c3f4437-eba9-427a-9ce4-1f36fb1100ca"
      }, {
        "reference": "Practitioner/2eff9936-d9e2-487b-90ab-72669a7ee631"
      }, {
        "reference": "MedicationRequest/5090ebd5-b2b9-4984-81f9-762e6048cb6e"
      }, {
        "reference": "ServiceRequest/4911a015-27cc-46ca-8f98-4ac48843b0eb"
      } ]
    },
    "request": {
      "method": "PUT",
      "url": "MeasureReport/7f3f1aa5-8272-42b2-973e-6e60dc455467"
    }
  } ]
}