{
  "resourceType": "Bundle",
  "id": "60abda28bf0a01003e3f76bd",
  "type": "transaction",
  "entry": [ {
    "fullUrl": "https://madie.cms.gov/Patient/7dada0a7-61dd-4375-9863-38d08bd6d676",
    "resource": {
      "resourceType": "Patient",
      "id": "7dada0a7-61dd-4375-9863-38d08bd6d676",
      "meta": {
        "profile": [ "http://hl7.org/fhir/us/qicore/StructureDefinition/qicore-patient" ]
      },
      "extension": [ {
        "url": "http://hl7.org/fhir/us/core/StructureDefinition/us-core-race",
        "extension": [ {
          "url": "ombCategory",
          "valueCoding": {
            "system": "urn:oid:2.16.840.1.113883.6.238",
            "code": "2054-5",
            "display": "Black or African American"
          }
        }, {
          "url": "text",
          "valueString": "Black or African American"
        } ]
      }, {
        "url": "http://hl7.org/fhir/us/core/StructureDefinition/us-core-ethnicity",
        "extension": [ {
          "url": "ombCategory",
          "valueCoding": {
            "system": "urn:oid:2.16.840.1.113883.6.238",
            "code": "2186-5",
            "display": "Not Hispanic or Latino"
          }
        }, {
          "url": "text",
          "valueString": "Not Hispanic or Latino"
        } ]
      } ],
      "identifier": [ {
        "type": {
          "coding": [ {
            "system": "http://terminology.hl7.org/CodeSystem/v2-0203",
            "code": "MR"
          } ]
        },
        "system": "https://bonnie-fhir.healthit.gov/",
        "value": "463131313187656"
      } ],
      "name": [ {
        "family": "NUMERFail",
        "given": [ "DEXAOrdered5YearsAfterADT" ]
      } ],
      "gender": "male",
      "birthDate": "1967-06-15"
    },
    "request": {
      "method": "PUT",
      "url": "Patient/7dada0a7-61dd-4375-9863-38d08bd6d676"
    }
  }, {
    "fullUrl": "https://madie.cms.gov/Encounter/7163e555-24a4-4c13-96ab-4c466b46b6fb",
    "resource": {
      "resourceType": "Encounter",
      "id": "7163e555-24a4-4c13-96ab-4c466b46b6fb",
      "meta": {
        "profile": [ "http://hl7.org/fhir/us/qicore/StructureDefinition/qicore-encounter" ]
      },
      "status": "finished",
      "class": {
        "system": "http://terminology.hl7.org/CodeSystem/v3-ActCode",
        "code": "AMB",
        "display": "ambulatory"
      },
      "type": [ {
        "coding": [ {
          "system": "http://snomed.info/sct",
          "version": "http://snomed.info/sct/731000124108/version/20240301",
          "code": "185463005",
          "display": "Visit out of hours (procedure)"
        } ]
      } ],
      "subject": {
        "reference": "Patient/7dada0a7-61dd-4375-9863-38d08bd6d676"
      },
      "period": {
        "start": "2026-02-04T08:00:00.000+00:00",
        "end": "2026-02-04T08:15:00.000+00:00"
      }
    },
    "request": {
      "method": "PUT",
      "url": "Encounter/7163e555-24a4-4c13-96ab-4c466b46b6fb"
    }
  }, {
    "fullUrl": "https://madie.cms.gov/Condition/babeca69-8a7d-4b67-8d19-a3257d95b1ef",
    "resource": {
      "resourceType": "Condition",
      "id": "babeca69-8a7d-4b67-8d19-a3257d95b1ef",
      "meta": {
        "profile": [ "http://hl7.org/fhir/us/qicore/StructureDefinition/qicore-condition-problems-health-concerns" ]
      },
      "clinicalStatus": {
        "coding": [ {
          "system": "http://terminology.hl7.org/CodeSystem/condition-clinical",
          "code": "active",
          "display": "Active",
          "userSelected": true
        } ]
      },
      "verificationStatus": {
        "coding": [ {
          "system": "http://terminology.hl7.org/CodeSystem/condition-ver-status",
          "code": "confirmed"
        } ]
      },
      "category": [ {
        "coding": [ {
          "system": "http://terminology.hl7.org/CodeSystem/condition-category",
          "code": "problem-list-item",
          "display": "Problem List Item"
        } ]
      } ],
      "code": {
        "coding": [ {
          "system": "http://snomed.info/sct",
          "version": "http://snomed.info/sct/731000124108/version/20240301",
          "code": "254900004",
          "display": "Carcinoma of prostate (disorder)"
        } ]
      },
      "subject": {
        "reference": "Patient/7dada0a7-61dd-4375-9863-38d08bd6d676"
      },
      "onsetPeriod": {
        "start": "2026-02-04T08:00:00.000+00:00"
      }
    },
    "request": {
      "method": "PUT",
      "url": "Condition/babeca69-8a7d-4b67-8d19-a3257d95b1ef"
    }
  }, {
    "fullUrl": "https://madie.cms.gov/Observation/bed734b9-51ed-4f04-94f3-260661ea9d47",
    "resource": {
      "resourceType": "Observation",
      "id": "bed734b9-51ed-4f04-94f3-260661ea9d47",
      "meta": {
        "profile": [ "http://hl7.org/fhir/us/qicore/StructureDefinition/qicore-observation-lab" ]
      },
      "status": "final",
      "category": [ {
        "coding": [ {
          "system": "http://terminology.hl7.org/CodeSystem/observation-category",
          "code": "imaging",
          "display": "Imaging"
        } ]
      } ],
      "code": {
        "coding": [ {
          "system": "http://loinc.org",
          "version": "2.76",
          "code": "38265-5",
          "display": "DXA Radius and Ulna [T-score] Bone density"
        } ]
      },
      "subject": {
        "reference": "Patient/7dada0a7-61dd-4375-9863-38d08bd6d676"
      },
      "effectivePeriod": {
        "start": "2030-05-01T10:00:00.000+00:00"
      }
    },
    "request": {
      "method": "PUT",
      "url": "Observation/bed734b9-51ed-4f04-94f3-260661ea9d47"
    }
  }, {
    "fullUrl": "https://madie.cms.gov/Practitioner/655c63ec-76d2-469d-9558-1873c5788f0b",
    "resource": {
      "resourceType": "Practitioner",
      "id": "655c63ec-76d2-469d-9558-1873c5788f0b",
      "meta": {
        "profile": [ "http://hl7.org/fhir/us/qicore/StructureDefinition/qicore-practitioner" ]
      },
      "identifier": [ {
        "use": "temp",
        "system": "urn:oid:2.16.840.1.113883.4.336",
        "value": "Practitioner-23"
      } ],
      "active": true,
      "name": [ {
        "family": "Careful",
        "given": [ "Adam" ],
        "prefix": [ "Dr" ]
      } ],
      "address": [ {
        "use": "home",
        "line": [ "534 Erewhon St" ],
        "city": "PleasantVille",
        "state": "UT",
        "postalCode": "84414"
      } ],
      "qualification": [ {
        "identifier": [ {
          "system": "http://example.org/UniversityIdentifier",
          "value": "12345"
        } ],
        "code": {
          "coding": [ {
            "system": "http://terminology.hl7.org/CodeSystem/v2-0360|2.7",
            "code": "BS",
            "display": "Bachelor of Science"
          } ],
          "text": "Bachelor of Science"
        },
        "period": {
          "start": "1996"
        },
        "issuer": {
          "display": "Example University"
        }
      } ]
    },
    "request": {
      "method": "PUT",
      "url": "Practitioner/655c63ec-76d2-469d-9558-1873c5788f0b"
    }
  }, {
    "fullUrl": "https://madie.cms.gov/MedicationRequest/5d6cd8fc-b3b6-48fe-a743-fedfd1041b78",
    "resource": {
      "resourceType": "MedicationRequest",
      "id": "5d6cd8fc-b3b6-48fe-a743-fedfd1041b78",
      "meta": {
        "profile": [ "http://hl7.org/fhir/us/qicore/StructureDefinition/qicore-medicationrequest" ]
      },
      "status": "active",
      "intent": "order",
      "medicationCodeableConcept": {
        "coding": [ {
          "system": "http://www.nlm.nih.gov/research/umls/rxnorm",
          "version": "04012024",
          "code": "1115257",
          "display": "1.5 ML leuprolide acetate 30 MG/ML Prefilled Syringe"
        } ]
      },
      "subject": {
        "reference": "Patient/7dada0a7-61dd-4375-9863-38d08bd6d676"
      },
      "authoredOn": "2026-02-04T08:00:00.000+00:00",
      "requester": {
        "reference": "http://myGoodHealthcare.com/fhir/Practitioner/655c63ec-76d2-469d-9558-1873c5788f0b"
      },
      "dosageInstruction": [ {
        "timing": {
          "repeat": {
            "boundsPeriod": {
              "start": "2026-02-04T08:00:00.000+00:00",
              "end": "2026-03-04T08:00:00.000+00:00"
            }
          }
        }
      } ]
    },
    "request": {
      "method": "PUT",
      "url": "MedicationRequest/5d6cd8fc-b3b6-48fe-a743-fedfd1041b78"
    }
  }, {
    "fullUrl": "https://madie.cms.gov/ServiceRequest/a7d8a942-5f2d-4ce1-b28a-716c111e50ee",
    "resource": {
      "resourceType": "ServiceRequest",
      "id": "a7d8a942-5f2d-4ce1-b28a-716c111e50ee",
      "meta": {
        "profile": [ "http://hl7.org/fhir/us/qicore/StructureDefinition/qicore-servicerequest" ]
      },
      "status": "active",
      "intent": "order",
      "code": {
        "coding": [ {
          "system": "http://snomed.info/sct",
          "version": "http://snomed.info/sct/731000124108/version/20240301",
          "code": "456381000124102",
          "display": "Injection of leuprolide acetate for twelve month period (regime/therapy)"
        } ]
      },
      "subject": {
        "reference": "Patient/7dada0a7-61dd-4375-9863-38d08bd6d676"
      },
      "authoredOn": "2026-02-04T08:00:00.000+00:00"
    },
    "request": {
      "method": "PUT",
      "url": "ServiceRequest/a7d8a942-5f2d-4ce1-b28a-716c111e50ee"
    }
  }, {
    "fullUrl": "https://madie.cms.gov/MeasureReport/08f88be4-7a08-4411-89e6-2ab9fe2f938f",
    "resource": {
      "resourceType": "MeasureReport",
      "id": "08f88be4-7a08-4411-89e6-2ab9fe2f938f",
      "meta": {
        "profile": [ "http://hl7.org/fhir/us/cqfmeasures/StructureDefinition/test-case-cqfm" ]
      },
      "contained": [ {
        "resourceType": "Parameters",
        "id": "bb5272e5-5905-490f-b129-ce128ed378cc-parameters",
        "parameter": [ {
          "name": "subject",
          "valueString": "7dada0a7-61dd-4375-9863-38d08bd6d676"
        } ]
      } ],
      "extension": [ {
        "url": "http://hl7.org/fhir/StructureDefinition/cqf-inputParameters",
        "valueReference": {
          "reference": "#bb5272e5-5905-490f-b129-ce128ed378cc-parameters"
        }
      }, {
        "url": "http://hl7.org/fhir/us/cqfmeasures/StructureDefinition/cqfm-testCaseDescription",
        "valueMarkdown": "Male with PCA.  ADT with 12 month order.DEXA ordered 5 years after ADT. Failed NUMER criteria"
      } ],
      "modifierExtension": [ {
        "url": "http://hl7.org/fhir/us/cqfmeasures/StructureDefinition/cqfm-isTestCase",
        "valueBoolean": true
      } ],
      "status": "complete",
      "type": "individual",
      "measure": "https://madie.cms.gov/Measure/BoneDensityProstateCancerAndrogenDeprivationTherapyFHIR6",
      "period": {
        "start": "2026-01-01",
        "end": "2026-12-31"
      },
      "group": [ {
        "id": "Group_1",
        "population": [ {
          "id": "InitialPopulation_1",
          "code": {
            "coding": [ {
              "system": "http://terminology.hl7.org/CodeSystem/measure-population",
              "code": "initial-population",
              "display": "Initial Population"
            } ]
          },
          "count": 1
        }, {
          "id": "Denominator_1",
          "code": {
            "coding": [ {
              "system": "http://terminology.hl7.org/CodeSystem/measure-population",
              "code": "denominator",
              "display": "Denominator"
            } ]
          },
          "count": 1
        }, {
          "id": "Numerator_1",
          "code": {
            "coding": [ {
              "system": "http://terminology.hl7.org/CodeSystem/measure-population",
              "code": "numerator",
              "display": "Numerator"
            } ]
          },
          "count": 0
        }, {
          "id": "DenominatorException_1",
          "code": {
            "coding": [ {
              "system": "http://terminology.hl7.org/CodeSystem/measure-population",
              "code": "denominator-exception",
              "display": "Denominator Exception"
            } ]
          },
          "count": 0
        } ],
        "measureScore": {
          "value": 1.0
        }
      } ],
      "evaluatedResource": [ {
        "reference": "Patient/7dada0a7-61dd-4375-9863-38d08bd6d676"
      }, {
        "reference": "Encounter/7163e555-24a4-4c13-96ab-4c466b46b6fb"
      }, {
        "reference": "Condition/babeca69-8a7d-4b67-8d19-a3257d95b1ef"
      }, {
        "reference": "Observation/bed734b9-51ed-4f04-94f3-260661ea9d47"
      }, {
        "reference": "Practitioner/655c63ec-76d2-469d-9558-1873c5788f0b"
      }, {
        "reference": "MedicationRequest/5d6cd8fc-b3b6-48fe-a743-fedfd1041b78"
      }, {
        "reference": "ServiceRequest/a7d8a942-5f2d-4ce1-b28a-716c111e50ee"
      } ]
    },
    "request": {
      "method": "PUT",
      "url": "MeasureReport/08f88be4-7a08-4411-89e6-2ab9fe2f938f"
    }
  } ]
}