{
  "resourceType": "Bundle",
  "id": "62bb3859e8081f5ef5e199f5",
  "type": "transaction",
  "entry": [ {
    "fullUrl": "https://madie.cms.gov/Patient/2e85a096-f00c-48ce-8911-1691a916ab42",
    "resource": {
      "resourceType": "Patient",
      "id": "2e85a096-f00c-48ce-8911-1691a916ab42",
      "meta": {
        "profile": [ "http://hl7.org/fhir/us/qicore/StructureDefinition/qicore-patient" ]
      },
      "extension": [ {
        "url": "http://hl7.org/fhir/us/core/StructureDefinition/us-core-race",
        "extension": [ {
          "url": "ombCategory",
          "valueCoding": {
            "system": "urn:oid:2.16.840.1.113883.6.238",
            "code": "1002-5",
            "display": "American Indian or Alaska Native",
            "userSelected": true
          }
        }, {
          "url": "text",
          "valueString": "American Indian or Alaska Native"
        } ]
      }, {
        "url": "http://hl7.org/fhir/us/core/StructureDefinition/us-core-ethnicity",
        "extension": [ {
          "url": "ombCategory",
          "valueCoding": {
            "system": "urn:oid:2.16.840.1.113883.6.238",
            "code": "2135-2",
            "display": "Hispanic or Latino",
            "userSelected": true
          }
        }, {
          "url": "text",
          "valueString": "Hispanic or Latino"
        } ]
      } ],
      "identifier": [ {
        "type": {
          "coding": [ {
            "system": "http://terminology.hl7.org/CodeSystem/v2-0203",
            "code": "MR"
          } ]
        },
        "system": "https://bonnie-fhir.healthit.gov/",
        "value": "62bb3859e8081f5ef5e199f5"
      } ],
      "name": [ {
        "family": "IPPFail",
        "given": [ "NoADTInMP" ]
      } ],
      "gender": "male",
      "birthDate": "1961-07-19"
    },
    "request": {
      "method": "PUT",
      "url": "Patient/2e85a096-f00c-48ce-8911-1691a916ab42"
    }
  }, {
    "fullUrl": "https://madie.cms.gov/Encounter/fdb2946b-a55f-43c6-b574-32e1518b1204",
    "resource": {
      "resourceType": "Encounter",
      "id": "fdb2946b-a55f-43c6-b574-32e1518b1204",
      "meta": {
        "profile": [ "http://hl7.org/fhir/us/qicore/StructureDefinition/qicore-encounter" ]
      },
      "status": "finished",
      "class": {
        "system": "http://terminology.hl7.org/CodeSystem/v3-ActCode",
        "code": "AMB",
        "display": "ambulatory"
      },
      "type": [ {
        "coding": [ {
          "system": "http://snomed.info/sct",
          "version": "http://snomed.info/sct/731000124108/version/20240401",
          "code": "185463005",
          "display": "Visit out of hours (procedure)",
          "userSelected": true
        } ]
      } ],
      "subject": {
        "reference": "Patient/2e85a096-f00c-48ce-8911-1691a916ab42"
      },
      "period": {
        "start": "2025-09-29T08:00:00.000+00:00",
        "end": "2025-09-29T08:15:00.000+00:00"
      }
    },
    "request": {
      "method": "PUT",
      "url": "Encounter/fdb2946b-a55f-43c6-b574-32e1518b1204"
    }
  }, {
    "fullUrl": "https://madie.cms.gov/Condition/775d7bcd-ddf0-4ca1-871c-234faef51eb5",
    "resource": {
      "resourceType": "Condition",
      "id": "775d7bcd-ddf0-4ca1-871c-234faef51eb5",
      "meta": {
        "profile": [ "http://hl7.org/fhir/us/qicore/StructureDefinition/qicore-condition-problems-health-concerns" ]
      },
      "clinicalStatus": {
        "coding": [ {
          "system": "http://terminology.hl7.org/CodeSystem/condition-clinical",
          "code": "active",
          "display": "Active",
          "userSelected": true
        } ]
      },
      "verificationStatus": {
        "coding": [ {
          "system": "http://terminology.hl7.org/CodeSystem/condition-ver-status",
          "code": "confirmed",
          "display": "Confirmed",
          "userSelected": true
        } ]
      },
      "category": [ {
        "coding": [ {
          "system": "http://terminology.hl7.org/CodeSystem/condition-category",
          "code": "problem-list-item",
          "display": "Problem List Item"
        } ]
      } ],
      "code": {
        "coding": [ {
          "system": "http://snomed.info/sct",
          "version": "http://snomed.info/sct/731000124108/version/20240401",
          "code": "254900004",
          "display": "Carcinoma of prostate (disorder)",
          "userSelected": true
        } ]
      },
      "subject": {
        "reference": "Patient/2e85a096-f00c-48ce-8911-1691a916ab42"
      },
      "onsetPeriod": {
        "start": "2025-07-25T08:00:00.000+00:00"
      }
    },
    "request": {
      "method": "PUT",
      "url": "Condition/775d7bcd-ddf0-4ca1-871c-234faef51eb5"
    }
  }, {
    "fullUrl": "https://madie.cms.gov/ServiceRequest/8c07c669-62d1-4ee4-a6ee-8fbd086f4ffd",
    "resource": {
      "resourceType": "ServiceRequest",
      "id": "8c07c669-62d1-4ee4-a6ee-8fbd086f4ffd",
      "meta": {
        "profile": [ "http://hl7.org/fhir/us/qicore/StructureDefinition/qicore-servicerequest" ]
      },
      "status": "active",
      "intent": "order",
      "code": {
        "coding": [ {
          "system": "http://snomed.info/sct",
          "code": "456381000124102",
          "display": "Injection of leuprolide acetate for twelve month period (regime/therapy)",
          "userSelected": true
        } ]
      },
      "subject": {
        "reference": "Patient/2e85a096-f00c-48ce-8911-1691a916ab42"
      },
      "authoredOn": "2025-09-25T08:00:00.000+00:00"
    },
    "request": {
      "method": "PUT",
      "url": "ServiceRequest/8c07c669-62d1-4ee4-a6ee-8fbd086f4ffd"
    }
  }, {
    "fullUrl": "https://madie.cms.gov/MeasureReport/9e268acf-0fde-4243-b410-56347388c79a",
    "resource": {
      "resourceType": "MeasureReport",
      "id": "9e268acf-0fde-4243-b410-56347388c79a",
      "meta": {
        "profile": [ "http://hl7.org/fhir/us/cqfmeasures/StructureDefinition/test-case-cqfm" ]
      },
      "contained": [ {
        "resourceType": "Parameters",
        "id": "cbc7a497-4280-4cfa-9400-27cc40f57749-parameters",
        "parameter": [ {
          "name": "subject",
          "valueString": "2e85a096-f00c-48ce-8911-1691a916ab42"
        } ]
      } ],
      "extension": [ {
        "url": "http://hl7.org/fhir/us/cqfmeasures/StructureDefinition/cqfm-inputParameters",
        "valueReference": {
          "reference": "#cbc7a497-4280-4cfa-9400-27cc40f57749-parameters"
        }
      }, {
        "url": "http://hl7.org/fhir/us/cqfmeasures/StructureDefinition/cqfm-testCaseDescription",
        "valueMarkdown": "Dx of Prostate Cancer with qualifying encounter(s) in MP, but no ADT during MP"
      } ],
      "modifierExtension": [ {
        "url": "http://hl7.org/fhir/us/cqfmeasures/StructureDefinition/cqfm-isTestCase",
        "valueBoolean": true
      } ],
      "status": "complete",
      "type": "individual",
      "measure": "https://madie.cms.gov/Measure/BoneDensityProstateCancerAndrogenDeprivationTherapyFHIR6",
      "period": {
        "start": "2025-01-01",
        "end": "2025-12-31"
      },
      "group": [ {
        "id": "67b61060a0d801640767a597",
        "population": [ {
          "id": "E8F25116-1779-4BA6-B606-34F12AE4F5BA",
          "code": {
            "coding": [ {
              "system": "http://terminology.hl7.org/CodeSystem/measure-population",
              "code": "initial-population",
              "display": "Initial Population"
            } ]
          },
          "count": 0
        }, {
          "id": "1C145A56-9250-4444-A497-86C44F55CFDB",
          "code": {
            "coding": [ {
              "system": "http://terminology.hl7.org/CodeSystem/measure-population",
              "code": "denominator",
              "display": "Denominator"
            } ]
          },
          "count": 0
        }, {
          "id": "B1E0E3D2-D44E-4BFF-92F8-077CF1AE234F",
          "code": {
            "coding": [ {
              "system": "http://terminology.hl7.org/CodeSystem/measure-population",
              "code": "numerator",
              "display": "Numerator"
            } ]
          },
          "count": 0
        }, {
          "id": "A9552F46-139C-4270-835C-224132205362",
          "code": {
            "coding": [ {
              "system": "http://terminology.hl7.org/CodeSystem/measure-population",
              "code": "denominator-exception",
              "display": "Denominator Exception"
            } ]
          },
          "count": 0
        } ],
        "measureScore": {
          "value": 1.0
        }
      } ],
      "evaluatedResource": [ {
        "reference": "Patient/2e85a096-f00c-48ce-8911-1691a916ab42"
      }, {
        "reference": "Encounter/fdb2946b-a55f-43c6-b574-32e1518b1204"
      }, {
        "reference": "Condition/775d7bcd-ddf0-4ca1-871c-234faef51eb5"
      }, {
        "reference": "ServiceRequest/8c07c669-62d1-4ee4-a6ee-8fbd086f4ffd"
      } ]
    },
    "request": {
      "method": "PUT",
      "url": "MeasureReport/9e268acf-0fde-4243-b410-56347388c79a"
    }
  } ]
}