{
  "resourceType": "Bundle",
  "id": "612e6a6a02c62a011f2ea049",
  "type": "transaction",
  "entry": [ {
    "fullUrl": "https://madie.cms.gov/Patient/0d3bfa1b-daf7-4a24-81f7-cfc47226af1b",
    "resource": {
      "resourceType": "Patient",
      "id": "0d3bfa1b-daf7-4a24-81f7-cfc47226af1b",
      "meta": {
        "profile": [ "http://hl7.org/fhir/us/qicore/StructureDefinition/qicore-patient" ]
      },
      "text": {
        "status": "generated",
        "div": "<div xmlns=\"http://www.w3.org/1999/xhtml\"><div class=\"hapiHeaderText\">MA_Glyco_IPEnc_MedAdmRvltDT <b>NUMERPASS </b></div><table class=\"hapiPropertyTable\"><tbody><tr><td>Identifier</td><td>f3f0e593658312f8c4ef6efb1bb1d75a</td></tr><tr><td>Date of birth</td><td><span>02 January 1974</span></td></tr></tbody></table></div>"
      },
      "extension": [ {
        "url": "http://hl7.org/fhir/us/core/StructureDefinition/us-core-race",
        "extension": [ {
          "url": "ombCategory",
          "valueCoding": {
            "system": "urn:oid:2.16.840.1.113883.6.238",
            "code": "1002-5",
            "display": "American Indian or Alaska Native",
            "userSelected": true
          }
        }, {
          "url": "text",
          "valueString": "American Indian or Alaska Native"
        } ]
      }, {
        "url": "http://hl7.org/fhir/us/core/StructureDefinition/us-core-ethnicity",
        "extension": [ {
          "url": "ombCategory",
          "valueCoding": {
            "system": "urn:oid:2.16.840.1.113883.6.238",
            "code": "2135-2",
            "display": "Hispanic or Latino",
            "userSelected": true
          }
        }, {
          "url": "text",
          "valueString": "Hispanic or Latino"
        } ]
      } ],
      "identifier": [ {
        "type": {
          "coding": [ {
            "system": "http://terminology.hl7.org/CodeSystem/v2-0203",
            "code": "MR"
          } ]
        },
        "system": "https://bonnie-fhir.healthit.gov/",
        "value": "612e6a6a02c62a011f2ea049"
      } ],
      "active": true,
      "name": [ {
        "use": "usual",
        "family": "NUMERPass",
        "given": [ "MA_Glyco_IPEnc_MedAdmRvltDT" ]
      } ],
      "gender": "male",
      "birthDate": "1974-01-02"
    },
    "request": {
      "method": "PUT",
      "url": "Patient/0d3bfa1b-daf7-4a24-81f7-cfc47226af1b"
    }
  }, {
    "fullUrl": "https://madie.cms.gov/Encounter/0e4a7666-5b7d-4189-91c3-26c9b82b30d1",
    "resource": {
      "resourceType": "Encounter",
      "id": "0e4a7666-5b7d-4189-91c3-26c9b82b30d1",
      "meta": {
        "profile": [ "http://hl7.org/fhir/us/qicore/StructureDefinition/qicore-encounter" ]
      },
      "status": "finished",
      "class": {
        "system": "http://terminology.hl7.org/CodeSystem/v3-ActCode",
        "code": "IMP",
        "display": "inpatient encounter"
      },
      "type": [ {
        "coding": [ {
          "system": "http://snomed.info/sct",
          "code": "8715000"
        } ]
      } ],
      "subject": {
        "reference": "Patient/0d3bfa1b-daf7-4a24-81f7-cfc47226af1b"
      },
      "period": {
        "start": "2025-11-01T08:00:00+00:00",
        "end": "2025-11-26T08:15:00+00:00"
      },
      "length": {
        "value": 25.0,
        "unit": "days"
      }
    },
    "request": {
      "method": "PUT",
      "url": "Encounter/0e4a7666-5b7d-4189-91c3-26c9b82b30d1"
    }
  }, {
    "fullUrl": "https://madie.cms.gov/Coverage/24c9e999-a854-40a8-823f-a32376b7c831",
    "resource": {
      "resourceType": "Coverage",
      "id": "24c9e999-a854-40a8-823f-a32376b7c831",
      "status": "active",
      "beneficiary": {
        "reference": "Patient/0d3bfa1b-daf7-4a24-81f7-cfc47226af1b"
      },
      "period": {
        "start": "1974-01-02T08:00:00+00:00"
      },
      "payor": [ {
        "reference": "Organization/39457982-779b-4738-8350-d8357e09c370"
      } ]
    },
    "request": {
      "method": "PUT",
      "url": "Coverage/24c9e999-a854-40a8-823f-a32376b7c831"
    }
  }, {
    "fullUrl": "https://madie.cms.gov/MedicationAdministration/f0091182-b533-4c0e-8e1f-76859ac834b0",
    "resource": {
      "resourceType": "MedicationAdministration",
      "id": "f0091182-b533-4c0e-8e1f-76859ac834b0",
      "meta": {
        "profile": [ "http://hl7.org/fhir/us/qicore/StructureDefinition/qicore-medicationadministration" ]
      },
      "status": "completed",
      "medicationCodeableConcept": {
        "coding": [ {
          "system": "http://www.nlm.nih.gov/research/umls/rxnorm",
          "code": "200349"
        } ]
      },
      "subject": {
        "reference": "Patient/0d3bfa1b-daf7-4a24-81f7-cfc47226af1b"
      },
      "effectiveDateTime": "2025-11-01T09:00:00+00:00"
    },
    "request": {
      "method": "PUT",
      "url": "MedicationAdministration/f0091182-b533-4c0e-8e1f-76859ac834b0"
    }
  }, {
    "fullUrl": "https://madie.cms.gov/Organization/39457982-779b-4738-8350-d8357e09c370",
    "resource": {
      "resourceType": "Organization",
      "id": "39457982-779b-4738-8350-d8357e09c370",
      "meta": {
        "profile": [ "http://hl7.org/fhir/us/qicore/StructureDefinition/qicore-organization" ]
      },
      "identifier": [ {
        "use": "temp",
        "system": "urn:oid:2.16.840.1.113883.4.4",
        "value": "21-3259825"
      } ],
      "active": true,
      "type": [ {
        "coding": [ {
          "system": "http://terminology.hl7.org/CodeSystem/organization-type",
          "code": "pay",
          "display": "Payer"
        } ]
      } ],
      "name": "Blue Cross Blue Shield of Texas",
      "telecom": [ {
        "system": "phone",
        "value": "(+1) 972-766-6900"
      } ],
      "address": [ {
        "use": "billing",
        "type": "postal",
        "line": [ "P.O. Box 660044" ],
        "city": "Dallas",
        "state": "TX",
        "postalCode": "75266-0044",
        "country": "USA"
      } ]
    },
    "request": {
      "method": "PUT",
      "url": "Organization/39457982-779b-4738-8350-d8357e09c370"
    }
  }, {
    "fullUrl": "https://madie.cms.gov/Practitioner/2add145b-8029-4960-a767-42f3299e49de",
    "resource": {
      "resourceType": "Practitioner",
      "id": "2add145b-8029-4960-a767-42f3299e49de",
      "identifier": [ {
        "system": "http://hl7.org/fhir/sid/us-npi",
        "value": "123456"
      } ],
      "name": [ {
        "family": "Evil",
        "prefix": [ "Dr" ]
      } ]
    },
    "request": {
      "method": "PUT",
      "url": "Practitioner/2add145b-8029-4960-a767-42f3299e49de"
    }
  }, {
    "fullUrl": "https://madie.cms.gov/MeasureReport/d610130c-e0de-41e6-b79b-62d811158198",
    "resource": {
      "resourceType": "MeasureReport",
      "id": "d610130c-e0de-41e6-b79b-62d811158198",
      "meta": {
        "profile": [ "http://hl7.org/fhir/us/cqfmeasures/StructureDefinition/test-case-cqfm" ]
      },
      "contained": [ {
        "resourceType": "Parameters",
        "id": "4fdc3dae-f649-4104-9f7f-7be6f1e5c49c-parameters",
        "parameter": [ {
          "name": "subject",
          "valueString": "0d3bfa1b-daf7-4a24-81f7-cfc47226af1b"
        } ]
      } ],
      "extension": [ {
        "url": "http://hl7.org/fhir/us/cqfmeasures/StructureDefinition/cqfm-inputParameters",
        "valueReference": {
          "reference": "#4fdc3dae-f649-4104-9f7f-7be6f1e5c49c-parameters"
        }
      }, {
        "url": "http://hl7.org/fhir/us/cqfmeasures/StructureDefinition/cqfm-testCaseDescription",
        "valueMarkdown": "glycoprotein IIb/IIIa inibitor =0  day after start of IP encounter\n"
      } ],
      "modifierExtension": [ {
        "url": "http://hl7.org/fhir/us/cqfmeasures/StructureDefinition/cqfm-isTestCase",
        "valueBoolean": true
      } ],
      "status": "complete",
      "type": "individual",
      "measure": "https://madie.cms.gov/Measure/VenousThromboembolismProphylaxisFHIR",
      "period": {
        "start": "2025-01-01",
        "end": "2025-12-31"
      },
      "group": [ {
        "population": [ {
          "code": {
            "coding": [ {
              "system": "http://terminology.hl7.org/CodeSystem/measure-population",
              "code": "initial-population",
              "display": "Initial Population"
            } ]
          },
          "count": 1
        }, {
          "code": {
            "coding": [ {
              "system": "http://terminology.hl7.org/CodeSystem/measure-population",
              "code": "denominator",
              "display": "Denominator"
            } ]
          },
          "count": 1
        }, {
          "code": {
            "coding": [ {
              "system": "http://terminology.hl7.org/CodeSystem/measure-population",
              "code": "denominator-exclusion",
              "display": "Denominator Exclusion"
            } ]
          },
          "count": 0
        }, {
          "code": {
            "coding": [ {
              "system": "http://terminology.hl7.org/CodeSystem/measure-population",
              "code": "numerator",
              "display": "Numerator"
            } ]
          },
          "count": 1
        } ]
      } ],
      "evaluatedResource": [ {
        "reference": "Patient/0d3bfa1b-daf7-4a24-81f7-cfc47226af1b"
      }, {
        "reference": "Encounter/0e4a7666-5b7d-4189-91c3-26c9b82b30d1"
      }, {
        "reference": "Coverage/24c9e999-a854-40a8-823f-a32376b7c831"
      }, {
        "reference": "MedicationAdministration/f0091182-b533-4c0e-8e1f-76859ac834b0"
      }, {
        "reference": "Organization/39457982-779b-4738-8350-d8357e09c370"
      }, {
        "reference": "Practitioner/2add145b-8029-4960-a767-42f3299e49de"
      } ]
    },
    "request": {
      "method": "PUT",
      "url": "MeasureReport/d610130c-e0de-41e6-b79b-62d811158198"
    }
  } ]
}