{
  "resourceType": "Bundle",
  "id": "612e6b0202c62a011f2ec156",
  "type": "transaction",
  "entry": [ {
    "fullUrl": "https://madie.cms.gov/Patient/ceacc415-9eeb-43a8-b3b0-87f7a1ccea2c",
    "resource": {
      "resourceType": "Patient",
      "id": "ceacc415-9eeb-43a8-b3b0-87f7a1ccea2c",
      "meta": {
        "profile": [ "http://hl7.org/fhir/us/qicore/StructureDefinition/qicore-patient" ]
      },
      "text": {
        "status": "generated",
        "div": "<div xmlns=\"http://www.w3.org/1999/xhtml\"><div class=\"hapiHeaderText\">SCIP_HipFxRank=1 <b>DENEXPASS </b></div><table class=\"hapiPropertyTable\"><tbody><tr><td>Identifier</td><td>66c70c125db369967b4b164e75338304</td></tr><tr><td>Date of birth</td><td><span>01 September 2000</span></td></tr></tbody></table></div>"
      },
      "extension": [ {
        "url": "http://hl7.org/fhir/us/core/StructureDefinition/us-core-race",
        "extension": [ {
          "url": "ombCategory",
          "valueCoding": {
            "system": "urn:oid:2.16.840.1.113883.6.238",
            "code": "1002-5",
            "display": "American Indian or Alaska Native",
            "userSelected": true
          }
        }, {
          "url": "text",
          "valueString": "American Indian or Alaska Native"
        } ]
      }, {
        "url": "http://hl7.org/fhir/us/core/StructureDefinition/us-core-ethnicity",
        "extension": [ {
          "url": "ombCategory",
          "valueCoding": {
            "system": "urn:oid:2.16.840.1.113883.6.238",
            "code": "2135-2",
            "display": "Hispanic or Latino",
            "userSelected": true
          }
        }, {
          "url": "text",
          "valueString": "Hispanic or Latino"
        } ]
      } ],
      "identifier": [ {
        "type": {
          "coding": [ {
            "system": "http://terminology.hl7.org/CodeSystem/v2-0203",
            "code": "MR"
          } ]
        },
        "system": "https://bonnie-fhir.healthit.gov/",
        "value": "612e6b0202c62a011f2ec156"
      } ],
      "active": true,
      "name": [ {
        "use": "usual",
        "family": "DENEXPass ",
        "given": [ "SCIP_HipFxRank1" ]
      } ],
      "gender": "male",
      "birthDate": "2000-09-01"
    },
    "request": {
      "method": "PUT",
      "url": "Patient/ceacc415-9eeb-43a8-b3b0-87f7a1ccea2c"
    }
  }, {
    "fullUrl": "https://madie.cms.gov/Encounter/eb838835-a2bf-4e66-b34d-e6a760177de0",
    "resource": {
      "resourceType": "Encounter",
      "id": "eb838835-a2bf-4e66-b34d-e6a760177de0",
      "meta": {
        "profile": [ "http://hl7.org/fhir/us/qicore/StructureDefinition/qicore-encounter" ]
      },
      "extension": [ {
        "url": "http://hl7.org/fhir/us/qicore/StructureDefinition/qicore-encounter-procedure",
        "extension": [ {
          "url": "type",
          "valueCodeableConcept": {
            "coding": [ {
              "system": "http://www.cms.gov/Medicare/Coding/ICD10",
              "code": "0SQ90ZZ"
            } ]
          }
        }, {
          "url": "rank",
          "valuePositiveInt": 1
        }, {
          "url": "procedure",
          "valueReference": {
            "reference": "Procedure/0e3cccc2-edd7-428e-b7d6-e1b86ce659db"
          }
        } ]
      } ],
      "status": "finished",
      "class": {
        "system": "http://terminology.hl7.org/CodeSystem/v3-ActCode",
        "code": "IMP",
        "display": "inpatient encounter"
      },
      "type": [ {
        "coding": [ {
          "system": "http://snomed.info/sct",
          "code": "183452005"
        } ]
      } ],
      "subject": {
        "reference": "Patient/ceacc415-9eeb-43a8-b3b0-87f7a1ccea2c"
      },
      "period": {
        "start": "2025-09-02T06:00:00+00:00",
        "end": "2025-12-31T12:59:00+00:00"
      },
      "length": {
        "value": 120.0,
        "unit": "days"
      }
    },
    "request": {
      "method": "PUT",
      "url": "Encounter/eb838835-a2bf-4e66-b34d-e6a760177de0"
    }
  }, {
    "fullUrl": "https://madie.cms.gov/Coverage/de554219-00c2-4c61-a9bc-692663dc7fd8",
    "resource": {
      "resourceType": "Coverage",
      "id": "de554219-00c2-4c61-a9bc-692663dc7fd8",
      "status": "active",
      "beneficiary": {
        "reference": "Patient/ceacc415-9eeb-43a8-b3b0-87f7a1ccea2c"
      },
      "period": {
        "start": "2000-09-01T08:00:00+00:00"
      },
      "payor": [ {
        "reference": "Organization/62b5bbd7-7c4b-4f79-9a61-b2aea8a3c269"
      } ]
    },
    "request": {
      "method": "PUT",
      "url": "Coverage/de554219-00c2-4c61-a9bc-692663dc7fd8"
    }
  }, {
    "fullUrl": "https://madie.cms.gov/Procedure/0e3cccc2-edd7-428e-b7d6-e1b86ce659db",
    "resource": {
      "resourceType": "Procedure",
      "id": "0e3cccc2-edd7-428e-b7d6-e1b86ce659db",
      "meta": {
        "profile": [ "http://hl7.org/fhir/us/qicore/StructureDefinition/qicore-procedure" ]
      },
      "extension": [ {
        "url": "http://hl7.org/fhir/us/qicore/StructureDefinition/qicore-recorded",
        "valueDateTime": "2012-09-02T09:35:00-04:00"
      } ],
      "status": "completed",
      "code": {
        "coding": [ {
          "system": "http://www.cms.gov/Medicare/Coding/ICD10",
          "code": "0SQ90ZZ"
        } ]
      },
      "subject": {
        "reference": "Patient/ceacc415-9eeb-43a8-b3b0-87f7a1ccea2c"
      },
      "performedPeriod": {
        "start": "2025-09-02T09:00:00+00:00",
        "end": "2025-09-02T12:59:00+00:00"
      }
    },
    "request": {
      "method": "PUT",
      "url": "Procedure/0e3cccc2-edd7-428e-b7d6-e1b86ce659db"
    }
  }, {
    "fullUrl": "https://madie.cms.gov/Organization/62b5bbd7-7c4b-4f79-9a61-b2aea8a3c269",
    "resource": {
      "resourceType": "Organization",
      "id": "62b5bbd7-7c4b-4f79-9a61-b2aea8a3c269",
      "meta": {
        "profile": [ "http://hl7.org/fhir/us/qicore/StructureDefinition/qicore-organization" ]
      },
      "identifier": [ {
        "use": "temp",
        "system": "urn:oid:2.16.840.1.113883.4.4",
        "value": "21-3259825"
      } ],
      "active": true,
      "type": [ {
        "coding": [ {
          "system": "http://terminology.hl7.org/CodeSystem/organization-type",
          "code": "pay",
          "display": "Payer"
        } ]
      } ],
      "name": "Blue Cross Blue Shield of Texas",
      "telecom": [ {
        "system": "phone",
        "value": "(+1) 972-766-6900"
      } ],
      "address": [ {
        "use": "billing",
        "type": "postal",
        "line": [ "P.O. Box 660044" ],
        "city": "Dallas",
        "state": "TX",
        "postalCode": "75266-0044",
        "country": "USA"
      } ]
    },
    "request": {
      "method": "PUT",
      "url": "Organization/62b5bbd7-7c4b-4f79-9a61-b2aea8a3c269"
    }
  }, {
    "fullUrl": "https://madie.cms.gov/Practitioner/5aa9b9cd-7168-4662-8ef7-e915da817e30",
    "resource": {
      "resourceType": "Practitioner",
      "id": "5aa9b9cd-7168-4662-8ef7-e915da817e30",
      "identifier": [ {
        "system": "http://hl7.org/fhir/sid/us-npi",
        "value": "123456"
      } ],
      "name": [ {
        "family": "Evil",
        "prefix": [ "Dr" ]
      } ]
    },
    "request": {
      "method": "PUT",
      "url": "Practitioner/5aa9b9cd-7168-4662-8ef7-e915da817e30"
    }
  }, {
    "fullUrl": "https://madie.cms.gov/MeasureReport/afdcb6f2-9f12-43cd-995b-f4db26d461c0",
    "resource": {
      "resourceType": "MeasureReport",
      "id": "afdcb6f2-9f12-43cd-995b-f4db26d461c0",
      "meta": {
        "profile": [ "http://hl7.org/fhir/us/cqfmeasures/StructureDefinition/test-case-cqfm" ]
      },
      "contained": [ {
        "resourceType": "Parameters",
        "id": "8763d029-ca1b-427c-ad93-2d357db2381c-parameters",
        "parameter": [ {
          "name": "subject",
          "valueString": "ceacc415-9eeb-43a8-b3b0-87f7a1ccea2c"
        } ]
      } ],
      "extension": [ {
        "url": "http://hl7.org/fhir/us/cqfmeasures/StructureDefinition/cqfm-inputParameters",
        "valueReference": {
          "reference": "#8763d029-ca1b-427c-ad93-2d357db2381c-parameters"
        }
      }, {
        "url": "http://hl7.org/fhir/us/cqfmeasures/StructureDefinition/cqfm-testCaseDescription",
        "valueMarkdown": "Patient had SCIP -HipFx during Encounter and Rank =1\n"
      } ],
      "modifierExtension": [ {
        "url": "http://hl7.org/fhir/us/cqfmeasures/StructureDefinition/cqfm-isTestCase",
        "valueBoolean": true
      } ],
      "status": "complete",
      "type": "individual",
      "measure": "https://madie.cms.gov/Measure/VenousThromboembolismProphylaxisFHIR",
      "period": {
        "start": "2025-01-01",
        "end": "2025-12-31"
      },
      "group": [ {
        "population": [ {
          "code": {
            "coding": [ {
              "system": "http://terminology.hl7.org/CodeSystem/measure-population",
              "code": "initial-population",
              "display": "Initial Population"
            } ]
          },
          "count": 1
        }, {
          "code": {
            "coding": [ {
              "system": "http://terminology.hl7.org/CodeSystem/measure-population",
              "code": "denominator",
              "display": "Denominator"
            } ]
          },
          "count": 1
        }, {
          "code": {
            "coding": [ {
              "system": "http://terminology.hl7.org/CodeSystem/measure-population",
              "code": "denominator-exclusion",
              "display": "Denominator Exclusion"
            } ]
          },
          "count": 1
        }, {
          "code": {
            "coding": [ {
              "system": "http://terminology.hl7.org/CodeSystem/measure-population",
              "code": "numerator",
              "display": "Numerator"
            } ]
          },
          "count": 0
        } ]
      } ],
      "evaluatedResource": [ {
        "reference": "Patient/ceacc415-9eeb-43a8-b3b0-87f7a1ccea2c"
      }, {
        "reference": "Encounter/eb838835-a2bf-4e66-b34d-e6a760177de0"
      }, {
        "reference": "Coverage/de554219-00c2-4c61-a9bc-692663dc7fd8"
      }, {
        "reference": "Procedure/0e3cccc2-edd7-428e-b7d6-e1b86ce659db"
      }, {
        "reference": "Organization/62b5bbd7-7c4b-4f79-9a61-b2aea8a3c269"
      }, {
        "reference": "Practitioner/5aa9b9cd-7168-4662-8ef7-e915da817e30"
      } ]
    },
    "request": {
      "method": "PUT",
      "url": "MeasureReport/afdcb6f2-9f12-43cd-995b-f4db26d461c0"
    }
  } ]
}