{
  "resourceType": "Bundle",
  "id": "612e6aff02c62a011f2ec0bb",
  "type": "transaction",
  "entry": [ {
    "fullUrl": "https://madie.cms.gov/Patient/bd025feb-6fa9-4485-8b28-2b1c0f538059",
    "resource": {
      "resourceType": "Patient",
      "id": "bd025feb-6fa9-4485-8b28-2b1c0f538059",
      "meta": {
        "profile": [ "http://hl7.org/fhir/us/qicore/StructureDefinition/qicore-patient" ]
      },
      "text": {
        "status": "generated",
        "div": "<div xmlns=\"http://www.w3.org/1999/xhtml\"><div class=\"hapiHeaderText\">EncDx_IschemicStrokeRank2 <b>DENEXFAIL </b></div><table class=\"hapiPropertyTable\"><tbody><tr><td>Identifier</td><td>29c9716eb5f48b54d7b337bf497e0e5e</td></tr><tr><td>Date of birth</td><td><span>01 December 2003</span></td></tr></tbody></table></div>"
      },
      "extension": [ {
        "url": "http://hl7.org/fhir/us/core/StructureDefinition/us-core-race",
        "extension": [ {
          "url": "ombCategory",
          "valueCoding": {
            "system": "urn:oid:2.16.840.1.113883.6.238",
            "code": "1002-5",
            "display": "American Indian or Alaska Native",
            "userSelected": true
          }
        }, {
          "url": "text",
          "valueString": "American Indian or Alaska Native"
        } ]
      }, {
        "url": "http://hl7.org/fhir/us/core/StructureDefinition/us-core-ethnicity",
        "extension": [ {
          "url": "ombCategory",
          "valueCoding": {
            "system": "urn:oid:2.16.840.1.113883.6.238",
            "code": "2135-2",
            "display": "Hispanic or Latino",
            "userSelected": true
          }
        }, {
          "url": "text",
          "valueString": "Hispanic or Latino"
        } ]
      } ],
      "identifier": [ {
        "type": {
          "coding": [ {
            "system": "http://terminology.hl7.org/CodeSystem/v2-0203",
            "code": "MR"
          } ]
        },
        "system": "https://bonnie-fhir.healthit.gov/",
        "value": "612e6aff02c62a011f2ec0bb"
      } ],
      "active": true,
      "name": [ {
        "use": "usual",
        "family": "DENEXFail",
        "given": [ "EncDx_IschemicStrokeRank2" ]
      } ],
      "gender": "female",
      "birthDate": "2003-11-30"
    },
    "request": {
      "method": "PUT",
      "url": "Patient/bd025feb-6fa9-4485-8b28-2b1c0f538059"
    }
  }, {
    "fullUrl": "https://madie.cms.gov/Encounter/aa7a1b9a-4447-427e-952d-e0cffc64ed66",
    "resource": {
      "resourceType": "Encounter",
      "id": "aa7a1b9a-4447-427e-952d-e0cffc64ed66",
      "meta": {
        "profile": [ "http://hl7.org/fhir/us/qicore/StructureDefinition/qicore-encounter" ]
      },
      "status": "finished",
      "class": {
        "system": "http://terminology.hl7.org/CodeSystem/v3-ActCode",
        "code": "IMP",
        "display": "inpatient encounter"
      },
      "type": [ {
        "coding": [ {
          "system": "http://snomed.info/sct",
          "code": "183452005"
        } ]
      } ],
      "subject": {
        "reference": "Patient/bd025feb-6fa9-4485-8b28-2b1c0f538059"
      },
      "period": {
        "start": "2025-12-01T01:00:00.000+00:00",
        "end": "2025-12-31T23:59:00.000+00:00"
      },
      "length": {
        "value": 30,
        "unit": "days"
      },
      "diagnosis": [ {
        "condition": {
          "reference": "Condition/9e6da2e9-16d4-487b-9537-5cd13aa24328"
        },
        "use": {
          "coding": [ {
            "system": "http://terminology.hl7.org/CodeSystem/diagnosis-role",
            "code": "billing"
          } ]
        }
      } ]
    },
    "request": {
      "method": "PUT",
      "url": "Encounter/aa7a1b9a-4447-427e-952d-e0cffc64ed66"
    }
  }, {
    "fullUrl": "https://madie.cms.gov/Coverage/8301da61-24a1-4969-9d7c-6eb9c19927e3",
    "resource": {
      "resourceType": "Coverage",
      "id": "8301da61-24a1-4969-9d7c-6eb9c19927e3",
      "status": "active",
      "beneficiary": {
        "reference": "Patient/bd025feb-6fa9-4485-8b28-2b1c0f538059"
      },
      "period": {
        "start": "2003-12-01T01:00:00+00:00"
      },
      "payor": [ {
        "reference": "Organization/9a2512c7-f202-494d-8561-2537d9e28584"
      } ]
    },
    "request": {
      "method": "PUT",
      "url": "Coverage/8301da61-24a1-4969-9d7c-6eb9c19927e3"
    }
  }, {
    "fullUrl": "https://madie.cms.gov/Condition/9e6da2e9-16d4-487b-9537-5cd13aa24328",
    "resource": {
      "resourceType": "Condition",
      "id": "9e6da2e9-16d4-487b-9537-5cd13aa24328",
      "meta": {
        "profile": [ "http://hl7.org/fhir/us/qicore/StructureDefinition/qicore-condition" ]
      },
      "category": [ {
        "coding": [ {
          "system": "http://terminology.hl7.org/CodeSystem/condition-category",
          "code": "encounter-diagnosis",
          "display": "Encounter Diagnosis"
        } ]
      } ],
      "code": {
        "coding": [ {
          "system": "http://snomed.info/sct",
          "code": "195185009",
          "display": "Cerebral infarct due to thrombosis of precerebral arteries (disorder)",
          "userSelected": true
        } ]
      },
      "subject": {
        "reference": "Patient/bd025feb-6fa9-4485-8b28-2b1c0f538059"
      },
      "recordedDate": "2025-12-12T08:00:00.000+00:00"
    },
    "request": {
      "method": "PUT",
      "url": "Condition/9e6da2e9-16d4-487b-9537-5cd13aa24328"
    }
  }, {
    "fullUrl": "https://madie.cms.gov/Organization/9a2512c7-f202-494d-8561-2537d9e28584",
    "resource": {
      "resourceType": "Organization",
      "id": "9a2512c7-f202-494d-8561-2537d9e28584",
      "meta": {
        "profile": [ "http://hl7.org/fhir/us/qicore/StructureDefinition/qicore-organization" ]
      },
      "identifier": [ {
        "use": "temp",
        "system": "urn:oid:2.16.840.1.113883.4.4",
        "value": "21-3259825"
      } ],
      "active": true,
      "type": [ {
        "coding": [ {
          "system": "http://terminology.hl7.org/CodeSystem/organization-type",
          "code": "pay",
          "display": "Payer"
        } ]
      } ],
      "name": "Blue Cross Blue Shield of Texas",
      "telecom": [ {
        "system": "phone",
        "value": "(+1) 972-766-6900"
      } ],
      "address": [ {
        "use": "billing",
        "type": "postal",
        "line": [ "P.O. Box 660044" ],
        "city": "Dallas",
        "state": "TX",
        "postalCode": "75266-0044",
        "country": "USA"
      } ]
    },
    "request": {
      "method": "PUT",
      "url": "Organization/9a2512c7-f202-494d-8561-2537d9e28584"
    }
  }, {
    "fullUrl": "https://madie.cms.gov/Practitioner/21d1bc32-b80a-4270-a0ae-0843a82bf747",
    "resource": {
      "resourceType": "Practitioner",
      "id": "21d1bc32-b80a-4270-a0ae-0843a82bf747",
      "identifier": [ {
        "system": "http://hl7.org/fhir/sid/us-npi",
        "value": "123456"
      } ],
      "name": [ {
        "family": "Evil",
        "prefix": [ "Dr" ]
      } ]
    },
    "request": {
      "method": "PUT",
      "url": "Practitioner/21d1bc32-b80a-4270-a0ae-0843a82bf747"
    }
  }, {
    "fullUrl": "https://madie.cms.gov/MeasureReport/5715bb32-ffe1-43a5-bbf5-e7953498ca0e",
    "resource": {
      "resourceType": "MeasureReport",
      "id": "5715bb32-ffe1-43a5-bbf5-e7953498ca0e",
      "meta": {
        "profile": [ "http://hl7.org/fhir/us/cqfmeasures/StructureDefinition/test-case-cqfm" ]
      },
      "contained": [ {
        "resourceType": "Parameters",
        "id": "66be0c1b-cf0d-4668-b271-8ef01d4304a2-parameters",
        "parameter": [ {
          "name": "subject",
          "valueString": "bd025feb-6fa9-4485-8b28-2b1c0f538059"
        } ]
      } ],
      "extension": [ {
        "url": "http://hl7.org/fhir/us/cqfmeasures/StructureDefinition/cqfm-inputParameters",
        "valueReference": {
          "reference": "#66be0c1b-cf0d-4668-b271-8ef01d4304a2-parameters"
        }
      }, {
        "url": "http://hl7.org/fhir/us/cqfmeasures/StructureDefinition/cqfm-testCaseDescription",
        "valueMarkdown": "Encounter Dx of Ischemic Stroke without Rank.\n"
      } ],
      "modifierExtension": [ {
        "url": "http://hl7.org/fhir/us/cqfmeasures/StructureDefinition/cqfm-isTestCase",
        "valueBoolean": true
      } ],
      "status": "complete",
      "type": "individual",
      "measure": "https://madie.cms.gov/Measure/VenousThromboembolismProphylaxisFHIR",
      "period": {
        "start": "2025-01-01",
        "end": "2025-12-31"
      },
      "group": [ {
        "population": [ {
          "code": {
            "coding": [ {
              "system": "http://terminology.hl7.org/CodeSystem/measure-population",
              "code": "initial-population",
              "display": "Initial Population"
            } ]
          },
          "count": 1
        }, {
          "code": {
            "coding": [ {
              "system": "http://terminology.hl7.org/CodeSystem/measure-population",
              "code": "denominator",
              "display": "Denominator"
            } ]
          },
          "count": 1
        }, {
          "code": {
            "coding": [ {
              "system": "http://terminology.hl7.org/CodeSystem/measure-population",
              "code": "denominator-exclusion",
              "display": "Denominator Exclusion"
            } ]
          },
          "count": 0
        }, {
          "code": {
            "coding": [ {
              "system": "http://terminology.hl7.org/CodeSystem/measure-population",
              "code": "numerator",
              "display": "Numerator"
            } ]
          },
          "count": 0
        } ]
      } ],
      "evaluatedResource": [ {
        "reference": "Patient/bd025feb-6fa9-4485-8b28-2b1c0f538059"
      }, {
        "reference": "Encounter/aa7a1b9a-4447-427e-952d-e0cffc64ed66"
      }, {
        "reference": "Coverage/8301da61-24a1-4969-9d7c-6eb9c19927e3"
      }, {
        "reference": "Condition/9e6da2e9-16d4-487b-9537-5cd13aa24328"
      }, {
        "reference": "Organization/9a2512c7-f202-494d-8561-2537d9e28584"
      }, {
        "reference": "Practitioner/21d1bc32-b80a-4270-a0ae-0843a82bf747"
      } ]
    },
    "request": {
      "method": "PUT",
      "url": "MeasureReport/5715bb32-ffe1-43a5-bbf5-e7953498ca0e"
    }
  } ]
}