{
  "resourceType": "Bundle",
  "id": "612e6b1a02c62a011f2ec76c",
  "type": "transaction",
  "entry": [ {
    "fullUrl": "https://madie.cms.gov/Patient/186ef467-8879-46b5-a32b-6d52ac87342a",
    "resource": {
      "resourceType": "Patient",
      "id": "186ef467-8879-46b5-a32b-6d52ac87342a",
      "meta": {
        "profile": [ "http://hl7.org/fhir/us/qicore/StructureDefinition/qicore-patient" ]
      },
      "text": {
        "status": "generated",
        "div": "<div xmlns=\"http://www.w3.org/1999/xhtml\"><div class=\"hapiHeaderText\">ProphylaxisDuringFirstED1DayBFAdm <b>NUMERFAIL </b></div><table class=\"hapiPropertyTable\"><tbody><tr><td>Identifier</td><td>4a3cf6afd879a8f9468f9b4b43b7b032</td></tr><tr><td>Date of birth</td><td><span>02 September 2003</span></td></tr></tbody></table></div>"
      },
      "extension": [ {
        "url": "http://hl7.org/fhir/us/core/StructureDefinition/us-core-race",
        "extension": [ {
          "url": "ombCategory",
          "valueCoding": {
            "system": "urn:oid:2.16.840.1.113883.6.238",
            "code": "1002-5",
            "display": "American Indian or Alaska Native",
            "userSelected": true
          }
        }, {
          "url": "text",
          "valueString": "American Indian or Alaska Native"
        } ]
      }, {
        "url": "http://hl7.org/fhir/us/core/StructureDefinition/us-core-ethnicity",
        "extension": [ {
          "url": "ombCategory",
          "valueCoding": {
            "system": "urn:oid:2.16.840.1.113883.6.238",
            "code": "2135-2",
            "display": "Hispanic or Latino",
            "userSelected": true
          }
        }, {
          "url": "text",
          "valueString": "Hispanic or Latino"
        } ]
      } ],
      "identifier": [ {
        "type": {
          "coding": [ {
            "system": "http://terminology.hl7.org/CodeSystem/v2-0203",
            "code": "MR"
          } ]
        },
        "system": "https://bonnie-fhir.healthit.gov/",
        "value": "612e6b1a02c62a011f2ec76c"
      } ],
      "active": true,
      "name": [ {
        "use": "usual",
        "family": "NUMERFail",
        "given": [ "ProphylaxisDuringFirstED1DayBFAdm" ]
      } ],
      "gender": "male",
      "birthDate": "2003-09-02"
    },
    "request": {
      "method": "PUT",
      "url": "Patient/186ef467-8879-46b5-a32b-6d52ac87342a"
    }
  }, {
    "fullUrl": "https://madie.cms.gov/Encounter/ae13f359-57ce-437b-9e6c-3ea18ab098d6",
    "resource": {
      "resourceType": "Encounter",
      "id": "ae13f359-57ce-437b-9e6c-3ea18ab098d6",
      "meta": {
        "profile": [ "http://hl7.org/fhir/us/qicore/StructureDefinition/qicore-encounter" ]
      },
      "status": "finished",
      "class": {
        "system": "http://terminology.hl7.org/CodeSystem/v3-ActCode",
        "code": "IMP",
        "display": "inpatient encounter"
      },
      "type": [ {
        "coding": [ {
          "system": "http://snomed.info/sct",
          "code": "183452005"
        } ]
      } ],
      "subject": {
        "reference": "Patient/186ef467-8879-46b5-a32b-6d52ac87342a"
      },
      "period": {
        "start": "2025-09-03T09:40:00+00:00",
        "end": "2025-10-01T12:59:00+00:00"
      }
    },
    "request": {
      "method": "PUT",
      "url": "Encounter/ae13f359-57ce-437b-9e6c-3ea18ab098d6"
    }
  }, {
    "fullUrl": "https://madie.cms.gov/Encounter/95d2b92e-6456-4be6-9699-001dd7fcd85d",
    "resource": {
      "resourceType": "Encounter",
      "id": "95d2b92e-6456-4be6-9699-001dd7fcd85d",
      "meta": {
        "profile": [ "http://hl7.org/fhir/us/qicore/StructureDefinition/qicore-encounter" ]
      },
      "status": "finished",
      "class": {
        "system": "http://terminology.hl7.org/CodeSystem/v3-ActCode",
        "code": "EMER",
        "display": "emergency"
      },
      "type": [ {
        "coding": [ {
          "system": "http://snomed.info/sct",
          "code": "4525004"
        } ]
      } ],
      "subject": {
        "reference": "Patient/186ef467-8879-46b5-a32b-6d52ac87342a"
      },
      "period": {
        "start": "2025-09-01T08:00:00+00:00",
        "end": "2025-09-01T09:00:00+00:00"
      }
    },
    "request": {
      "method": "PUT",
      "url": "Encounter/95d2b92e-6456-4be6-9699-001dd7fcd85d"
    }
  }, {
    "fullUrl": "https://madie.cms.gov/Encounter/d71efab1-f521-464f-a2e3-b4bf627a6d09",
    "resource": {
      "resourceType": "Encounter",
      "id": "d71efab1-f521-464f-a2e3-b4bf627a6d09",
      "meta": {
        "profile": [ "http://hl7.org/fhir/us/qicore/StructureDefinition/qicore-encounter" ]
      },
      "status": "finished",
      "class": {
        "system": "http://terminology.hl7.org/CodeSystem/v3-ActCode",
        "code": "OBSENC",
        "display": "observation encounter"
      },
      "type": [ {
        "coding": [ {
          "system": "http://snomed.info/sct",
          "code": "448851000124103"
        } ]
      } ],
      "subject": {
        "reference": "Patient/186ef467-8879-46b5-a32b-6d52ac87342a"
      },
      "period": {
        "start": "2025-09-01T09:45:00+00:00",
        "end": "2025-09-02T09:00:00+00:00"
      }
    },
    "request": {
      "method": "PUT",
      "url": "Encounter/d71efab1-f521-464f-a2e3-b4bf627a6d09"
    }
  }, {
    "fullUrl": "https://madie.cms.gov/Encounter/433d7688-5c91-40f5-84a5-f0dcdee906b4",
    "resource": {
      "resourceType": "Encounter",
      "id": "433d7688-5c91-40f5-84a5-f0dcdee906b4",
      "meta": {
        "profile": [ "http://hl7.org/fhir/us/qicore/StructureDefinition/qicore-encounter" ]
      },
      "status": "finished",
      "class": {
        "system": "http://terminology.hl7.org/CodeSystem/v3-ActCode",
        "code": "EMER",
        "display": "emergency"
      },
      "type": [ {
        "coding": [ {
          "system": "http://snomed.info/sct",
          "code": "4525004"
        } ]
      } ],
      "subject": {
        "reference": "Patient/186ef467-8879-46b5-a32b-6d52ac87342a"
      },
      "period": {
        "start": "2025-09-02T09:15:00+00:00",
        "end": "2025-09-02T09:45:00+00:00"
      }
    },
    "request": {
      "method": "PUT",
      "url": "Encounter/433d7688-5c91-40f5-84a5-f0dcdee906b4"
    }
  }, {
    "fullUrl": "https://madie.cms.gov/Coverage/97a0f0a4-7b5f-4597-926d-6b722668e103",
    "resource": {
      "resourceType": "Coverage",
      "id": "97a0f0a4-7b5f-4597-926d-6b722668e103",
      "status": "active",
      "beneficiary": {
        "reference": "Patient/186ef467-8879-46b5-a32b-6d52ac87342a"
      },
      "period": {
        "start": "2003-09-02T09:00:00+00:00"
      },
      "payor": [ {
        "reference": "Organization/ea5d6ca2-f421-4f69-8562-484eacef8f4b"
      } ]
    },
    "request": {
      "method": "PUT",
      "url": "Coverage/97a0f0a4-7b5f-4597-926d-6b722668e103"
    }
  }, {
    "fullUrl": "https://madie.cms.gov/MedicationAdministration/aaaf7057-fcd9-4847-b729-13bd1b634223",
    "resource": {
      "resourceType": "MedicationAdministration",
      "id": "aaaf7057-fcd9-4847-b729-13bd1b634223",
      "meta": {
        "profile": [ "http://hl7.org/fhir/us/qicore/StructureDefinition/qicore-medicationadministration" ]
      },
      "status": "completed",
      "medicationCodeableConcept": {
        "coding": [ {
          "system": "http://www.nlm.nih.gov/research/umls/rxnorm",
          "code": "861356"
        } ]
      },
      "subject": {
        "reference": "Patient/186ef467-8879-46b5-a32b-6d52ac87342a"
      },
      "effectivePeriod": {
        "start": "2025-09-02T08:15:00+00:00",
        "end": "2025-09-02T08:30:00+00:00"
      }
    },
    "request": {
      "method": "PUT",
      "url": "MedicationAdministration/aaaf7057-fcd9-4847-b729-13bd1b634223"
    }
  }, {
    "fullUrl": "https://madie.cms.gov/Organization/ea5d6ca2-f421-4f69-8562-484eacef8f4b",
    "resource": {
      "resourceType": "Organization",
      "id": "ea5d6ca2-f421-4f69-8562-484eacef8f4b",
      "meta": {
        "profile": [ "http://hl7.org/fhir/us/qicore/StructureDefinition/qicore-organization" ]
      },
      "identifier": [ {
        "use": "temp",
        "system": "urn:oid:2.16.840.1.113883.4.4",
        "value": "21-3259825"
      } ],
      "active": true,
      "type": [ {
        "coding": [ {
          "system": "http://terminology.hl7.org/CodeSystem/organization-type",
          "code": "pay",
          "display": "Payer"
        } ]
      } ],
      "name": "Blue Cross Blue Shield of Texas",
      "telecom": [ {
        "system": "phone",
        "value": "(+1) 972-766-6900"
      } ],
      "address": [ {
        "use": "billing",
        "type": "postal",
        "line": [ "P.O. Box 660044" ],
        "city": "Dallas",
        "state": "TX",
        "postalCode": "75266-0044",
        "country": "USA"
      } ]
    },
    "request": {
      "method": "PUT",
      "url": "Organization/ea5d6ca2-f421-4f69-8562-484eacef8f4b"
    }
  }, {
    "fullUrl": "https://madie.cms.gov/Practitioner/32c64f95-6fba-473d-acdc-dd6c48103327",
    "resource": {
      "resourceType": "Practitioner",
      "id": "32c64f95-6fba-473d-acdc-dd6c48103327",
      "identifier": [ {
        "system": "http://hl7.org/fhir/sid/us-npi",
        "value": "123456"
      } ],
      "name": [ {
        "family": "Evil",
        "prefix": [ "Dr" ]
      } ]
    },
    "request": {
      "method": "PUT",
      "url": "Practitioner/32c64f95-6fba-473d-acdc-dd6c48103327"
    }
  }, {
    "fullUrl": "https://madie.cms.gov/MeasureReport/ebf27eb7-b595-4489-9abd-bdeba64c360e",
    "resource": {
      "resourceType": "MeasureReport",
      "id": "ebf27eb7-b595-4489-9abd-bdeba64c360e",
      "meta": {
        "profile": [ "http://hl7.org/fhir/us/cqfmeasures/StructureDefinition/test-case-cqfm" ]
      },
      "contained": [ {
        "resourceType": "Parameters",
        "id": "488ea37a-c6e4-41dd-a7dc-bb951f8151a0-parameters",
        "parameter": [ {
          "name": "subject",
          "valueString": "186ef467-8879-46b5-a32b-6d52ac87342a"
        } ]
      } ],
      "extension": [ {
        "url": "http://hl7.org/fhir/us/cqfmeasures/StructureDefinition/cqfm-inputParameters",
        "valueReference": {
          "reference": "#488ea37a-c6e4-41dd-a7dc-bb951f8151a0-parameters"
        }
      }, {
        "url": "http://hl7.org/fhir/us/cqfmeasures/StructureDefinition/cqfm-testCaseDescription",
        "valueMarkdown": "ED/outpatient @ 9/1 @8:00 - 9:00 am; feeling sick returned to ED @ 9:15 -9:45 am; admit for observ 9/3  @9:45 -  9/3 @ 9:00 am; then admitted to inpatient on 9/3 @ 9:40. prophylaxis given during the FIRST ED on 1 day bF  2nd ED. SO Fail\n"
      } ],
      "modifierExtension": [ {
        "url": "http://hl7.org/fhir/us/cqfmeasures/StructureDefinition/cqfm-isTestCase",
        "valueBoolean": true
      } ],
      "status": "complete",
      "type": "individual",
      "measure": "https://madie.cms.gov/Measure/VenousThromboembolismProphylaxisFHIR",
      "period": {
        "start": "2025-01-01",
        "end": "2025-12-31"
      },
      "group": [ {
        "population": [ {
          "code": {
            "coding": [ {
              "system": "http://terminology.hl7.org/CodeSystem/measure-population",
              "code": "initial-population",
              "display": "Initial Population"
            } ]
          },
          "count": 1
        }, {
          "code": {
            "coding": [ {
              "system": "http://terminology.hl7.org/CodeSystem/measure-population",
              "code": "denominator",
              "display": "Denominator"
            } ]
          },
          "count": 1
        }, {
          "code": {
            "coding": [ {
              "system": "http://terminology.hl7.org/CodeSystem/measure-population",
              "code": "denominator-exclusion",
              "display": "Denominator Exclusion"
            } ]
          },
          "count": 0
        }, {
          "code": {
            "coding": [ {
              "system": "http://terminology.hl7.org/CodeSystem/measure-population",
              "code": "numerator",
              "display": "Numerator"
            } ]
          },
          "count": 0
        } ]
      } ],
      "evaluatedResource": [ {
        "reference": "Patient/186ef467-8879-46b5-a32b-6d52ac87342a"
      }, {
        "reference": "Encounter/ae13f359-57ce-437b-9e6c-3ea18ab098d6"
      }, {
        "reference": "Encounter/95d2b92e-6456-4be6-9699-001dd7fcd85d"
      }, {
        "reference": "Encounter/d71efab1-f521-464f-a2e3-b4bf627a6d09"
      }, {
        "reference": "Encounter/433d7688-5c91-40f5-84a5-f0dcdee906b4"
      }, {
        "reference": "Coverage/97a0f0a4-7b5f-4597-926d-6b722668e103"
      }, {
        "reference": "MedicationAdministration/aaaf7057-fcd9-4847-b729-13bd1b634223"
      }, {
        "reference": "Organization/ea5d6ca2-f421-4f69-8562-484eacef8f4b"
      }, {
        "reference": "Practitioner/32c64f95-6fba-473d-acdc-dd6c48103327"
      } ]
    },
    "request": {
      "method": "PUT",
      "url": "MeasureReport/ebf27eb7-b595-4489-9abd-bdeba64c360e"
    }
  } ]
}