{
  "resourceType": "Bundle",
  "id": "612e6ab302c62a011f2eafaf",
  "type": "transaction",
  "entry": [ {
    "fullUrl": "https://madie.cms.gov/Patient/b9c7ff92-c829-4ce3-9044-bb69c2e8b703",
    "resource": {
      "resourceType": "Patient",
      "id": "b9c7ff92-c829-4ce3-9044-bb69c2e8b703",
      "meta": {
        "profile": [ "http://hl7.org/fhir/us/qicore/StructureDefinition/qicore-patient" ]
      },
      "text": {
        "status": "generated",
        "div": "<div xmlns=\"http://www.w3.org/1999/xhtml\"><div class=\"hapiHeaderText\">PtRef_DA_IPC_DuringOBS <b>NUMERPASS </b></div><table class=\"hapiPropertyTable\"><tbody><tr><td>Identifier</td><td>5f7ad5e9fc357bf072546722e2c19e60</td></tr><tr><td>Date of birth</td><td><span>02 January 1974</span></td></tr></tbody></table></div>"
      },
      "extension": [ {
        "url": "http://hl7.org/fhir/us/core/StructureDefinition/us-core-race",
        "extension": [ {
          "url": "ombCategory",
          "valueCoding": {
            "system": "urn:oid:2.16.840.1.113883.6.238",
            "code": "1002-5",
            "display": "American Indian or Alaska Native",
            "userSelected": true
          }
        }, {
          "url": "text",
          "valueString": "American Indian or Alaska Native"
        } ]
      }, {
        "url": "http://hl7.org/fhir/us/core/StructureDefinition/us-core-ethnicity",
        "extension": [ {
          "url": "ombCategory",
          "valueCoding": {
            "system": "urn:oid:2.16.840.1.113883.6.238",
            "code": "2135-2",
            "display": "Hispanic or Latino",
            "userSelected": true
          }
        }, {
          "url": "text",
          "valueString": "Hispanic or Latino"
        } ]
      } ],
      "identifier": [ {
        "type": {
          "coding": [ {
            "system": "http://terminology.hl7.org/CodeSystem/v2-0203",
            "code": "MR"
          } ]
        },
        "system": "https://bonnie-fhir.healthit.gov/",
        "value": "612e6ab302c62a011f2eafaf"
      } ],
      "active": true,
      "name": [ {
        "use": "usual",
        "family": "NUMERPass",
        "given": [ "PtRef_DA_IPC_DuringOBS" ]
      } ],
      "gender": "male",
      "birthDate": "1974-01-02"
    },
    "request": {
      "method": "PUT",
      "url": "Patient/b9c7ff92-c829-4ce3-9044-bb69c2e8b703"
    }
  }, {
    "fullUrl": "https://madie.cms.gov/Encounter/117deec3-1a2a-470a-8951-3f67ab53be92",
    "resource": {
      "resourceType": "Encounter",
      "id": "117deec3-1a2a-470a-8951-3f67ab53be92",
      "meta": {
        "profile": [ "http://hl7.org/fhir/us/qicore/StructureDefinition/qicore-encounter" ]
      },
      "status": "finished",
      "class": {
        "system": "http://terminology.hl7.org/CodeSystem/v3-ActCode",
        "code": "OBSENC",
        "display": "observation encounter"
      },
      "type": [ {
        "coding": [ {
          "system": "http://snomed.info/sct",
          "code": "448951000124107"
        } ]
      } ],
      "subject": {
        "reference": "Patient/b9c7ff92-c829-4ce3-9044-bb69c2e8b703"
      },
      "period": {
        "start": "2025-10-31T05:00:00+00:00",
        "end": "2025-11-01T07:15:00+00:00"
      },
      "length": {
        "value": 1,
        "unit": "days"
      }
    },
    "request": {
      "method": "PUT",
      "url": "Encounter/117deec3-1a2a-470a-8951-3f67ab53be92"
    }
  }, {
    "fullUrl": "https://madie.cms.gov/Encounter/22f27ff2-d493-478d-b6e3-ce52de744da7",
    "resource": {
      "resourceType": "Encounter",
      "id": "22f27ff2-d493-478d-b6e3-ce52de744da7",
      "meta": {
        "profile": [ "http://hl7.org/fhir/us/qicore/StructureDefinition/qicore-encounter" ]
      },
      "status": "finished",
      "class": {
        "system": "http://terminology.hl7.org/CodeSystem/v3-ActCode",
        "code": "IMP",
        "display": "inpatient encounter"
      },
      "type": [ {
        "coding": [ {
          "system": "http://snomed.info/sct",
          "code": "8715000"
        } ]
      } ],
      "subject": {
        "reference": "Patient/b9c7ff92-c829-4ce3-9044-bb69c2e8b703"
      },
      "period": {
        "start": "2025-11-01T08:00:00+00:00",
        "end": "2025-11-26T08:15:00+00:00"
      },
      "length": {
        "value": 25,
        "unit": "days"
      }
    },
    "request": {
      "method": "PUT",
      "url": "Encounter/22f27ff2-d493-478d-b6e3-ce52de744da7"
    }
  }, {
    "fullUrl": "https://madie.cms.gov/Coverage/1aca684f-98cf-4116-b522-ae2f94d037a1",
    "resource": {
      "resourceType": "Coverage",
      "id": "1aca684f-98cf-4116-b522-ae2f94d037a1",
      "status": "active",
      "beneficiary": {
        "reference": "Patient/b9c7ff92-c829-4ce3-9044-bb69c2e8b703"
      },
      "period": {
        "start": "1974-01-02T08:00:00+00:00"
      },
      "payor": [ {
        "reference": "Organization/00aee49b-8d24-4e65-85df-e26ce6be701e"
      } ]
    },
    "request": {
      "method": "PUT",
      "url": "Coverage/1aca684f-98cf-4116-b522-ae2f94d037a1"
    }
  }, {
    "fullUrl": "https://madie.cms.gov/Procedure/8d7102ac-e802-4f41-be70-0d24b9dd4894",
    "resource": {
      "resourceType": "Procedure",
      "id": "8d7102ac-e802-4f41-be70-0d24b9dd4894",
      "meta": {
        "profile": [ "http://hl7.org/fhir/us/qicore/StructureDefinition/qicore-procedurenotdone" ]
      },
      "extension": [ {
        "url": "http://hl7.org/fhir/us/qicore/StructureDefinition/qicore-recorded",
        "valueDateTime": "2025-10-31T17:35:00-04:00"
      } ],
      "status": "not-done",
      "statusReason": {
        "coding": [ {
          "system": "http://snomed.info/sct",
          "code": "443390004",
          "display": "Refused (qualifier value)",
          "userSelected": true
        } ]
      },
      "code": {
        "coding": [ {
          "system": "http://snomed.info/sct",
          "version": "2025-03",
          "code": "443448006",
          "display": "Application of intermittent pneumatic compression device (procedure)",
          "userSelected": true
        } ]
      },
      "subject": {
        "reference": "Patient/b9c7ff92-c829-4ce3-9044-bb69c2e8b703"
      },
      "_performedDateTime": {
        "extension": [ {
          "url": "http://hl7.org/fhir/StructureDefinition/data-absent-reason",
          "valueCode": "not-performed"
        } ]
      }
    },
    "request": {
      "method": "PUT",
      "url": "Procedure/8d7102ac-e802-4f41-be70-0d24b9dd4894"
    }
  }, {
    "fullUrl": "https://madie.cms.gov/Organization/00aee49b-8d24-4e65-85df-e26ce6be701e",
    "resource": {
      "resourceType": "Organization",
      "id": "00aee49b-8d24-4e65-85df-e26ce6be701e",
      "meta": {
        "profile": [ "http://hl7.org/fhir/us/qicore/StructureDefinition/qicore-organization" ]
      },
      "identifier": [ {
        "use": "temp",
        "system": "urn:oid:2.16.840.1.113883.4.4",
        "value": "21-3259825"
      } ],
      "active": true,
      "type": [ {
        "coding": [ {
          "system": "http://terminology.hl7.org/CodeSystem/organization-type",
          "code": "pay",
          "display": "Payer"
        } ]
      } ],
      "name": "Blue Cross Blue Shield of Texas",
      "telecom": [ {
        "system": "phone",
        "value": "(+1) 972-766-6900"
      } ],
      "address": [ {
        "use": "billing",
        "type": "postal",
        "line": [ "P.O. Box 660044" ],
        "city": "Dallas",
        "state": "TX",
        "postalCode": "75266-0044",
        "country": "USA"
      } ]
    },
    "request": {
      "method": "PUT",
      "url": "Organization/00aee49b-8d24-4e65-85df-e26ce6be701e"
    }
  }, {
    "fullUrl": "https://madie.cms.gov/Practitioner/ebaac756-6ea8-42e1-b8f8-02b918738678",
    "resource": {
      "resourceType": "Practitioner",
      "id": "ebaac756-6ea8-42e1-b8f8-02b918738678",
      "identifier": [ {
        "system": "http://hl7.org/fhir/sid/us-npi",
        "value": "123456"
      } ],
      "name": [ {
        "family": "Evil",
        "prefix": [ "Dr" ]
      } ]
    },
    "request": {
      "method": "PUT",
      "url": "Practitioner/ebaac756-6ea8-42e1-b8f8-02b918738678"
    }
  }, {
    "fullUrl": "https://madie.cms.gov/MeasureReport/5e0e3556-c66c-4c80-a4b1-22673e1049d8",
    "resource": {
      "resourceType": "MeasureReport",
      "id": "5e0e3556-c66c-4c80-a4b1-22673e1049d8",
      "meta": {
        "profile": [ "http://hl7.org/fhir/us/cqfmeasures/StructureDefinition/test-case-cqfm" ]
      },
      "contained": [ {
        "resourceType": "Parameters",
        "id": "24ae1344-c7ca-476d-bbc5-585d8ae5cb6c-parameters",
        "parameter": [ {
          "name": "subject",
          "valueString": "b9c7ff92-c829-4ce3-9044-bb69c2e8b703"
        } ]
      } ],
      "extension": [ {
        "url": "http://hl7.org/fhir/us/cqfmeasures/StructureDefinition/cqfm-inputParameters",
        "valueReference": {
          "reference": "#24ae1344-c7ca-476d-bbc5-585d8ae5cb6c-parameters"
        }
      }, {
        "url": "http://hl7.org/fhir/us/cqfmeasures/StructureDefinition/cqfm-testCaseDescription",
        "valueMarkdown": "patient refused IPC in Observation service \n"
      } ],
      "modifierExtension": [ {
        "url": "http://hl7.org/fhir/us/cqfmeasures/StructureDefinition/cqfm-isTestCase",
        "valueBoolean": true
      } ],
      "status": "complete",
      "type": "individual",
      "measure": "https://madie.cms.gov/Measure/VenousThromboembolismProphylaxisFHIR",
      "period": {
        "start": "2025-01-01",
        "end": "2025-12-31"
      },
      "group": [ {
        "population": [ {
          "code": {
            "coding": [ {
              "system": "http://terminology.hl7.org/CodeSystem/measure-population",
              "code": "initial-population",
              "display": "Initial Population"
            } ]
          },
          "count": 1
        }, {
          "code": {
            "coding": [ {
              "system": "http://terminology.hl7.org/CodeSystem/measure-population",
              "code": "denominator",
              "display": "Denominator"
            } ]
          },
          "count": 1
        }, {
          "code": {
            "coding": [ {
              "system": "http://terminology.hl7.org/CodeSystem/measure-population",
              "code": "denominator-exclusion",
              "display": "Denominator Exclusion"
            } ]
          },
          "count": 0
        }, {
          "code": {
            "coding": [ {
              "system": "http://terminology.hl7.org/CodeSystem/measure-population",
              "code": "numerator",
              "display": "Numerator"
            } ]
          },
          "count": 1
        } ]
      } ],
      "evaluatedResource": [ {
        "reference": "Patient/b9c7ff92-c829-4ce3-9044-bb69c2e8b703"
      }, {
        "reference": "Encounter/117deec3-1a2a-470a-8951-3f67ab53be92"
      }, {
        "reference": "Encounter/22f27ff2-d493-478d-b6e3-ce52de744da7"
      }, {
        "reference": "Coverage/1aca684f-98cf-4116-b522-ae2f94d037a1"
      }, {
        "reference": "Procedure/8d7102ac-e802-4f41-be70-0d24b9dd4894"
      }, {
        "reference": "Organization/00aee49b-8d24-4e65-85df-e26ce6be701e"
      }, {
        "reference": "Practitioner/ebaac756-6ea8-42e1-b8f8-02b918738678"
      } ]
    },
    "request": {
      "method": "PUT",
      "url": "MeasureReport/5e0e3556-c66c-4c80-a4b1-22673e1049d8"
    }
  } ]
}