{
  "resourceType": "Bundle",
  "id": "612e6b4102c62a011f2ed12f",
  "type": "transaction",
  "entry": [ {
    "fullUrl": "https://madie.cms.gov/Patient/faa6485a-448c-47a9-b49f-29bf904d02cd",
    "resource": {
      "resourceType": "Patient",
      "id": "faa6485a-448c-47a9-b49f-29bf904d02cd",
      "meta": {
        "profile": [ "http://hl7.org/fhir/us/qicore/StructureDefinition/qicore-patient" ]
      },
      "text": {
        "status": "generated",
        "div": "<div xmlns=\"http://www.w3.org/1999/xhtml\"><div class=\"hapiHeaderText\">CMOPerf_DayofAnes <b>DENEXPASS </b></div><table class=\"hapiPropertyTable\"><tbody><tr><td>Identifier</td><td>ee7153b84916a96927e2b346d9ea62ff</td></tr><tr><td>Date of birth</td><td><span>02 January 1974</span></td></tr></tbody></table></div>"
      },
      "extension": [ {
        "url": "http://hl7.org/fhir/us/core/StructureDefinition/us-core-race",
        "extension": [ {
          "url": "ombCategory",
          "valueCoding": {
            "system": "urn:oid:2.16.840.1.113883.6.238",
            "code": "1002-5",
            "display": "American Indian or Alaska Native",
            "userSelected": true
          }
        }, {
          "url": "text",
          "valueString": "American Indian or Alaska Native"
        } ]
      }, {
        "url": "http://hl7.org/fhir/us/core/StructureDefinition/us-core-ethnicity",
        "extension": [ {
          "url": "ombCategory",
          "valueCoding": {
            "system": "urn:oid:2.16.840.1.113883.6.238",
            "code": "2135-2",
            "display": "Hispanic or Latino",
            "userSelected": true
          }
        }, {
          "url": "text",
          "valueString": "Hispanic or Latino"
        } ]
      } ],
      "identifier": [ {
        "type": {
          "coding": [ {
            "system": "http://terminology.hl7.org/CodeSystem/v2-0203",
            "code": "MR"
          } ]
        },
        "system": "https://bonnie-fhir.healthit.gov/",
        "value": "612e6b4102c62a011f2ed12f"
      } ],
      "active": true,
      "name": [ {
        "use": "usual",
        "family": "DENEXPass",
        "given": [ "CMOPerf_DayofAnes" ]
      } ],
      "gender": "male",
      "birthDate": "1974-01-02"
    },
    "request": {
      "method": "PUT",
      "url": "Patient/faa6485a-448c-47a9-b49f-29bf904d02cd"
    }
  }, {
    "fullUrl": "https://madie.cms.gov/Encounter/fa9e43d7-9447-48a6-9966-141c7ddaa6aa",
    "resource": {
      "resourceType": "Encounter",
      "id": "fa9e43d7-9447-48a6-9966-141c7ddaa6aa",
      "meta": {
        "profile": [ "http://hl7.org/fhir/us/qicore/StructureDefinition/qicore-encounter" ]
      },
      "status": "finished",
      "class": {
        "system": "http://terminology.hl7.org/CodeSystem/v3-ActCode",
        "code": "IMP",
        "display": "inpatient encounter"
      },
      "type": [ {
        "coding": [ {
          "system": "http://snomed.info/sct",
          "code": "8715000"
        } ]
      } ],
      "subject": {
        "reference": "Patient/faa6485a-448c-47a9-b49f-29bf904d02cd"
      },
      "period": {
        "start": "2025-11-01T08:00:00+00:00",
        "end": "2025-11-26T08:15:00+00:00"
      },
      "length": {
        "value": 25,
        "unit": "days"
      }
    },
    "request": {
      "method": "PUT",
      "url": "Encounter/fa9e43d7-9447-48a6-9966-141c7ddaa6aa"
    }
  }, {
    "fullUrl": "https://madie.cms.gov/Procedure/ffdd3212-72b7-4168-9ffe-ff1028023c9c",
    "resource": {
      "resourceType": "Procedure",
      "id": "ffdd3212-72b7-4168-9ffe-ff1028023c9c",
      "meta": {
        "profile": [ "http://hl7.org/fhir/us/qicore/StructureDefinition/qicore-procedure" ]
      },
      "extension": [ {
        "url": "http://hl7.org/fhir/us/qicore/StructureDefinition/qicore-recorded",
        "valueDateTime": "2012-11-02T09:35:00-04:00"
      } ],
      "status": "completed",
      "code": {
        "coding": [ {
          "system": "http://snomed.info/sct",
          "code": "133918004",
          "display": "Comfort measures (regime/therapy)"
        } ]
      },
      "subject": {
        "reference": "Patient/faa6485a-448c-47a9-b49f-29bf904d02cd"
      },
      "performedPeriod": {
        "start": "2025-11-02T11:00:00+00:00"
      }
    },
    "request": {
      "method": "PUT",
      "url": "Procedure/ffdd3212-72b7-4168-9ffe-ff1028023c9c"
    }
  }, {
    "fullUrl": "https://madie.cms.gov/Coverage/fb44cf45-6f59-4592-a476-2d69bea6c199",
    "resource": {
      "resourceType": "Coverage",
      "id": "fb44cf45-6f59-4592-a476-2d69bea6c199",
      "status": "active",
      "beneficiary": {
        "reference": "Patient/faa6485a-448c-47a9-b49f-29bf904d02cd"
      },
      "period": {
        "start": "1974-01-02T08:00:00+00:00"
      },
      "payor": [ {
        "reference": "Organization/92f7342b-6967-4c69-a47a-4e03ef5289cb"
      } ]
    },
    "request": {
      "method": "PUT",
      "url": "Coverage/fb44cf45-6f59-4592-a476-2d69bea6c199"
    }
  }, {
    "fullUrl": "https://madie.cms.gov/Procedure/c5abf8f7-c7e1-46ab-8b2a-91ac3b352367",
    "resource": {
      "resourceType": "Procedure",
      "id": "c5abf8f7-c7e1-46ab-8b2a-91ac3b352367",
      "meta": {
        "profile": [ "http://hl7.org/fhir/us/qicore/StructureDefinition/qicore-procedure" ]
      },
      "extension": [ {
        "url": "http://hl7.org/fhir/us/qicore/StructureDefinition/qicore-recorded",
        "valueDateTime": "2012-11-19T09:35:00-04:00"
      } ],
      "status": "completed",
      "code": {
        "coding": [ {
          "system": "http://www.cms.gov/Medicare/Coding/ICD10",
          "code": "3E030FZ"
        }, {
          "system": "http://snomed.info/sct",
          "code": "18946005"
        } ]
      },
      "subject": {
        "reference": "Patient/faa6485a-448c-47a9-b49f-29bf904d02cd"
      },
      "performedPeriod": {
        "start": "2025-11-02T09:00:00+00:00",
        "end": "2025-11-02T09:15:00+00:00"
      }
    },
    "request": {
      "method": "PUT",
      "url": "Procedure/c5abf8f7-c7e1-46ab-8b2a-91ac3b352367"
    }
  }, {
    "fullUrl": "https://madie.cms.gov/Organization/92f7342b-6967-4c69-a47a-4e03ef5289cb",
    "resource": {
      "resourceType": "Organization",
      "id": "92f7342b-6967-4c69-a47a-4e03ef5289cb",
      "meta": {
        "profile": [ "http://hl7.org/fhir/us/qicore/StructureDefinition/qicore-organization" ]
      },
      "identifier": [ {
        "use": "temp",
        "system": "urn:oid:2.16.840.1.113883.4.4",
        "value": "21-3259825"
      } ],
      "active": true,
      "type": [ {
        "coding": [ {
          "system": "http://terminology.hl7.org/CodeSystem/organization-type",
          "code": "pay",
          "display": "Payer"
        } ]
      } ],
      "name": "Blue Cross Blue Shield of Texas",
      "telecom": [ {
        "system": "phone",
        "value": "(+1) 972-766-6900"
      } ],
      "address": [ {
        "use": "billing",
        "type": "postal",
        "line": [ "P.O. Box 660044" ],
        "city": "Dallas",
        "state": "TX",
        "postalCode": "75266-0044",
        "country": "USA"
      } ]
    },
    "request": {
      "method": "PUT",
      "url": "Organization/92f7342b-6967-4c69-a47a-4e03ef5289cb"
    }
  }, {
    "fullUrl": "https://madie.cms.gov/Practitioner/62a74df0-e329-4053-89c5-f3b329714bfb",
    "resource": {
      "resourceType": "Practitioner",
      "id": "62a74df0-e329-4053-89c5-f3b329714bfb",
      "identifier": [ {
        "system": "http://hl7.org/fhir/sid/us-npi",
        "value": "123456"
      } ],
      "name": [ {
        "family": "Evil",
        "prefix": [ "Dr" ]
      } ]
    },
    "request": {
      "method": "PUT",
      "url": "Practitioner/62a74df0-e329-4053-89c5-f3b329714bfb"
    }
  }, {
    "fullUrl": "https://madie.cms.gov/MeasureReport/004c5250-2cae-4bcb-89d4-f66db74d0f0d",
    "resource": {
      "resourceType": "MeasureReport",
      "id": "004c5250-2cae-4bcb-89d4-f66db74d0f0d",
      "meta": {
        "profile": [ "http://hl7.org/fhir/us/cqfmeasures/StructureDefinition/test-case-cqfm" ]
      },
      "contained": [ {
        "resourceType": "Parameters",
        "id": "0623d0ab-19eb-4f56-9379-3280c191abad-parameters",
        "parameter": [ {
          "name": "subject",
          "valueString": "faa6485a-448c-47a9-b49f-29bf904d02cd"
        } ]
      } ],
      "extension": [ {
        "url": "http://hl7.org/fhir/us/cqfmeasures/StructureDefinition/cqfm-inputParameters",
        "valueReference": {
          "reference": "#0623d0ab-19eb-4f56-9379-3280c191abad-parameters"
        }
      }, {
        "url": "http://hl7.org/fhir/us/cqfmeasures/StructureDefinition/cqfm-testCaseDescription",
        "valueMarkdown": "CMO performed on the day of Anesthesia end day"
      } ],
      "modifierExtension": [ {
        "url": "http://hl7.org/fhir/us/cqfmeasures/StructureDefinition/cqfm-isTestCase",
        "valueBoolean": true
      } ],
      "status": "complete",
      "type": "individual",
      "measure": "https://madie.cms.gov/Measure/VenousThromboembolismProphylaxisFHIR",
      "period": {
        "start": "2025-01-01",
        "end": "2025-12-31"
      },
      "group": [ {
        "population": [ {
          "code": {
            "coding": [ {
              "system": "http://terminology.hl7.org/CodeSystem/measure-population",
              "code": "initial-population",
              "display": "Initial Population"
            } ]
          },
          "count": 0
        }, {
          "code": {
            "coding": [ {
              "system": "http://terminology.hl7.org/CodeSystem/measure-population",
              "code": "denominator",
              "display": "Denominator"
            } ]
          },
          "count": 0
        }, {
          "code": {
            "coding": [ {
              "system": "http://terminology.hl7.org/CodeSystem/measure-population",
              "code": "denominator-exclusion",
              "display": "Denominator Exclusion"
            } ]
          },
          "count": 0
        }, {
          "code": {
            "coding": [ {
              "system": "http://terminology.hl7.org/CodeSystem/measure-population",
              "code": "numerator",
              "display": "Numerator"
            } ]
          },
          "count": 0
        } ]
      } ],
      "evaluatedResource": [ {
        "reference": "Patient/faa6485a-448c-47a9-b49f-29bf904d02cd"
      }, {
        "reference": "Encounter/fa9e43d7-9447-48a6-9966-141c7ddaa6aa"
      }, {
        "reference": "Procedure/ffdd3212-72b7-4168-9ffe-ff1028023c9c"
      }, {
        "reference": "Coverage/fb44cf45-6f59-4592-a476-2d69bea6c199"
      }, {
        "reference": "Procedure/c5abf8f7-c7e1-46ab-8b2a-91ac3b352367"
      }, {
        "reference": "Organization/92f7342b-6967-4c69-a47a-4e03ef5289cb"
      }, {
        "reference": "Practitioner/62a74df0-e329-4053-89c5-f3b329714bfb"
      } ]
    },
    "request": {
      "method": "PUT",
      "url": "MeasureReport/004c5250-2cae-4bcb-89d4-f66db74d0f0d"
    }
  } ]
}