{
  "resourceType": "Bundle",
  "id": "1366",
  "meta": {
    "versionId": "1",
    "lastUpdated": "2022-03-30T19:02:32.620+00:00"
  },
  "type": "collection",
  "entry": [ {
    "fullUrl": "https://madie.cms.gov/Encounter/73c9d7d3-544e-4299-9a0b-dacba60149a3",
    "resource": {
      "resourceType": "Encounter",
      "id": "73c9d7d3-544e-4299-9a0b-dacba60149a3",
      "meta": {
        "versionId": "1",
        "lastUpdated": "2021-10-13T03:34:10.160+00:00",
        "source": "#nEcAkGd8PRwPP5fA",
        "profile": [ "http://hl7.org/fhir/us/core/StructureDefinition/us-core-encounter" ]
      },
      "text": {
        "status": "generated",
        "div": "<div xmlns=\"http://www.w3.org/1999/xhtml\">Sep 9th 2021 for Asthma<a name=\"mm\"/></div>"
      },
      "status": "in-progress",
      "class": {
        "system": "http://terminology.hl7.org/CodeSystem/v3-ActCode",
        "code": "IMP",
        "display": "inpatient encounter"
      },
      "type": [ {
        "text": "OutPatient"
      } ],
      "subject": {
        "reference": "Patient/93362b33-d8c0-43b8-9a94-7f662ada1408"
      },
      "participant": [ {
        "individual": {
          "reference": "Practitioner/30164",
          "display": "Dr John Doe"
        }
      } ],
      "period": {
        "start": "2022-05-13T03:34:10.054Z"
      }
    }
  }, {
    "fullUrl": "https://madie.cms.gov/Patient/93362b33-d8c0-43b8-9a94-7f662ada1408",
    "resource": {
      "resourceType": "Patient",
      "id": "93362b33-d8c0-43b8-9a94-7f662ada1408",
      "meta": {
        "profile": [ "http://hl7.org/fhir/us/qicore/StructureDefinition/qicore-patient" ]
      },
      "text": {
        "status": "generated",
        "div": "<div xmlns=\"http://www.w3.org/1999/xhtml\">Lizzy Health</div>"
      },
      "identifier": [ {
        "system": "http://clinfhir.com/fhir/NamingSystem/identifier",
        "value": "20181011LizzyHealth"
      } ],
      "name": [ {
        "use": "official",
        "text": "Lizzy Health",
        "family": "Health",
        "given": [ "Lizzy" ]
      } ],
      "gender": "female",
      "birthDate": "2000-10-11"
    }
  }, {
    "fullUrl": "https://madie.cms.gov/MeasureReport/b221952f-1488-4d2a-a305-2f89dca923b4",
    "resource": {
      "resourceType": "MeasureReport",
      "id": "b221952f-1488-4d2a-a305-2f89dca923b4",
      "meta": {
        "profile": [ "http://hl7.org/fhir/us/cqfmeasures/StructureDefinition/test-case-cqfm" ]
      },
      "contained": [ {
        "resourceType": "Parameters",
        "id": "60db63a9-49d4-471e-a0a6-12dd3b5fc573-parameters",
        "parameter": [ {
          "name": "subject",
          "valueString": "93362b33-d8c0-43b8-9a94-7f662ada1408"
        } ]
      } ],
      "extension": [ {
        "url": "http://hl7.org/fhir/us/cqfmeasures/StructureDefinition/cqfm-inputParameters",
        "valueReference": {
          "reference": "#60db63a9-49d4-471e-a0a6-12dd3b5fc573-parameters"
        }
      }, {
        "url": "http://hl7.org/fhir/us/cqfmeasures/StructureDefinition/cqfm-testCaseDescription",
        "valueMarkdown": "FTC"
      } ],
      "modifierExtension": [ {
        "url": "http://hl7.org/fhir/us/cqfmeasures/StructureDefinition/cqfm-isTestCase",
        "valueBoolean": true
      } ],
      "status": "complete",
      "type": "individual",
      "measure": "https://madie.cms.gov/Measure/TestCase7345TstCQL",
      "period": {
        "start": "2022-07-17",
        "end": "2024-07-17"
      },
      "group": [ {
        "population": [ {
          "code": {
            "coding": [ {
              "system": "http://terminology.hl7.org/CodeSystem/measure-population",
              "code": "initial-population",
              "display": "Initial Population"
            } ]
          },
          "count": 1
        } ]
      } ],
      "evaluatedResource": [ {
        "reference": "Encounter/73c9d7d3-544e-4299-9a0b-dacba60149a3"
      }, {
        "reference": "Patient/93362b33-d8c0-43b8-9a94-7f662ada1408"
      } ]
    }
  } ]
}