{
  "resourceType": "Bundle",
  "id": "612e6a8802c62a011f2ea423",
  "type": "transaction",
  "entry": [ {
    "fullUrl": "https://madie.cms.gov/Patient/e7987acb-6695-415c-8f33-87007bc6ab43",
    "resource": {
      "resourceType": "Patient",
      "id": "e7987acb-6695-415c-8f33-87007bc6ab43",
      "meta": {
        "profile": [ "http://hl7.org/fhir/us/qicore/StructureDefinition/qicore-patient" ]
      },
      "text": {
        "status": "generated",
        "div": "<div xmlns=\"http://www.w3.org/1999/xhtml\"><div class=\"hapiHeaderText\">MedReason_MA_LMWH_DO_GCS_IPEnc <b>NUMERPASS </b></div><table class=\"hapiPropertyTable\"><tbody><tr><td>Identifier</td><td>57c53fc7391e680566116a818dec99f8</td></tr><tr><td>Date of birth</td><td><span>02 January 1974</span></td></tr></tbody></table></div>"
      },
      "extension": [ {
        "url": "http://hl7.org/fhir/us/core/StructureDefinition/us-core-race",
        "extension": [ {
          "url": "ombCategory",
          "valueCoding": {
            "system": "urn:oid:2.16.840.1.113883.6.238",
            "code": "1002-5",
            "display": "American Indian or Alaska Native",
            "userSelected": true
          }
        }, {
          "url": "text",
          "valueString": "American Indian or Alaska Native"
        } ]
      }, {
        "url": "http://hl7.org/fhir/us/core/StructureDefinition/us-core-ethnicity",
        "extension": [ {
          "url": "ombCategory",
          "valueCoding": {
            "system": "urn:oid:2.16.840.1.113883.6.238",
            "code": "2135-2",
            "display": "Hispanic or Latino",
            "userSelected": true
          }
        }, {
          "url": "text",
          "valueString": "Hispanic or Latino"
        } ]
      } ],
      "identifier": [ {
        "type": {
          "coding": [ {
            "system": "http://terminology.hl7.org/CodeSystem/v2-0203",
            "code": "MR"
          } ]
        },
        "system": "https://bonnie-fhir.healthit.gov/",
        "value": "612e6a8802c62a011f2ea423"
      } ],
      "active": true,
      "name": [ {
        "use": "usual",
        "family": "NUMERPass",
        "given": [ "MedReason_MA_LMWH_DO_GCS_IPEnc" ]
      } ],
      "gender": "male",
      "birthDate": "1974-01-02"
    },
    "request": {
      "method": "PUT",
      "url": "Patient/e7987acb-6695-415c-8f33-87007bc6ab43"
    }
  }, {
    "fullUrl": "https://madie.cms.gov/Encounter/fb010f81-f940-4ea3-b901-17b932018483",
    "resource": {
      "resourceType": "Encounter",
      "id": "fb010f81-f940-4ea3-b901-17b932018483",
      "meta": {
        "profile": [ "http://hl7.org/fhir/us/qicore/StructureDefinition/qicore-encounter" ]
      },
      "status": "finished",
      "class": {
        "system": "http://terminology.hl7.org/CodeSystem/v3-ActCode",
        "code": "IMP",
        "display": "inpatient encounter"
      },
      "type": [ {
        "coding": [ {
          "system": "http://snomed.info/sct",
          "code": "8715000"
        } ]
      } ],
      "subject": {
        "reference": "Patient/e7987acb-6695-415c-8f33-87007bc6ab43"
      },
      "period": {
        "start": "2025-11-01T08:00:00+00:00",
        "end": "2025-11-26T08:15:00+00:00"
      },
      "length": {
        "value": 25.0,
        "unit": "days"
      }
    },
    "request": {
      "method": "PUT",
      "url": "Encounter/fb010f81-f940-4ea3-b901-17b932018483"
    }
  }, {
    "fullUrl": "https://madie.cms.gov/Coverage/2d0e687a-928a-4e11-85ed-ab66f56f1fc3",
    "resource": {
      "resourceType": "Coverage",
      "id": "2d0e687a-928a-4e11-85ed-ab66f56f1fc3",
      "status": "active",
      "beneficiary": {
        "reference": "Patient/e7987acb-6695-415c-8f33-87007bc6ab43"
      },
      "period": {
        "start": "1974-01-02T08:00:00+00:00"
      },
      "payor": [ {
        "reference": "Organization/256e22f2-4710-4f36-b3f3-8183b311b890"
      } ]
    },
    "request": {
      "method": "PUT",
      "url": "Coverage/2d0e687a-928a-4e11-85ed-ab66f56f1fc3"
    }
  }, {
    "fullUrl": "https://madie.cms.gov/MedicationAdministration/85cc80bf-8b42-42a8-ab78-9c71c7451647",
    "resource": {
      "resourceType": "MedicationAdministration",
      "id": "85cc80bf-8b42-42a8-ab78-9c71c7451647",
      "meta": {
        "profile": [ "http://hl7.org/fhir/us/qicore/StructureDefinition/qicore-mednotadministered" ]
      },
      "extension": [ {
        "url": "http://hl7.org/fhir/us/qicore/StructureDefinition/qicore-recorded",
        "valueDateTime": "2025-11-02T09:00:00+00:00"
      } ],
      "status": "not-done",
      "statusReason": [ {
        "coding": [ {
          "system": "http://snomed.info/sct",
          "code": "183932001",
          "display": "Procedure contraindicated (situation)"
        } ]
      } ],
      "medicationCodeableConcept": {
        "coding": [ {
          "system": "http://www.nlm.nih.gov/research/umls/rxnorm",
          "code": "854228"
        } ]
      },
      "subject": {
        "reference": "Patient/e7987acb-6695-415c-8f33-87007bc6ab43"
      },
      "effectivePeriod": {
        "start": "2025-11-02T09:00:00+00:00"
      }
    },
    "request": {
      "method": "PUT",
      "url": "MedicationAdministration/85cc80bf-8b42-42a8-ab78-9c71c7451647"
    }
  }, {
    "fullUrl": "https://madie.cms.gov/ServiceRequest/4e0ed72a-9df6-422e-bdfc-9b20b8ceebad",
    "resource": {
      "resourceType": "ServiceRequest",
      "id": "4e0ed72a-9df6-422e-bdfc-9b20b8ceebad",
      "meta": {
        "profile": [ "http://hl7.org/fhir/us/qicore/StructureDefinition/qicore-servicenotrequested" ]
      },
      "extension": [ {
        "url": "http://hl7.org/fhir/us/qicore/StructureDefinition/qicore-doNotPerformReason",
        "valueCodeableConcept": {
          "coding": [ {
            "system": "http://snomed.info/sct",
            "code": "183932001",
            "display": "Procedure contraindicated (situation)"
          } ]
        }
      } ],
      "status": "completed",
      "intent": "order",
      "doNotPerform": true,
      "code": {
        "coding": [ {
          "system": "http://snomed.info/sct",
          "version": "2025-03",
          "code": "348681001",
          "display": "Graduated compression elastic hosiery (physical object)",
          "userSelected": true
        } ]
      },
      "subject": {
        "reference": "Patient/e7987acb-6695-415c-8f33-87007bc6ab43"
      },
      "authoredOn": "2025-11-02T09:00:00+00:00",
      "reasonCode": [ {
        "coding": [ {
          "system": "http://snomed.info/sct",
          "code": "183932001",
          "display": "Procedure contraindicated (situation)",
          "userSelected": true
        } ]
      } ]
    },
    "request": {
      "method": "PUT",
      "url": "ServiceRequest/4e0ed72a-9df6-422e-bdfc-9b20b8ceebad"
    }
  }, {
    "fullUrl": "https://madie.cms.gov/Organization/256e22f2-4710-4f36-b3f3-8183b311b890",
    "resource": {
      "resourceType": "Organization",
      "id": "256e22f2-4710-4f36-b3f3-8183b311b890",
      "meta": {
        "profile": [ "http://hl7.org/fhir/us/qicore/StructureDefinition/qicore-organization" ]
      },
      "identifier": [ {
        "use": "temp",
        "system": "urn:oid:2.16.840.1.113883.4.4",
        "value": "21-3259825"
      } ],
      "active": true,
      "type": [ {
        "coding": [ {
          "system": "http://terminology.hl7.org/CodeSystem/organization-type",
          "code": "pay",
          "display": "Payer"
        } ]
      } ],
      "name": "Blue Cross Blue Shield of Texas",
      "telecom": [ {
        "system": "phone",
        "value": "(+1) 972-766-6900"
      } ],
      "address": [ {
        "use": "billing",
        "type": "postal",
        "line": [ "P.O. Box 660044" ],
        "city": "Dallas",
        "state": "TX",
        "postalCode": "75266-0044",
        "country": "USA"
      } ]
    },
    "request": {
      "method": "PUT",
      "url": "Organization/256e22f2-4710-4f36-b3f3-8183b311b890"
    }
  }, {
    "fullUrl": "https://madie.cms.gov/Practitioner/41925f52-330a-456e-b653-ea5efdf70a2d",
    "resource": {
      "resourceType": "Practitioner",
      "id": "41925f52-330a-456e-b653-ea5efdf70a2d",
      "identifier": [ {
        "system": "http://hl7.org/fhir/sid/us-npi",
        "value": "123456"
      } ],
      "name": [ {
        "family": "Evil",
        "prefix": [ "Dr" ]
      } ]
    },
    "request": {
      "method": "PUT",
      "url": "Practitioner/41925f52-330a-456e-b653-ea5efdf70a2d"
    }
  }, {
    "fullUrl": "https://madie.cms.gov/MeasureReport/84fbc652-a668-4dce-a9bd-ec9cc5b62b7e",
    "resource": {
      "resourceType": "MeasureReport",
      "id": "84fbc652-a668-4dce-a9bd-ec9cc5b62b7e",
      "meta": {
        "profile": [ "http://hl7.org/fhir/us/cqfmeasures/StructureDefinition/test-case-cqfm" ]
      },
      "contained": [ {
        "resourceType": "Parameters",
        "id": "43583e9f-b737-4f51-b0c3-6e868090a916-parameters",
        "parameter": [ {
          "name": "subject",
          "valueString": "e7987acb-6695-415c-8f33-87007bc6ab43"
        } ]
      } ],
      "extension": [ {
        "url": "http://hl7.org/fhir/us/cqfmeasures/StructureDefinition/cqfm-inputParameters",
        "valueReference": {
          "reference": "#43583e9f-b737-4f51-b0c3-6e868090a916-parameters"
        }
      }, {
        "url": "http://hl7.org/fhir/us/cqfmeasures/StructureDefinition/cqfm-testCaseDescription",
        "valueMarkdown": "GCS not ordered and LMWH not adm due to medical reason <= 1 day after start of IP encounter\n"
      } ],
      "modifierExtension": [ {
        "url": "http://hl7.org/fhir/us/cqfmeasures/StructureDefinition/cqfm-isTestCase",
        "valueBoolean": true
      } ],
      "status": "complete",
      "type": "individual",
      "measure": "https://madie.cms.gov/Measure/VenousThromboembolismProphylaxisFHIR",
      "period": {
        "start": "2025-01-01",
        "end": "2025-12-31"
      },
      "group": [ {
        "population": [ {
          "code": {
            "coding": [ {
              "system": "http://terminology.hl7.org/CodeSystem/measure-population",
              "code": "initial-population",
              "display": "Initial Population"
            } ]
          },
          "count": 1
        }, {
          "code": {
            "coding": [ {
              "system": "http://terminology.hl7.org/CodeSystem/measure-population",
              "code": "denominator",
              "display": "Denominator"
            } ]
          },
          "count": 1
        }, {
          "code": {
            "coding": [ {
              "system": "http://terminology.hl7.org/CodeSystem/measure-population",
              "code": "denominator-exclusion",
              "display": "Denominator Exclusion"
            } ]
          },
          "count": 0
        }, {
          "code": {
            "coding": [ {
              "system": "http://terminology.hl7.org/CodeSystem/measure-population",
              "code": "numerator",
              "display": "Numerator"
            } ]
          },
          "count": 1
        } ]
      } ],
      "evaluatedResource": [ {
        "reference": "Patient/e7987acb-6695-415c-8f33-87007bc6ab43"
      }, {
        "reference": "Encounter/fb010f81-f940-4ea3-b901-17b932018483"
      }, {
        "reference": "Coverage/2d0e687a-928a-4e11-85ed-ab66f56f1fc3"
      }, {
        "reference": "MedicationAdministration/85cc80bf-8b42-42a8-ab78-9c71c7451647"
      }, {
        "reference": "ServiceRequest/4e0ed72a-9df6-422e-bdfc-9b20b8ceebad"
      }, {
        "reference": "Organization/256e22f2-4710-4f36-b3f3-8183b311b890"
      }, {
        "reference": "Practitioner/41925f52-330a-456e-b653-ea5efdf70a2d"
      } ]
    },
    "request": {
      "method": "PUT",
      "url": "MeasureReport/84fbc652-a668-4dce-a9bd-ec9cc5b62b7e"
    }
  } ]
}