{
  "resourceType": "Bundle",
  "id": "60abda28bf0a01003e3f76bd",
  "type": "transaction",
  "entry": [ {
    "fullUrl": "https://madie.cms.gov/Patient/326c4d57-1c4e-498e-8975-ceb9913c28f8",
    "resource": {
      "resourceType": "Patient",
      "id": "326c4d57-1c4e-498e-8975-ceb9913c28f8",
      "meta": {
        "profile": [ "http://hl7.org/fhir/us/qicore/StructureDefinition/qicore-patient" ]
      },
      "extension": [ {
        "url": "http://hl7.org/fhir/us/core/StructureDefinition/us-core-race",
        "extension": [ {
          "url": "ombCategory",
          "valueCoding": {
            "system": "urn:oid:2.16.840.1.113883.6.238",
            "code": "2054-5",
            "display": "Black or African American"
          }
        }, {
          "url": "text",
          "valueString": "Black or African American"
        } ]
      }, {
        "url": "http://hl7.org/fhir/us/core/StructureDefinition/us-core-ethnicity",
        "extension": [ {
          "url": "ombCategory",
          "valueCoding": {
            "system": "urn:oid:2.16.840.1.113883.6.238",
            "code": "2186-5",
            "display": "Not Hispanic or Latino"
          }
        }, {
          "url": "text",
          "valueString": "Not Hispanic or Latino"
        } ]
      } ],
      "identifier": [ {
        "type": {
          "coding": [ {
            "system": "http://terminology.hl7.org/CodeSystem/v2-0203",
            "code": "MR"
          } ]
        },
        "system": "https://bonnie-fhir.healthit.gov/",
        "value": "463131313187656"
      } ],
      "name": [ {
        "family": "NUMERFail",
        "given": [ "DEXAorderLessThan4MonthsAfterADT" ]
      } ],
      "gender": "male",
      "birthDate": "1929-06-15"
    },
    "request": {
      "method": "PUT",
      "url": "Patient/326c4d57-1c4e-498e-8975-ceb9913c28f8"
    }
  }, {
    "fullUrl": "https://madie.cms.gov/Encounter/59aac1ca-bc94-4217-8c1b-08a1e51861f2",
    "resource": {
      "resourceType": "Encounter",
      "id": "59aac1ca-bc94-4217-8c1b-08a1e51861f2",
      "meta": {
        "profile": [ "http://hl7.org/fhir/us/qicore/StructureDefinition/qicore-encounter" ]
      },
      "status": "finished",
      "class": {
        "system": "http://terminology.hl7.org/CodeSystem/v3-ActCode",
        "code": "AMB",
        "display": "ambulatory"
      },
      "type": [ {
        "coding": [ {
          "system": "http://snomed.info/sct",
          "version": "http://snomed.info/sct/731000124108/version/20240301",
          "code": "185463005",
          "display": "Visit out of hours (procedure)"
        } ]
      } ],
      "subject": {
        "reference": "Patient/326c4d57-1c4e-498e-8975-ceb9913c28f8"
      },
      "period": {
        "start": "2025-06-04T08:00:00.000+00:00",
        "end": "2025-06-04T08:15:00.000+00:00"
      }
    },
    "request": {
      "method": "PUT",
      "url": "Encounter/59aac1ca-bc94-4217-8c1b-08a1e51861f2"
    }
  }, {
    "fullUrl": "https://madie.cms.gov/Condition/bfff259d-59a5-483c-a333-79e867c80781",
    "resource": {
      "resourceType": "Condition",
      "id": "bfff259d-59a5-483c-a333-79e867c80781",
      "meta": {
        "profile": [ "http://hl7.org/fhir/us/qicore/StructureDefinition/qicore-condition-problems-health-concerns" ]
      },
      "clinicalStatus": {
        "coding": [ {
          "system": "http://terminology.hl7.org/CodeSystem/condition-clinical",
          "code": "active",
          "display": "Active",
          "userSelected": true
        } ]
      },
      "verificationStatus": {
        "coding": [ {
          "system": "http://terminology.hl7.org/CodeSystem/condition-ver-status",
          "code": "confirmed"
        } ]
      },
      "category": [ {
        "coding": [ {
          "system": "http://terminology.hl7.org/CodeSystem/condition-category",
          "code": "problem-list-item",
          "display": "Problem List Item"
        } ]
      } ],
      "code": {
        "coding": [ {
          "system": "http://snomed.info/sct",
          "version": "http://snomed.info/sct/731000124108/version/20240301",
          "code": "254900004",
          "display": "Carcinoma of prostate (disorder)"
        } ]
      },
      "subject": {
        "reference": "Patient/326c4d57-1c4e-498e-8975-ceb9913c28f8"
      },
      "onsetPeriod": {
        "start": "2025-06-04T08:00:00.000+00:00"
      }
    },
    "request": {
      "method": "PUT",
      "url": "Condition/bfff259d-59a5-483c-a333-79e867c80781"
    }
  }, {
    "fullUrl": "https://madie.cms.gov/Observation/68eb3859-e3c5-4f0b-9e9b-35b0732f0960",
    "resource": {
      "resourceType": "Observation",
      "id": "68eb3859-e3c5-4f0b-9e9b-35b0732f0960",
      "meta": {
        "profile": [ "http://hl7.org/fhir/us/qicore/StructureDefinition/qicore-observation-lab" ]
      },
      "status": "final",
      "category": [ {
        "coding": [ {
          "system": "http://terminology.hl7.org/CodeSystem/observation-category",
          "code": "imaging",
          "display": "Imaging"
        } ]
      } ],
      "code": {
        "coding": [ {
          "system": "http://loinc.org",
          "version": "2.76",
          "code": "38265-5",
          "display": "DXA Radius and Ulna [T-score] Bone density"
        } ]
      },
      "subject": {
        "reference": "Patient/326c4d57-1c4e-498e-8975-ceb9913c28f8"
      },
      "effectivePeriod": {
        "start": "2025-09-15T10:00:00.000+00:00"
      }
    },
    "request": {
      "method": "PUT",
      "url": "Observation/68eb3859-e3c5-4f0b-9e9b-35b0732f0960"
    }
  }, {
    "fullUrl": "https://madie.cms.gov/Practitioner/43584d0b-3e9c-440e-9267-48749bd977a0",
    "resource": {
      "resourceType": "Practitioner",
      "id": "43584d0b-3e9c-440e-9267-48749bd977a0",
      "meta": {
        "profile": [ "http://hl7.org/fhir/us/qicore/StructureDefinition/qicore-practitioner" ]
      },
      "identifier": [ {
        "use": "temp",
        "system": "urn:oid:2.16.840.1.113883.4.336",
        "value": "Practitioner-23"
      } ],
      "active": true,
      "name": [ {
        "family": "Careful",
        "given": [ "Adam" ],
        "prefix": [ "Dr" ]
      } ],
      "address": [ {
        "use": "home",
        "line": [ "534 Erewhon St" ],
        "city": "PleasantVille",
        "state": "UT",
        "postalCode": "84414"
      } ],
      "qualification": [ {
        "identifier": [ {
          "system": "http://example.org/UniversityIdentifier",
          "value": "12345"
        } ],
        "code": {
          "coding": [ {
            "system": "http://terminology.hl7.org/CodeSystem/v2-0360|2.7",
            "code": "BS",
            "display": "Bachelor of Science"
          } ],
          "text": "Bachelor of Science"
        },
        "period": {
          "start": "1995"
        },
        "issuer": {
          "display": "Example University"
        }
      } ]
    },
    "request": {
      "method": "PUT",
      "url": "Practitioner/43584d0b-3e9c-440e-9267-48749bd977a0"
    }
  }, {
    "fullUrl": "https://madie.cms.gov/MedicationRequest/a46b78cc-9e9d-4dd3-a09a-a72ab607f4b1",
    "resource": {
      "resourceType": "MedicationRequest",
      "id": "a46b78cc-9e9d-4dd3-a09a-a72ab607f4b1",
      "meta": {
        "profile": [ "http://hl7.org/fhir/us/qicore/StructureDefinition/qicore-medicationrequest" ]
      },
      "status": "active",
      "intent": "order",
      "medicationCodeableConcept": {
        "coding": [ {
          "system": "http://www.nlm.nih.gov/research/umls/rxnorm",
          "version": "04012024",
          "code": "1115257",
          "display": "1.5 ML leuprolide acetate 30 MG/ML Prefilled Syringe"
        } ]
      },
      "subject": {
        "reference": "Patient/326c4d57-1c4e-498e-8975-ceb9913c28f8"
      },
      "authoredOn": "2025-06-04T08:00:00.000+00:00",
      "requester": {
        "reference": "http://myGoodHealthcare.com/fhir/Practitioner/43584d0b-3e9c-440e-9267-48749bd977a0"
      },
      "dosageInstruction": [ {
        "timing": {
          "repeat": {
            "boundsPeriod": {
              "start": "2025-06-04T08:00:00.000+00:00",
              "end": "2025-07-04T08:00:00.000+00:00"
            }
          }
        }
      } ]
    },
    "request": {
      "method": "PUT",
      "url": "MedicationRequest/a46b78cc-9e9d-4dd3-a09a-a72ab607f4b1"
    }
  }, {
    "fullUrl": "https://madie.cms.gov/ServiceRequest/24e32d0f-5164-4201-81dd-975aac8f2185",
    "resource": {
      "resourceType": "ServiceRequest",
      "id": "24e32d0f-5164-4201-81dd-975aac8f2185",
      "meta": {
        "profile": [ "http://hl7.org/fhir/us/qicore/StructureDefinition/qicore-servicerequest" ]
      },
      "status": "active",
      "intent": "order",
      "code": {
        "coding": [ {
          "system": "http://snomed.info/sct",
          "version": "http://snomed.info/sct/731000124108/version/20240301",
          "code": "456381000124102",
          "display": "Injection of leuprolide acetate for twelve month period (regime/therapy)"
        } ]
      },
      "subject": {
        "reference": "Patient/326c4d57-1c4e-498e-8975-ceb9913c28f8"
      },
      "authoredOn": "2025-06-04T08:00:00.000+00:00"
    },
    "request": {
      "method": "PUT",
      "url": "ServiceRequest/24e32d0f-5164-4201-81dd-975aac8f2185"
    }
  }, {
    "fullUrl": "https://madie.cms.gov/MeasureReport/385e69fa-6392-460e-b6fe-20f665654ecd",
    "resource": {
      "resourceType": "MeasureReport",
      "id": "385e69fa-6392-460e-b6fe-20f665654ecd",
      "meta": {
        "profile": [ "http://hl7.org/fhir/us/cqfmeasures/StructureDefinition/test-case-cqfm" ]
      },
      "contained": [ {
        "resourceType": "Parameters",
        "id": "225525f8-f449-4ecf-8d5c-4c7e15d8b510-parameters",
        "parameter": [ {
          "name": "subject",
          "valueString": "326c4d57-1c4e-498e-8975-ceb9913c28f8"
        } ]
      } ],
      "extension": [ {
        "url": "http://hl7.org/fhir/us/cqfmeasures/StructureDefinition/cqfm-inputParameters",
        "valueReference": {
          "reference": "#225525f8-f449-4ecf-8d5c-4c7e15d8b510-parameters"
        }
      }, {
        "url": "http://hl7.org/fhir/us/cqfmeasures/StructureDefinition/cqfm-testCaseDescription",
        "valueMarkdown": "Patient has diagnosis of Prostate Cancer.  DEXA ordered 4 mo after ADT start.  Fails NUMER criteria."
      } ],
      "modifierExtension": [ {
        "url": "http://hl7.org/fhir/us/cqfmeasures/StructureDefinition/cqfm-isTestCase",
        "valueBoolean": true
      } ],
      "status": "complete",
      "type": "individual",
      "measure": "https://madie.cms.gov/Measure/BoneDensityProstateCancerAndrogenDeprivationTherapyFHIR6",
      "period": {
        "start": "2025-01-01",
        "end": "2025-12-31"
      },
      "group": [ {
        "id": "67b61060a0d801640767a597",
        "population": [ {
          "id": "E8F25116-1779-4BA6-B606-34F12AE4F5BA",
          "code": {
            "coding": [ {
              "system": "http://terminology.hl7.org/CodeSystem/measure-population",
              "code": "initial-population",
              "display": "Initial Population"
            } ]
          },
          "count": 1
        }, {
          "id": "1C145A56-9250-4444-A497-86C44F55CFDB",
          "code": {
            "coding": [ {
              "system": "http://terminology.hl7.org/CodeSystem/measure-population",
              "code": "denominator",
              "display": "Denominator"
            } ]
          },
          "count": 1
        }, {
          "id": "B1E0E3D2-D44E-4BFF-92F8-077CF1AE234F",
          "code": {
            "coding": [ {
              "system": "http://terminology.hl7.org/CodeSystem/measure-population",
              "code": "numerator",
              "display": "Numerator"
            } ]
          },
          "count": 0
        }, {
          "id": "A9552F46-139C-4270-835C-224132205362",
          "code": {
            "coding": [ {
              "system": "http://terminology.hl7.org/CodeSystem/measure-population",
              "code": "denominator-exception",
              "display": "Denominator Exception"
            } ]
          },
          "count": 0
        } ],
        "measureScore": {
          "value": 1.0
        }
      } ],
      "evaluatedResource": [ {
        "reference": "Patient/326c4d57-1c4e-498e-8975-ceb9913c28f8"
      }, {
        "reference": "Encounter/59aac1ca-bc94-4217-8c1b-08a1e51861f2"
      }, {
        "reference": "Condition/bfff259d-59a5-483c-a333-79e867c80781"
      }, {
        "reference": "Observation/68eb3859-e3c5-4f0b-9e9b-35b0732f0960"
      }, {
        "reference": "Practitioner/43584d0b-3e9c-440e-9267-48749bd977a0"
      }, {
        "reference": "MedicationRequest/a46b78cc-9e9d-4dd3-a09a-a72ab607f4b1"
      }, {
        "reference": "ServiceRequest/24e32d0f-5164-4201-81dd-975aac8f2185"
      } ]
    },
    "request": {
      "method": "PUT",
      "url": "MeasureReport/385e69fa-6392-460e-b6fe-20f665654ecd"
    }
  } ]
}