{
  "resourceType": "Bundle",
  "id": "612e6af202c62a011f2ebdd1",
  "type": "transaction",
  "entry": [ {
    "fullUrl": "https://madie.cms.gov/Patient/f60e1a28-a3ef-47be-b4a5-576e15a615ff",
    "resource": {
      "resourceType": "Patient",
      "id": "f60e1a28-a3ef-47be-b4a5-576e15a615ff",
      "meta": {
        "profile": [ "http://hl7.org/fhir/us/qicore/StructureDefinition/qicore-patient" ]
      },
      "text": {
        "status": "generated",
        "div": "<div xmlns=\"http://www.w3.org/1999/xhtml\"><div class=\"hapiHeaderText\">MAOralXaDayAFEncStartKneeSurgRvltDT <b>NUMERPASS </b></div><table class=\"hapiPropertyTable\"><tbody><tr><td>Date of birth</td><td><span>02 January 1974</span></td></tr></tbody></table></div>"
      },
      "extension": [ {
        "url": "http://hl7.org/fhir/us/core/StructureDefinition/us-core-race",
        "extension": [ {
          "url": "ombCategory",
          "valueCoding": {
            "system": "urn:oid:2.16.840.1.113883.6.238",
            "code": "1002-5",
            "display": "American Indian or Alaska Native",
            "userSelected": true
          }
        }, {
          "url": "text",
          "valueString": "American Indian or Alaska Native"
        } ]
      }, {
        "url": "http://hl7.org/fhir/us/core/StructureDefinition/us-core-ethnicity",
        "extension": [ {
          "url": "ombCategory",
          "valueCoding": {
            "system": "urn:oid:2.16.840.1.113883.6.238",
            "code": "2135-2",
            "display": "Hispanic or Latino",
            "userSelected": true
          }
        }, {
          "url": "text",
          "valueString": "Hispanic or Latino"
        } ]
      } ],
      "identifier": [ {
        "type": {
          "coding": [ {
            "system": "http://terminology.hl7.org/CodeSystem/v2-0203",
            "code": "MR"
          } ]
        },
        "system": "https://bonnie-fhir.healthit.gov/",
        "value": "612e6af202c62a011f2ebdd1"
      } ],
      "active": true,
      "name": [ {
        "use": "usual",
        "family": "NUMERPass",
        "given": [ "MAOralXaDayAFEncStartKneeSurgRvltDT" ]
      } ],
      "gender": "female",
      "birthDate": "1974-01-02"
    },
    "request": {
      "method": "PUT",
      "url": "Patient/f60e1a28-a3ef-47be-b4a5-576e15a615ff"
    }
  }, {
    "fullUrl": "https://madie.cms.gov/Encounter/145804ef-99a4-49b0-a24b-a0ba10e50e4e",
    "resource": {
      "resourceType": "Encounter",
      "id": "145804ef-99a4-49b0-a24b-a0ba10e50e4e",
      "meta": {
        "profile": [ "http://hl7.org/fhir/us/qicore/StructureDefinition/qicore-encounter" ]
      },
      "status": "finished",
      "class": {
        "system": "http://terminology.hl7.org/CodeSystem/v3-ActCode",
        "code": "IMP",
        "display": "inpatient encounter"
      },
      "type": [ {
        "coding": [ {
          "system": "http://snomed.info/sct",
          "code": "183452005"
        } ]
      } ],
      "subject": {
        "reference": "Patient/f60e1a28-a3ef-47be-b4a5-576e15a615ff"
      },
      "period": {
        "start": "2025-11-01T08:00:00+00:00",
        "end": "2025-11-26T08:15:00+00:00"
      },
      "length": {
        "value": 25.0,
        "unit": "day"
      }
    },
    "request": {
      "method": "PUT",
      "url": "Encounter/145804ef-99a4-49b0-a24b-a0ba10e50e4e"
    }
  }, {
    "fullUrl": "https://madie.cms.gov/Coverage/1d3cfc00-54dc-4d83-8d79-53c3bab4e1bb",
    "resource": {
      "resourceType": "Coverage",
      "id": "1d3cfc00-54dc-4d83-8d79-53c3bab4e1bb",
      "status": "active",
      "beneficiary": {
        "reference": "Patient/f60e1a28-a3ef-47be-b4a5-576e15a615ff"
      },
      "period": {
        "start": "1974-01-02T08:00:00+00:00"
      },
      "payor": [ {
        "reference": "Organization/077d25c4-5fcc-4619-85f3-d7c99b5e5e70"
      } ]
    },
    "request": {
      "method": "PUT",
      "url": "Coverage/1d3cfc00-54dc-4d83-8d79-53c3bab4e1bb"
    }
  }, {
    "fullUrl": "https://madie.cms.gov/MedicationAdministration/a9a71b96-aa68-43f9-ae84-70bba6bc434b",
    "resource": {
      "resourceType": "MedicationAdministration",
      "id": "a9a71b96-aa68-43f9-ae84-70bba6bc434b",
      "meta": {
        "profile": [ "http://hl7.org/fhir/us/qicore/StructureDefinition/qicore-medicationadministration" ]
      },
      "status": "completed",
      "medicationCodeableConcept": {
        "coding": [ {
          "system": "http://www.nlm.nih.gov/research/umls/rxnorm",
          "code": "1992427"
        } ]
      },
      "subject": {
        "reference": "Patient/f60e1a28-a3ef-47be-b4a5-576e15a615ff"
      },
      "effectivePeriod": {
        "start": "2025-11-02T23:59:00+00:00",
        "end": "2025-11-02T23:59:00+00:00"
      }
    },
    "request": {
      "method": "PUT",
      "url": "MedicationAdministration/a9a71b96-aa68-43f9-ae84-70bba6bc434b"
    }
  }, {
    "fullUrl": "https://madie.cms.gov/Procedure/d8af5a85-e268-4355-8b43-791fca0c2b57",
    "resource": {
      "resourceType": "Procedure",
      "id": "d8af5a85-e268-4355-8b43-791fca0c2b57",
      "meta": {
        "profile": [ "http://hl7.org/fhir/us/qicore/StructureDefinition/qicore-procedure" ]
      },
      "extension": [ {
        "url": "http://hl7.org/fhir/us/qicore/StructureDefinition/qicore-recorded",
        "valueDateTime": "2012-11-19T09:35:00-04:00"
      } ],
      "status": "completed",
      "code": {
        "coding": [ {
          "system": "http://www.cms.gov/Medicare/Coding/ICD10",
          "code": "0SUU09Z"
        } ]
      },
      "subject": {
        "reference": "Patient/f60e1a28-a3ef-47be-b4a5-576e15a615ff"
      },
      "performedDateTime": "2025-11-01T09:00:00+00:00"
    },
    "request": {
      "method": "PUT",
      "url": "Procedure/d8af5a85-e268-4355-8b43-791fca0c2b57"
    }
  }, {
    "fullUrl": "https://madie.cms.gov/Organization/077d25c4-5fcc-4619-85f3-d7c99b5e5e70",
    "resource": {
      "resourceType": "Organization",
      "id": "077d25c4-5fcc-4619-85f3-d7c99b5e5e70",
      "meta": {
        "profile": [ "http://hl7.org/fhir/us/qicore/StructureDefinition/qicore-organization" ]
      },
      "identifier": [ {
        "use": "temp",
        "system": "urn:oid:2.16.840.1.113883.4.4",
        "value": "21-3259825"
      } ],
      "active": true,
      "type": [ {
        "coding": [ {
          "system": "http://terminology.hl7.org/CodeSystem/organization-type",
          "code": "pay",
          "display": "Payer"
        } ]
      } ],
      "name": "Blue Cross Blue Shield of Texas",
      "telecom": [ {
        "system": "phone",
        "value": "(+1) 972-766-6900"
      } ],
      "address": [ {
        "use": "billing",
        "type": "postal",
        "line": [ "P.O. Box 660044" ],
        "city": "Dallas",
        "state": "TX",
        "postalCode": "75266-0044",
        "country": "USA"
      } ]
    },
    "request": {
      "method": "PUT",
      "url": "Organization/077d25c4-5fcc-4619-85f3-d7c99b5e5e70"
    }
  }, {
    "fullUrl": "https://madie.cms.gov/Practitioner/4afc5441-f592-449c-aa8f-6429b2682475",
    "resource": {
      "resourceType": "Practitioner",
      "id": "4afc5441-f592-449c-aa8f-6429b2682475",
      "identifier": [ {
        "system": "http://hl7.org/fhir/sid/us-npi",
        "value": "123456"
      } ],
      "name": [ {
        "family": "Evil",
        "prefix": [ "Dr" ]
      } ]
    },
    "request": {
      "method": "PUT",
      "url": "Practitioner/4afc5441-f592-449c-aa8f-6429b2682475"
    }
  }, {
    "fullUrl": "https://madie.cms.gov/MeasureReport/95b51b29-c3e0-448d-a24c-84f47bf8c6eb",
    "resource": {
      "resourceType": "MeasureReport",
      "id": "95b51b29-c3e0-448d-a24c-84f47bf8c6eb",
      "meta": {
        "profile": [ "http://hl7.org/fhir/us/cqfmeasures/StructureDefinition/test-case-cqfm" ]
      },
      "contained": [ {
        "resourceType": "Parameters",
        "id": "0778e7bb-ab27-4f6b-9802-21c22618bb4c-parameters",
        "parameter": [ {
          "name": "subject",
          "valueString": "f60e1a28-a3ef-47be-b4a5-576e15a615ff"
        } ]
      } ],
      "extension": [ {
        "url": "http://hl7.org/fhir/us/cqfmeasures/StructureDefinition/cqfm-inputParameters",
        "valueReference": {
          "reference": "#0778e7bb-ab27-4f6b-9802-21c22618bb4c-parameters"
        }
      }, {
        "url": "http://hl7.org/fhir/us/cqfmeasures/StructureDefinition/cqfm-testCaseDescription",
        "valueMarkdown": "\"Oral Xa 11:59PM day after Inp.start\nHip replacement surgery Revelant Datetime after IP\"\n"
      } ],
      "modifierExtension": [ {
        "url": "http://hl7.org/fhir/us/cqfmeasures/StructureDefinition/cqfm-isTestCase",
        "valueBoolean": true
      } ],
      "status": "complete",
      "type": "individual",
      "measure": "https://madie.cms.gov/Measure/VenousThromboembolismProphylaxisFHIR",
      "period": {
        "start": "2025-01-01",
        "end": "2025-12-31"
      },
      "group": [ {
        "population": [ {
          "code": {
            "coding": [ {
              "system": "http://terminology.hl7.org/CodeSystem/measure-population",
              "code": "initial-population",
              "display": "Initial Population"
            } ]
          },
          "count": 1
        }, {
          "code": {
            "coding": [ {
              "system": "http://terminology.hl7.org/CodeSystem/measure-population",
              "code": "denominator",
              "display": "Denominator"
            } ]
          },
          "count": 1
        }, {
          "code": {
            "coding": [ {
              "system": "http://terminology.hl7.org/CodeSystem/measure-population",
              "code": "denominator-exclusion",
              "display": "Denominator Exclusion"
            } ]
          },
          "count": 0
        }, {
          "code": {
            "coding": [ {
              "system": "http://terminology.hl7.org/CodeSystem/measure-population",
              "code": "numerator",
              "display": "Numerator"
            } ]
          },
          "count": 1
        } ]
      } ],
      "evaluatedResource": [ {
        "reference": "Patient/f60e1a28-a3ef-47be-b4a5-576e15a615ff"
      }, {
        "reference": "Encounter/145804ef-99a4-49b0-a24b-a0ba10e50e4e"
      }, {
        "reference": "Coverage/1d3cfc00-54dc-4d83-8d79-53c3bab4e1bb"
      }, {
        "reference": "MedicationAdministration/a9a71b96-aa68-43f9-ae84-70bba6bc434b"
      }, {
        "reference": "Procedure/d8af5a85-e268-4355-8b43-791fca0c2b57"
      }, {
        "reference": "Organization/077d25c4-5fcc-4619-85f3-d7c99b5e5e70"
      }, {
        "reference": "Practitioner/4afc5441-f592-449c-aa8f-6429b2682475"
      } ]
    },
    "request": {
      "method": "PUT",
      "url": "MeasureReport/95b51b29-c3e0-448d-a24c-84f47bf8c6eb"
    }
  } ]
}