{
  "resourceType": "Bundle",
  "id": "612e6b1702c62a011f2ec653",
  "type": "transaction",
  "entry": [ {
    "fullUrl": "https://madie.cms.gov/Patient/e561de0b-22f4-4157-8f0c-d250767f8410",
    "resource": {
      "resourceType": "Patient",
      "id": "e561de0b-22f4-4157-8f0c-d250767f8410",
      "meta": {
        "profile": [ "http://hl7.org/fhir/us/qicore/StructureDefinition/qicore-patient" ]
      },
      "text": {
        "status": "generated",
        "div": "<div xmlns=\"http://www.w3.org/1999/xhtml\"><div class=\"hapiHeaderText\">NOccur1FailIP1NumMAWarfSameDayBFAdmit <b>NUMERPASS </b></div><table class=\"hapiPropertyTable\"><tbody><tr><td>Identifier</td><td>f6b3ce4fb2b87a4aa5f00ca8118e0e9a</td></tr><tr><td>Date of birth</td><td><span>02 January 1974</span></td></tr></tbody></table></div>"
      },
      "extension": [ {
        "url": "http://hl7.org/fhir/us/core/StructureDefinition/us-core-race",
        "extension": [ {
          "url": "ombCategory",
          "valueCoding": {
            "system": "urn:oid:2.16.840.1.113883.6.238",
            "code": "1002-5",
            "display": "American Indian or Alaska Native",
            "userSelected": true
          }
        }, {
          "url": "text",
          "valueString": "American Indian or Alaska Native"
        } ]
      }, {
        "url": "http://hl7.org/fhir/us/core/StructureDefinition/us-core-ethnicity",
        "extension": [ {
          "url": "ombCategory",
          "valueCoding": {
            "system": "urn:oid:2.16.840.1.113883.6.238",
            "code": "2135-2",
            "display": "Hispanic or Latino",
            "userSelected": true
          }
        }, {
          "url": "text",
          "valueString": "Hispanic or Latino"
        } ]
      } ],
      "identifier": [ {
        "type": {
          "coding": [ {
            "system": "http://terminology.hl7.org/CodeSystem/v2-0203",
            "code": "MR"
          } ]
        },
        "system": "https://bonnie-fhir.healthit.gov/",
        "value": "612e6b1702c62a011f2ec653"
      } ],
      "active": true,
      "name": [ {
        "use": "usual",
        "family": "NUMERPass",
        "given": [ "NOccur1FailIP1NumMAWarfSameDayBFAdmit" ]
      } ],
      "gender": "male",
      "birthDate": "1974-01-02"
    },
    "request": {
      "method": "PUT",
      "url": "Patient/e561de0b-22f4-4157-8f0c-d250767f8410"
    }
  }, {
    "fullUrl": "https://madie.cms.gov/Encounter/1d6e6ff0-c97b-48de-a103-cb7e84b03f8f",
    "resource": {
      "resourceType": "Encounter",
      "id": "1d6e6ff0-c97b-48de-a103-cb7e84b03f8f",
      "meta": {
        "profile": [ "http://hl7.org/fhir/us/qicore/StructureDefinition/qicore-encounter" ]
      },
      "status": "finished",
      "class": {
        "system": "http://terminology.hl7.org/CodeSystem/v3-ActCode",
        "code": "IMP",
        "display": "inpatient encounter"
      },
      "type": [ {
        "coding": [ {
          "system": "http://snomed.info/sct",
          "code": "8715000"
        } ]
      } ],
      "subject": {
        "reference": "Patient/e561de0b-22f4-4157-8f0c-d250767f8410"
      },
      "period": {
        "start": "2025-10-03T08:00:00+00:00",
        "end": "2025-10-05T08:15:00+00:00"
      },
      "length": {
        "value": 2.0,
        "unit": "days"
      },
      "diagnosis": [ {
        "condition": {
          "reference": "Condition/deb23a8b-93ff-4c62-994f-d10a489d512c"
        }
      } ]
    },
    "request": {
      "method": "PUT",
      "url": "Encounter/1d6e6ff0-c97b-48de-a103-cb7e84b03f8f"
    }
  }, {
    "fullUrl": "https://madie.cms.gov/Encounter/201361a5-38f8-4c42-9513-782d84f95065",
    "resource": {
      "resourceType": "Encounter",
      "id": "201361a5-38f8-4c42-9513-782d84f95065",
      "meta": {
        "profile": [ "http://hl7.org/fhir/us/qicore/StructureDefinition/qicore-encounter" ]
      },
      "status": "finished",
      "class": {
        "system": "http://terminology.hl7.org/CodeSystem/v3-ActCode",
        "code": "IMP",
        "display": "inpatient encounter"
      },
      "type": [ {
        "coding": [ {
          "system": "http://snomed.info/sct",
          "code": "8715000"
        } ]
      } ],
      "subject": {
        "reference": "Patient/e561de0b-22f4-4157-8f0c-d250767f8410"
      },
      "period": {
        "start": "2025-11-01T08:00:00+00:00",
        "end": "2025-11-26T08:15:00+00:00"
      },
      "length": {
        "value": 25.0,
        "unit": "days"
      }
    },
    "request": {
      "method": "PUT",
      "url": "Encounter/201361a5-38f8-4c42-9513-782d84f95065"
    }
  }, {
    "fullUrl": "https://madie.cms.gov/Coverage/89b250cd-1fb9-486c-9f42-2d3672d05eda",
    "resource": {
      "resourceType": "Coverage",
      "id": "89b250cd-1fb9-486c-9f42-2d3672d05eda",
      "status": "active",
      "beneficiary": {
        "reference": "Patient/e561de0b-22f4-4157-8f0c-d250767f8410"
      },
      "period": {
        "start": "1974-01-02T08:00:00+00:00"
      },
      "payor": [ {
        "reference": "Organization/f705ce1a-b21b-47ae-9713-9dd54b7b4004"
      } ]
    },
    "request": {
      "method": "PUT",
      "url": "Coverage/89b250cd-1fb9-486c-9f42-2d3672d05eda"
    }
  }, {
    "fullUrl": "https://madie.cms.gov/MedicationAdministration/d19bc1d9-551d-40cf-b27a-e3f74f38fbc7",
    "resource": {
      "resourceType": "MedicationAdministration",
      "id": "d19bc1d9-551d-40cf-b27a-e3f74f38fbc7",
      "meta": {
        "profile": [ "http://hl7.org/fhir/us/qicore/StructureDefinition/qicore-medicationadministration" ]
      },
      "status": "completed",
      "medicationCodeableConcept": {
        "coding": [ {
          "system": "http://www.nlm.nih.gov/research/umls/rxnorm",
          "code": "855288"
        } ]
      },
      "subject": {
        "reference": "Patient/e561de0b-22f4-4157-8f0c-d250767f8410"
      },
      "effectivePeriod": {
        "start": "2025-11-01T06:00:00+00:00",
        "end": "2025-11-01T06:15:00+00:00"
      }
    },
    "request": {
      "method": "PUT",
      "url": "MedicationAdministration/d19bc1d9-551d-40cf-b27a-e3f74f38fbc7"
    }
  }, {
    "fullUrl": "https://madie.cms.gov/Condition/deb23a8b-93ff-4c62-994f-d10a489d512c",
    "resource": {
      "resourceType": "Condition",
      "id": "deb23a8b-93ff-4c62-994f-d10a489d512c",
      "meta": {
        "profile": [ "http://hl7.org/fhir/us/qicore/StructureDefinition/qicore-condition" ]
      },
      "category": [ {
        "coding": [ {
          "system": "http://terminology.hl7.org/CodeSystem/condition-category",
          "code": "encounter-diagnosis",
          "display": "Encounter Diagnosis"
        } ]
      } ],
      "code": {
        "coding": [ {
          "system": "http://snomed.info/sct",
          "version": "2025-03",
          "code": "10217006",
          "display": "Third degree perineal laceration (disorder)",
          "userSelected": true
        } ]
      },
      "subject": {
        "reference": "Patient/e561de0b-22f4-4157-8f0c-d250767f8410"
      },
      "recordedDate": "2025-07-20T08:00:00.000+00:00"
    },
    "request": {
      "method": "PUT",
      "url": "Condition/deb23a8b-93ff-4c62-994f-d10a489d512c"
    }
  }, {
    "fullUrl": "https://madie.cms.gov/Organization/f705ce1a-b21b-47ae-9713-9dd54b7b4004",
    "resource": {
      "resourceType": "Organization",
      "id": "f705ce1a-b21b-47ae-9713-9dd54b7b4004",
      "meta": {
        "profile": [ "http://hl7.org/fhir/us/qicore/StructureDefinition/qicore-organization" ]
      },
      "identifier": [ {
        "use": "temp",
        "system": "urn:oid:2.16.840.1.113883.4.4",
        "value": "21-3259825"
      } ],
      "active": true,
      "type": [ {
        "coding": [ {
          "system": "http://terminology.hl7.org/CodeSystem/organization-type",
          "code": "pay",
          "display": "Payer"
        } ]
      } ],
      "name": "Blue Cross Blue Shield of Texas",
      "telecom": [ {
        "system": "phone",
        "value": "(+1) 972-766-6900"
      } ],
      "address": [ {
        "use": "billing",
        "type": "postal",
        "line": [ "P.O. Box 660044" ],
        "city": "Dallas",
        "state": "TX",
        "postalCode": "75266-0044",
        "country": "USA"
      } ]
    },
    "request": {
      "method": "PUT",
      "url": "Organization/f705ce1a-b21b-47ae-9713-9dd54b7b4004"
    }
  }, {
    "fullUrl": "https://madie.cms.gov/Practitioner/f6cc2075-0502-407e-bf01-ecd18995ffc0",
    "resource": {
      "resourceType": "Practitioner",
      "id": "f6cc2075-0502-407e-bf01-ecd18995ffc0",
      "identifier": [ {
        "system": "http://hl7.org/fhir/sid/us-npi",
        "value": "123456"
      } ],
      "name": [ {
        "family": "Evil",
        "prefix": [ "Dr" ]
      } ]
    },
    "request": {
      "method": "PUT",
      "url": "Practitioner/f6cc2075-0502-407e-bf01-ecd18995ffc0"
    }
  }, {
    "fullUrl": "https://madie.cms.gov/MeasureReport/b042c143-14f5-4ede-bcca-6d39eaaa75cf",
    "resource": {
      "resourceType": "MeasureReport",
      "id": "b042c143-14f5-4ede-bcca-6d39eaaa75cf",
      "meta": {
        "profile": [ "http://hl7.org/fhir/us/cqfmeasures/StructureDefinition/test-case-cqfm" ]
      },
      "contained": [ {
        "resourceType": "Parameters",
        "id": "57bc7ca3-d036-4775-a2da-82db137deff7-parameters",
        "parameter": [ {
          "name": "subject",
          "valueString": "e561de0b-22f4-4157-8f0c-d250767f8410"
        } ]
      } ],
      "extension": [ {
        "url": "http://hl7.org/fhir/us/cqfmeasures/StructureDefinition/cqfm-inputParameters",
        "valueReference": {
          "reference": "#57bc7ca3-d036-4775-a2da-82db137deff7-parameters"
        }
      }, {
        "url": "http://hl7.org/fhir/us/cqfmeasures/StructureDefinition/cqfm-testCaseDescription",
        "valueMarkdown": "2 encounters. One is failed IPP and another encountewarfarin administered  on the same day as adm but it was before adm time\n"
      } ],
      "modifierExtension": [ {
        "url": "http://hl7.org/fhir/us/cqfmeasures/StructureDefinition/cqfm-isTestCase",
        "valueBoolean": true
      } ],
      "status": "complete",
      "type": "individual",
      "measure": "https://madie.cms.gov/Measure/VenousThromboembolismProphylaxisFHIR",
      "period": {
        "start": "2025-01-01",
        "end": "2025-12-31"
      },
      "group": [ {
        "population": [ {
          "code": {
            "coding": [ {
              "system": "http://terminology.hl7.org/CodeSystem/measure-population",
              "code": "initial-population",
              "display": "Initial Population"
            } ]
          },
          "count": 1
        }, {
          "code": {
            "coding": [ {
              "system": "http://terminology.hl7.org/CodeSystem/measure-population",
              "code": "denominator",
              "display": "Denominator"
            } ]
          },
          "count": 1
        }, {
          "code": {
            "coding": [ {
              "system": "http://terminology.hl7.org/CodeSystem/measure-population",
              "code": "denominator-exclusion",
              "display": "Denominator Exclusion"
            } ]
          },
          "count": 0
        }, {
          "code": {
            "coding": [ {
              "system": "http://terminology.hl7.org/CodeSystem/measure-population",
              "code": "numerator",
              "display": "Numerator"
            } ]
          },
          "count": 1
        } ]
      } ],
      "evaluatedResource": [ {
        "reference": "Patient/e561de0b-22f4-4157-8f0c-d250767f8410"
      }, {
        "reference": "Encounter/1d6e6ff0-c97b-48de-a103-cb7e84b03f8f"
      }, {
        "reference": "Encounter/201361a5-38f8-4c42-9513-782d84f95065"
      }, {
        "reference": "Coverage/89b250cd-1fb9-486c-9f42-2d3672d05eda"
      }, {
        "reference": "MedicationAdministration/d19bc1d9-551d-40cf-b27a-e3f74f38fbc7"
      }, {
        "reference": "Condition/deb23a8b-93ff-4c62-994f-d10a489d512c"
      }, {
        "reference": "Organization/f705ce1a-b21b-47ae-9713-9dd54b7b4004"
      }, {
        "reference": "Practitioner/f6cc2075-0502-407e-bf01-ecd18995ffc0"
      } ]
    },
    "request": {
      "method": "PUT",
      "url": "MeasureReport/b042c143-14f5-4ede-bcca-6d39eaaa75cf"
    }
  } ]
}