{
  "resourceType": "Bundle",
  "id": "612e6b3102c62a011f2ecd58",
  "type": "transaction",
  "entry": [ {
    "fullUrl": "https://madie.cms.gov/Patient/158ed001-2a28-442c-a686-a3a8b28baaec",
    "resource": {
      "resourceType": "Patient",
      "id": "158ed001-2a28-442c-a686-a3a8b28baaec",
      "meta": {
        "profile": [ "http://hl7.org/fhir/us/qicore/StructureDefinition/qicore-patient" ]
      },
      "text": {
        "status": "generated",
        "div": "<div xmlns=\"http://www.w3.org/1999/xhtml\"><div class=\"hapiHeaderText\">EncDxAfib_MA_OralXa_MedAdmRvltDT <b>NUMERPASS </b></div><table class=\"hapiPropertyTable\"><tbody><tr><td>Identifier</td><td>dc257e8594370e421c6581222a79e666</td></tr><tr><td>Date of birth</td><td><span>02 January 1974</span></td></tr></tbody></table></div>"
      },
      "extension": [ {
        "url": "http://hl7.org/fhir/us/core/StructureDefinition/us-core-race",
        "extension": [ {
          "url": "ombCategory",
          "valueCoding": {
            "system": "urn:oid:2.16.840.1.113883.6.238",
            "code": "1002-5",
            "display": "American Indian or Alaska Native",
            "userSelected": true
          }
        }, {
          "url": "text",
          "valueString": "American Indian or Alaska Native"
        } ]
      }, {
        "url": "http://hl7.org/fhir/us/core/StructureDefinition/us-core-ethnicity",
        "extension": [ {
          "url": "ombCategory",
          "valueCoding": {
            "system": "urn:oid:2.16.840.1.113883.6.238",
            "code": "2135-2",
            "display": "Hispanic or Latino",
            "userSelected": true
          }
        }, {
          "url": "text",
          "valueString": "Hispanic or Latino"
        } ]
      } ],
      "identifier": [ {
        "type": {
          "coding": [ {
            "system": "http://terminology.hl7.org/CodeSystem/v2-0203",
            "code": "MR"
          } ]
        },
        "system": "https://bonnie-fhir.healthit.gov/",
        "value": "612e6b3102c62a011f2ecd58"
      } ],
      "active": true,
      "name": [ {
        "use": "usual",
        "family": "NUMERPass",
        "given": [ "EncDxAfib_MA_OralXa_MedAdmRvltDT" ]
      } ],
      "gender": "male",
      "birthDate": "1974-01-02"
    },
    "request": {
      "method": "PUT",
      "url": "Patient/158ed001-2a28-442c-a686-a3a8b28baaec"
    }
  }, {
    "fullUrl": "https://madie.cms.gov/Encounter/e7e7d707-d53e-4054-a431-2bd471ac3066",
    "resource": {
      "resourceType": "Encounter",
      "id": "e7e7d707-d53e-4054-a431-2bd471ac3066",
      "meta": {
        "profile": [ "http://hl7.org/fhir/us/qicore/StructureDefinition/qicore-encounter" ]
      },
      "status": "finished",
      "class": {
        "system": "http://terminology.hl7.org/CodeSystem/v3-ActCode",
        "code": "IMP",
        "display": "inpatient encounter"
      },
      "type": [ {
        "coding": [ {
          "system": "http://snomed.info/sct",
          "code": "8715000"
        } ]
      } ],
      "subject": {
        "reference": "Patient/158ed001-2a28-442c-a686-a3a8b28baaec"
      },
      "period": {
        "start": "2025-11-01T08:00:00+00:00",
        "end": "2025-11-26T08:15:00+00:00"
      },
      "length": {
        "value": 25.0,
        "unit": "days"
      },
      "diagnosis": [ {
        "condition": {
          "reference": "Condition/112ec4fb-c720-4b8e-b750-11c5847e0e12"
        }
      } ]
    },
    "request": {
      "method": "PUT",
      "url": "Encounter/e7e7d707-d53e-4054-a431-2bd471ac3066"
    }
  }, {
    "fullUrl": "https://madie.cms.gov/Coverage/cc6c256f-5c4e-404c-9b7e-da0d986892aa",
    "resource": {
      "resourceType": "Coverage",
      "id": "cc6c256f-5c4e-404c-9b7e-da0d986892aa",
      "status": "active",
      "beneficiary": {
        "reference": "Patient/158ed001-2a28-442c-a686-a3a8b28baaec"
      },
      "period": {
        "start": "1974-01-02T08:00:00+00:00"
      },
      "payor": [ {
        "reference": "Organization/9c8e19e6-b6f1-4407-9a43-1ecd39c80b18"
      } ]
    },
    "request": {
      "method": "PUT",
      "url": "Coverage/cc6c256f-5c4e-404c-9b7e-da0d986892aa"
    }
  }, {
    "fullUrl": "https://madie.cms.gov/MedicationAdministration/b36e14d3-dbf7-4450-a8b4-f3e880b5ea58",
    "resource": {
      "resourceType": "MedicationAdministration",
      "id": "b36e14d3-dbf7-4450-a8b4-f3e880b5ea58",
      "meta": {
        "profile": [ "http://hl7.org/fhir/us/qicore/StructureDefinition/qicore-medicationadministration" ]
      },
      "status": "completed",
      "medicationCodeableConcept": {
        "coding": [ {
          "system": "http://www.nlm.nih.gov/research/umls/rxnorm",
          "code": "1599555"
        } ]
      },
      "subject": {
        "reference": "Patient/158ed001-2a28-442c-a686-a3a8b28baaec"
      },
      "effectivePeriod": {
        "start": "2025-11-01T08:00:00.000+00:00",
        "end": "2025-11-01T08:15:00.000+00:00"
      }
    },
    "request": {
      "method": "PUT",
      "url": "MedicationAdministration/b36e14d3-dbf7-4450-a8b4-f3e880b5ea58"
    }
  }, {
    "fullUrl": "https://madie.cms.gov/Condition/112ec4fb-c720-4b8e-b750-11c5847e0e12",
    "resource": {
      "resourceType": "Condition",
      "id": "112ec4fb-c720-4b8e-b750-11c5847e0e12",
      "meta": {
        "profile": [ "http://hl7.org/fhir/us/qicore/StructureDefinition/qicore-condition" ]
      },
      "category": [ {
        "coding": [ {
          "system": "http://terminology.hl7.org/CodeSystem/condition-category",
          "code": "encounter-diagnosis",
          "display": "Encounter Diagnosis"
        } ]
      } ],
      "code": {
        "coding": [ {
          "system": "http://snomed.info/sct",
          "version": "2025-03",
          "code": "120041000119109",
          "display": "Atrial fibrillation with rapid ventricular response (disorder)",
          "userSelected": true
        } ]
      },
      "subject": {
        "reference": "Patient/158ed001-2a28-442c-a686-a3a8b28baaec"
      },
      "recordedDate": "2025-07-14T08:00:00.000+00:00"
    },
    "request": {
      "method": "PUT",
      "url": "Condition/112ec4fb-c720-4b8e-b750-11c5847e0e12"
    }
  }, {
    "fullUrl": "https://madie.cms.gov/Organization/9c8e19e6-b6f1-4407-9a43-1ecd39c80b18",
    "resource": {
      "resourceType": "Organization",
      "id": "9c8e19e6-b6f1-4407-9a43-1ecd39c80b18",
      "meta": {
        "profile": [ "http://hl7.org/fhir/us/qicore/StructureDefinition/qicore-organization" ]
      },
      "identifier": [ {
        "use": "temp",
        "system": "urn:oid:2.16.840.1.113883.4.4",
        "value": "21-3259825"
      } ],
      "active": true,
      "type": [ {
        "coding": [ {
          "system": "http://terminology.hl7.org/CodeSystem/organization-type",
          "code": "pay",
          "display": "Payer"
        } ]
      } ],
      "name": "Blue Cross Blue Shield of Texas",
      "telecom": [ {
        "system": "phone",
        "value": "(+1) 972-766-6900"
      } ],
      "address": [ {
        "use": "billing",
        "type": "postal",
        "line": [ "P.O. Box 660044" ],
        "city": "Dallas",
        "state": "TX",
        "postalCode": "75266-0044",
        "country": "USA"
      } ]
    },
    "request": {
      "method": "PUT",
      "url": "Organization/9c8e19e6-b6f1-4407-9a43-1ecd39c80b18"
    }
  }, {
    "fullUrl": "https://madie.cms.gov/Practitioner/eddb4918-9a74-4348-a518-9d3e0b364933",
    "resource": {
      "resourceType": "Practitioner",
      "id": "eddb4918-9a74-4348-a518-9d3e0b364933",
      "identifier": [ {
        "system": "http://hl7.org/fhir/sid/us-npi",
        "value": "123456"
      } ],
      "name": [ {
        "family": "Evil",
        "prefix": [ "Dr" ]
      } ]
    },
    "request": {
      "method": "PUT",
      "url": "Practitioner/eddb4918-9a74-4348-a518-9d3e0b364933"
    }
  }, {
    "fullUrl": "https://madie.cms.gov/MeasureReport/4ad7752f-4b7e-40a5-8199-df3b6833118c",
    "resource": {
      "resourceType": "MeasureReport",
      "id": "4ad7752f-4b7e-40a5-8199-df3b6833118c",
      "meta": {
        "profile": [ "http://hl7.org/fhir/us/cqfmeasures/StructureDefinition/test-case-cqfm" ]
      },
      "contained": [ {
        "resourceType": "Parameters",
        "id": "c9b4c83e-3bc8-4c9e-9366-6cc409956cc5-parameters",
        "parameter": [ {
          "name": "subject",
          "valueString": "158ed001-2a28-442c-a686-a3a8b28baaec"
        } ]
      } ],
      "extension": [ {
        "url": "http://hl7.org/fhir/us/cqfmeasures/StructureDefinition/cqfm-inputParameters",
        "valueReference": {
          "reference": "#c9b4c83e-3bc8-4c9e-9366-6cc409956cc5-parameters"
        }
      }, {
        "url": "http://hl7.org/fhir/us/cqfmeasures/StructureDefinition/cqfm-testCaseDescription",
        "valueMarkdown": "patient receives oral factor Xa as relevant datetime <= 1 day after start of IP encounter and has afib diagnosis as attribute of encounter\n"
      } ],
      "modifierExtension": [ {
        "url": "http://hl7.org/fhir/us/cqfmeasures/StructureDefinition/cqfm-isTestCase",
        "valueBoolean": true
      } ],
      "status": "complete",
      "type": "individual",
      "measure": "https://madie.cms.gov/Measure/VenousThromboembolismProphylaxisFHIR",
      "period": {
        "start": "2025-01-01",
        "end": "2025-12-31"
      },
      "group": [ {
        "population": [ {
          "code": {
            "coding": [ {
              "system": "http://terminology.hl7.org/CodeSystem/measure-population",
              "code": "initial-population",
              "display": "Initial Population"
            } ]
          },
          "count": 1
        }, {
          "code": {
            "coding": [ {
              "system": "http://terminology.hl7.org/CodeSystem/measure-population",
              "code": "denominator",
              "display": "Denominator"
            } ]
          },
          "count": 1
        }, {
          "code": {
            "coding": [ {
              "system": "http://terminology.hl7.org/CodeSystem/measure-population",
              "code": "denominator-exclusion",
              "display": "Denominator Exclusion"
            } ]
          },
          "count": 0
        }, {
          "code": {
            "coding": [ {
              "system": "http://terminology.hl7.org/CodeSystem/measure-population",
              "code": "numerator",
              "display": "Numerator"
            } ]
          },
          "count": 1
        } ]
      } ],
      "evaluatedResource": [ {
        "reference": "Patient/158ed001-2a28-442c-a686-a3a8b28baaec"
      }, {
        "reference": "Encounter/e7e7d707-d53e-4054-a431-2bd471ac3066"
      }, {
        "reference": "Coverage/cc6c256f-5c4e-404c-9b7e-da0d986892aa"
      }, {
        "reference": "MedicationAdministration/b36e14d3-dbf7-4450-a8b4-f3e880b5ea58"
      }, {
        "reference": "Condition/112ec4fb-c720-4b8e-b750-11c5847e0e12"
      }, {
        "reference": "Organization/9c8e19e6-b6f1-4407-9a43-1ecd39c80b18"
      }, {
        "reference": "Practitioner/eddb4918-9a74-4348-a518-9d3e0b364933"
      } ]
    },
    "request": {
      "method": "PUT",
      "url": "MeasureReport/4ad7752f-4b7e-40a5-8199-df3b6833118c"
    }
  } ]
}