{
  "resourceType": "Bundle",
  "id": "612e6b6b02c62a011f2edaae",
  "type": "transaction",
  "entry": [ {
    "fullUrl": "https://madie.cms.gov/Patient/b6db866b-1cec-45bd-a903-6d8e4bb505ca",
    "resource": {
      "resourceType": "Patient",
      "id": "b6db866b-1cec-45bd-a903-6d8e4bb505ca",
      "meta": {
        "profile": [ "http://hl7.org/fhir/us/qicore/StructureDefinition/qicore-patient" ]
      },
      "text": {
        "status": "generated",
        "div": "<div xmlns=\"http://www.w3.org/1999/xhtml\"><div class=\"hapiHeaderText\">PrincDxMH <b>DENEXPASS </b></div><table class=\"hapiPropertyTable\"><tbody><tr><td>Identifier</td><td>29c9716eb5f48b54d7b337bf497e0e5e</td></tr><tr><td>Date of birth</td><td><span>01 December 2003</span></td></tr></tbody></table></div>"
      },
      "extension": [ {
        "url": "http://hl7.org/fhir/us/core/StructureDefinition/us-core-race",
        "extension": [ {
          "url": "ombCategory",
          "valueCoding": {
            "system": "urn:oid:2.16.840.1.113883.6.238",
            "code": "1002-5",
            "display": "American Indian or Alaska Native",
            "userSelected": true
          }
        }, {
          "url": "text",
          "valueString": "American Indian or Alaska Native"
        } ]
      }, {
        "url": "http://hl7.org/fhir/us/core/StructureDefinition/us-core-ethnicity",
        "extension": [ {
          "url": "ombCategory",
          "valueCoding": {
            "system": "urn:oid:2.16.840.1.113883.6.238",
            "code": "2135-2",
            "display": "Hispanic or Latino",
            "userSelected": true
          }
        }, {
          "url": "text",
          "valueString": "Hispanic or Latino"
        } ]
      } ],
      "identifier": [ {
        "type": {
          "coding": [ {
            "system": "http://terminology.hl7.org/CodeSystem/v2-0203",
            "code": "MR"
          } ]
        },
        "system": "https://bonnie-fhir.healthit.gov/",
        "value": "612e6b6b02c62a011f2edaae"
      } ],
      "active": true,
      "name": [ {
        "use": "usual",
        "family": "DENEXPass",
        "given": [ "PrincDxMH" ]
      } ],
      "gender": "male",
      "birthDate": "2003-12-01"
    },
    "request": {
      "method": "PUT",
      "url": "Patient/b6db866b-1cec-45bd-a903-6d8e4bb505ca"
    }
  }, {
    "fullUrl": "https://madie.cms.gov/Encounter/0de0e94b-96ba-41e6-b03e-7cfb22185555",
    "resource": {
      "resourceType": "Encounter",
      "id": "0de0e94b-96ba-41e6-b03e-7cfb22185555",
      "meta": {
        "profile": [ "http://hl7.org/fhir/us/qicore/StructureDefinition/qicore-encounter" ]
      },
      "status": "finished",
      "class": {
        "system": "http://terminology.hl7.org/CodeSystem/v3-ActCode",
        "code": "IMP",
        "display": "inpatient encounter"
      },
      "type": [ {
        "coding": [ {
          "system": "http://snomed.info/sct",
          "code": "183452005"
        } ]
      } ],
      "subject": {
        "reference": "Patient/b6db866b-1cec-45bd-a903-6d8e4bb505ca"
      },
      "period": {
        "start": "2025-12-01T08:00:00.000+00:00",
        "end": "2025-12-31T23:59:00.000+00:00"
      },
      "length": {
        "value": 30,
        "unit": "days"
      },
      "diagnosis": [ {
        "condition": {
          "reference": "Condition/caa437e5-35de-4693-8dd8-a17e5a14b426"
        },
        "use": {
          "coding": [ {
            "system": "http://terminology.hl7.org/CodeSystem/diagnosis-role",
            "code": "billing"
          } ]
        },
        "rank": 1
      } ]
    },
    "request": {
      "method": "PUT",
      "url": "Encounter/0de0e94b-96ba-41e6-b03e-7cfb22185555"
    }
  }, {
    "fullUrl": "https://madie.cms.gov/Coverage/d4b69864-c7b9-488a-97df-f19af4b3d922",
    "resource": {
      "resourceType": "Coverage",
      "id": "d4b69864-c7b9-488a-97df-f19af4b3d922",
      "status": "active",
      "beneficiary": {
        "reference": "Patient/b6db866b-1cec-45bd-a903-6d8e4bb505ca"
      },
      "period": {
        "start": "2003-12-01T00:00:00+00:00"
      },
      "payor": [ {
        "reference": "Organization/79fd52e5-8946-4886-a31f-ba316a0dbb98"
      } ]
    },
    "request": {
      "method": "PUT",
      "url": "Coverage/d4b69864-c7b9-488a-97df-f19af4b3d922"
    }
  }, {
    "fullUrl": "https://madie.cms.gov/Condition/caa437e5-35de-4693-8dd8-a17e5a14b426",
    "resource": {
      "resourceType": "Condition",
      "id": "caa437e5-35de-4693-8dd8-a17e5a14b426",
      "meta": {
        "profile": [ "http://hl7.org/fhir/us/qicore/StructureDefinition/qicore-condition" ]
      },
      "category": [ {
        "coding": [ {
          "system": "http://terminology.hl7.org/CodeSystem/condition-category",
          "code": "encounter-diagnosis",
          "display": "Encounter Diagnosis"
        } ]
      } ],
      "code": {
        "coding": [ {
          "system": "http://snomed.info/sct",
          "version": "2025-03",
          "code": "101421000119107",
          "display": "Dementia due to Parkinson's disease (disorder)",
          "userSelected": true
        } ]
      },
      "subject": {
        "reference": "Patient/b6db866b-1cec-45bd-a903-6d8e4bb505ca"
      },
      "recordedDate": "2025-07-13T08:00:00.000+00:00"
    },
    "request": {
      "method": "PUT",
      "url": "Condition/caa437e5-35de-4693-8dd8-a17e5a14b426"
    }
  }, {
    "fullUrl": "https://madie.cms.gov/Organization/79fd52e5-8946-4886-a31f-ba316a0dbb98",
    "resource": {
      "resourceType": "Organization",
      "id": "79fd52e5-8946-4886-a31f-ba316a0dbb98",
      "meta": {
        "profile": [ "http://hl7.org/fhir/us/qicore/StructureDefinition/qicore-organization" ]
      },
      "identifier": [ {
        "use": "temp",
        "system": "urn:oid:2.16.840.1.113883.4.4",
        "value": "21-3259825"
      } ],
      "active": true,
      "type": [ {
        "coding": [ {
          "system": "http://terminology.hl7.org/CodeSystem/organization-type",
          "code": "pay",
          "display": "Payer"
        } ]
      } ],
      "name": "Blue Cross Blue Shield of Texas",
      "telecom": [ {
        "system": "phone",
        "value": "(+1) 972-766-6900"
      } ],
      "address": [ {
        "use": "billing",
        "type": "postal",
        "line": [ "P.O. Box 660044" ],
        "city": "Dallas",
        "state": "TX",
        "postalCode": "75266-0044",
        "country": "USA"
      } ]
    },
    "request": {
      "method": "PUT",
      "url": "Organization/79fd52e5-8946-4886-a31f-ba316a0dbb98"
    }
  }, {
    "fullUrl": "https://madie.cms.gov/Practitioner/14b98c98-7ac4-44e5-a4ba-bd0a04586111",
    "resource": {
      "resourceType": "Practitioner",
      "id": "14b98c98-7ac4-44e5-a4ba-bd0a04586111",
      "identifier": [ {
        "system": "http://hl7.org/fhir/sid/us-npi",
        "value": "123456"
      } ],
      "name": [ {
        "family": "Evil",
        "prefix": [ "Dr" ]
      } ]
    },
    "request": {
      "method": "PUT",
      "url": "Practitioner/14b98c98-7ac4-44e5-a4ba-bd0a04586111"
    }
  }, {
    "fullUrl": "https://madie.cms.gov/MeasureReport/73e85b38-3a3a-4259-90d7-30af901b0ecc",
    "resource": {
      "resourceType": "MeasureReport",
      "id": "73e85b38-3a3a-4259-90d7-30af901b0ecc",
      "meta": {
        "profile": [ "http://hl7.org/fhir/us/cqfmeasures/StructureDefinition/test-case-cqfm" ]
      },
      "contained": [ {
        "resourceType": "Parameters",
        "id": "2d3e5aff-d8c3-49aa-9509-c9c98eda3011-parameters",
        "parameter": [ {
          "name": "subject",
          "valueString": "b6db866b-1cec-45bd-a903-6d8e4bb505ca"
        } ]
      } ],
      "extension": [ {
        "url": "http://hl7.org/fhir/us/cqfmeasures/StructureDefinition/cqfm-inputParameters",
        "valueReference": {
          "reference": "#2d3e5aff-d8c3-49aa-9509-c9c98eda3011-parameters"
        }
      }, {
        "url": "http://hl7.org/fhir/us/cqfmeasures/StructureDefinition/cqfm-testCaseDescription",
        "valueMarkdown": "Principal Dx of mental health.\n"
      } ],
      "modifierExtension": [ {
        "url": "http://hl7.org/fhir/us/cqfmeasures/StructureDefinition/cqfm-isTestCase",
        "valueBoolean": true
      } ],
      "status": "complete",
      "type": "individual",
      "measure": "https://madie.cms.gov/Measure/VenousThromboembolismProphylaxisFHIR",
      "period": {
        "start": "2025-01-01",
        "end": "2025-12-31"
      },
      "group": [ {
        "population": [ {
          "code": {
            "coding": [ {
              "system": "http://terminology.hl7.org/CodeSystem/measure-population",
              "code": "initial-population",
              "display": "Initial Population"
            } ]
          },
          "count": 1
        }, {
          "code": {
            "coding": [ {
              "system": "http://terminology.hl7.org/CodeSystem/measure-population",
              "code": "denominator",
              "display": "Denominator"
            } ]
          },
          "count": 1
        }, {
          "code": {
            "coding": [ {
              "system": "http://terminology.hl7.org/CodeSystem/measure-population",
              "code": "denominator-exclusion",
              "display": "Denominator Exclusion"
            } ]
          },
          "count": 1
        }, {
          "code": {
            "coding": [ {
              "system": "http://terminology.hl7.org/CodeSystem/measure-population",
              "code": "numerator",
              "display": "Numerator"
            } ]
          },
          "count": 0
        } ]
      } ],
      "evaluatedResource": [ {
        "reference": "Patient/b6db866b-1cec-45bd-a903-6d8e4bb505ca"
      }, {
        "reference": "Encounter/0de0e94b-96ba-41e6-b03e-7cfb22185555"
      }, {
        "reference": "Coverage/d4b69864-c7b9-488a-97df-f19af4b3d922"
      }, {
        "reference": "Condition/caa437e5-35de-4693-8dd8-a17e5a14b426"
      }, {
        "reference": "Organization/79fd52e5-8946-4886-a31f-ba316a0dbb98"
      }, {
        "reference": "Practitioner/14b98c98-7ac4-44e5-a4ba-bd0a04586111"
      } ]
    },
    "request": {
      "method": "PUT",
      "url": "MeasureReport/73e85b38-3a3a-4259-90d7-30af901b0ecc"
    }
  } ]
}