{
  "resourceType": "Bundle",
  "id": "612e6b0a02c62a011f2ec31b",
  "type": "transaction",
  "entry": [ {
    "fullUrl": "https://madie.cms.gov/Patient/e484f895-0262-417e-bcaa-fa9fc22c98ad",
    "resource": {
      "resourceType": "Patient",
      "id": "e484f895-0262-417e-bcaa-fa9fc22c98ad",
      "meta": {
        "profile": [ "http://hl7.org/fhir/us/qicore/StructureDefinition/qicore-patient" ]
      },
      "text": {
        "status": "generated",
        "div": "<div xmlns=\"http://www.w3.org/1999/xhtml\"><div class=\"hapiHeaderText\">SCIP_KneeSurgB4Admit <b>DENEXFAIL </b></div><table class=\"hapiPropertyTable\"><tbody><tr><td>Identifier</td><td>66c70c125db369967b4b164e75338304</td></tr><tr><td>Date of birth</td><td><span>01 September 2000</span></td></tr></tbody></table></div>"
      },
      "extension": [ {
        "url": "http://hl7.org/fhir/us/core/StructureDefinition/us-core-race",
        "extension": [ {
          "url": "ombCategory",
          "valueCoding": {
            "system": "urn:oid:2.16.840.1.113883.6.238",
            "code": "1002-5",
            "display": "American Indian or Alaska Native",
            "userSelected": true
          }
        }, {
          "url": "text",
          "valueString": "American Indian or Alaska Native"
        } ]
      }, {
        "url": "http://hl7.org/fhir/us/core/StructureDefinition/us-core-ethnicity",
        "extension": [ {
          "url": "ombCategory",
          "valueCoding": {
            "system": "urn:oid:2.16.840.1.113883.6.238",
            "code": "2135-2",
            "display": "Hispanic or Latino",
            "userSelected": true
          }
        }, {
          "url": "text",
          "valueString": "Hispanic or Latino"
        } ]
      } ],
      "identifier": [ {
        "type": {
          "coding": [ {
            "system": "http://terminology.hl7.org/CodeSystem/v2-0203",
            "code": "MR"
          } ]
        },
        "system": "https://bonnie-fhir.healthit.gov/",
        "value": "612e6b0a02c62a011f2ec31b"
      } ],
      "active": true,
      "name": [ {
        "use": "usual",
        "family": "DENEXFail ",
        "given": [ "SCIP_KneeSurgB4Admit" ]
      } ],
      "gender": "male",
      "birthDate": "2000-09-01"
    },
    "request": {
      "method": "PUT",
      "url": "Patient/e484f895-0262-417e-bcaa-fa9fc22c98ad"
    }
  }, {
    "fullUrl": "https://madie.cms.gov/Encounter/1c321d59-d940-47f2-a4e3-d24a2aac788d",
    "resource": {
      "resourceType": "Encounter",
      "id": "1c321d59-d940-47f2-a4e3-d24a2aac788d",
      "meta": {
        "profile": [ "http://hl7.org/fhir/us/qicore/StructureDefinition/qicore-encounter" ]
      },
      "extension": [ {
        "url": "http://hl7.org/fhir/us/qicore/StructureDefinition/qicore-encounter-procedure",
        "extension": [ {
          "url": "type",
          "valueCodeableConcept": {
            "coding": [ {
              "system": "http://www.cms.gov/Medicare/Coding/ICD10",
              "code": "0SUT09Z"
            } ]
          }
        }, {
          "url": "rank",
          "valuePositiveInt": 1
        }, {
          "url": "procedure",
          "valueReference": {
            "reference": "Procedure/b1d8a8fd-ecd0-4fac-90bc-00fcf653c7b3"
          }
        } ]
      } ],
      "status": "finished",
      "class": {
        "system": "http://terminology.hl7.org/CodeSystem/v3-ActCode",
        "code": "IMP",
        "display": "inpatient encounter"
      },
      "type": [ {
        "coding": [ {
          "system": "http://snomed.info/sct",
          "code": "183452005"
        } ]
      } ],
      "subject": {
        "reference": "Patient/e484f895-0262-417e-bcaa-fa9fc22c98ad"
      },
      "period": {
        "start": "2025-09-02T06:00:00+00:00",
        "end": "2025-12-31T12:59:00+00:00"
      },
      "length": {
        "value": 120.0,
        "unit": "days"
      }
    },
    "request": {
      "method": "PUT",
      "url": "Encounter/1c321d59-d940-47f2-a4e3-d24a2aac788d"
    }
  }, {
    "fullUrl": "https://madie.cms.gov/Coverage/1ddd55f9-094b-47d4-a029-bfe91bee7a7d",
    "resource": {
      "resourceType": "Coverage",
      "id": "1ddd55f9-094b-47d4-a029-bfe91bee7a7d",
      "status": "active",
      "beneficiary": {
        "reference": "Patient/e484f895-0262-417e-bcaa-fa9fc22c98ad"
      },
      "period": {
        "start": "2000-09-01T08:00:00+00:00"
      },
      "payor": [ {
        "reference": "Organization/e1cdb91b-278e-4739-aee3-9e1fdbc1686d"
      } ]
    },
    "request": {
      "method": "PUT",
      "url": "Coverage/1ddd55f9-094b-47d4-a029-bfe91bee7a7d"
    }
  }, {
    "fullUrl": "https://madie.cms.gov/Procedure/b1d8a8fd-ecd0-4fac-90bc-00fcf653c7b3",
    "resource": {
      "resourceType": "Procedure",
      "id": "b1d8a8fd-ecd0-4fac-90bc-00fcf653c7b3",
      "meta": {
        "profile": [ "http://hl7.org/fhir/us/qicore/StructureDefinition/qicore-procedure" ]
      },
      "extension": [ {
        "url": "http://hl7.org/fhir/us/qicore/StructureDefinition/qicore-recorded",
        "valueDateTime": "2012-12-04T09:35:00-04:00"
      } ],
      "status": "completed",
      "code": {
        "coding": [ {
          "system": "http://www.cms.gov/Medicare/Coding/ICD10",
          "code": "0SUT09Z"
        } ]
      },
      "subject": {
        "reference": "Patient/e484f895-0262-417e-bcaa-fa9fc22c98ad"
      },
      "performedPeriod": {
        "start": "2025-09-01T05:00:00+00:00",
        "end": "2025-09-02T05:00:00+00:00"
      }
    },
    "request": {
      "method": "PUT",
      "url": "Procedure/b1d8a8fd-ecd0-4fac-90bc-00fcf653c7b3"
    }
  }, {
    "fullUrl": "https://madie.cms.gov/Organization/e1cdb91b-278e-4739-aee3-9e1fdbc1686d",
    "resource": {
      "resourceType": "Organization",
      "id": "e1cdb91b-278e-4739-aee3-9e1fdbc1686d",
      "meta": {
        "profile": [ "http://hl7.org/fhir/us/qicore/StructureDefinition/qicore-organization" ]
      },
      "identifier": [ {
        "use": "temp",
        "system": "urn:oid:2.16.840.1.113883.4.4",
        "value": "21-3259825"
      } ],
      "active": true,
      "type": [ {
        "coding": [ {
          "system": "http://terminology.hl7.org/CodeSystem/organization-type",
          "code": "pay",
          "display": "Payer"
        } ]
      } ],
      "name": "Blue Cross Blue Shield of Texas",
      "telecom": [ {
        "system": "phone",
        "value": "(+1) 972-766-6900"
      } ],
      "address": [ {
        "use": "billing",
        "type": "postal",
        "line": [ "P.O. Box 660044" ],
        "city": "Dallas",
        "state": "TX",
        "postalCode": "75266-0044",
        "country": "USA"
      } ]
    },
    "request": {
      "method": "PUT",
      "url": "Organization/e1cdb91b-278e-4739-aee3-9e1fdbc1686d"
    }
  }, {
    "fullUrl": "https://madie.cms.gov/Practitioner/3add5dfe-eea1-4a7b-b52a-6925c9d5c454",
    "resource": {
      "resourceType": "Practitioner",
      "id": "3add5dfe-eea1-4a7b-b52a-6925c9d5c454",
      "identifier": [ {
        "system": "http://hl7.org/fhir/sid/us-npi",
        "value": "123456"
      } ],
      "name": [ {
        "family": "Evil",
        "prefix": [ "Dr" ]
      } ]
    },
    "request": {
      "method": "PUT",
      "url": "Practitioner/3add5dfe-eea1-4a7b-b52a-6925c9d5c454"
    }
  }, {
    "fullUrl": "https://madie.cms.gov/MeasureReport/e761d9a8-8d87-41b5-a2aa-c7e8b7070d8f",
    "resource": {
      "resourceType": "MeasureReport",
      "id": "e761d9a8-8d87-41b5-a2aa-c7e8b7070d8f",
      "meta": {
        "profile": [ "http://hl7.org/fhir/us/cqfmeasures/StructureDefinition/test-case-cqfm" ]
      },
      "contained": [ {
        "resourceType": "Parameters",
        "id": "e457995a-d568-4d48-96b0-3c8f2dbcdf74-parameters",
        "parameter": [ {
          "name": "subject",
          "valueString": "e484f895-0262-417e-bcaa-fa9fc22c98ad"
        } ]
      } ],
      "extension": [ {
        "url": "http://hl7.org/fhir/us/cqfmeasures/StructureDefinition/cqfm-inputParameters",
        "valueReference": {
          "reference": "#e457995a-d568-4d48-96b0-3c8f2dbcdf74-parameters"
        }
      }, {
        "url": "http://hl7.org/fhir/us/cqfmeasures/StructureDefinition/cqfm-testCaseDescription",
        "valueMarkdown": "Patient had SCIP -Knee replacement Surg start 1 day before Encounter and Rank =1\n"
      } ],
      "modifierExtension": [ {
        "url": "http://hl7.org/fhir/us/cqfmeasures/StructureDefinition/cqfm-isTestCase",
        "valueBoolean": true
      } ],
      "status": "complete",
      "type": "individual",
      "measure": "https://madie.cms.gov/Measure/VenousThromboembolismProphylaxisFHIR",
      "period": {
        "start": "2025-01-01",
        "end": "2025-12-31"
      },
      "group": [ {
        "population": [ {
          "code": {
            "coding": [ {
              "system": "http://terminology.hl7.org/CodeSystem/measure-population",
              "code": "initial-population",
              "display": "Initial Population"
            } ]
          },
          "count": 1
        }, {
          "code": {
            "coding": [ {
              "system": "http://terminology.hl7.org/CodeSystem/measure-population",
              "code": "denominator",
              "display": "Denominator"
            } ]
          },
          "count": 1
        }, {
          "code": {
            "coding": [ {
              "system": "http://terminology.hl7.org/CodeSystem/measure-population",
              "code": "denominator-exclusion",
              "display": "Denominator Exclusion"
            } ]
          },
          "count": 0
        }, {
          "code": {
            "coding": [ {
              "system": "http://terminology.hl7.org/CodeSystem/measure-population",
              "code": "numerator",
              "display": "Numerator"
            } ]
          },
          "count": 0
        } ]
      } ],
      "evaluatedResource": [ {
        "reference": "Patient/e484f895-0262-417e-bcaa-fa9fc22c98ad"
      }, {
        "reference": "Encounter/1c321d59-d940-47f2-a4e3-d24a2aac788d"
      }, {
        "reference": "Coverage/1ddd55f9-094b-47d4-a029-bfe91bee7a7d"
      }, {
        "reference": "Procedure/b1d8a8fd-ecd0-4fac-90bc-00fcf653c7b3"
      }, {
        "reference": "Organization/e1cdb91b-278e-4739-aee3-9e1fdbc1686d"
      }, {
        "reference": "Practitioner/3add5dfe-eea1-4a7b-b52a-6925c9d5c454"
      } ]
    },
    "request": {
      "method": "PUT",
      "url": "MeasureReport/e761d9a8-8d87-41b5-a2aa-c7e8b7070d8f"
    }
  } ]
}