{
  "resourceType": "Bundle",
  "id": "612e6b0002c62a011f2ec10b",
  "type": "transaction",
  "entry": [ {
    "fullUrl": "https://madie.cms.gov/Patient/78169fa9-239d-46cd-82f5-bf7914603aea",
    "resource": {
      "resourceType": "Patient",
      "id": "78169fa9-239d-46cd-82f5-bf7914603aea",
      "meta": {
        "profile": [ "http://hl7.org/fhir/us/qicore/StructureDefinition/qicore-patient" ]
      },
      "text": {
        "status": "generated",
        "div": "<div xmlns=\"http://www.w3.org/1999/xhtml\"><div class=\"hapiHeaderText\">SCIP_GenSurgRank1 <b>DENEXPASS </b></div><table class=\"hapiPropertyTable\"><tbody><tr><td>Identifier</td><td>66c70c125db369967b4b164e75338304</td></tr><tr><td>Date of birth</td><td><span>01 September 2000</span></td></tr></tbody></table></div>"
      },
      "extension": [ {
        "url": "http://hl7.org/fhir/us/core/StructureDefinition/us-core-race",
        "extension": [ {
          "url": "ombCategory",
          "valueCoding": {
            "system": "urn:oid:2.16.840.1.113883.6.238",
            "code": "1002-5",
            "display": "American Indian or Alaska Native",
            "userSelected": true
          }
        }, {
          "url": "text",
          "valueString": "American Indian or Alaska Native"
        } ]
      }, {
        "url": "http://hl7.org/fhir/us/core/StructureDefinition/us-core-ethnicity",
        "extension": [ {
          "url": "ombCategory",
          "valueCoding": {
            "system": "urn:oid:2.16.840.1.113883.6.238",
            "code": "2135-2",
            "display": "Hispanic or Latino",
            "userSelected": true
          }
        }, {
          "url": "text",
          "valueString": "Hispanic or Latino"
        } ]
      } ],
      "identifier": [ {
        "type": {
          "coding": [ {
            "system": "http://terminology.hl7.org/CodeSystem/v2-0203",
            "code": "MR"
          } ]
        },
        "system": "https://bonnie-fhir.healthit.gov/",
        "value": "612e6b0002c62a011f2ec10b"
      } ],
      "active": true,
      "name": [ {
        "use": "usual",
        "family": "DENEXPass ",
        "given": [ "SCIP_GenSurgRank1" ]
      } ],
      "gender": "male",
      "birthDate": "2000-09-01"
    },
    "request": {
      "method": "PUT",
      "url": "Patient/78169fa9-239d-46cd-82f5-bf7914603aea"
    }
  }, {
    "fullUrl": "https://madie.cms.gov/Encounter/d29d18f4-2778-4b8a-af1f-62a6d9e66e4c",
    "resource": {
      "resourceType": "Encounter",
      "id": "d29d18f4-2778-4b8a-af1f-62a6d9e66e4c",
      "meta": {
        "profile": [ "http://hl7.org/fhir/us/qicore/StructureDefinition/qicore-encounter" ]
      },
      "extension": [ {
        "url": "http://hl7.org/fhir/us/qicore/StructureDefinition/qicore-encounter-procedure",
        "extension": [ {
          "url": "type",
          "valueCodeableConcept": {
            "coding": [ {
              "system": "https://www.icd10data.com/icd10pcs",
              "code": "008Q0ZZ"
            } ]
          }
        }, {
          "url": "rank",
          "valuePositiveInt": 1
        }, {
          "url": "procedure",
          "valueReference": {
            "reference": "Procedure/0313c34e-2793-496b-9bc2-6e8178ebdb31"
          }
        } ]
      } ],
      "status": "finished",
      "class": {
        "system": "http://terminology.hl7.org/CodeSystem/v3-ActCode",
        "code": "IMP",
        "display": "inpatient encounter"
      },
      "type": [ {
        "coding": [ {
          "system": "http://snomed.info/sct",
          "code": "183452005"
        } ]
      } ],
      "subject": {
        "reference": "Patient/78169fa9-239d-46cd-82f5-bf7914603aea"
      },
      "period": {
        "start": "2025-09-02T06:00:00+00:00",
        "end": "2025-12-31T12:59:00+00:00"
      },
      "length": {
        "value": 120.0,
        "unit": "days"
      }
    },
    "request": {
      "method": "PUT",
      "url": "Encounter/d29d18f4-2778-4b8a-af1f-62a6d9e66e4c"
    }
  }, {
    "fullUrl": "https://madie.cms.gov/Coverage/a495d88c-5d05-4184-9bbe-33159de1d746",
    "resource": {
      "resourceType": "Coverage",
      "id": "a495d88c-5d05-4184-9bbe-33159de1d746",
      "status": "active",
      "beneficiary": {
        "reference": "Patient/78169fa9-239d-46cd-82f5-bf7914603aea"
      },
      "period": {
        "start": "2000-09-01T08:00:00+00:00"
      },
      "payor": [ {
        "reference": "Organization/f4cfd96b-b241-4df1-9fb0-aa06241ef25b"
      } ]
    },
    "request": {
      "method": "PUT",
      "url": "Coverage/a495d88c-5d05-4184-9bbe-33159de1d746"
    }
  }, {
    "fullUrl": "https://madie.cms.gov/Procedure/0313c34e-2793-496b-9bc2-6e8178ebdb31",
    "resource": {
      "resourceType": "Procedure",
      "id": "0313c34e-2793-496b-9bc2-6e8178ebdb31",
      "meta": {
        "profile": [ "http://hl7.org/fhir/us/qicore/StructureDefinition/qicore-procedure" ]
      },
      "extension": [ {
        "url": "http://hl7.org/fhir/us/qicore/StructureDefinition/qicore-recorded",
        "valueDateTime": "2013-04-05T09:35:00-04:00"
      } ],
      "status": "completed",
      "code": {
        "coding": [ {
          "system": "http://snomed.info/sct",
          "version": "2025-03",
          "code": "72261007",
          "display": "Resection of rectum with pelvic exenteration (procedure)"
        } ]
      },
      "subject": {
        "reference": "Patient/78169fa9-239d-46cd-82f5-bf7914603aea"
      },
      "performedPeriod": {
        "start": "2025-09-02T09:00:00+00:00",
        "end": "2025-09-02T12:59:00+00:00"
      }
    },
    "request": {
      "method": "PUT",
      "url": "Procedure/0313c34e-2793-496b-9bc2-6e8178ebdb31"
    }
  }, {
    "fullUrl": "https://madie.cms.gov/Organization/f4cfd96b-b241-4df1-9fb0-aa06241ef25b",
    "resource": {
      "resourceType": "Organization",
      "id": "f4cfd96b-b241-4df1-9fb0-aa06241ef25b",
      "meta": {
        "profile": [ "http://hl7.org/fhir/us/qicore/StructureDefinition/qicore-organization" ]
      },
      "identifier": [ {
        "use": "temp",
        "system": "urn:oid:2.16.840.1.113883.4.4",
        "value": "21-3259825"
      } ],
      "active": true,
      "type": [ {
        "coding": [ {
          "system": "http://terminology.hl7.org/CodeSystem/organization-type",
          "code": "pay",
          "display": "Payer"
        } ]
      } ],
      "name": "Blue Cross Blue Shield of Texas",
      "telecom": [ {
        "system": "phone",
        "value": "(+1) 972-766-6900"
      } ],
      "address": [ {
        "use": "billing",
        "type": "postal",
        "line": [ "P.O. Box 660044" ],
        "city": "Dallas",
        "state": "TX",
        "postalCode": "75266-0044",
        "country": "USA"
      } ]
    },
    "request": {
      "method": "PUT",
      "url": "Organization/f4cfd96b-b241-4df1-9fb0-aa06241ef25b"
    }
  }, {
    "fullUrl": "https://madie.cms.gov/Practitioner/90046ed4-3d88-423a-989e-5a77096e97e2",
    "resource": {
      "resourceType": "Practitioner",
      "id": "90046ed4-3d88-423a-989e-5a77096e97e2",
      "identifier": [ {
        "system": "http://hl7.org/fhir/sid/us-npi",
        "value": "123456"
      } ],
      "name": [ {
        "family": "Evil",
        "prefix": [ "Dr" ]
      } ]
    },
    "request": {
      "method": "PUT",
      "url": "Practitioner/90046ed4-3d88-423a-989e-5a77096e97e2"
    }
  }, {
    "fullUrl": "https://madie.cms.gov/MeasureReport/aaacd2da-125b-4c1d-99ea-fa6c6a7a2801",
    "resource": {
      "resourceType": "MeasureReport",
      "id": "aaacd2da-125b-4c1d-99ea-fa6c6a7a2801",
      "meta": {
        "profile": [ "http://hl7.org/fhir/us/cqfmeasures/StructureDefinition/test-case-cqfm" ]
      },
      "contained": [ {
        "resourceType": "Parameters",
        "id": "5b71f3e9-20ef-42df-8058-ce23764587a9-parameters",
        "parameter": [ {
          "name": "subject",
          "valueString": "78169fa9-239d-46cd-82f5-bf7914603aea"
        } ]
      } ],
      "extension": [ {
        "url": "http://hl7.org/fhir/us/cqfmeasures/StructureDefinition/cqfm-inputParameters",
        "valueReference": {
          "reference": "#5b71f3e9-20ef-42df-8058-ce23764587a9-parameters"
        }
      }, {
        "url": "http://hl7.org/fhir/us/cqfmeasures/StructureDefinition/cqfm-testCaseDescription",
        "valueMarkdown": "Patient had SCIP -GenSurg during Encounter and Rank =1\n"
      } ],
      "modifierExtension": [ {
        "url": "http://hl7.org/fhir/us/cqfmeasures/StructureDefinition/cqfm-isTestCase",
        "valueBoolean": true
      } ],
      "status": "complete",
      "type": "individual",
      "measure": "https://madie.cms.gov/Measure/VenousThromboembolismProphylaxisFHIR",
      "period": {
        "start": "2025-01-01",
        "end": "2025-12-31"
      },
      "group": [ {
        "population": [ {
          "code": {
            "coding": [ {
              "system": "http://terminology.hl7.org/CodeSystem/measure-population",
              "code": "initial-population",
              "display": "Initial Population"
            } ]
          },
          "count": 1
        }, {
          "code": {
            "coding": [ {
              "system": "http://terminology.hl7.org/CodeSystem/measure-population",
              "code": "denominator",
              "display": "Denominator"
            } ]
          },
          "count": 1
        }, {
          "code": {
            "coding": [ {
              "system": "http://terminology.hl7.org/CodeSystem/measure-population",
              "code": "denominator-exclusion",
              "display": "Denominator Exclusion"
            } ]
          },
          "count": 1
        }, {
          "code": {
            "coding": [ {
              "system": "http://terminology.hl7.org/CodeSystem/measure-population",
              "code": "numerator",
              "display": "Numerator"
            } ]
          },
          "count": 0
        } ]
      } ],
      "evaluatedResource": [ {
        "reference": "Patient/78169fa9-239d-46cd-82f5-bf7914603aea"
      }, {
        "reference": "Encounter/d29d18f4-2778-4b8a-af1f-62a6d9e66e4c"
      }, {
        "reference": "Coverage/a495d88c-5d05-4184-9bbe-33159de1d746"
      }, {
        "reference": "Procedure/0313c34e-2793-496b-9bc2-6e8178ebdb31"
      }, {
        "reference": "Organization/f4cfd96b-b241-4df1-9fb0-aa06241ef25b"
      }, {
        "reference": "Practitioner/90046ed4-3d88-423a-989e-5a77096e97e2"
      } ]
    },
    "request": {
      "method": "PUT",
      "url": "MeasureReport/aaacd2da-125b-4c1d-99ea-fa6c6a7a2801"
    }
  } ]
}