{
  "resourceType": "Bundle",
  "id": "62bb3859e8081f5ef5e199f5",
  "type": "transaction",
  "entry": [ {
    "fullUrl": "https://madie.cms.gov/Patient/6aa2d002-1279-4313-85c3-a4a28e17da81",
    "resource": {
      "resourceType": "Patient",
      "id": "6aa2d002-1279-4313-85c3-a4a28e17da81",
      "meta": {
        "profile": [ "http://hl7.org/fhir/us/qicore/StructureDefinition/qicore-patient" ]
      },
      "extension": [ {
        "url": "http://hl7.org/fhir/us/core/StructureDefinition/us-core-race",
        "extension": [ {
          "url": "ombCategory",
          "valueCoding": {
            "system": "urn:oid:2.16.840.1.113883.6.238",
            "code": "1002-5",
            "display": "American Indian or Alaska Native",
            "userSelected": true
          }
        }, {
          "url": "text",
          "valueString": "American Indian or Alaska Native"
        } ]
      }, {
        "url": "http://hl7.org/fhir/us/core/StructureDefinition/us-core-ethnicity",
        "extension": [ {
          "url": "ombCategory",
          "valueCoding": {
            "system": "urn:oid:2.16.840.1.113883.6.238",
            "code": "2135-2",
            "display": "Hispanic or Latino",
            "userSelected": true
          }
        }, {
          "url": "text",
          "valueString": "Hispanic or Latino"
        } ]
      } ],
      "identifier": [ {
        "type": {
          "coding": [ {
            "system": "http://terminology.hl7.org/CodeSystem/v2-0203",
            "code": "MR"
          } ]
        },
        "system": "https://bonnie-fhir.healthit.gov/",
        "value": "62bb3859e8081f5ef5e199f5"
      } ],
      "name": [ {
        "family": "IPPFail",
        "given": [ "ADTWithoutPCa" ]
      } ],
      "gender": "male",
      "birthDate": "1961-07-19"
    },
    "request": {
      "method": "PUT",
      "url": "Patient/6aa2d002-1279-4313-85c3-a4a28e17da81"
    }
  }, {
    "fullUrl": "https://madie.cms.gov/Encounter/d6a3fc4e-37c7-45ed-9313-6928d02d37c9",
    "resource": {
      "resourceType": "Encounter",
      "id": "d6a3fc4e-37c7-45ed-9313-6928d02d37c9",
      "meta": {
        "profile": [ "http://hl7.org/fhir/us/qicore/StructureDefinition/qicore-encounter" ]
      },
      "status": "finished",
      "class": {
        "system": "http://terminology.hl7.org/CodeSystem/v3-ActCode",
        "code": "AMB",
        "display": "ambulatory"
      },
      "type": [ {
        "coding": [ {
          "system": "http://snomed.info/sct",
          "version": "http://snomed.info/sct/731000124108/version/20240401",
          "code": "185463005",
          "display": "Visit out of hours (procedure)",
          "userSelected": true
        } ]
      } ],
      "subject": {
        "reference": "Patient/6aa2d002-1279-4313-85c3-a4a28e17da81"
      },
      "period": {
        "start": "2025-05-03T08:00:00.000+00:00",
        "end": "2025-05-03T08:15:00.000+00:00"
      }
    },
    "request": {
      "method": "PUT",
      "url": "Encounter/d6a3fc4e-37c7-45ed-9313-6928d02d37c9"
    }
  }, {
    "fullUrl": "https://madie.cms.gov/MedicationRequest/13e6fdfa-2290-4163-84c1-35c0381131e7",
    "resource": {
      "resourceType": "MedicationRequest",
      "id": "13e6fdfa-2290-4163-84c1-35c0381131e7",
      "meta": {
        "profile": [ "http://hl7.org/fhir/us/qicore/StructureDefinition/qicore-medicationrequest" ]
      },
      "status": "active",
      "intent": "order",
      "medicationCodeableConcept": {
        "coding": [ {
          "system": "http://www.nlm.nih.gov/research/umls/rxnorm",
          "version": "2025-01",
          "code": "752886",
          "display": "0.375 ML leuprolide acetate 120 MG/ML Prefilled Syringe",
          "userSelected": true
        } ]
      },
      "subject": {
        "reference": "Patient/6aa2d002-1279-4313-85c3-a4a28e17da81"
      },
      "authoredOn": "2024-05-02T08:00:00.000+00:00",
      "requester": {
        "reference": "http://myGoodHealthcare.com/fhir/Practitioner/646346"
      },
      "dosageInstruction": [ {
        "timing": {
          "repeat": {
            "boundsPeriod": {
              "start": "2024-05-03T08:00:00.000+00:00"
            }
          }
        }
      } ]
    },
    "request": {
      "method": "PUT",
      "url": "MedicationRequest/13e6fdfa-2290-4163-84c1-35c0381131e7"
    }
  }, {
    "fullUrl": "https://madie.cms.gov/ServiceRequest/a64d030b-132d-4e29-8cec-2cae230107ec",
    "resource": {
      "resourceType": "ServiceRequest",
      "id": "a64d030b-132d-4e29-8cec-2cae230107ec",
      "meta": {
        "profile": [ "http://hl7.org/fhir/us/qicore/StructureDefinition/qicore-servicerequest" ]
      },
      "status": "active",
      "intent": "order",
      "code": {
        "coding": [ {
          "system": "http://snomed.info/sct",
          "code": "456381000124102",
          "display": "Injection of leuprolide acetate for twelve month period (regime/therapy)",
          "userSelected": true
        } ]
      },
      "subject": {
        "reference": "Patient/6aa2d002-1279-4313-85c3-a4a28e17da81"
      },
      "authoredOn": "2024-05-03T08:00:00.000+00:00"
    },
    "request": {
      "method": "PUT",
      "url": "ServiceRequest/a64d030b-132d-4e29-8cec-2cae230107ec"
    }
  }, {
    "fullUrl": "https://madie.cms.gov/MeasureReport/05a34604-9c6d-4194-8111-66496615def7",
    "resource": {
      "resourceType": "MeasureReport",
      "id": "05a34604-9c6d-4194-8111-66496615def7",
      "meta": {
        "profile": [ "http://hl7.org/fhir/us/cqfmeasures/StructureDefinition/test-case-cqfm" ]
      },
      "contained": [ {
        "resourceType": "Parameters",
        "id": "7e74fd9e-a5a5-4a84-8790-78286e9cc9bb-parameters",
        "parameter": [ {
          "name": "subject",
          "valueString": "6aa2d002-1279-4313-85c3-a4a28e17da81"
        } ]
      } ],
      "extension": [ {
        "url": "http://hl7.org/fhir/us/cqfmeasures/StructureDefinition/cqfm-inputParameters",
        "valueReference": {
          "reference": "#7e74fd9e-a5a5-4a84-8790-78286e9cc9bb-parameters"
        }
      }, {
        "url": "http://hl7.org/fhir/us/cqfmeasures/StructureDefinition/cqfm-testCaseDescription",
        "valueMarkdown": "ADT but no PCa diagnosis. Fails IPP. "
      } ],
      "modifierExtension": [ {
        "url": "http://hl7.org/fhir/us/cqfmeasures/StructureDefinition/cqfm-isTestCase",
        "valueBoolean": true
      } ],
      "status": "complete",
      "type": "individual",
      "measure": "https://madie.cms.gov/Measure/BoneDensityProstateCancerAndrogenDeprivationTherapyFHIR6",
      "period": {
        "start": "2025-01-01",
        "end": "2025-12-31"
      },
      "group": [ {
        "id": "67b61060a0d801640767a597",
        "population": [ {
          "id": "E8F25116-1779-4BA6-B606-34F12AE4F5BA",
          "code": {
            "coding": [ {
              "system": "http://terminology.hl7.org/CodeSystem/measure-population",
              "code": "initial-population",
              "display": "Initial Population"
            } ]
          },
          "count": 0
        }, {
          "id": "1C145A56-9250-4444-A497-86C44F55CFDB",
          "code": {
            "coding": [ {
              "system": "http://terminology.hl7.org/CodeSystem/measure-population",
              "code": "denominator",
              "display": "Denominator"
            } ]
          },
          "count": 0
        }, {
          "id": "B1E0E3D2-D44E-4BFF-92F8-077CF1AE234F",
          "code": {
            "coding": [ {
              "system": "http://terminology.hl7.org/CodeSystem/measure-population",
              "code": "numerator",
              "display": "Numerator"
            } ]
          },
          "count": 0
        }, {
          "id": "A9552F46-139C-4270-835C-224132205362",
          "code": {
            "coding": [ {
              "system": "http://terminology.hl7.org/CodeSystem/measure-population",
              "code": "denominator-exception",
              "display": "Denominator Exception"
            } ]
          },
          "count": 0
        } ],
        "measureScore": {
          "value": 1.0
        }
      } ],
      "evaluatedResource": [ {
        "reference": "Patient/6aa2d002-1279-4313-85c3-a4a28e17da81"
      }, {
        "reference": "Encounter/d6a3fc4e-37c7-45ed-9313-6928d02d37c9"
      }, {
        "reference": "MedicationRequest/13e6fdfa-2290-4163-84c1-35c0381131e7"
      }, {
        "reference": "ServiceRequest/a64d030b-132d-4e29-8cec-2cae230107ec"
      } ]
    },
    "request": {
      "method": "PUT",
      "url": "MeasureReport/05a34604-9c6d-4194-8111-66496615def7"
    }
  } ]
}